date,ticker,stock_id,name,rank,target_3d,future_return_3d,future_return_3d_pct,pattern_id,direction,source_cluster_id,representative_date,representative_ticker,weighted_distance,similarity,is_direction_hit,pattern_score,match_rank
2023-10-18,2376.TW,2376,技嘉,70,neutral,-0.0284552845528455,-2.845528455284552,bearish_cluster_0_rep_1,bearish,0,2018-10-05,6531.TW,0.3768939687141,0.7262723366664999,False,0.0,1
2025-01-13,6770.TW,6770,力積電,55,bullish,0.0586080742191994,5.860807421919945,bearish_cluster_0_rep_1,bearish,0,2018-10-05,6531.TW,0.3936224125187855,0.7175544760310177,False,0.0,2
2022-12-20,6789.TW,6789,采鈺,96,neutral,0.0100250626566416,1.0025062656641603,bearish_cluster_0_rep_1,bearish,0,2018-10-05,6531.TW,0.4352796002274208,0.6967283586010345,False,0.0,3
2024-07-01,6415.TW,6415,矽力*-KY,92,neutral,-0.0348706411698537,-3.487064116985372,bearish_cluster_0_rep_1,bearish,0,2018-10-05,6531.TW,0.4612592738914122,0.684341251321503,False,0.0,4
2021-08-06,3661.TW,3661,世芯-KY,56,neutral,0.0070052539404552,0.7005253940455258,bearish_cluster_0_rep_1,bearish,0,2018-10-05,6531.TW,0.4774256682290567,0.6768530028307064,False,0.0,5
2025-01-09,6770.TW,6770,力積電,55,neutral,-0.0139860004613647,-1.3986000461364778,bearish_cluster_0_rep_1,bearish,0,2018-10-05,6531.TW,0.48329854456611643,0.6741731148212733,False,0.0,6
2023-09-19,1519.TW,1519,華城,66,neutral,-0.0063158533837464,-0.6315853383746406,bearish_cluster_0_rep_1,bearish,0,2018-10-05,6531.TW,0.48895837736060743,0.6716104460707919,False,0.0,7
2020-03-12,5871.TW,5871,中租-KY,78,bearish,-0.1399014837243323,-13.99014837243323,bearish_cluster_0_rep_1,bearish,0,2018-10-05,6531.TW,0.49549612826985057,0.6686744158655273,True,0.0,8
2021-08-24,2409.TW,2409,友達,80,neutral,0.0168539325842695,1.6853932584269593,bearish_cluster_0_rep_1,bearish,0,2018-10-05,6531.TW,0.5007833759924732,0.6663186812944916,False,0.0,9
2024-07-22,3533.TW,3533,嘉澤,82,neutral,-0.0287769784172662,-2.877697841726623,bearish_cluster_0_rep_1,bearish,0,2018-10-05,6531.TW,0.5036691388092628,0.6650399174860288,False,0.0,10
2022-03-15,1590.TW,1590,亞德客-KY,64,bullish,0.1375464684014871,13.754646840148707,bearish_cluster_0_rep_1,bearish,0,2018-10-05,6531.TW,0.5051519051649271,0.6643847684532711,False,0.0,11
2022-08-04,6213.TW,6213,聯茂,81,neutral,0.037459270030981,3.745927003098104,bearish_cluster_0_rep_1,bearish,0,2018-10-05,6531.TW,0.5130820769614979,0.660902680182528,False,0.0,12
2018-08-09,1590.TW,1590,亞德客-KY,64,neutral,0.0262237080923679,2.622370809236796,bearish_cluster_0_rep_1,bearish,0,2018-10-05,6531.TW,0.5134604342109212,0.6607374579444317,False,0.0,13
2020-02-27,2409.TW,2409,友達,80,neutral,0.0084210847553456,0.8421084755345642,bearish_cluster_0_rep_1,bearish,0,2018-10-05,6531.TW,0.5440259872123128,0.6476574929969064,False,0.0,14
2021-10-01,3532.TW,3532,台勝科,98,neutral,-0.0463576158940397,-4.635761589403975,bearish_cluster_0_rep_1,bearish,0,2018-10-05,6531.TW,0.5451780096424033,0.6471746256804597,False,0.0,15
2022-09-28,3034.TW,3034,聯詠,58,neutral,0.0139860139860139,1.3986013986013957,bearish_cluster_0_rep_1,bearish,0,2018-10-05,6531.TW,0.551970879503025,0.6443419868291742,False,0.0,16
2021-11-24,6415.TW,6415,矽力*-KY,92,neutral,-0.0175824175824176,-1.758241758241763,bearish_cluster_0_rep_1,bearish,0,2018-10-05,6531.TW,0.5546519392343108,0.6432307931848172,False,0.0,17
2025-06-09,2609.TW,2609,陽明,77,neutral,0.0084033397940983,0.8403339794098352,bearish_cluster_0_rep_1,bearish,0,2018-10-05,6531.TW,0.5603376984110362,0.6408869060962548,False,0.0,18
2025-03-10,6919.TW,6919,康霈*,97,neutral,0.0232558139534884,2.3255813953488413,bearish_cluster_0_rep_1,bearish,0,2018-10-05,6531.TW,0.5610635347759422,0.6405889175699239,False,0.0,19
2025-03-12,1519.TW,1519,華城,66,neutral,-0.0220182883284527,-2.201828832845276,bearish_cluster_0_rep_1,bearish,0,2018-10-05,6531.TW,0.5610865837424311,0.6405794594702591,False,0.0,20
2024-04-02,6415.TW,6415,矽力*-KY,92,neutral,0.0282131661442006,2.8213166144200663,bearish_cluster_0_rep_1,bearish,0,2018-10-05,6531.TW,0.5631784229260489,0.639722238570912,False,0.0,21
2024-07-22,6531.TW,6531,愛普*,95,bearish,-0.0980966325036603,-9.809663250366029,bearish_cluster_0_rep_1,bearish,0,2018-10-05,6531.TW,0.5636761641424163,0.6395186055345679,True,0.0,22
2020-09-25,6213.TW,6213,聯茂,81,bullish,0.0557939575698995,5.579395756989958,bearish_cluster_0_rep_1,bearish,0,2018-10-05,6531.TW,0.5645335871721605,0.6391681253756046,False,0.0,23
2025-09-26,3661.TW,3661,世芯-KY,56,neutral,0.0030534351145037,0.3053435114503733,bearish_cluster_0_rep_1,bearish,0,2018-10-05,6531.TW,0.5674191780915904,0.6379914281880543,False,0.0,24
2025-01-13,2337.TW,2337,旺宏,67,neutral,0.0394366627008142,3.943666270081425,bearish_cluster_0_rep_1,bearish,0,2018-10-05,6531.TW,0.5689361661347604,0.6373745609189476,False,0.0,25
2022-06-20,2376.TW,2376,技嘉,70,neutral,-0.017039387093941,-1.703938709394104,bearish_cluster_0_rep_1,bearish,0,2018-10-05,6531.TW,0.5697729955396568,0.6370347832720996,False,0.0,26
2025-09-26,2404.TW,2404,漢唐,79,neutral,-0.0122086570477247,-1.220865704772478,bearish_cluster_0_rep_1,bearish,0,2018-10-05,6531.TW,0.5720348962764965,0.6361181945569964,False,0.0,27
2021-07-21,2409.TW,2409,友達,80,bullish,0.1044386422976502,10.44386422976502,bearish_cluster_0_rep_1,bearish,0,2018-10-05,6531.TW,0.5780411979272294,0.6336970171079871,False,0.0,28
2022-09-07,6770.TW,6770,力積電,55,bullish,0.0631229101146442,6.3122910114644215,bearish_cluster_0_rep_1,bearish,0,2018-10-05,6531.TW,0.5791168454224854,0.633265361520765,False,0.0,29
2021-08-24,3481.TW,3481,群創,52,neutral,0.0323529369321708,3.235293693217089,bearish_cluster_0_rep_1,bearish,0,2018-10-05,6531.TW,0.5792744258660741,0.6332021741260072,False,0.0,30
2020-09-25,2409.TW,2409,友達,80,neutral,0.041860465116279,4.1860465116279055,bearish_cluster_0_rep_1,bearish,0,2018-10-05,6531.TW,0.5798107502765999,0.6329872105408295,False,0.0,31
2018-10-26,1519.TW,1519,華城,66,bullish,0.0688622558780727,6.886225587807271,bearish_cluster_0_rep_1,bearish,0,2018-10-05,6531.TW,0.5823234767562049,0.6319820281312012,False,0.0,32
2024-03-11,6515.TW,6515,穎崴,73,neutral,-0.0042918454935622,-0.4291845493562207,bearish_cluster_0_rep_1,bearish,0,2018-10-05,6531.TW,0.5851118149142693,0.6308703213180484,False,0.0,33
2024-09-06,1519.TW,1519,華城,66,neutral,-0.0107526917298984,-1.0752691729898456,bearish_cluster_0_rep_1,bearish,0,2018-10-05,6531.TW,0.5877202013145782,0.6298338959043501,False,0.0,34
2022-09-06,6415.TW,6415,矽力*-KY,92,bullish,0.0561330561330561,5.613305613305619,bearish_cluster_0_rep_1,bearish,0,2018-10-05,6531.TW,0.5902180904094664,0.6288445629130714,False,0.0,35
2023-10-30,1519.TW,1519,華城,66,bearish,-0.0799180929961286,-7.9918092996128625,bearish_cluster_0_rep_1,bearish,0,2018-10-05,6531.TW,0.5913339840781772,0.6284035972368659,True,0.0,36
2023-09-18,1519.TW,1519,華城,66,neutral,-0.0081135628556419,-0.8113562855641909,bearish_cluster_0_rep_1,bearish,0,2018-10-05,6531.TW,0.5927132162693879,0.6278594223901148,False,0.0,37
2024-07-04,6415.TW,6415,矽力*-KY,92,neutral,-0.0058275058275057,-0.5827505827505797,bearish_cluster_0_rep_1,bearish,0,2018-10-05,6531.TW,0.5929016887117625,0.6277851339392679,False,0.0,38
2025-01-13,6531.TW,6531,愛普*,95,neutral,0.0235507246376811,2.3550724637681157,bearish_cluster_0_rep_1,bearish,0,2018-10-05,6531.TW,0.5930491181339788,0.6277270352915119,False,0.0,39
2018-06-22,2376.TW,2376,技嘉,70,neutral,0.0103703251591436,1.03703251591436,bearish_cluster_0_rep_1,bearish,0,2018-10-05,6531.TW,0.5950253278480504,0.626949291989716,False,0.0,40
2018-09-20,3533.TW,3533,嘉澤,82,neutral,0.0025000285302154,0.250002853021547,bearish_cluster_0_rep_1,bearish,0,2018-10-05,6531.TW,0.5988792413609048,0.6254381032233793,False,0.0,41
2018-08-20,2313.TW,2313,華通,60,bullish,0.0565693856200248,5.656938562002489,bearish_cluster_0_rep_1,bearish,0,2018-10-05,6531.TW,0.6004966858371711,0.6248060423048801,False,0.0,42
2019-11-11,2492.TW,2492,華新科,100,bullish,0.053125,5.312500000000009,bearish_cluster_0_rep_1,bearish,0,2018-10-05,6531.TW,0.6016224050842528,0.6243668899895263,False,0.0,43
2022-09-07,6415.TW,6415,矽力*-KY,92,bullish,0.1354279523293609,13.54279523293609,bearish_cluster_0_rep_1,bearish,0,2018-10-05,6531.TW,0.6036098556518799,0.6235930743849739,False,0.0,44
2018-09-10,1605.TW,1605,華新,88,neutral,0.0212201700734824,2.1220170073482425,bearish_cluster_0_rep_1,bearish,0,2018-10-05,6531.TW,0.6053429939280082,0.6229198394251971,False,0.0,45
2025-01-15,2449.TW,2449,京元電子,57,bullish,0.0604651100402138,6.046511004021382,bearish_cluster_0_rep_1,bearish,0,2018-10-05,6531.TW,0.6057601339751647,0.6227580189853351,False,0.0,46
2022-06-15,6415.TW,6415,矽力*-KY,92,bearish,-0.0702811244979919,-7.028112449799195,bearish_cluster_0_rep_1,bearish,0,2018-10-05,6531.TW,0.6061385632586224,0.6226112882634142,True,0.0,47
2022-01-25,2609.TW,2609,陽明,77,bullish,0.1829653186652138,18.29653186652138,bearish_cluster_0_rep_1,bearish,0,2018-10-05,6531.TW,0.6095855465149098,0.6212779446020807,False,0.0,48
2023-07-12,2615.TW,2615,萬海,59,neutral,-0.0116278777492988,-1.1627877749298854,bearish_cluster_0_rep_1,bearish,0,2018-10-05,6531.TW,0.6103569332336894,0.6209803425330945,False,0.0,49
2021-07-21,3481.TW,3481,群創,52,bullish,0.0529247568239741,5.292475682397413,bearish_cluster_0_rep_1,bearish,0,2018-10-05,6531.TW,0.6106292695169667,0.620875342902407,False,0.0,50
2022-09-26,3532.TW,3532,台勝科,98,bearish,-0.0625,-6.25,bearish_cluster_0_rep_1,bearish,0,2018-10-05,6531.TW,0.6107520953336129,0.6208279988565738,True,0.0,51
2022-10-12,2379.TW,2379,瑞昱,53,neutral,0.037190082644628,3.7190082644628086,bearish_cluster_0_rep_1,bearish,0,2018-10-05,6531.TW,0.6108030580274441,0.6208083570592294,False,0.0,52
2025-03-10,3661.TW,3661,世芯-KY,56,neutral,-0.0035026269702276,-0.3502626970227629,bearish_cluster_0_rep_1,bearish,0,2018-10-05,6531.TW,0.6124757212080837,0.620164376336029,False,0.0,53
2022-06-20,2492.TW,2492,華新科,100,neutral,-0.0095238256706762,-0.9523825670676224,bearish_cluster_0_rep_1,bearish,0,2018-10-05,6531.TW,0.6125612629557158,0.6201314783954736,False,0.0,54
2023-04-25,2379.TW,2379,瑞昱,53,neutral,0.042089985486212,4.208998548621201,bearish_cluster_0_rep_1,bearish,0,2018-10-05,6531.TW,0.6136304129438969,0.6197205952356875,False,0.0,55
2022-07-06,2449.TW,2449,京元電子,57,neutral,0.0473538039556264,4.7353803955626494,bearish_cluster_0_rep_1,bearish,0,2018-10-05,6531.TW,0.6136752653011287,0.6197033700044906,False,0.0,56
2022-01-13,2615.TW,2615,萬海,59,neutral,-0.0148368400602804,-1.483684006028041,bearish_cluster_0_rep_1,bearish,0,2018-10-05,6531.TW,0.6137477462644814,0.6196755362260362,False,0.0,57
2024-07-19,3533.TW,3533,嘉澤,82,neutral,-0.0035087719298245,-0.3508771929824572,bearish_cluster_0_rep_1,bearish,0,2018-10-05,6531.TW,0.6157298009957647,0.6189153652941883,False,0.0,58
2020-02-27,2337.TW,2337,旺宏,67,neutral,0.0151515151515151,1.5151515151515138,bearish_cluster_0_rep_1,bearish,0,2018-10-05,6531.TW,0.6158871859680726,0.6188550838720237,False,0.0,59
2021-05-11,6139.TW,6139,亞翔,85,bearish,-0.0660869292217997,-6.608692922179971,bearish_cluster_0_rep_1,bearish,0,2018-10-05,6531.TW,0.6162845865776909,0.618702924165968,True,0.0,60
2022-06-17,3661.TW,3661,世芯-KY,56,bearish,-0.09375,-9.375,bearish_cluster_0_rep_1,bearish,0,2018-10-05,6531.TW,0.6167587489814766,0.6185214712027868,True,0.0,61
2018-05-02,1590.TW,1590,亞德客-KY,64,neutral,0.0141987758477459,1.419877584774598,bearish_cluster_0_rep_1,bearish,0,2018-10-05,6531.TW,0.6195447971703769,0.6174574496161958,False,0.0,62
2022-06-20,3034.TW,3034,聯詠,58,neutral,-0.0453879941434846,-4.5387994143484605,bearish_cluster_0_rep_1,bearish,0,2018-10-05,6531.TW,0.6204074723078663,0.6171287266256242,False,0.0,63
2025-11-18,1504.TW,1504,東元,89,neutral,-0.0191897973688186,-1.918979736881865,bearish_cluster_0_rep_1,bearish,0,2018-10-05,6531.TW,0.622353067275564,0.6163886395452202,False,0.0,64
2022-04-11,6531.TW,6531,愛普*,95,neutral,-0.0140105078809106,-1.4010507880910628,bearish_cluster_0_rep_1,bearish,0,2018-10-05,6531.TW,0.6236126679350933,0.6159104444977,False,0.0,65
2022-09-02,2615.TW,2615,萬海,59,neutral,-0.0448717948717948,-4.487179487179482,bearish_cluster_0_rep_1,bearish,0,2018-10-05,6531.TW,0.6248874512673219,0.6154272403421268,False,0.0,66
2024-04-15,6789.TW,6789,采鈺,96,neutral,-0.0344827586206896,-3.4482758620689613,bearish_cluster_0_rep_1,bearish,0,2018-10-05,6531.TW,0.6278331524323881,0.6143135729271461,False,0.0,67
2021-10-01,1802.TW,1802,台玻,86,neutral,-0.0340501386587784,-3.4050138658778484,bearish_cluster_0_rep_1,bearish,0,2018-10-05,6531.TW,0.6287628002894148,0.6139629415789151,False,0.0,68
2024-07-22,2356.TW,2356,英業達,71,bearish,-0.0856031399855813,-8.560313998558133,bearish_cluster_0_rep_1,bearish,0,2018-10-05,6531.TW,0.6291241518985251,0.6138267601242265,True,0.0,69
2022-07-04,6239.TW,6239,力成,76,neutral,-0.0082741957549362,-0.8274195754936264,bearish_cluster_0_rep_1,bearish,0,2018-10-05,6531.TW,0.6294374159695137,0.6137087501485909,False,0.0,70
2020-02-27,3481.TW,3481,群創,52,neutral,0.0126583018394199,1.265830183941996,bearish_cluster_0_rep_1,bearish,0,2018-10-05,6531.TW,0.6325492167708014,0.612538960373893,False,0.0,71
2023-08-02,6805.TW,6805,富世達,93,neutral,0.0497237569060773,4.972375690607733,bearish_cluster_0_rep_1,bearish,0,2018-10-05,6531.TW,0.6328966098410999,0.612408644842071,False,0.0,72
2019-05-13,6531.TW,6531,愛普*,95,neutral,-0.0145888388840887,-1.4588838884088795,bearish_cluster_0_rep_1,bearish,0,2018-10-05,6531.TW,0.6349034639163189,0.6116569094572449,False,0.0,73
2020-08-20,2449.TW,2449,京元電子,57,neutral,-0.0015898191461322,-0.1589819146132209,bearish_cluster_0_rep_1,bearish,0,2018-10-05,6531.TW,0.6357284463741913,0.611348419241979,False,0.0,74
2023-04-25,6415.TW,6415,矽力*-KY,92,bullish,0.0607064017660043,6.070640176600439,bearish_cluster_0_rep_1,bearish,0,2018-10-05,6531.TW,0.6360798654551449,0.6112171056648311,False,0.0,75
2025-03-31,6770.TW,6770,力積電,55,bearish,-0.0592105019620907,-5.921050196209077,bearish_cluster_0_rep_1,bearish,0,2018-10-05,6531.TW,0.6367010182221108,0.6109851395377415,True,0.0,76
2022-08-05,6213.TW,6213,聯茂,81,neutral,0.0488599336391801,4.8859933639180175,bearish_cluster_0_rep_1,bearish,0,2018-10-05,6531.TW,0.6369496638325046,0.6108923335240207,False,0.0,77
2025-11-17,1504.TW,1504,東元,89,neutral,-0.005175983518612,-0.5175983518612037,bearish_cluster_0_rep_1,bearish,0,2018-10-05,6531.TW,0.6370517598276412,0.6108542347526544,False,0.0,78
2022-06-23,3481.TW,3481,群創,52,bullish,0.0588235080119341,5.882350801193415,bearish_cluster_0_rep_1,bearish,0,2018-10-05,6531.TW,0.6374968527207987,0.6106881966450441,False,0.0,79
2023-07-13,2615.TW,2615,萬海,59,neutral,0.0223124199967825,2.2312419996782573,bearish_cluster_0_rep_1,bearish,0,2018-10-05,6531.TW,0.6380152433774038,0.6104949291791156,False,0.0,80
2020-08-20,6213.TW,6213,聯茂,81,neutral,0.0438597078350713,4.385970783507132,bearish_cluster_0_rep_1,bearish,0,2018-10-05,6531.TW,0.6385197391089273,0.6103069594656381,False,0.0,81
2022-06-30,3533.TW,3533,嘉澤,82,bearish,-0.0928144179904624,-9.281441799046242,bearish_cluster_0_rep_1,bearish,0,2018-10-05,6531.TW,0.6401953637312673,0.6096834694893345,True,0.0,82
2021-01-29,3532.TW,3532,台勝科,98,neutral,0.0234375,2.34375,bearish_cluster_0_rep_1,bearish,0,2018-10-05,6531.TW,0.6412407889324891,0.6092951179031013,False,0.0,83
2020-03-16,2834.TW,2834,臺企銀,87,bearish,-0.1390000741106066,-13.900007411060669,bearish_cluster_0_rep_1,bearish,0,2018-10-05,6531.TW,0.6426537560052675,0.6087710184475379,True,0.0,84
2023-08-14,3481.TW,3481,群創,52,bearish,-0.0532203510028219,-5.322035100282196,bearish_cluster_0_rep_1,bearish,0,2018-10-05,6531.TW,0.6427706211199001,0.6087277110655204,True,0.0,85
2021-10-04,1802.TW,1802,台玻,86,neutral,0.0183486238532109,1.83486238532109,bearish_cluster_0_rep_1,bearish,0,2018-10-05,6531.TW,0.6450123022565664,0.6078981893498532,False,0.0,86
2022-04-15,6531.TW,6531,愛普*,95,neutral,0.0471698113207548,4.716981132075482,bearish_cluster_0_rep_1,bearish,0,2018-10-05,6531.TW,0.6455854443866246,0.6076864640551922,False,0.0,87
2023-10-19,2376.TW,2376,技嘉,70,neutral,0.0164609053497941,1.6460905349794164,bearish_cluster_0_rep_1,bearish,0,2018-10-05,6531.TW,0.6469570112466353,0.6071803897559339,False,0.0,88
2022-05-13,5871.TW,5871,中租-KY,78,bullish,0.0753247604040141,7.532476040401415,bearish_cluster_0_rep_1,bearish,0,2018-10-05,6531.TW,0.6473921570077362,0.6070200078021277,False,0.0,89
2022-07-01,3044.TW,3044,健鼎,65,neutral,-0.0430622009569378,-4.30622009569378,bearish_cluster_0_rep_1,bearish,0,2018-10-05,6531.TW,0.6482849973593993,0.606691198186011,False,0.0,90
2025-10-01,6415.TW,6415,矽力*-KY,92,neutral,0.028169014084507,2.8169014084507005,bearish_cluster_0_rep_1,bearish,0,2018-10-05,6531.TW,0.6484649710144337,0.6066249617573731,False,0.0,91
2022-04-11,6515.TW,6515,穎崴,73,neutral,-0.0311284046692607,-3.11284046692607,bearish_cluster_0_rep_1,bearish,0,2018-10-05,6531.TW,0.6498469165161322,0.6061168402894197,False,0.0,92
2022-06-20,6213.TW,6213,聯茂,81,neutral,-0.0330577983854507,-3.3057798385450754,bearish_cluster_0_rep_1,bearish,0,2018-10-05,6531.TW,0.6505026190646107,0.6058760455446778,False,0.0,93
2024-07-18,3533.TW,3533,嘉澤,82,neutral,0.0136986301369863,1.3698630136986356,bearish_cluster_0_rep_1,bearish,0,2018-10-05,6531.TW,0.6506017797226034,0.6058396472637136,False,0.0,94
2020-03-16,2376.TW,2376,技嘉,70,bearish,-0.1279999651227679,-12.79999651227679,bearish_cluster_0_rep_1,bearish,0,2018-10-05,6531.TW,0.652062358360232,0.6053040279863032,True,0.0,95
2020-03-12,3044.TW,3044,健鼎,65,bearish,-0.1531707019340701,-15.317070193407012,bearish_cluster_0_rep_2,bearish,0,2024-09-24,3661.TW,0.4738973952451522,0.6784732799081111,True,0.38076376953193625,1
2020-03-12,5876.TW,5876,上海商銀,75,bearish,-0.1365688238992292,-13.65688238992292,bearish_cluster_0_rep_2,bearish,0,2024-09-24,3661.TW,0.4757313520640082,0.677630111064162,True,0.38076376953193625,2
2023-04-25,6415.TW,6415,矽力*-KY,92,bullish,0.0607064017660043,6.070640176600439,bearish_cluster_0_rep_2,bearish,0,2024-09-24,3661.TW,0.48589903491605446,0.6729932360824872,False,0.38076376953193625,3
2022-03-08,6789.TW,6789,采鈺,96,neutral,0.0386680988184746,3.866809881847466,bearish_cluster_0_rep_2,bearish,0,2024-09-24,3661.TW,0.4881330457055766,0.6719829271218586,False,0.38076376953193625,4
2018-08-06,1590.TW,1590,亞德客-KY,64,bearish,-0.0729334665464239,-7.293346654642397,bearish_cluster_0_rep_2,bearish,0,2024-09-24,3661.TW,0.4951211507126372,0.6688421199334638,True,0.38076376953193625,5
2024-10-28,6805.TW,6805,富世達,93,bullish,0.0515337423312882,5.153374233128827,bearish_cluster_0_rep_2,bearish,0,2024-09-24,3661.TW,0.4978599481352884,0.6676191597518294,False,0.38076376953193625,6
2024-02-20,6515.TW,6515,穎崴,73,neutral,0.0039113428943937,0.3911342894393765,bearish_cluster_0_rep_2,bearish,0,2024-09-24,3661.TW,0.49923813701844305,0.6670054445044432,False,0.38076376953193625,7
2021-07-27,6415.TW,6415,矽力*-KY,92,neutral,0.0315068493150685,3.150684931506853,bearish_cluster_0_rep_2,bearish,0,2024-09-24,3661.TW,0.5058621067516291,0.6640714282645377,False,0.38076376953193625,8
2021-01-06,2337.TW,2337,旺宏,67,neutral,0.0178571619723346,1.7857161972334668,bearish_cluster_0_rep_2,bearish,0,2024-09-24,3661.TW,0.5066201680885722,0.6637372983455319,False,0.38076376953193625,9
2022-06-30,3533.TW,3533,嘉澤,82,bearish,-0.0928144179904624,-9.281441799046242,bearish_cluster_0_rep_2,bearish,0,2024-09-24,3661.TW,0.5110172182994395,0.661805827153605,True,0.38076376953193625,10
2018-10-24,1101.TW,1101,台泥,83,neutral,-0.0073205978271936,-0.7320597827193631,bearish_cluster_0_rep_2,bearish,0,2024-09-24,3661.TW,0.5154551053379052,0.6598677826071444,False,0.38076376953193625,11
2018-06-22,2376.TW,2376,技嘉,70,neutral,0.0103703251591436,1.03703251591436,bearish_cluster_0_rep_2,bearish,0,2024-09-24,3661.TW,0.5164180143826682,0.6594487736991826,False,0.38076376953193625,12
2018-01-25,1590.TW,1590,亞德客-KY,64,neutral,-0.0054704231518101,-0.5470423151810122,bearish_cluster_0_rep_2,bearish,0,2024-09-24,3661.TW,0.5257274562615631,0.6554250537315919,False,0.38076376953193625,13
2024-05-09,6531.TW,6531,愛普*,95,neutral,0.0128755364806867,1.2875536480686731,bearish_cluster_0_rep_2,bearish,0,2024-09-24,3661.TW,0.5436053958196444,0.6478339624285949,False,0.38076376953193625,14
2020-12-31,2409.TW,2409,友達,80,neutral,-0.0357142857142857,-3.57142857142857,bearish_cluster_0_rep_2,bearish,0,2024-09-24,3661.TW,0.5453964229505049,0.6470831594722977,False,0.38076376953193625,15
2019-05-17,3034.TW,3034,聯詠,58,bearish,-0.0506666666666666,-5.066666666666664,bearish_cluster_0_rep_2,bearish,0,2024-09-24,3661.TW,0.5562404973036905,0.6425742047791321,True,0.38076376953193625,16
2024-09-16,6415.TW,6415,矽力*-KY,92,bullish,0.0888324873096446,8.883248730964466,bearish_cluster_0_rep_2,bearish,0,2024-09-24,3661.TW,0.5566852147767645,0.6423906326773999,False,0.38076376953193625,17
2020-02-27,2409.TW,2409,友達,80,neutral,0.0084210847553456,0.8421084755345642,bearish_cluster_0_rep_2,bearish,0,2024-09-24,3661.TW,0.5584682798917211,0.6416556646693365,False,0.38076376953193625,18
2018-07-09,2376.TW,2376,技嘉,70,neutral,-0.0340908851646046,-3.409088516460468,bearish_cluster_0_rep_2,bearish,0,2024-09-24,3661.TW,0.55853757334044,0.641627136301041,False,0.38076376953193625,19
2025-09-26,6789.TW,6789,采鈺,96,neutral,-0.0213523131672598,-2.135231316725983,bearish_cluster_0_rep_2,bearish,0,2024-09-24,3661.TW,0.558963564998571,0.6414518096841582,False,0.38076376953193625,20
2022-04-18,2834.TW,2834,臺企銀,87,neutral,-0.0039841129389175,-0.3984112938917539,bearish_cluster_0_rep_2,bearish,0,2024-09-24,3661.TW,0.5603054826194925,0.6409001385556673,False,0.38076376953193625,21
2020-08-20,2379.TW,2379,瑞昱,53,bullish,0.064343163538874,6.434316353887404,bearish_cluster_0_rep_2,bearish,0,2024-09-24,3661.TW,0.5638003510772149,0.6394678190928629,False,0.38076376953193625,22
2025-09-01,3532.TW,3532,台勝科,98,neutral,0.0343948655827031,3.4394865582703105,bearish_cluster_0_rep_2,bearish,0,2024-09-24,3661.TW,0.565502452768147,0.6387725539693558,False,0.38076376953193625,23
2021-12-14,6531.TW,6531,愛普*,95,neutral,-0.001039501039501,-0.1039501039501011,bearish_cluster_0_rep_2,bearish,0,2024-09-24,3661.TW,0.573785590806854,0.6354105704369274,False,0.38076376953193625,24
2024-07-18,3533.TW,3533,嘉澤,82,neutral,0.0136986301369863,1.3698630136986356,bearish_cluster_0_rep_2,bearish,0,2024-09-24,3661.TW,0.5748464488099815,0.634982541158626,False,0.38076376953193625,25
2021-08-16,3036.TW,3036,文曄,68,neutral,-0.0400667375281766,-4.006673752817669,bearish_cluster_0_rep_2,bearish,0,2024-09-24,3661.TW,0.578631397243979,0.6334600982508198,False,0.38076376953193625,26
2018-04-17,2337.TW,2337,旺宏,67,neutral,-0.0224119918644998,-2.2411991864499825,bearish_cluster_0_rep_2,bearish,0,2024-09-24,3661.TW,0.583097982241152,0.6316728409850698,False,0.38076376953193625,27
2023-10-11,3044.TW,3044,健鼎,65,bearish,-0.0673575129533678,-6.735751295336789,bearish_cluster_0_rep_2,bearish,0,2024-09-24,3661.TW,0.583242258759348,0.6316152783741478,True,0.38076376953193625,28
2020-08-20,2449.TW,2449,京元電子,57,neutral,-0.0015898191461322,-0.1589819146132209,bearish_cluster_0_rep_2,bearish,0,2024-09-24,3661.TW,0.5837517045132449,0.6314121065507191,False,0.38076376953193625,29
2019-06-06,2492.TW,2492,華新科,100,neutral,0.0375426621160408,3.754266211604085,bearish_cluster_0_rep_2,bearish,0,2024-09-24,3661.TW,0.5867190374521128,0.6302312989234428,False,0.38076376953193625,30
2020-09-25,6213.TW,6213,聯茂,81,bullish,0.0557939575698995,5.579395756989958,bearish_cluster_0_rep_2,bearish,0,2024-09-24,3661.TW,0.5899316745940982,0.6289578451572738,False,0.38076376953193625,31
2021-01-20,3481.TW,3481,群創,52,neutral,0.0498084155611393,4.980841556113935,bearish_cluster_0_rep_2,bearish,0,2024-09-24,3661.TW,0.5902564052621547,0.6288294118426453,False,0.38076376953193625,32
2023-06-08,2492.TW,2492,華新科,100,neutral,0.010515247277024,1.051524727702402,bearish_cluster_0_rep_2,bearish,0,2024-09-24,3661.TW,0.5913487373560661,0.6283977713530237,False,0.38076376953193625,33
2025-12-16,3661.TW,3661,世芯-KY,56,bullish,0.0663349917081259,6.633499170812596,bearish_cluster_0_rep_2,bearish,0,2024-09-24,3661.TW,0.59136743668755,0.6283903873774819,False,0.38076376953193625,34
2018-04-16,2376.TW,2376,技嘉,70,neutral,0.0059970246503804,0.5997024650380434,bearish_cluster_0_rep_2,bearish,0,2024-09-24,3661.TW,0.5915861562094965,0.628304032488941,False,0.38076376953193625,35
2019-04-24,2313.TW,2313,華通,60,neutral,0.0019342064341474,0.1934206434147434,bearish_cluster_0_rep_2,bearish,0,2024-09-24,3661.TW,0.5916470540893785,0.6282799929989035,False,0.38076376953193625,36
2024-07-22,6531.TW,6531,愛普*,95,bearish,-0.0980966325036603,-9.809663250366029,bearish_cluster_0_rep_2,bearish,0,2024-09-24,3661.TW,0.5921548974538847,0.6280795930089234,True,0.38076376953193625,37
2025-05-05,2404.TW,2404,漢唐,79,neutral,0.0291036088474971,2.9103608847497187,bearish_cluster_0_rep_2,bearish,0,2024-09-24,3661.TW,0.5925567063654862,0.6279211258242653,False,0.38076376953193625,38
2020-03-12,5871.TW,5871,中租-KY,78,bearish,-0.1399014837243323,-13.99014837243323,bearish_cluster_0_rep_2,bearish,0,2024-09-24,3661.TW,0.5926592428953061,0.6278806998175537,True,0.38076376953193625,39
2024-07-12,6805.TW,6805,富世達,93,neutral,0.0027816411682892,0.2781641168289273,bearish_cluster_0_rep_2,bearish,0,2024-09-24,3661.TW,0.5944280003515583,0.6271841687297941,False,0.38076376953193625,40
2022-09-05,3532.TW,3532,台勝科,98,neutral,0.0178571428571427,1.7857142857142794,bearish_cluster_0_rep_2,bearish,0,2024-09-24,3661.TW,0.5953853949489419,0.6268077940076691,False,0.38076376953193625,41
2022-08-04,3661.TW,3661,世芯-KY,56,neutral,-0.0031347962382445,-0.313479623824453,bearish_cluster_0_rep_2,bearish,0,2024-09-24,3661.TW,0.5955852028501939,0.626729301709304,False,0.38076376953193625,42
2020-09-24,2207.TW,2207,和泰車,63,bullish,0.0504202375286075,5.042023752860758,bearish_cluster_0_rep_2,bearish,0,2024-09-24,3661.TW,0.5965578828341936,0.626347475874041,False,0.38076376953193625,43
2020-03-12,1519.TW,1519,華城,66,bearish,-0.1778584258224128,-17.785842582241283,bearish_cluster_0_rep_2,bearish,0,2024-09-24,3661.TW,0.5969362518751808,0.6261990726466153,True,0.38076376953193625,44
2020-03-12,2449.TW,2449,京元電子,57,neutral,-0.0353697693289632,-3.5369769328963296,bearish_cluster_0_rep_2,bearish,0,2024-09-24,3661.TW,0.5970990737616957,0.6261352325780704,False,0.38076376953193625,45
2025-01-13,6415.TW,6415,矽力*-KY,92,neutral,0.0390835579514825,3.908355795148255,bearish_cluster_0_rep_2,bearish,0,2024-09-24,3661.TW,0.5978147124989419,0.6258547954136843,False,0.38076376953193625,46
2023-10-13,3044.TW,3044,健鼎,65,bearish,-0.0935828877005348,-9.35828877005348,bearish_cluster_0_rep_2,bearish,0,2024-09-24,3661.TW,0.5980667062260078,0.6257561064904473,True,0.38076376953193625,47
2025-09-26,2404.TW,2404,漢唐,79,neutral,-0.0122086570477247,-1.220865704772478,bearish_cluster_0_rep_2,bearish,0,2024-09-24,3661.TW,0.5985519902647581,0.625566141164027,False,0.38076376953193625,48
2021-01-29,3532.TW,3532,台勝科,98,neutral,0.0234375,2.34375,bearish_cluster_0_rep_2,bearish,0,2024-09-24,3661.TW,0.6011869902929039,0.6245366756427809,False,0.38076376953193625,49
2023-08-02,6789.TW,6789,采鈺,96,neutral,-0.0160183066361555,-1.6018306636155557,bearish_cluster_0_rep_2,bearish,0,2024-09-24,3661.TW,0.6017736495346446,0.6243079353256467,False,0.38076376953193625,50
2021-01-05,3481.TW,3481,群創,52,neutral,-0.0464286590430399,-4.642865904303994,bearish_cluster_0_rep_2,bearish,0,2024-09-24,3661.TW,0.6068487698292222,0.6223361020504009,False,0.38076376953193625,51
2021-01-20,2409.TW,2409,友達,80,bullish,0.069090909090909,6.909090909090909,bearish_cluster_0_rep_2,bearish,0,2024-09-24,3661.TW,0.607443189191401,0.6221059672429445,False,0.38076376953193625,52
2024-09-10,2376.TW,2376,技嘉,70,bullish,0.0523012552301256,5.230125523012563,bearish_cluster_0_rep_2,bearish,0,2024-09-24,3661.TW,0.6075211012245423,0.6220758155138628,False,0.38076376953193625,53
2020-12-04,3661.TW,3661,世芯-KY,56,neutral,0.0264900662251654,2.649006622516548,bearish_cluster_0_rep_2,bearish,0,2024-09-24,3661.TW,0.6099070883730496,0.6211538586432256,False,0.38076376953193625,54
2018-07-03,3532.TW,3532,台勝科,98,neutral,0.0381679389312976,3.8167938931297662,bearish_cluster_0_rep_2,bearish,0,2024-09-24,3661.TW,0.6114880877120132,0.6205444567820526,False,0.38076376953193625,55
2022-09-28,2313.TW,2313,華通,60,neutral,0.0102739902004083,1.0273990200408312,bearish_cluster_0_rep_2,bearish,0,2024-09-24,3661.TW,0.6120870380288537,0.6203139014272638,False,0.38076376953193625,56
2022-07-01,2313.TW,2313,華通,60,neutral,0.0231707503155964,2.3170750315596456,bearish_cluster_0_rep_2,bearish,0,2024-09-24,3661.TW,0.6126196902680454,0.6201090102240924,False,0.38076376953193625,57
2019-05-13,3533.TW,3533,嘉澤,82,neutral,0.026442340601323,2.6442340601323,bearish_cluster_0_rep_2,bearish,0,2024-09-24,3661.TW,0.6127591220853655,0.620055398419919,False,0.38076376953193625,58
2019-07-24,2313.TW,2313,華通,60,neutral,0.005692585061052,0.569258506105208,bearish_cluster_0_rep_2,bearish,0,2024-09-24,3661.TW,0.6147628809610828,0.6192859718231911,False,0.38076376953193625,59
2018-10-05,1519.TW,1519,華城,66,bearish,-0.1377777740167688,-13.777777401676882,bearish_cluster_0_rep_2,bearish,0,2024-09-24,3661.TW,0.6148457817739006,0.6192541797406218,True,0.38076376953193625,60
2021-07-28,1519.TW,1519,華城,66,neutral,-0.0362810933760338,-3.62810933760338,bearish_cluster_0_rep_2,bearish,0,2024-09-24,3661.TW,0.6151097819773517,0.6191529586154304,False,0.38076376953193625,61
2022-01-03,2609.TW,2609,陽明,77,neutral,0.0,0.0,bearish_cluster_0_rep_2,bearish,0,2024-09-24,3661.TW,0.6151558299473756,0.6191353066116113,False,0.38076376953193625,62
2025-03-10,6919.TW,6919,康霈*,97,neutral,0.0232558139534884,2.3255813953488413,bearish_cluster_0_rep_2,bearish,0,2024-09-24,3661.TW,0.6158174156882499,0.6188818057602472,False,0.38076376953193625,63
2021-12-10,6515.TW,6515,穎崴,73,neutral,-0.0297927461139896,-2.979274611398963,bearish_cluster_0_rep_2,bearish,0,2024-09-24,3661.TW,0.6163106009230834,0.6186929662089049,False,0.38076376953193625,64
2022-09-05,6805.TW,6805,富世達,93,bearish,-0.0623052959501557,-6.230529595015577,bearish_cluster_0_rep_2,bearish,0,2024-09-24,3661.TW,0.6186683806060509,0.6177917675920664,True,0.38076376953193625,65
2024-10-29,6239.TW,6239,力成,76,neutral,-0.0119047619047618,-1.1904761904761862,bearish_cluster_0_rep_2,bearish,0,2024-09-24,3661.TW,0.6189371981410716,0.6176891859352173,False,0.38076376953193625,66
2022-02-25,2376.TW,2376,技嘉,70,bullish,0.0607142857142857,6.071428571428572,bearish_cluster_0_rep_2,bearish,0,2024-09-24,3661.TW,0.6195595989626486,0.6174518064296705,False,0.38076376953193625,67
2025-01-13,2609.TW,2609,陽明,77,neutral,-0.0014305933038366,-0.1430593303836658,bearish_cluster_0_rep_2,bearish,0,2024-09-24,3661.TW,0.6202433736914865,0.6171912295630297,False,0.38076376953193625,68
2023-10-18,6805.TW,6805,富世達,93,neutral,-0.0425531914893616,-4.255319148936165,bearish_cluster_0_rep_2,bearish,0,2024-09-24,3661.TW,0.6203073169509907,0.617166872937257,False,0.38076376953193625,69
2023-10-31,6531.TW,6531,愛普*,95,bullish,0.1484593837535013,14.845938375350132,bearish_cluster_0_rep_2,bearish,0,2024-09-24,3661.TW,0.6208229364362107,0.6169705385578717,False,0.38076376953193625,70
2022-10-24,5871.TW,5871,中租-KY,78,neutral,-0.0445860416243866,-4.458604162438662,bearish_cluster_0_rep_2,bearish,0,2024-09-24,3661.TW,0.6218215774303439,0.6165906372909564,False,0.38076376953193625,71
2023-09-11,2356.TW,2356,英業達,71,neutral,0.0,0.0,bearish_cluster_0_rep_2,bearish,0,2024-09-24,3661.TW,0.6226771478653115,0.6162655345923463,False,0.38076376953193625,72
2018-07-06,2347.TW,2347,聯強,99,neutral,0.0340632987312745,3.406329873127456,bearish_cluster_0_rep_2,bearish,0,2024-09-24,3661.TW,0.6237692218012149,0.6158510621914116,False,0.38076376953193625,73
2023-10-31,2376.TW,2376,技嘉,70,neutral,0.0137931034482758,1.379310344827589,bearish_cluster_0_rep_2,bearish,0,2024-09-24,3661.TW,0.624137513196237,0.6157114110565923,False,0.38076376953193625,74
2024-06-11,6531.TW,6531,愛普*,95,neutral,0.0391872278664731,3.918722786647311,bearish_cluster_0_rep_2,bearish,0,2024-09-24,3661.TW,0.6244918464689697,0.6155771124204911,False,0.38076376953193625,75
2022-10-20,1519.TW,1519,華城,66,neutral,-0.0141025684421898,-1.4102568442189822,bearish_cluster_0_rep_2,bearish,0,2024-09-24,3661.TW,0.625324816804933,0.6152616324199135,False,0.38076376953193625,76
2022-10-13,2313.TW,2313,華通,60,neutral,0.0497684646576692,4.976846465766927,bearish_cluster_0_rep_2,bearish,0,2024-09-24,3661.TW,0.6256660149789502,0.6151325000251964,False,0.38076376953193625,77
2022-02-22,2376.TW,2376,技嘉,70,neutral,0.0,0.0,bearish_cluster_0_rep_2,bearish,0,2024-09-24,3661.TW,0.6256810476310722,0.6151268119027352,False,0.38076376953193625,78
2021-07-12,2376.TW,2376,技嘉,70,neutral,-0.0020491490918949,-0.2049149091894908,bearish_cluster_0_rep_2,bearish,0,2024-09-24,3661.TW,0.6275709782532098,0.6144125284620457,False,0.38076376953193625,79
2022-12-20,3533.TW,3533,嘉澤,82,neutral,0.0072904098461445,0.7290409846144597,bearish_cluster_0_rep_2,bearish,0,2024-09-24,3661.TW,0.6275925963359231,0.6144043676846557,False,0.38076376953193625,80
2021-09-08,6213.TW,6213,聯茂,81,neutral,0.0456273764258554,4.562737642585546,bearish_cluster_0_rep_2,bearish,0,2024-09-24,3661.TW,0.6303566529673611,0.6133627253766416,False,0.38076376953193625,81
2019-05-16,2376.TW,2376,技嘉,70,neutral,0.0011123300603315,0.1112330060331512,bearish_cluster_0_rep_2,bearish,0,2024-09-24,3661.TW,0.630529940234448,0.6132975392382023,False,0.38076376953193625,82
2024-06-27,6415.TW,6415,矽力*-KY,92,bearish,-0.0568060021436227,-5.680600214362275,bearish_cluster_0_rep_2,bearish,0,2024-09-24,3661.TW,0.631169661589148,0.6130570127363463,True,0.38076376953193625,83
2021-06-10,3481.TW,3481,群創,52,bearish,-0.0969266807202017,-9.692668072020172,bearish_cluster_0_rep_2,bearish,0,2024-09-24,3661.TW,0.6315067825982739,0.6129303357277125,True,0.38076376953193625,84
2024-01-12,6515.TW,6515,穎崴,73,neutral,-0.0158520475561426,-1.5852047556142668,bearish_cluster_0_rep_2,bearish,0,2024-09-24,3661.TW,0.6339426725984011,0.6120165760832572,False,0.38076376953193625,85
2025-07-07,6919.TW,6919,康霈*,97,neutral,-0.0483870967741935,-4.838709677419351,bearish_cluster_0_rep_2,bearish,0,2024-09-24,3661.TW,0.6357253998201976,0.6113495578841791,False,0.38076376953193625,86
2023-10-16,3044.TW,3044,健鼎,65,bearish,-0.0583333333333333,-5.833333333333335,bearish_cluster_0_rep_2,bearish,0,2024-09-24,3661.TW,0.6358131670193232,0.6113167568042857,True,0.38076376953193625,87
2025-10-29,6919.TW,6919,康霈*,97,neutral,-0.0264900662251655,-2.6490066225165587,bearish_cluster_0_rep_2,bearish,0,2024-09-24,3661.TW,0.6398481914317246,0.6098125455911357,False,0.38076376953193625,88
2019-01-02,2337.TW,2337,旺宏,67,neutral,0.0112676486163072,1.1267648616307246,bearish_cluster_0_rep_2,bearish,0,2024-09-24,3661.TW,0.6408162363405168,0.6094527698179548,False,0.38076376953193625,89
2024-03-07,3661.TW,3661,世芯-KY,56,bearish,-0.0831202046035806,-8.31202046035806,bearish_cluster_0_rep_2,bearish,0,2024-09-24,3661.TW,0.6410990300602986,0.6093477490893753,True,0.38076376953193625,90
2023-08-22,6415.TW,6415,矽力*-KY,92,bearish,-0.068901303538175,-6.890130353817503,bearish_cluster_0_rep_2,bearish,0,2024-09-24,3661.TW,0.642451216052224,0.6088460894464726,True,0.38076376953193625,91
2025-01-02,6415.TW,6415,矽力*-KY,92,bullish,0.0738786279683376,7.387862796833766,bearish_cluster_0_rep_2,bearish,0,2024-09-24,3661.TW,0.6432258361532979,0.6085590781246146,False,0.38076376953193625,92
2020-03-23,2912.TW,2912,統一超,74,bullish,0.0509433962264151,5.094339622641519,bearish_cluster_0_rep_2,bearish,0,2024-09-24,3661.TW,0.6432564867009177,0.6085477270852884,False,0.38076376953193625,93
2023-10-17,3044.TW,3044,健鼎,65,bearish,-0.0681818181818182,-6.818181818181824,bearish_cluster_0_rep_2,bearish,0,2024-09-24,3661.TW,0.6433862462859227,0.6084996769688287,True,0.38076376953193625,94
2024-01-15,6415.TW,6415,矽力*-KY,92,neutral,-0.028673835125448,-2.867383512544808,bearish_cluster_0_rep_2,bearish,0,2024-09-24,3661.TW,0.6437684296022018,0.6083581981447372,False,0.38076376953193625,95
2025-03-12,1519.TW,1519,華城,66,neutral,-0.0220182883284527,-2.201828832845276,bearish_cluster_0_rep_3,bearish,0,2023-10-30,1519.TW,0.42258284097941123,0.7029467607745965,False,0.6589994311386239,1
2024-07-17,2615.TW,2615,萬海,59,neutral,-0.0340136054421769,-3.401360544217691,bearish_cluster_0_rep_3,bearish,0,2023-10-30,1519.TW,0.4228957614965591,0.7027921700660841,False,0.6589994311386239,2
2018-05-02,1590.TW,1590,亞德客-KY,64,neutral,0.0141987758477459,1.419877584774598,bearish_cluster_0_rep_3,bearish,0,2023-10-30,1519.TW,0.4553279806387102,0.6871303330271454,False,0.6589994311386239,3
2022-06-29,3533.TW,3533,嘉澤,82,bearish,-0.1283879956504864,-12.838799565048642,bearish_cluster_0_rep_3,bearish,0,2023-10-30,1519.TW,0.458165855491722,0.6857930435236946,True,0.6589994311386239,4
2025-09-26,2404.TW,2404,漢唐,79,neutral,-0.0122086570477247,-1.220865704772478,bearish_cluster_0_rep_3,bearish,0,2023-10-30,1519.TW,0.464023501589133,0.6830491443030416,False,0.6589994311386239,5
2020-08-12,3533.TW,3533,嘉澤,82,neutral,0.0319803446740105,3.1980344674010563,bearish_cluster_0_rep_3,bearish,0,2023-10-30,1519.TW,0.464298098926497,0.6829210532562445,False,0.6589994311386239,6
2024-07-19,3533.TW,3533,嘉澤,82,neutral,-0.0035087719298245,-0.3508771929824572,bearish_cluster_0_rep_3,bearish,0,2023-10-30,1519.TW,0.46966082150290017,0.6804291067495308,False,0.6589994311386239,7
2020-09-25,2409.TW,2409,友達,80,neutral,0.041860465116279,4.1860465116279055,bearish_cluster_0_rep_3,bearish,0,2023-10-30,1519.TW,0.47299648153275037,0.6788882475533369,False,0.6589994311386239,8
2021-10-04,1802.TW,1802,台玻,86,neutral,0.0183486238532109,1.83486238532109,bearish_cluster_0_rep_3,bearish,0,2023-10-30,1519.TW,0.47370568249822403,0.6785615417488255,False,0.6589994311386239,9
2024-03-14,3036.TW,3036,文曄,68,bullish,0.1487889273356402,14.87889273356402,bearish_cluster_0_rep_3,bearish,0,2023-10-30,1519.TW,0.47595782174464696,0.677526136091041,False,0.6589994311386239,10
2021-01-29,3532.TW,3532,台勝科,98,neutral,0.0234375,2.34375,bearish_cluster_0_rep_3,bearish,0,2023-10-30,1519.TW,0.4769628611439992,0.677065095073168,False,0.6589994311386239,11
2018-08-09,1590.TW,1590,亞德客-KY,64,neutral,0.0262237080923679,2.622370809236796,bearish_cluster_0_rep_3,bearish,0,2023-10-30,1519.TW,0.48510577221867107,0.6733527124509467,False,0.6589994311386239,12
2025-09-15,6213.TW,6213,聯茂,81,neutral,0.0090090090090089,0.9009009009008916,bearish_cluster_0_rep_3,bearish,0,2023-10-30,1519.TW,0.4853828291973356,0.6732271171738099,False,0.6589994311386239,13
2020-09-25,6213.TW,6213,聯茂,81,bullish,0.0557939575698995,5.579395756989958,bearish_cluster_0_rep_3,bearish,0,2023-10-30,1519.TW,0.5004049728187521,0.6664867273275822,False,0.6589994311386239,14
2023-08-14,3481.TW,3481,群創,52,bearish,-0.0532203510028219,-5.322035100282196,bearish_cluster_0_rep_3,bearish,0,2023-10-30,1519.TW,0.5020342152668615,0.6657637954154948,True,0.6589994311386239,15
2024-03-08,3661.TW,3661,世芯-KY,56,bearish,-0.1084967320261437,-10.849673202614374,bearish_cluster_0_rep_3,bearish,0,2023-10-30,1519.TW,0.503807500107512,0.6649787289453649,True,0.6589994311386239,16
2022-07-01,1605.TW,1605,華新,88,neutral,-0.0461095750328399,-4.610957503283997,bearish_cluster_0_rep_3,bearish,0,2023-10-30,1519.TW,0.5113742154376593,0.6616495039982027,False,0.6589994311386239,17
2021-09-14,2615.TW,2615,萬海,59,neutral,0.0421835772334642,4.218357723346422,bearish_cluster_0_rep_3,bearish,0,2023-10-30,1519.TW,0.5169025624851445,0.659238124274573,False,0.6589994311386239,18
2024-12-17,2449.TW,2449,京元電子,57,bullish,0.0639269169211915,6.392691692119157,bearish_cluster_0_rep_3,bearish,0,2023-10-30,1519.TW,0.5204387730916721,0.6577048794714648,False,0.6589994311386239,19
2018-09-20,3533.TW,3533,嘉澤,82,neutral,0.0025000285302154,0.250002853021547,bearish_cluster_0_rep_3,bearish,0,2023-10-30,1519.TW,0.5211644875061863,0.6573911028119063,False,0.6589994311386239,20
2022-01-13,2615.TW,2615,萬海,59,neutral,-0.0148368400602804,-1.483684006028041,bearish_cluster_0_rep_3,bearish,0,2023-10-30,1519.TW,0.5226686384636053,0.656741706461502,False,0.6589994311386239,21
2020-03-12,5871.TW,5871,中租-KY,78,bearish,-0.1399014837243323,-13.99014837243323,bearish_cluster_0_rep_3,bearish,0,2023-10-30,1519.TW,0.5230151285207659,0.6565922959486644,True,0.6589994311386239,22
2018-04-17,2337.TW,2337,旺宏,67,neutral,-0.0224119918644998,-2.2411991864499825,bearish_cluster_0_rep_3,bearish,0,2023-10-30,1519.TW,0.525405109947938,0.6555635571681873,False,0.6589994311386239,23
2023-10-19,2376.TW,2376,技嘉,70,neutral,0.0164609053497941,1.6460905349794164,bearish_cluster_0_rep_3,bearish,0,2023-10-30,1519.TW,0.5256176948721896,0.6554722086412194,False,0.6589994311386239,24
2021-10-01,6415.TW,6415,矽力*-KY,92,neutral,-0.0291139240506329,-2.911392405063296,bearish_cluster_0_rep_3,bearish,0,2023-10-30,1519.TW,0.5270110410779644,0.6548741123011586,False,0.6589994311386239,25
2023-04-25,6415.TW,6415,矽力*-KY,92,bullish,0.0607064017660043,6.070640176600439,bearish_cluster_0_rep_3,bearish,0,2023-10-30,1519.TW,0.5314087488186451,0.6529935268891581,False,0.6589994311386239,26
2022-03-15,1590.TW,1590,亞德客-KY,64,bullish,0.1375464684014871,13.754646840148707,bearish_cluster_0_rep_3,bearish,0,2023-10-30,1519.TW,0.534329469222854,0.6517505008272476,False,0.6589994311386239,27
2018-07-03,3532.TW,3532,台勝科,98,neutral,0.0381679389312976,3.8167938931297662,bearish_cluster_0_rep_3,bearish,0,2023-10-30,1519.TW,0.5351100334253902,0.6514191023614349,False,0.6589994311386239,28
2021-05-06,6139.TW,6139,亞翔,85,neutral,-0.0432612238376738,-4.326122383767384,bearish_cluster_0_rep_3,bearish,0,2023-10-30,1519.TW,0.5352788647882047,0.6513474671833982,False,0.6589994311386239,29
2022-09-29,2379.TW,2379,瑞昱,53,neutral,0.0469924812030075,4.699248120300759,bearish_cluster_0_rep_3,bearish,0,2023-10-30,1519.TW,0.5354881180297972,0.6512587028567253,False,0.6589994311386239,30
2020-07-15,6415.TW,6415,矽力*-KY,92,neutral,0.0028571428571428,0.2857142857142891,bearish_cluster_0_rep_3,bearish,0,2023-10-30,1519.TW,0.5365351588466853,0.6508149157814224,False,0.6589994311386239,31
2021-07-21,2409.TW,2409,友達,80,bullish,0.1044386422976502,10.44386422976502,bearish_cluster_0_rep_3,bearish,0,2023-10-30,1519.TW,0.5388482931368622,0.6498366372175337,False,0.6589994311386239,32
2021-05-06,2313.TW,2313,華通,60,neutral,-0.0319148137484127,-3.1914813748412763,bearish_cluster_0_rep_3,bearish,0,2023-10-30,1519.TW,0.5399034563783116,0.649391360125844,False,0.6589994311386239,33
2025-09-30,2404.TW,2404,漢唐,79,neutral,-0.0111607142857143,-1.1160714285714302,bearish_cluster_0_rep_3,bearish,0,2023-10-30,1519.TW,0.5400105504049872,0.6493462007367566,False,0.6589994311386239,34
2023-09-19,1519.TW,1519,華城,66,neutral,-0.0063158533837464,-0.6315853383746406,bearish_cluster_0_rep_3,bearish,0,2023-10-30,1519.TW,0.5402444821564045,0.6492475782805335,False,0.6589994311386239,35
2021-08-06,3661.TW,3661,世芯-KY,56,neutral,0.0070052539404552,0.7005253940455258,bearish_cluster_0_rep_3,bearish,0,2023-10-30,1519.TW,0.5420132871344838,0.6485028425781566,False,0.6589994311386239,36
2025-01-03,3661.TW,3661,世芯-KY,56,neutral,0.0267111853088479,2.6711185308847973,bearish_cluster_0_rep_3,bearish,0,2023-10-30,1519.TW,0.5433661583222089,0.6479343833009132,False,0.6589994311386239,37
2024-07-22,3533.TW,3533,嘉澤,82,neutral,-0.0287769784172662,-2.877697841726623,bearish_cluster_0_rep_3,bearish,0,2023-10-30,1519.TW,0.5459761631822979,0.6468405036346491,False,0.6589994311386239,38
2023-10-31,2376.TW,2376,技嘉,70,neutral,0.0137931034482758,1.379310344827589,bearish_cluster_0_rep_3,bearish,0,2023-10-30,1519.TW,0.5466423371440534,0.6465618947471373,False,0.6589994311386239,39
2021-08-20,2409.TW,2409,友達,80,bearish,-0.0551181102362204,-5.511811023622048,bearish_cluster_0_rep_3,bearish,0,2023-10-30,1519.TW,0.5471356316363104,0.6463557425423403,True,0.6589994311386239,40
2022-09-29,6789.TW,6789,采鈺,96,neutral,-0.0462776659959758,-4.627766599597583,bearish_cluster_0_rep_3,bearish,0,2023-10-30,1519.TW,0.5475840468707371,0.646168459814529,False,0.6589994311386239,41
2022-12-21,6789.TW,6789,采鈺,96,neutral,0.0,0.0,bearish_cluster_0_rep_3,bearish,0,2023-10-30,1519.TW,0.5498252147279272,0.6452340499412708,False,0.6589994311386239,42
2024-03-08,6415.TW,6415,矽力*-KY,92,bearish,-0.0833333333333333,-8.333333333333337,bearish_cluster_0_rep_3,bearish,0,2023-10-30,1519.TW,0.5520801714373712,0.6442966145710802,True,0.6589994311386239,43
2022-06-30,3533.TW,3533,嘉澤,82,bearish,-0.0928144179904624,-9.281441799046242,bearish_cluster_0_rep_3,bearish,0,2023-10-30,1519.TW,0.5531529464026868,0.6438515938279845,True,0.6589994311386239,44
2020-09-24,2609.TW,2609,陽明,77,bullish,0.0665926096063898,6.65926096063898,bearish_cluster_0_rep_3,bearish,0,2023-10-30,1519.TW,0.5543813672441169,0.643342760710634,False,0.6589994311386239,45
2020-02-27,2409.TW,2409,友達,80,neutral,0.0084210847553456,0.8421084755345642,bearish_cluster_0_rep_3,bearish,0,2023-10-30,1519.TW,0.5549837428203537,0.643093540120393,False,0.6589994311386239,46
2018-09-12,3533.TW,3533,嘉澤,82,neutral,0.0190476126668048,1.904761266680488,bearish_cluster_0_rep_3,bearish,0,2023-10-30,1519.TW,0.5566099804591479,0.6424216808021708,False,0.6589994311386239,47
2018-10-09,1519.TW,1519,華城,66,bearish,-0.1044083052458579,-10.4408305245858,bearish_cluster_0_rep_3,bearish,0,2023-10-30,1519.TW,0.559143690522034,0.6413777037222137,True,0.6589994311386239,48
2021-05-11,6139.TW,6139,亞翔,85,bearish,-0.0660869292217997,-6.608692922179971,bearish_cluster_0_rep_3,bearish,0,2023-10-30,1519.TW,0.559246411471421,0.6413354506657647,True,0.6589994311386239,49
2024-09-16,6415.TW,6415,矽力*-KY,92,bullish,0.0888324873096446,8.883248730964466,bearish_cluster_0_rep_3,bearish,0,2023-10-30,1519.TW,0.5608917046503468,0.6406594365391983,False,0.6589994311386239,50
2023-10-18,2376.TW,2376,技嘉,70,neutral,-0.0284552845528455,-2.845528455284552,bearish_cluster_0_rep_3,bearish,0,2023-10-30,1519.TW,0.5619112589145754,0.6402412392461615,False,0.6589994311386239,51
2018-08-08,1590.TW,1590,亞德客-KY,64,neutral,-0.0302013266366395,-3.0201326636639547,bearish_cluster_0_rep_3,bearish,0,2023-10-30,1519.TW,0.5619528826002973,0.6402241777839206,False,0.6589994311386239,52
2018-06-19,3532.TW,3532,台勝科,98,neutral,-0.0248226950354609,-2.4822695035460973,bearish_cluster_0_rep_3,bearish,0,2023-10-30,1519.TW,0.5621787039474831,0.6401316299301041,False,0.6589994311386239,53
2018-03-28,3532.TW,3532,台勝科,98,neutral,-0.0284552845528455,-2.845528455284552,bearish_cluster_0_rep_3,bearish,0,2023-10-30,1519.TW,0.5635716467356385,0.6395613543439211,False,0.6589994311386239,54
2025-11-17,1504.TW,1504,東元,89,neutral,-0.005175983518612,-0.5175983518612037,bearish_cluster_0_rep_3,bearish,0,2023-10-30,1519.TW,0.5640676841213391,0.6393585201920333,False,0.6589994311386239,55
2022-10-07,6789.TW,6789,采鈺,96,bearish,-0.1869369369369369,-18.69369369369369,bearish_cluster_0_rep_3,bearish,0,2023-10-30,1519.TW,0.5648203154428265,0.6390510080494521,True,0.6589994311386239,56
2021-05-04,2492.TW,2492,華新科,100,neutral,0.03125,3.125,bearish_cluster_0_rep_3,bearish,0,2023-10-30,1519.TW,0.5657615080247897,0.638666869044125,False,0.6589994311386239,57
2022-12-22,6789.TW,6789,采鈺,96,neutral,0.0151515151515151,1.5151515151515138,bearish_cluster_0_rep_3,bearish,0,2023-10-30,1519.TW,0.565912392565968,0.6386053298686519,False,0.6589994311386239,58
2024-03-11,6515.TW,6515,穎崴,73,neutral,-0.0042918454935622,-0.4291845493562207,bearish_cluster_0_rep_3,bearish,0,2023-10-30,1519.TW,0.5672050064975628,0.6380786150210369,False,0.6589994311386239,59
2023-08-01,6515.TW,6515,穎崴,73,bearish,-0.1084656084656084,-10.846560846560848,bearish_cluster_0_rep_3,bearish,0,2023-10-30,1519.TW,0.5713129448837101,0.636410463781935,True,0.6589994311386239,60
2021-08-16,3036.TW,3036,文曄,68,neutral,-0.0400667375281766,-4.006673752817669,bearish_cluster_0_rep_3,bearish,0,2023-10-30,1519.TW,0.5731771089865563,0.6356563379212923,False,0.6589994311386239,61
2022-09-29,2404.TW,2404,漢唐,79,neutral,0.0404040404040404,4.040404040404044,bearish_cluster_0_rep_3,bearish,0,2023-10-30,1519.TW,0.5746430515371661,0.6350645621074569,False,0.6589994311386239,62
2022-10-21,1519.TW,1519,華城,66,neutral,-0.0131578507846061,-1.3157850784606184,bearish_cluster_0_rep_3,bearish,0,2023-10-30,1519.TW,0.5752775916280134,0.6348087507335916,False,0.6589994311386239,63
2022-06-16,1605.TW,1605,華新,88,bearish,-0.094044339234222,-9.404433923422207,bearish_cluster_0_rep_3,bearish,0,2023-10-30,1519.TW,0.5764097191615327,0.6343528511939676,True,0.6589994311386239,64
2023-06-28,2376.TW,2376,技嘉,70,bullish,0.092511013215859,9.251101321585908,bearish_cluster_0_rep_3,bearish,0,2023-10-30,1519.TW,0.5792779432468972,0.6332007638529176,False,0.6589994311386239,65
2022-06-23,3481.TW,3481,群創,52,bullish,0.0588235080119341,5.882350801193415,bearish_cluster_0_rep_3,bearish,0,2023-10-30,1519.TW,0.579430113567257,0.6331397580747828,False,0.6589994311386239,66
2020-08-20,2449.TW,2449,京元電子,57,neutral,-0.0015898191461322,-0.1589819146132209,bearish_cluster_0_rep_3,bearish,0,2023-10-30,1519.TW,0.5795414121284835,0.6330951454146855,False,0.6589994311386239,67
2023-07-13,2615.TW,2615,萬海,59,neutral,0.0223124199967825,2.2312419996782573,bearish_cluster_0_rep_3,bearish,0,2023-10-30,1519.TW,0.5798448012421509,0.6329735675388819,False,0.6589994311386239,68
2023-08-15,1802.TW,1802,台玻,86,neutral,-0.0448877632307688,-4.488776323076882,bearish_cluster_0_rep_3,bearish,0,2023-10-30,1519.TW,0.5819087758199664,0.6321477036383847,False,0.6589994311386239,69
2020-09-28,6213.TW,6213,聯茂,81,bullish,0.0646551894832019,6.4655189483201925,bearish_cluster_0_rep_3,bearish,0,2023-10-30,1519.TW,0.5826305995404247,0.6318593867010955,False,0.6589994311386239,70
2024-12-16,1802.TW,1802,台玻,86,neutral,0.0056338243081535,0.5633824308153512,bearish_cluster_0_rep_3,bearish,0,2023-10-30,1519.TW,0.5833556441668286,0.6315700478815712,False,0.6589994311386239,71
2022-10-26,6515.TW,6515,穎崴,73,neutral,0.0,0.0,bearish_cluster_0_rep_3,bearish,0,2023-10-30,1519.TW,0.5836688226598227,0.6314451517208426,False,0.6589994311386239,72
2023-08-11,3481.TW,3481,群創,52,bearish,-0.0780328791725021,-7.803287917250213,bearish_cluster_0_rep_3,bearish,0,2023-10-30,1519.TW,0.5837694320771316,0.6314050389825295,True,0.6589994311386239,73
2024-06-27,6415.TW,6415,矽力*-KY,92,bearish,-0.0568060021436227,-5.680600214362275,bearish_cluster_0_rep_3,bearish,0,2023-10-30,1519.TW,0.587143237057477,0.6300628554823914,True,0.6589994311386239,74
2024-04-03,6415.TW,6415,矽力*-KY,92,bullish,0.1126760563380282,11.267605633802823,bearish_cluster_0_rep_3,bearish,0,2023-10-30,1519.TW,0.5877132201660378,0.6298366652734827,False,0.6589994311386239,75
2022-07-06,1326.TW,1326,台化,51,neutral,-0.0238763626559981,-2.387636265599813,bearish_cluster_0_rep_3,bearish,0,2023-10-30,1519.TW,0.5884426670979241,0.6295474307719235,False,0.6589994311386239,76
2024-03-07,3661.TW,3661,世芯-KY,56,bearish,-0.0831202046035806,-8.31202046035806,bearish_cluster_0_rep_3,bearish,0,2023-10-30,1519.TW,0.5889729810973934,0.6293373215882937,True,0.6589994311386239,77
2018-10-05,6531.TW,6531,愛普*,95,bearish,-0.1181911576496321,-11.819115764963218,bearish_cluster_0_rep_3,bearish,0,2023-10-30,1519.TW,0.5913339840781772,0.6284035972368659,True,0.6589994311386239,78
2021-07-27,6415.TW,6415,矽力*-KY,92,neutral,0.0315068493150685,3.150684931506853,bearish_cluster_0_rep_3,bearish,0,2023-10-30,1519.TW,0.5916743460880474,0.6282692200560746,False,0.6589994311386239,79
2021-08-16,6415.TW,6415,矽力*-KY,92,bearish,-0.0713305898491083,-7.133058984910834,bearish_cluster_0_rep_3,bearish,0,2023-10-30,1519.TW,0.5917428594712253,0.6282421774658996,True,0.6589994311386239,80
2022-12-21,3533.TW,3533,嘉澤,82,neutral,0.0297398131161039,2.9739813116103964,bearish_cluster_0_rep_3,bearish,0,2023-10-30,1519.TW,0.5922271652823761,0.6280510858026049,False,0.6589994311386239,81
2023-10-17,2376.TW,2376,技嘉,70,bearish,-0.0764818355640535,-7.648183556405352,bearish_cluster_0_rep_3,bearish,0,2023-10-30,1519.TW,0.5931893210728266,0.6276717944146254,True,0.6589994311386239,82
2020-08-11,3533.TW,3533,嘉澤,82,neutral,0.0143541184326529,1.4354118432652996,bearish_cluster_0_rep_3,bearish,0,2023-10-30,1519.TW,0.5935905518169664,0.6275137605828728,False,0.6589994311386239,83
2022-03-08,6789.TW,6789,采鈺,96,neutral,0.0386680988184746,3.866809881847466,bearish_cluster_0_rep_3,bearish,0,2023-10-30,1519.TW,0.5941115575591086,0.6273086693701615,False,0.6589994311386239,84
2021-07-21,3481.TW,3481,群創,52,bullish,0.0529247568239741,5.292475682397413,bearish_cluster_0_rep_3,bearish,0,2023-10-30,1519.TW,0.596621759503049,0.6263224173465177,False,0.6589994311386239,85
2025-01-13,3661.TW,3661,世芯-KY,56,neutral,0.0447227191413237,4.472271914132375,bearish_cluster_0_rep_3,bearish,0,2023-10-30,1519.TW,0.5969827121283879,0.626180854936898,False,0.6589994311386239,86
2023-09-18,1519.TW,1519,華城,66,neutral,-0.0081135628556419,-0.8113562855641909,bearish_cluster_0_rep_3,bearish,0,2023-10-30,1519.TW,0.5975299658747595,0.6259663489019,False,0.6589994311386239,87
2020-03-12,6139.TW,6139,亞翔,85,bearish,-0.1633858108464179,-16.33858108464179,bearish_cluster_0_rep_3,bearish,0,2023-10-30,1519.TW,0.601174335248837,0.6245416117318611,True,0.6589994311386239,88
2023-08-22,6415.TW,6415,矽力*-KY,92,bearish,-0.068901303538175,-6.890130353817503,bearish_cluster_0_rep_3,bearish,0,2023-10-30,1519.TW,0.6025398140402302,0.6240094575116097,True,0.6589994311386239,89
2020-03-12,6515.TW,6515,穎崴,73,bearish,-0.2923384446364182,-29.233844463641823,bearish_cluster_0_rep_3,bearish,0,2023-10-30,1519.TW,0.6033256293825123,0.6237036205709063,True,0.6589994311386239,90
2024-12-09,1802.TW,1802,台玻,86,neutral,0.0188679458687239,1.8867945868723976,bearish_cluster_0_rep_3,bearish,0,2023-10-30,1519.TW,0.6039033217278112,0.6234789756048051,False,0.6589994311386239,91
2025-01-13,1519.TW,1519,華城,66,neutral,0.0351239776611327,3.5123977661132733,bearish_cluster_0_rep_3,bearish,0,2023-10-30,1519.TW,0.604922605925432,0.6230830049423967,False,0.6589994311386239,92
2022-04-26,6531.TW,6531,愛普*,95,neutral,0.0141414141414142,1.4141414141414232,bearish_cluster_0_rep_3,bearish,0,2023-10-30,1519.TW,0.605510669009812,0.6228547834046742,False,0.6589994311386239,93
2025-01-08,1326.TW,1326,台化,51,neutral,-0.0210728404739666,-2.1072840473966625,bearish_cluster_0_rep_3,bearish,0,2023-10-30,1519.TW,0.6058936156405452,0.6227062554209909,False,0.6589994311386239,94
2022-09-06,6415.TW,6415,矽力*-KY,92,bullish,0.0561330561330561,5.613305613305619,bearish_cluster_0_rep_3,bearish,0,2023-10-30,1519.TW,0.6060773571822706,0.6226350153858199,False,0.6589994311386239,95
2018-05-14,1605.TW,1605,華新,88,bearish,-0.0618762762639937,-6.187627626399372,bearish_cluster_10_rep_1,bearish,10,2022-11-15,1605.TW,0.33725511793578106,0.7478004657358305,True,0.0,1
2018-04-17,2492.TW,2492,華新科,100,neutral,0.0412698412698413,4.126984126984135,bearish_cluster_10_rep_1,bearish,10,2022-11-15,1605.TW,0.4715814357252993,0.6795410540818145,False,0.0,2
2021-03-15,6805.TW,6805,富世達,93,bearish,-0.0704225817886728,-7.042258178867289,bearish_cluster_10_rep_1,bearish,10,2022-11-15,1605.TW,0.47198700908315183,0.6793538216229668,True,0.0,3
2025-06-18,1519.TW,1519,華城,66,neutral,-0.038655474179849,-3.8655474179849048,bearish_cluster_10_rep_1,bearish,10,2022-11-15,1605.TW,0.48271866523884555,0.6744367784962859,False,0.0,4
2025-06-11,6805.TW,6805,富世達,93,neutral,0.036697247706422,3.669724770642202,bearish_cluster_10_rep_1,bearish,10,2022-11-15,1605.TW,0.5129649458848919,0.6609538461019183,False,0.0,5
2025-09-18,2337.TW,2337,旺宏,67,neutral,-0.0110905451209597,-1.109054512095975,bearish_cluster_10_rep_1,bearish,10,2022-11-15,1605.TW,0.5633349644254081,0.6396581812315202,False,0.0,6
2020-07-06,3034.TW,3034,聯詠,58,neutral,0.0106571936056838,1.0657193605683846,bearish_cluster_10_rep_1,bearish,10,2022-11-15,1605.TW,0.5668103340126924,0.6382393441578482,False,0.0,7
2023-02-02,6531.TW,6531,愛普*,95,neutral,0.044967880085653,4.4967880085653,bearish_cluster_10_rep_1,bearish,10,2022-11-15,1605.TW,0.5994153041584894,0.6252284803077687,False,0.0,8
2020-12-04,2409.TW,2409,友達,80,neutral,0.0129870129870128,1.298701298701288,bearish_cluster_10_rep_1,bearish,10,2022-11-15,1605.TW,0.6308454282398293,0.6131788964692377,False,0.0,9
2019-09-20,3661.TW,3661,世芯-KY,56,neutral,-0.0335365853658536,-3.353658536585369,bearish_cluster_10_rep_1,bearish,10,2022-11-15,1605.TW,0.6404500483519489,0.6095888143650784,False,0.0,10
2024-06-28,6919.TW,6919,康霈*,97,bullish,0.1391586148056303,13.91586148056303,bearish_cluster_10_rep_1,bearish,10,2022-11-15,1605.TW,0.6406123571647612,0.6095285066169798,False,0.0,11
2018-12-03,3533.TW,3533,嘉澤,82,bearish,-0.0839160949558321,-8.391609495583218,bearish_cluster_10_rep_1,bearish,10,2022-11-15,1605.TW,0.6487847205942406,0.6065073186993076,True,0.0,12
2023-07-12,1519.TW,1519,華城,66,bullish,0.2116991246345005,21.169912463450057,bearish_cluster_10_rep_1,bearish,10,2022-11-15,1605.TW,0.6562505240722118,0.6037733938591047,False,0.0,13
2024-03-07,2404.TW,2404,漢唐,79,bullish,0.1101813110181311,11.018131101813111,bearish_cluster_10_rep_1,bearish,10,2022-11-15,1605.TW,0.6570318943688994,0.6034886856422653,False,0.0,14
2024-11-06,3661.TW,3661,世芯-KY,56,neutral,0.0103734439834024,1.0373443983402453,bearish_cluster_10_rep_1,bearish,10,2022-11-15,1605.TW,0.659236765229447,0.6026867418536953,False,0.0,15
2025-05-16,2404.TW,2404,漢唐,79,neutral,0.0277777777777776,2.777777777777768,bearish_cluster_10_rep_1,bearish,10,2022-11-15,1605.TW,0.6596579743148121,0.6025337843556886,False,0.0,16
2020-09-04,2409.TW,2409,友達,80,neutral,0.0,0.0,bearish_cluster_10_rep_1,bearish,10,2022-11-15,1605.TW,0.6661230693802421,0.6001957588715076,False,0.0,17
2025-10-09,6139.TW,6139,亞翔,85,neutral,0.0403690888119954,4.036908881199541,bearish_cluster_10_rep_1,bearish,10,2022-11-15,1605.TW,0.6720278377937663,0.5980761667936676,False,0.0,18
2020-04-30,3661.TW,3661,世芯-KY,56,bearish,-0.0799319727891156,-7.993197278911568,bearish_cluster_10_rep_1,bearish,10,2022-11-15,1605.TW,0.6784731949858451,0.5957795471428027,True,0.0,19
2023-04-17,6805.TW,6805,富世達,93,bearish,-0.1047008547008546,-10.470085470085468,bearish_cluster_10_rep_1,bearish,10,2022-11-15,1605.TW,0.6789376211617576,0.5956147431540906,True,0.0,20
2025-10-31,2449.TW,2449,京元電子,57,neutral,0.0161290072501643,1.612900725016431,bearish_cluster_10_rep_1,bearish,10,2022-11-15,1605.TW,0.6899953066589858,0.5917176196050727,False,0.0,21
2023-06-09,2376.TW,2376,技嘉,70,neutral,0.0083160083160083,0.8316008316008316,bearish_cluster_10_rep_1,bearish,10,2022-11-15,1605.TW,0.6970268056182375,0.5892658835378229,False,0.0,22
2023-12-14,6239.TW,6239,力成,76,neutral,-0.0067340067340067,-0.6734006734006703,bearish_cluster_10_rep_1,bearish,10,2022-11-15,1605.TW,0.7230375751240941,0.5803703961174378,False,0.0,23
2022-11-14,5871.TW,5871,中租-KY,78,neutral,-0.0236842080058831,-2.368420800588311,bearish_cluster_10_rep_1,bearish,10,2022-11-15,1605.TW,0.7239401797015163,0.580066531179255,False,0.0,24
2024-01-10,6805.TW,6805,富世達,93,bullish,0.0911016949152543,9.110169491525433,bearish_cluster_10_rep_1,bearish,10,2022-11-15,1605.TW,0.7336585527668578,0.5768148511158875,False,0.0,25
2024-05-09,2615.TW,2615,萬海,59,bullish,0.1793103711358432,17.931037113584324,bearish_cluster_10_rep_1,bearish,10,2022-11-15,1605.TW,0.7344700001074785,0.576544996418522,False,0.0,26
2022-06-01,6531.TW,6531,愛普*,95,bearish,-0.0606531881804043,-6.065318818040433,bearish_cluster_10_rep_1,bearish,10,2022-11-15,1605.TW,0.7366332663296193,0.575826813518034,True,0.0,27
2023-06-07,2376.TW,2376,技嘉,70,bullish,0.0824053452115813,8.24053452115814,bearish_cluster_10_rep_1,bearish,10,2022-11-15,1605.TW,0.739225353426142,0.574968619236188,False,0.0,28
2025-05-29,7750.TW,7750,新代,91,bullish,0.0711237553342816,7.112375533428161,bearish_cluster_10_rep_1,bearish,10,2022-11-15,1605.TW,0.7396541736509675,0.5748268909684076,False,0.0,29
2024-05-28,2615.TW,2615,萬海,59,bearish,-0.0839080810546875,-8.39080810546875,bearish_cluster_10_rep_1,bearish,10,2022-11-15,1605.TW,0.7402885550523508,0.5746173512989162,True,0.0,30
2020-06-19,6531.TW,6531,愛普*,95,bullish,0.3293333333333332,32.93333333333332,bearish_cluster_10_rep_1,bearish,10,2022-11-15,1605.TW,0.7407488869613319,0.5744653967555364,False,0.0,31
2025-11-28,6515.TW,6515,穎崴,73,bearish,-0.0865724381625441,-8.657243816254411,bearish_cluster_10_rep_1,bearish,10,2022-11-15,1605.TW,0.7431338143782127,0.5736794225156527,True,0.0,32
2025-09-17,6770.TW,6770,力積電,55,neutral,0.0465686657207835,4.656866572078355,bearish_cluster_10_rep_1,bearish,10,2022-11-15,1605.TW,0.7444840847352383,0.5732353815952244,False,0.0,33
2024-04-11,6515.TW,6515,穎崴,73,bearish,-0.0995575221238938,-9.95575221238938,bearish_cluster_10_rep_1,bearish,10,2022-11-15,1605.TW,0.745600635853388,0.5728687189158365,True,0.0,34
2023-10-25,6139.TW,6139,亞翔,85,neutral,-0.0037453506785247,-0.3745350678524772,bearish_cluster_10_rep_1,bearish,10,2022-11-15,1605.TW,0.7456456534145985,0.5728539454980074,False,0.0,35
2025-09-02,6919.TW,6919,康霈*,97,bullish,0.101511879049676,10.151187904967609,bearish_cluster_10_rep_1,bearish,10,2022-11-15,1605.TW,0.7463277248573797,0.5726302032350019,False,0.0,36
2018-01-29,3661.TW,3661,世芯-KY,56,bearish,-0.1085271317829457,-10.852713178294572,bearish_cluster_10_rep_1,bearish,10,2022-11-15,1605.TW,0.7468443378145376,0.5724608531811665,True,0.0,37
2019-11-15,3661.TW,3661,世芯-KY,56,bearish,-0.0703624733475479,-7.036247334754798,bearish_cluster_10_rep_1,bearish,10,2022-11-15,1605.TW,0.7474896729621243,0.5722494475775218,True,0.0,38
2024-08-23,6415.TW,6415,矽力*-KY,92,neutral,-0.0342741935483871,-3.427419354838712,bearish_cluster_10_rep_1,bearish,10,2022-11-15,1605.TW,0.7509042385951157,0.5711334623316559,False,0.0,39
2023-04-14,6805.TW,6805,富世達,93,bullish,0.0526315789473683,5.263157894736836,bearish_cluster_10_rep_1,bearish,10,2022-11-15,1605.TW,0.7535770169555878,0.5702629484367419,False,0.0,40
2020-07-22,1519.TW,1519,華城,66,bearish,-0.0997268143332823,-9.972681433328232,bearish_cluster_10_rep_1,bearish,10,2022-11-15,1605.TW,0.754460773624462,0.5699756956857718,True,0.0,41
2021-12-08,3532.TW,3532,台勝科,98,neutral,-0.0201342281879194,-2.0134228187919434,bearish_cluster_10_rep_1,bearish,10,2022-11-15,1605.TW,0.7567842138615101,0.5692218726180058,False,0.0,42
2020-12-02,3481.TW,3481,群創,52,bullish,0.0675105757561218,6.751057575612185,bearish_cluster_10_rep_1,bearish,10,2022-11-15,1605.TW,0.7576693835281075,0.5689352100977805,False,0.0,43
2021-04-19,1605.TW,1605,華新,88,neutral,-0.0191897749860422,-1.918977498604224,bearish_cluster_10_rep_1,bearish,10,2022-11-15,1605.TW,0.7625264919630906,0.5673673584822017,False,0.0,44
2021-12-07,2615.TW,2615,萬海,59,bullish,0.1020941828763832,10.209418287638329,bearish_cluster_10_rep_1,bearish,10,2022-11-15,1605.TW,0.7630072095839576,0.5672126549249815,False,0.0,45
2021-01-13,6531.TW,6531,愛普*,95,bullish,0.0789022298456261,7.8902229845626115,bearish_cluster_10_rep_1,bearish,10,2022-11-15,1605.TW,0.7652573836951685,0.566489628785308,False,0.0,46
2024-01-11,6805.TW,6805,富世達,93,bullish,0.0625641025641026,6.256410256410261,bearish_cluster_10_rep_1,bearish,10,2022-11-15,1605.TW,0.7662337707365603,0.5661764691448385,False,0.0,47
2020-06-10,2207.TW,2207,和泰車,63,neutral,-0.0073099662707958,-0.7309966270795831,bearish_cluster_10_rep_1,bearish,10,2022-11-15,1605.TW,0.7715456391380151,0.5644788245402316,False,0.0,48
2021-03-17,6531.TW,6531,愛普*,95,bearish,-0.0956316410861864,-9.563164108618649,bearish_cluster_10_rep_1,bearish,10,2022-11-15,1605.TW,0.7720446333328814,0.5643198716271547,True,0.0,49
2023-05-17,2207.TW,2207,和泰車,63,neutral,0.0282555953411811,2.825559534118116,bearish_cluster_10_rep_1,bearish,10,2022-11-15,1605.TW,0.7744520784140845,0.5635542442452148,False,0.0,50
2020-04-08,2337.TW,2337,旺宏,67,neutral,-0.0207006250454439,-2.07006250454439,bearish_cluster_10_rep_1,bearish,10,2022-11-15,1605.TW,0.7747364747188608,0.563463936333653,False,0.0,51
2020-08-04,3661.TW,3661,世芯-KY,56,neutral,0.006006006006006,0.6006006006006093,bearish_cluster_10_rep_1,bearish,10,2022-11-15,1605.TW,0.7749710833819079,0.5633894598973797,False,0.0,52
2025-06-23,6139.TW,6139,亞翔,85,neutral,0.0340557275541795,3.405572755417952,bearish_cluster_10_rep_1,bearish,10,2022-11-15,1605.TW,0.7799783822359511,0.561804575819529,False,0.0,53
2020-12-09,2492.TW,2492,華新科,100,neutral,0.0326086956521738,3.260869565217384,bearish_cluster_10_rep_1,bearish,10,2022-11-15,1605.TW,0.7801775024167659,0.5617417356653489,False,0.0,54
2021-04-08,1590.TW,1590,亞德客-KY,64,bearish,-0.0851063449619324,-8.510634496193248,bearish_cluster_10_rep_1,bearish,10,2022-11-15,1605.TW,0.780713140562473,0.561572763867026,True,0.0,55
2023-11-17,6415.TW,6415,矽力*-KY,92,neutral,-0.020310633213859,-2.0310633213859064,bearish_cluster_10_rep_1,bearish,10,2022-11-15,1605.TW,0.7830839804160693,0.5608260805341639,False,0.0,56
2024-01-17,3036.TW,3036,文曄,68,bullish,0.0612244897959184,6.122448979591844,bearish_cluster_10_rep_1,bearish,10,2022-11-15,1605.TW,0.7840518322303813,0.5605218312238286,False,0.0,57
2025-02-18,6515.TW,6515,穎崴,73,neutral,-0.0277777777777777,-2.777777777777779,bearish_cluster_10_rep_1,bearish,10,2022-11-15,1605.TW,0.7870678974302605,0.559575828897136,False,0.0,58
2022-11-07,3661.TW,3661,世芯-KY,56,neutral,0.0037641154328733,0.376411543287336,bearish_cluster_10_rep_1,bearish,10,2022-11-15,1605.TW,0.7879303141392137,0.559305914828925,False,0.0,59
2020-10-07,2615.TW,2615,萬海,59,neutral,0.0245398639814529,2.4539863981452914,bearish_cluster_10_rep_1,bearish,10,2022-11-15,1605.TW,0.7907288534297788,0.5584318352187726,False,0.0,60
2024-03-05,6805.TW,6805,富世達,93,neutral,0.0048367593712213,0.48367593712213,bearish_cluster_10_rep_1,bearish,10,2022-11-15,1605.TW,0.7913122603835198,0.5582499612802851,False,0.0,61
2018-05-02,3661.TW,3661,世芯-KY,56,bearish,-0.0899653979238754,-8.996539792387548,bearish_cluster_10_rep_1,bearish,10,2022-11-15,1605.TW,0.7921466166616331,0.5579900610268013,True,0.0,62
2022-12-22,2615.TW,2615,萬海,59,bearish,-0.0584862230803541,-5.848622308035411,bearish_cluster_10_rep_1,bearish,10,2022-11-15,1605.TW,0.793407375212686,0.5575977961401027,True,0.0,63
2018-05-14,3532.TW,3532,台勝科,98,neutral,-0.0157728706624605,-1.577287066246058,bearish_cluster_10_rep_1,bearish,10,2022-11-15,1605.TW,0.7940832973830378,0.5573877207700794,False,0.0,64
2021-04-21,2409.TW,2409,友達,80,neutral,0.0378006872852234,3.7800687285223455,bearish_cluster_10_rep_1,bearish,10,2022-11-15,1605.TW,0.7943970678731774,0.557290255263991,False,0.0,65
2020-11-25,2615.TW,2615,萬海,59,bullish,0.0684595766410198,6.845957664101987,bearish_cluster_10_rep_1,bearish,10,2022-11-15,1605.TW,0.7948521583589431,0.5571489525434302,False,0.0,66
2018-06-08,3661.TW,3661,世芯-KY,56,bearish,-0.1242424242424242,-12.424242424242426,bearish_cluster_10_rep_1,bearish,10,2022-11-15,1605.TW,0.7967437318930399,0.5565623979922864,True,0.0,67
2021-02-03,2409.TW,2409,友達,80,bearish,-0.0541310541310541,-5.413105413105413,bearish_cluster_10_rep_1,bearish,10,2022-11-15,1605.TW,0.7975949198686427,0.556298857405023,True,0.0,68
2024-05-09,3044.TW,3044,健鼎,65,bearish,-0.0756302521008402,-7.563025210084029,bearish_cluster_10_rep_1,bearish,10,2022-11-15,1605.TW,0.7987765360612853,0.5559334247208179,True,0.0,69
2024-04-12,6515.TW,6515,穎崴,73,bearish,-0.0934479054779806,-9.344790547798066,bearish_cluster_10_rep_1,bearish,10,2022-11-15,1605.TW,0.8017658728725864,0.5550110672291083,True,0.0,70
2019-12-31,2492.TW,2492,華新科,100,bullish,0.0564853556485356,5.648535564853563,bearish_cluster_10_rep_1,bearish,10,2022-11-15,1605.TW,0.8038071119507594,0.5543830010286035,False,0.0,71
2019-08-22,2313.TW,2313,華通,60,bearish,-0.0609756111744115,-6.097561117441153,bearish_cluster_10_rep_1,bearish,10,2022-11-15,1605.TW,0.8039273893706658,0.5543460373695357,True,0.0,72
2023-10-06,1519.TW,1519,華城,66,bearish,-0.0715473819431362,-7.154738194313626,bearish_cluster_10_rep_1,bearish,10,2022-11-15,1605.TW,0.8049478475018663,0.5540326283576822,True,0.0,73
2025-07-18,3661.TW,3661,世芯-KY,56,neutral,-0.0267175572519083,-2.6717557251908386,bearish_cluster_10_rep_1,bearish,10,2022-11-15,1605.TW,0.8052653522561996,0.5539351867304225,False,0.0,74
2025-11-12,1802.TW,1802,台玻,86,bearish,-0.0822695468334441,-8.226954683344411,bearish_cluster_10_rep_1,bearish,10,2022-11-15,1605.TW,0.8057604580382968,0.5537833080509241,True,0.0,75
2020-12-21,2615.TW,2615,萬海,59,neutral,-0.0473685183665076,-4.736851836650768,bearish_cluster_10_rep_1,bearish,10,2022-11-15,1605.TW,0.8061605548943631,0.5536606351468499,False,0.0,76
2024-02-15,3044.TW,3044,健鼎,65,neutral,0.0112107623318384,1.1210762331838486,bearish_cluster_10_rep_1,bearish,10,2022-11-15,1605.TW,0.8076611730131943,0.5532010173859616,False,0.0,77
2022-06-09,6515.TW,6515,穎崴,73,bearish,-0.0522222222222221,-5.222222222222217,bearish_cluster_10_rep_1,bearish,10,2022-11-15,1605.TW,0.8105792796040869,0.5523094245387954,True,0.0,78
2021-02-18,2609.TW,2609,陽明,77,bullish,0.1056751797872099,10.567517978720996,bearish_cluster_10_rep_1,bearish,10,2022-11-15,1605.TW,0.8138463017140061,0.5513146285079631,False,0.0,79
2023-07-25,6213.TW,6213,聯茂,81,neutral,-0.0488941152855672,-4.889411528556719,bearish_cluster_10_rep_1,bearish,10,2022-11-15,1605.TW,0.8146370187228557,0.5510743965224525,False,0.0,80
2020-11-09,2609.TW,2609,陽明,77,bearish,-0.1241134718194657,-12.411347181946574,bearish_cluster_10_rep_1,bearish,10,2022-11-15,1605.TW,0.8164491408101118,0.5505246348675711,True,0.0,81
2023-06-02,1519.TW,1519,華城,66,neutral,-0.018987341365377,-1.8987341365377053,bearish_cluster_10_rep_1,bearish,10,2022-11-15,1605.TW,0.8174255668280138,0.5502288612266627,False,0.0,82
2024-05-10,2609.TW,2609,陽明,77,bullish,0.1782178766286588,17.821787662865884,bearish_cluster_10_rep_1,bearish,10,2022-11-15,1605.TW,0.8180812256685435,0.550030430918883,False,0.0,83
2020-01-10,1590.TW,1590,亞德客-KY,64,neutral,-0.0303605738867603,-3.036057388676039,bearish_cluster_10_rep_1,bearish,10,2022-11-15,1605.TW,0.8198515425466585,0.5494953718041323,False,0.0,84
2023-07-12,2376.TW,2376,技嘉,70,neutral,-0.0345394736842105,-3.453947368421051,bearish_cluster_10_rep_1,bearish,10,2022-11-15,1605.TW,0.8207900240101087,0.5492121479211532,False,0.0,85
2023-12-22,2609.TW,2609,陽明,77,bearish,-0.0852174178413723,-8.521741784137237,bearish_cluster_10_rep_1,bearish,10,2022-11-15,1605.TW,0.8208136205636783,0.5492050304909434,True,0.0,86
2023-03-21,6515.TW,6515,穎崴,73,bullish,0.090643274853801,9.064327485380108,bearish_cluster_10_rep_1,bearish,10,2022-11-15,1605.TW,0.8225234673212848,0.5486897798192875,False,0.0,87
2022-11-25,6515.TW,6515,穎崴,73,neutral,0.034037558685446,3.4037558685446,bearish_cluster_10_rep_1,bearish,10,2022-11-15,1605.TW,0.822971148574503,0.5485550337875416,False,0.0,88
2025-02-07,3661.TW,3661,世芯-KY,56,neutral,-0.0069348127600554,-0.6934812760055475,bearish_cluster_10_rep_1,bearish,10,2022-11-15,1605.TW,0.8247362009038869,0.5480244210120059,False,0.0,89
2021-04-16,2002.TW,2002,中鋼,62,bullish,0.0953057846001708,9.53057846001708,bearish_cluster_10_rep_1,bearish,10,2022-11-15,1605.TW,0.8248199472998126,0.5479992705470481,False,0.0,90
2025-09-15,6239.TW,6239,力成,76,neutral,-0.0099337748344371,-0.9933774834437136,bearish_cluster_10_rep_1,bearish,10,2022-11-15,1605.TW,0.8261681494250439,0.5475947000361621,False,0.0,91
2020-04-08,2492.TW,2492,華新科,100,bearish,-0.0567567567567567,-5.675675675675674,bearish_cluster_10_rep_1,bearish,10,2022-11-15,1605.TW,0.827801985015253,0.547105216100121,True,0.0,92
2021-04-27,1605.TW,1605,華新,88,bullish,0.0531135795405073,5.311357954050733,bearish_cluster_10_rep_1,bearish,10,2022-11-15,1605.TW,0.8280341341736249,0.5470357370826977,False,0.0,93
2023-05-18,2207.TW,2207,和泰車,63,neutral,-0.0416184393657416,-4.1618439365741615,bearish_cluster_10_rep_1,bearish,10,2022-11-15,1605.TW,0.830856488997855,0.5461924547386913,False,0.0,94
2025-05-22,7750.TW,7750,新代,91,neutral,-0.0031746031746031,-0.3174603174603163,bearish_cluster_10_rep_1,bearish,10,2022-11-15,1605.TW,0.8315218659582957,0.545994027473309,False,0.0,95
2023-11-28,2313.TW,2313,華通,60,neutral,-0.0283018673920693,-2.83018673920693,bearish_cluster_10_rep_2,bearish,10,2021-02-23,2492.TW,0.6055203058290992,0.6228510448415628,False,0.10051399449517325,1
2018-05-22,2376.TW,2376,技嘉,70,bearish,-0.0596847170001634,-5.968471700016343,bearish_cluster_10_rep_2,bearish,10,2021-02-23,2492.TW,0.6221446172378334,0.6164678471780074,True,0.10051399449517325,2
2025-08-14,2404.TW,2404,漢唐,79,neutral,0.0093896713615022,0.938967136150226,bearish_cluster_10_rep_2,bearish,10,2021-02-23,2492.TW,0.6459757335086135,0.6075423711553564,False,0.10051399449517325,3
2020-07-14,3533.TW,3533,嘉澤,82,bearish,-0.0550363846567796,-5.503638465677962,bearish_cluster_10_rep_2,bearish,10,2021-02-23,2492.TW,0.6485761144943702,0.6065840643983289,True,0.10051399449517325,4
2023-06-05,2376.TW,2376,技嘉,70,neutral,0.0354609929078013,3.546099290780136,bearish_cluster_10_rep_2,bearish,10,2021-02-23,2492.TW,0.6627277571184812,0.6014213666180729,False,0.10051399449517325,5
2024-03-06,6805.TW,6805,富世達,93,neutral,0.0479041916167664,4.79041916167664,bearish_cluster_10_rep_2,bearish,10,2021-02-23,2492.TW,0.6773119083966767,0.5961920350019387,False,0.10051399449517325,6
2020-12-02,2409.TW,2409,友達,80,bullish,0.0974729241877256,9.747292418772568,bearish_cluster_10_rep_2,bearish,10,2021-02-23,2492.TW,0.6939863732442579,0.5903235207759305,False,0.10051399449517325,7
2021-04-28,2409.TW,2409,友達,80,bearish,-0.1784107946026986,-17.84107946026986,bearish_cluster_10_rep_2,bearish,10,2021-02-23,2492.TW,0.7024254393209762,0.5873972374372276,True,0.10051399449517325,8
2024-06-20,2449.TW,2449,京元電子,57,neutral,0.0491071712757866,4.910717127578668,bearish_cluster_10_rep_2,bearish,10,2021-02-23,2492.TW,0.7090207613465184,0.5851303990082082,False,0.10051399449517325,9
2024-04-15,6415.TW,6415,矽力*-KY,92,bearish,-0.0592686002522068,-5.926860025220682,bearish_cluster_10_rep_2,bearish,10,2021-02-23,2492.TW,0.7129361863576111,0.5837929094874228,True,0.10051399449517325,10
2022-11-17,6415.TW,6415,矽力*-KY,92,neutral,-0.0436507936507936,-4.36507936507936,bearish_cluster_10_rep_2,bearish,10,2021-02-23,2492.TW,0.7179705467425037,0.5820821561208546,False,0.10051399449517325,11
2024-06-19,2449.TW,2449,京元電子,57,bullish,0.0550458816735095,5.5045881673509545,bearish_cluster_10_rep_2,bearish,10,2021-02-23,2492.TW,0.7326705447283405,0.5771437640251377,False,0.10051399449517325,12
2023-11-16,1519.TW,1519,華城,66,bearish,-0.0642857127314197,-6.428571273141969,bearish_cluster_10_rep_2,bearish,10,2021-02-23,2492.TW,0.7376110902353314,0.5755027725246425,True,0.10051399449517325,13
2020-12-03,2409.TW,2409,友達,80,bullish,0.0607142857142857,6.071428571428572,bearish_cluster_10_rep_2,bearish,10,2021-02-23,2492.TW,0.740767855123775,0.5744591371311233,False,0.10051399449517325,14
2021-11-03,2609.TW,2609,陽明,77,bullish,0.0875576036866359,8.75576036866359,bearish_cluster_10_rep_2,bearish,10,2021-02-23,2492.TW,0.7426450384410644,0.5738403277437268,False,0.10051399449517325,15
2021-04-19,1802.TW,1802,台玻,86,bullish,0.0684411101378557,6.84411101378557,bearish_cluster_10_rep_2,bearish,10,2021-02-23,2492.TW,0.743688242291515,0.5734970138273244,False,0.10051399449517325,16
2025-08-12,2449.TW,2449,京元電子,57,neutral,-0.0177305983978953,-1.773059839789537,bearish_cluster_10_rep_2,bearish,10,2021-02-23,2492.TW,0.746805769352393,0.5724734927860571,False,0.10051399449517325,17
2024-08-23,6415.TW,6415,矽力*-KY,92,neutral,-0.0342741935483871,-3.427419354838712,bearish_cluster_10_rep_2,bearish,10,2021-02-23,2492.TW,0.7526840830971615,0.5705534783159003,False,0.10051399449517325,18
2024-12-04,6805.TW,6805,富世達,93,neutral,-0.0422535211267606,-4.225352112676061,bearish_cluster_10_rep_2,bearish,10,2021-02-23,2492.TW,0.7527341020729993,0.5705371960397626,False,0.10051399449517325,19
2019-04-26,2404.TW,2404,漢唐,79,neutral,-0.0070422535211267,-0.7042253521126751,bearish_cluster_10_rep_2,bearish,10,2021-02-23,2492.TW,0.753829535434221,0.5701808412939149,False,0.10051399449517325,20
2021-03-30,3481.TW,3481,群創,52,bullish,0.0904872091485433,9.048720914854336,bearish_cluster_10_rep_2,bearish,10,2021-02-23,2492.TW,0.7610443909212379,0.5678448568107246,False,0.10051399449517325,21
2021-09-23,6213.TW,6213,聯茂,81,bearish,-0.0838323353293413,-8.383233532934131,bearish_cluster_10_rep_2,bearish,10,2021-02-23,2492.TW,0.7630361423763504,0.5672033465247776,True,0.10051399449517325,22
2021-01-11,3661.TW,3661,世芯-KY,56,bearish,-0.0917874396135265,-9.178743961352652,bearish_cluster_10_rep_2,bearish,10,2021-02-23,2492.TW,0.7652650024716361,0.5664871838504982,True,0.10051399449517325,23
2023-10-06,1519.TW,1519,華城,66,bearish,-0.0715473819431362,-7.154738194313626,bearish_cluster_10_rep_2,bearish,10,2021-02-23,2492.TW,0.765770204887643,0.5663251068751783,True,0.10051399449517325,24
2022-03-21,6515.TW,6515,穎崴,73,bullish,0.060908084163898,6.090808416389804,bearish_cluster_10_rep_2,bearish,10,2021-02-23,2492.TW,0.7726992760123567,0.5641114731255914,False,0.10051399449517325,25
2024-06-21,2449.TW,2449,京元電子,57,bullish,0.0535714400666103,5.35714400666103,bearish_cluster_10_rep_2,bearish,10,2021-02-23,2492.TW,0.774201274993433,0.5636339090127761,False,0.10051399449517325,26
2020-05-18,3533.TW,3533,嘉澤,82,neutral,0.0211179785038904,2.111797850389041,bearish_cluster_10_rep_2,bearish,10,2021-02-23,2492.TW,0.7752088818922542,0.5633139909338819,False,0.10051399449517325,27
2025-08-13,2404.TW,2404,漢唐,79,bullish,0.0523809523809524,5.238095238095242,bearish_cluster_10_rep_2,bearish,10,2021-02-23,2492.TW,0.7774958124260798,0.5625892297518911,False,0.10051399449517325,28
2025-05-14,3661.TW,3661,世芯-KY,56,bearish,-0.0544464609800362,-5.444646098003625,bearish_cluster_10_rep_2,bearish,10,2021-02-23,2492.TW,0.783884472127053,0.5605744181447067,True,0.10051399449517325,29
2021-11-08,2376.TW,2376,技嘉,70,neutral,0.0262172284644195,2.621722846441954,bearish_cluster_10_rep_2,bearish,10,2021-02-23,2492.TW,0.7911510271015247,0.5583002130301761,False,0.10051399449517325,30
2024-01-12,6805.TW,6805,富世達,93,neutral,0.0,0.0,bearish_cluster_10_rep_2,bearish,10,2021-02-23,2492.TW,0.7990104466813304,0.555861141242798,False,0.10051399449517325,31
2020-06-08,3481.TW,3481,群創,52,neutral,-0.0063694179699261,-0.6369417969926183,bearish_cluster_10_rep_2,bearish,10,2021-02-23,2492.TW,0.8070278946319567,0.5533948883526634,False,0.10051399449517325,32
2024-12-05,6805.TW,6805,富世達,93,neutral,-0.0283018867924528,-2.8301886792452824,bearish_cluster_10_rep_2,bearish,10,2021-02-23,2492.TW,0.8079217113286757,0.5531212959797253,False,0.10051399449517325,33
2025-08-11,2404.TW,2404,漢唐,79,bullish,0.097938144329897,9.7938144329897,bearish_cluster_10_rep_2,bearish,10,2021-02-23,2492.TW,0.8091933936486054,0.5527325069340969,False,0.10051399449517325,34
2022-02-08,6805.TW,6805,富世達,93,neutral,-0.0013947001394699,-0.1394700139469962,bearish_cluster_10_rep_2,bearish,10,2021-02-23,2492.TW,0.8094217959491277,0.5526627358191253,False,0.10051399449517325,35
2023-11-22,6139.TW,6139,亞翔,85,bearish,-0.0828024860649839,-8.280248606498397,bearish_cluster_10_rep_2,bearish,10,2021-02-23,2492.TW,0.8097265936145701,0.552569655288481,True,0.10051399449517325,36
2020-04-28,3661.TW,3661,世芯-KY,56,bullish,0.0706319702602229,7.063197026022294,bearish_cluster_10_rep_2,bearish,10,2021-02-23,2492.TW,0.8097970694487202,0.5525481375127923,False,0.10051399449517325,37
2023-11-29,2313.TW,2313,華通,60,neutral,-0.0254010888818306,-2.540108888183068,bearish_cluster_10_rep_2,bearish,10,2021-02-23,2492.TW,0.8108106038662896,0.552238869081551,False,0.10051399449517325,38
2023-12-26,2324.TW,2324,仁寶,84,neutral,0.0204865365605768,2.0486536560576862,bearish_cluster_10_rep_2,bearish,10,2021-02-23,2492.TW,0.8120174336743343,0.5518710700107566,False,0.10051399449517325,39
2021-06-01,2618.TW,2618,長榮航,72,bullish,0.1944444444444444,19.444444444444443,bearish_cluster_10_rep_2,bearish,10,2021-02-23,2492.TW,0.8151137460854367,0.5509296605552402,False,0.10051399449517325,40
2023-11-21,6415.TW,6415,矽力*-KY,92,neutral,-0.023696682464455,-2.3696682464455,bearish_cluster_10_rep_2,bearish,10,2021-02-23,2492.TW,0.8156678589647777,0.5507615256075308,False,0.10051399449517325,41
2025-06-17,6805.TW,6805,富世達,93,neutral,-0.0350877192982456,-3.508771929824561,bearish_cluster_10_rep_2,bearish,10,2021-02-23,2492.TW,0.8175363633196306,0.5501953194342449,False,0.10051399449517325,42
2019-11-12,2313.TW,2313,華通,60,neutral,0.0179641028600789,1.796410286007899,bearish_cluster_10_rep_2,bearish,10,2021-02-23,2492.TW,0.8221329742423614,0.548807367045096,False,0.10051399449517325,43
2022-08-18,3661.TW,3661,世芯-KY,56,neutral,-0.0298507462686566,-2.985074626865669,bearish_cluster_10_rep_2,bearish,10,2021-02-23,2492.TW,0.8258873867427663,0.5476789024672097,False,0.10051399449517325,44
2023-04-12,6805.TW,6805,富世達,93,bullish,0.1359223300970873,13.592233009708732,bearish_cluster_10_rep_2,bearish,10,2021-02-23,2492.TW,0.8279708571254463,0.5470546732744624,False,0.10051399449517325,45
2021-04-16,2002.TW,2002,中鋼,62,bullish,0.0953057846001708,9.53057846001708,bearish_cluster_10_rep_2,bearish,10,2021-02-23,2492.TW,0.8338542902432221,0.5452995940410136,False,0.10051399449517325,46
2020-09-04,3481.TW,3481,群創,52,neutral,-0.0287080943276413,-2.870809432764132,bearish_cluster_10_rep_2,bearish,10,2021-02-23,2492.TW,0.8340210729221803,0.5452500054466012,False,0.10051399449517325,47
2025-06-20,6919.TW,6919,康霈*,97,neutral,-0.0120967741935483,-1.2096774193548376,bearish_cluster_10_rep_2,bearish,10,2021-02-23,2492.TW,0.8340644593535914,0.5452371070711691,False,0.10051399449517325,48
2021-09-24,6213.TW,6213,聯茂,81,bearish,-0.1321321321321321,-13.213213213213216,bearish_cluster_10_rep_2,bearish,10,2021-02-23,2492.TW,0.8358348113496967,0.5447113181522062,True,0.10051399449517325,49
2022-06-09,1590.TW,1590,亞德客-KY,64,bearish,-0.0697674418604651,-6.976744186046513,bearish_cluster_10_rep_2,bearish,10,2021-02-23,2492.TW,0.8358871351801325,0.5446957935689672,True,0.10051399449517325,50
2024-10-07,1590.TW,1590,亞德客-KY,64,bearish,-0.0906403940886699,-9.064039408866996,bearish_cluster_10_rep_2,bearish,10,2021-02-23,2492.TW,0.8366554696701749,0.5444679290774003,True,0.10051399449517325,51
2021-04-15,2002.TW,2002,中鋼,62,bullish,0.1818181818181818,18.181818181818187,bearish_cluster_10_rep_2,bearish,10,2021-02-23,2492.TW,0.8370214423284609,0.5443594598071105,False,0.10051399449517325,52
2024-09-27,2615.TW,2615,萬海,59,bearish,-0.1693022971929505,-16.930229719295053,bearish_cluster_10_rep_2,bearish,10,2021-02-23,2492.TW,0.8380777627653274,0.5440466231937504,True,0.10051399449517325,53
2023-04-12,6919.TW,6919,康霈*,97,bullish,0.0799999722040873,7.999997220408739,bearish_cluster_10_rep_2,bearish,10,2021-02-23,2492.TW,0.8400795845958481,0.5434547550939969,False,0.10051399449517325,54
2024-03-22,3533.TW,3533,嘉澤,82,neutral,-0.0035587188612099,-0.3558718861209953,bearish_cluster_10_rep_2,bearish,10,2021-02-23,2492.TW,0.8401079091140626,0.5434463897725756,False,0.10051399449517325,55
2023-03-09,1519.TW,1519,華城,66,bearish,-0.1152317772126101,-11.523177721261014,bearish_cluster_10_rep_2,bearish,10,2021-02-23,2492.TW,0.840189513402176,0.5434222903222515,True,0.10051399449517325,56
2019-03-15,6213.TW,6213,聯茂,81,neutral,0.0236025480701294,2.3602548070129403,bearish_cluster_10_rep_2,bearish,10,2021-02-23,2492.TW,0.8403362611068196,0.5433789580381237,False,0.10051399449517325,57
2024-10-07,6415.TW,6415,矽力*-KY,92,neutral,-0.0484739676840215,-4.847396768402157,bearish_cluster_10_rep_2,bearish,10,2021-02-23,2492.TW,0.8403570183002964,0.5433728293239388,False,0.10051399449517325,58
2023-03-20,3661.TW,3661,世芯-KY,56,neutral,0.0481927710843372,4.819277108433728,bearish_cluster_10_rep_2,bearish,10,2021-02-23,2492.TW,0.8420772722096792,0.5428653917435513,False,0.10051399449517325,59
2020-01-03,2492.TW,2492,華新科,100,bearish,-0.076320939334638,-7.632093933463802,bearish_cluster_10_rep_2,bearish,10,2021-02-23,2492.TW,0.8427795554192192,0.5426585057660395,True,0.10051399449517325,60
2018-11-02,2379.TW,2379,瑞昱,53,neutral,-0.0192307692307692,-1.9230769230769276,bearish_cluster_10_rep_2,bearish,10,2021-02-23,2492.TW,0.8478155756600149,0.5411795490698867,False,0.10051399449517325,61
2021-02-19,2492.TW,2492,華新科,100,neutral,0.0245283018867925,2.452830188679256,bearish_cluster_10_rep_2,bearish,10,2021-02-23,2492.TW,0.8498934482110007,0.5405716750697628,False,0.10051399449517325,62
2021-10-13,2376.TW,2376,技嘉,70,neutral,0.0,0.0,bearish_cluster_10_rep_2,bearish,10,2021-02-23,2492.TW,0.8551862318779616,0.5390294423367531,False,0.10051399449517325,63
2021-11-10,2376.TW,2376,技嘉,70,neutral,-0.0215827338129496,-2.1582733812949617,bearish_cluster_10_rep_2,bearish,10,2021-02-23,2492.TW,0.8586912741654346,0.5380129631528006,False,0.10051399449517325,64
2024-01-17,6805.TW,6805,富世達,93,bearish,-0.0511583011583011,-5.115830115830111,bearish_cluster_10_rep_2,bearish,10,2021-02-23,2492.TW,0.858975786132345,0.5379306215066577,True,0.10051399449517325,65
2025-05-02,1519.TW,1519,華城,66,neutral,-0.0088105755536704,-0.8810575553670486,bearish_cluster_10_rep_2,bearish,10,2021-02-23,2492.TW,0.8625958802039039,0.5368851132058378,False,0.10051399449517325,66
2023-03-23,6515.TW,6515,穎崴,73,neutral,0.0464788732394365,4.647887323943656,bearish_cluster_10_rep_2,bearish,10,2021-02-23,2492.TW,0.8627751747952469,0.5368334372986898,False,0.10051399449517325,67
2018-11-30,3532.TW,3532,台勝科,98,neutral,-0.0210526315789473,-2.1052631578947323,bearish_cluster_10_rep_2,bearish,10,2021-02-23,2492.TW,0.8627854665194223,0.5368304713416516,False,0.10051399449517325,68
2021-02-22,2492.TW,2492,華新科,100,neutral,-0.03584229390681,-3.584229390681004,bearish_cluster_10_rep_2,bearish,10,2021-02-23,2492.TW,0.8658431220812499,0.5359507389262997,False,0.10051399449517325,69
2022-11-09,3661.TW,3661,世芯-KY,56,bullish,0.0506329113924051,5.063291139240511,bearish_cluster_10_rep_2,bearish,10,2021-02-23,2492.TW,0.8670321126440818,0.5356094269764888,False,0.10051399449517325,70
2025-06-23,6919.TW,6919,康霈*,97,neutral,0.0202429149797571,2.0242914979757165,bearish_cluster_10_rep_2,bearish,10,2021-02-23,2492.TW,0.8677024190445162,0.5354172001937988,False,0.10051399449517325,71
2024-09-13,6515.TW,6515,穎崴,73,neutral,0.0335820895522387,3.3582089552238736,bearish_cluster_10_rep_2,bearish,10,2021-02-23,2492.TW,0.8679681784161483,0.5353410253743727,False,0.10051399449517325,72
2022-08-17,1605.TW,1605,華新,88,neutral,-0.0065616800528169,-0.6561680052816987,bearish_cluster_10_rep_2,bearish,10,2021-02-23,2492.TW,0.8680917322513136,0.5353056184210286,False,0.10051399449517325,73
2023-11-24,6789.TW,6789,采鈺,96,bullish,0.0628366247755833,6.283662477558338,bearish_cluster_10_rep_2,bearish,10,2021-02-23,2492.TW,0.8685372669547093,0.5351779799552902,False,0.10051399449517325,74
2019-09-12,6213.TW,6213,聯茂,81,neutral,-0.0209580878032735,-2.0958087803273573,bearish_cluster_10_rep_2,bearish,10,2021-02-23,2492.TW,0.8700562413797613,0.5347432755616921,False,0.10051399449517325,75
2025-10-23,6805.TW,6805,富世達,93,bullish,0.0555555555555555,5.555555555555558,bearish_cluster_10_rep_2,bearish,10,2021-02-23,2492.TW,0.871541489490016,0.5343189053599309,False,0.10051399449517325,76
2022-11-29,6515.TW,6515,穎崴,73,bullish,0.0857142857142856,8.571428571428562,bearish_cluster_10_rep_2,bearish,10,2021-02-23,2492.TW,0.8739515865375462,0.5336317155597787,False,0.10051399449517325,77
2022-07-15,3533.TW,3533,嘉澤,82,neutral,-0.0099857174405065,-0.998571744050658,bearish_cluster_10_rep_2,bearish,10,2021-02-23,2492.TW,0.8777554621998768,0.5325507075497755,False,0.10051399449517325,78
2024-12-03,6805.TW,6805,富世達,93,neutral,0.0398009950248756,3.9800995024875663,bearish_cluster_10_rep_2,bearish,10,2021-02-23,2492.TW,0.8791363270753636,0.5321593678923618,False,0.10051399449517325,79
2023-09-18,2313.TW,2313,華通,60,neutral,-0.0364583078081952,-3.6458307808195256,bearish_cluster_10_rep_2,bearish,10,2021-02-23,2492.TW,0.8802442203385896,0.5318458044880587,False,0.10051399449517325,80
2024-05-30,2615.TW,2615,萬海,59,bearish,-0.0857142857142857,-8.571428571428575,bearish_cluster_10_rep_2,bearish,10,2021-02-23,2492.TW,0.8805158284608009,0.5317689885218878,True,0.10051399449517325,81
2021-11-09,2376.TW,2376,技嘉,70,neutral,-0.0073260073260073,-0.73260073260073,bearish_cluster_10_rep_2,bearish,10,2021-02-23,2492.TW,0.8813516660310379,0.5315327368378892,False,0.10051399449517325,82
2023-12-08,1519.TW,1519,華城,66,neutral,-0.0313352083693959,-3.133520836939596,bearish_cluster_10_rep_2,bearish,10,2021-02-23,2492.TW,0.8815207454705176,0.5314849716153021,False,0.10051399449517325,83
2021-04-28,3481.TW,3481,群創,52,bearish,-0.194221489197234,-19.422148919723405,bearish_cluster_10_rep_2,bearish,10,2021-02-23,2492.TW,0.8822035663443678,0.5312921608910819,True,0.10051399449517325,84
2023-08-23,6139.TW,6139,亞翔,85,neutral,-0.0441177052034655,-4.411770520346559,bearish_cluster_10_rep_2,bearish,10,2021-02-23,2492.TW,0.8822860015482664,0.5312688928130231,False,0.10051399449517325,85
2025-10-09,2313.TW,2313,華通,60,neutral,-0.0091954373765266,-0.9195437376526616,bearish_cluster_10_rep_2,bearish,10,2021-02-23,2492.TW,0.8825956941338557,0.5311814975015545,False,0.10051399449517325,86
2025-12-16,6139.TW,6139,亞翔,85,neutral,0.0117252931323283,1.1725293132328396,bearish_cluster_10_rep_2,bearish,10,2021-02-23,2492.TW,0.8829391689637486,0.5310846024570922,False,0.10051399449517325,87
2024-09-11,6515.TW,6515,穎崴,73,bullish,0.1259842519685039,12.598425196850393,bearish_cluster_10_rep_2,bearish,10,2021-02-23,2492.TW,0.8844508262577327,0.5306585802431716,False,0.10051399449517325,88
2023-03-24,1504.TW,1504,東元,89,neutral,-0.0249999653209339,-2.499996532093396,bearish_cluster_10_rep_2,bearish,10,2021-02-23,2492.TW,0.8845889287376432,0.5306196936378224,False,0.10051399449517325,89
2023-10-24,6139.TW,6139,亞翔,85,neutral,0.0232558970442218,2.325589704422182,bearish_cluster_10_rep_2,bearish,10,2021-02-23,2492.TW,0.8846923817993093,0.5305905672761851,False,0.10051399449517325,90
2025-02-19,1605.TW,1605,華新,88,neutral,0.0136986167150361,1.3698616715036138,bearish_cluster_10_rep_2,bearish,10,2021-02-23,2492.TW,0.884917065070135,0.5305273205549718,False,0.10051399449517325,91
2021-11-05,2615.TW,2615,萬海,59,neutral,-0.0056179946968764,-0.5617994696876405,bearish_cluster_10_rep_2,bearish,10,2021-02-23,2492.TW,0.8860912754169997,0.5301970339579181,False,0.10051399449517325,92
2021-10-25,6515.TW,6515,穎崴,73,neutral,-0.013595166163142,-1.3595166163142047,bearish_cluster_10_rep_2,bearish,10,2021-02-23,2492.TW,0.8861828200602881,0.5301713011934002,False,0.10051399449517325,93
2023-04-17,6919.TW,6919,康霈*,97,neutral,-0.0420875168488596,-4.20875168488597,bearish_cluster_10_rep_2,bearish,10,2021-02-23,2492.TW,0.8865879019490618,0.5300574645723559,False,0.10051399449517325,94
2023-09-27,6805.TW,6805,富世達,93,neutral,-0.004885993485342,-0.4885993485342021,bearish_cluster_10_rep_2,bearish,10,2021-02-23,2492.TW,0.8899326730376385,0.5291193777780065,False,0.10051399449517325,95
2023-11-28,2313.TW,2313,華通,60,neutral,-0.0283018673920693,-2.83018673920693,bearish_cluster_10_rep_3,bearish,10,2021-04-28,2409.TW,0.5040217624585831,0.6648839963361484,False,0.0,1
2023-04-12,6805.TW,6805,富世達,93,bullish,0.1359223300970873,13.592233009708732,bearish_cluster_10_rep_3,bearish,10,2021-04-28,2409.TW,0.604705506983932,0.6231673011950429,False,0.0,2
2020-01-03,2492.TW,2492,華新科,100,bearish,-0.076320939334638,-7.632093933463802,bearish_cluster_10_rep_3,bearish,10,2021-04-28,2409.TW,0.6307759346670009,0.6132050263570983,True,0.0,3
2023-12-28,6415.TW,6415,矽力*-KY,92,bearish,-0.1020408163265306,-10.20408163265306,bearish_cluster_10_rep_3,bearish,10,2021-04-28,2409.TW,0.6511318126207333,0.6056451655502691,True,0.0,4
2021-10-25,6515.TW,6515,穎崴,73,neutral,-0.013595166163142,-1.3595166163142047,bearish_cluster_10_rep_3,bearish,10,2021-04-28,2409.TW,0.6558294878705594,0.6039269183966681,False,0.0,5
2021-04-28,3481.TW,3481,群創,52,bearish,-0.194221489197234,-19.422148919723405,bearish_cluster_10_rep_3,bearish,10,2021-04-28,2409.TW,0.6691026436165014,0.5991243281678986,True,0.0,6
2020-09-03,3481.TW,3481,群創,52,neutral,-0.0360975242337604,-3.6097524233760447,bearish_cluster_10_rep_3,bearish,10,2021-04-28,2409.TW,0.6805411062911146,0.5950464384694278,False,0.0,7
2022-02-08,6805.TW,6805,富世達,93,neutral,-0.0013947001394699,-0.1394700139469962,bearish_cluster_10_rep_3,bearish,10,2021-04-28,2409.TW,0.685903586779309,0.5931537294551731,False,0.0,8
2020-07-22,1519.TW,1519,華城,66,bearish,-0.0997268143332823,-9.972681433328232,bearish_cluster_10_rep_3,bearish,10,2021-04-28,2409.TW,0.6892879661306732,0.5919653842621678,True,0.0,9
2021-11-22,3532.TW,3532,台勝科,98,bullish,0.1142857142857143,11.428571428571432,bearish_cluster_10_rep_3,bearish,10,2021-04-28,2409.TW,0.6991279994691931,0.5885371792545351,False,0.0,10
2021-02-23,2492.TW,2492,華新科,100,bearish,-0.1211072664359861,-12.110726643598612,bearish_cluster_10_rep_3,bearish,10,2021-04-28,2409.TW,0.7024254393209762,0.5873972374372276,True,0.0,11
2025-05-02,1519.TW,1519,華城,66,neutral,-0.0088105755536704,-0.8810575553670486,bearish_cluster_10_rep_3,bearish,10,2021-04-28,2409.TW,0.7087755550523545,0.5852143641938753,False,0.0,12
2024-12-04,6805.TW,6805,富世達,93,neutral,-0.0422535211267606,-4.225352112676061,bearish_cluster_10_rep_3,bearish,10,2021-04-28,2409.TW,0.7099921591297823,0.584798003114179,False,0.0,13
2021-09-27,6805.TW,6805,富世達,93,bearish,-0.074074074074074,-7.4074074074074066,bearish_cluster_10_rep_3,bearish,10,2021-04-28,2409.TW,0.7163399234229662,0.5826351682163633,True,0.0,14
2024-10-07,6415.TW,6415,矽力*-KY,92,neutral,-0.0484739676840215,-4.847396768402157,bearish_cluster_10_rep_3,bearish,10,2021-04-28,2409.TW,0.7205032968099466,0.5812252739382363,False,0.0,15
2021-04-16,1802.TW,1802,台玻,86,bullish,0.1408450682604374,14.08450682604374,bearish_cluster_10_rep_3,bearish,10,2021-04-28,2409.TW,0.7219231148514036,0.5807460224995568,False,0.0,16
2018-04-16,2492.TW,2492,華新科,100,bullish,0.2439862542955326,24.398625429553267,bearish_cluster_10_rep_3,bearish,10,2021-04-28,2409.TW,0.7233889528296562,0.5802520657673279,False,0.0,17
2021-11-03,2609.TW,2609,陽明,77,bullish,0.0875576036866359,8.75576036866359,bearish_cluster_10_rep_3,bearish,10,2021-04-28,2409.TW,0.7247082596269325,0.5798082049055111,False,0.0,18
2021-04-16,2002.TW,2002,中鋼,62,bullish,0.0953057846001708,9.53057846001708,bearish_cluster_10_rep_3,bearish,10,2021-04-28,2409.TW,0.7352700443319754,0.5762791810222072,False,0.0,19
2023-07-12,2376.TW,2376,技嘉,70,neutral,-0.0345394736842105,-3.453947368421051,bearish_cluster_10_rep_3,bearish,10,2021-04-28,2409.TW,0.735394048786959,0.5762380023712772,False,0.0,20
2018-05-22,2376.TW,2376,技嘉,70,bearish,-0.0596847170001634,-5.968471700016343,bearish_cluster_10_rep_3,bearish,10,2021-04-28,2409.TW,0.7377056255233211,0.5754714638153073,True,0.0,21
2021-11-08,2376.TW,2376,技嘉,70,neutral,0.0262172284644195,2.621722846441954,bearish_cluster_10_rep_3,bearish,10,2021-04-28,2409.TW,0.7451256119517647,0.5730246540142121,False,0.0,22
2024-03-13,6239.TW,6239,力成,76,bullish,0.0533333333333332,5.333333333333323,bearish_cluster_10_rep_3,bearish,10,2021-04-28,2409.TW,0.7493141122129526,0.5716526226013005,False,0.0,23
2018-01-29,3661.TW,3661,世芯-KY,56,bearish,-0.1085271317829457,-10.852713178294572,bearish_cluster_10_rep_3,bearish,10,2021-04-28,2409.TW,0.7522791684964997,0.5706853211397962,True,0.0,24
2021-01-12,1590.TW,1590,亞德客-KY,64,neutral,0.0365296628554265,3.652966285542658,bearish_cluster_10_rep_3,bearish,10,2021-04-28,2409.TW,0.7586844701721988,0.5686068291159054,False,0.0,25
2023-06-05,2376.TW,2376,技嘉,70,neutral,0.0354609929078013,3.546099290780136,bearish_cluster_10_rep_3,bearish,10,2021-04-28,2409.TW,0.762497284623758,0.5673767606475892,False,0.0,26
2024-02-23,1519.TW,1519,華城,66,neutral,-0.0392857254248246,-3.928572542482467,bearish_cluster_10_rep_3,bearish,10,2021-04-28,2409.TW,0.7660581099828095,0.5662327838180442,False,0.0,27
2021-01-11,3661.TW,3661,世芯-KY,56,bearish,-0.0917874396135265,-9.178743961352652,bearish_cluster_10_rep_3,bearish,10,2021-04-28,2409.TW,0.7712224207379424,0.5645818324631251,True,0.0,28
2021-04-21,2409.TW,2409,友達,80,neutral,0.0378006872852234,3.7800687285223455,bearish_cluster_10_rep_3,bearish,10,2021-04-28,2409.TW,0.7715230981327803,0.5644860070151043,False,0.0,29
2025-08-13,2404.TW,2404,漢唐,79,bullish,0.0523809523809524,5.238095238095242,bearish_cluster_10_rep_3,bearish,10,2021-04-28,2409.TW,0.7721385105600884,0.5642899773584559,False,0.0,30
2025-06-20,6919.TW,6919,康霈*,97,neutral,-0.0120967741935483,-1.2096774193548376,bearish_cluster_10_rep_3,bearish,10,2021-04-28,2409.TW,0.7772837131488488,0.5626563685931044,False,0.0,31
2023-12-26,2324.TW,2324,仁寶,84,neutral,0.0204865365605768,2.0486536560576862,bearish_cluster_10_rep_3,bearish,10,2021-04-28,2409.TW,0.7784622617105482,0.5622835083597372,False,0.0,32
2021-01-21,2379.TW,2379,瑞昱,53,neutral,-0.0351758793969849,-3.5175879396984966,bearish_cluster_10_rep_3,bearish,10,2021-04-28,2409.TW,0.7823927636941194,0.5610435704010815,False,0.0,33
2025-10-21,6805.TW,6805,富世達,93,bullish,0.0606060606060605,6.060606060606055,bearish_cluster_10_rep_3,bearish,10,2021-04-28,2409.TW,0.7833112167204741,0.5607546179398845,False,0.0,34
2024-12-03,6805.TW,6805,富世達,93,neutral,0.0398009950248756,3.9800995024875663,bearish_cluster_10_rep_3,bearish,10,2021-04-28,2409.TW,0.7847767708255334,0.5602941591050955,False,0.0,35
2023-10-06,1519.TW,1519,華城,66,bearish,-0.0715473819431362,-7.154738194313626,bearish_cluster_10_rep_3,bearish,10,2021-04-28,2409.TW,0.7862986049348947,0.5598168174331901,True,0.0,36
2020-12-18,2609.TW,2609,陽明,77,bullish,0.182608673537987,18.260867353798705,bearish_cluster_10_rep_3,bearish,10,2021-04-28,2409.TW,0.7883939153976633,0.5591609272376898,False,0.0,37
2025-10-29,2449.TW,2449,京元電子,57,bullish,0.0821256019951774,8.21256019951775,bearish_cluster_10_rep_3,bearish,10,2021-04-28,2409.TW,0.7886260134765117,0.5590883686502595,False,0.0,38
2023-10-05,1519.TW,1519,華城,66,neutral,-0.0174216143760886,-1.742161437608869,bearish_cluster_10_rep_3,bearish,10,2021-04-28,2409.TW,0.793497606211494,0.5575697433532439,False,0.0,39
2024-06-20,2449.TW,2449,京元電子,57,neutral,0.0491071712757866,4.910717127578668,bearish_cluster_10_rep_3,bearish,10,2021-04-28,2409.TW,0.8002918344200497,0.5554654978047725,False,0.0,40
2019-11-12,2313.TW,2313,華通,60,neutral,0.0179641028600789,1.796410286007899,bearish_cluster_10_rep_3,bearish,10,2021-04-28,2409.TW,0.8013983576725326,0.5551242987098276,False,0.0,41
2022-06-09,6515.TW,6515,穎崴,73,bearish,-0.0522222222222221,-5.222222222222217,bearish_cluster_10_rep_3,bearish,10,2021-04-28,2409.TW,0.8023633404432553,0.5548270859493125,True,0.0,42
2024-09-16,6515.TW,6515,穎崴,73,bearish,-0.0699300699300699,-6.99300699300699,bearish_cluster_10_rep_3,bearish,10,2021-04-28,2409.TW,0.8064978973341816,0.5535572454724044,True,0.0,43
2024-08-22,6415.TW,6415,矽力*-KY,92,neutral,0.0201058201058201,2.0105820105820182,bearish_cluster_10_rep_3,bearish,10,2021-04-28,2409.TW,0.8073164002781015,0.5533065487847754,False,0.0,44
2023-10-24,6139.TW,6139,亞翔,85,neutral,0.0232558970442218,2.325589704422182,bearish_cluster_10_rep_3,bearish,10,2021-04-28,2409.TW,0.8074297254559211,0.5532718566680382,False,0.0,45
2021-04-16,2376.TW,2376,技嘉,70,bearish,-0.0779220779220779,-7.792207792207795,bearish_cluster_10_rep_3,bearish,10,2021-04-28,2409.TW,0.8107438142556237,0.5522592385113786,True,0.0,46
2023-08-23,6139.TW,6139,亞翔,85,neutral,-0.0441177052034655,-4.411770520346559,bearish_cluster_10_rep_3,bearish,10,2021-04-28,2409.TW,0.8108178633050569,0.5522366551955846,False,0.0,47
2023-11-06,3036.TW,3036,文曄,68,bullish,0.0703703707960696,7.037037079606967,bearish_cluster_10_rep_3,bearish,10,2021-04-28,2409.TW,0.8132942462763507,0.5514824756398622,False,0.0,48
2021-03-12,6805.TW,6805,富世達,93,neutral,0.0101010784926784,1.0101078492678497,bearish_cluster_10_rep_3,bearish,10,2021-04-28,2409.TW,0.8143736377558087,0.5511543924529767,False,0.0,49
2021-06-24,6789.TW,6789,采鈺,96,neutral,0.0040816326530612,0.4081632653061273,bearish_cluster_10_rep_3,bearish,10,2021-04-28,2409.TW,0.814975274837998,0.5509716930382197,False,0.0,50
2022-08-18,3661.TW,3661,世芯-KY,56,neutral,-0.0298507462686566,-2.985074626865669,bearish_cluster_10_rep_3,bearish,10,2021-04-28,2409.TW,0.8179758935450032,0.5500622992585602,False,0.0,51
2021-03-15,6805.TW,6805,富世達,93,bearish,-0.0704225817886728,-7.042258178867289,bearish_cluster_10_rep_3,bearish,10,2021-04-28,2409.TW,0.8197064944143407,0.5495391718771894,True,0.0,52
2023-10-05,3036.TW,3036,文曄,68,neutral,0.0,0.0,bearish_cluster_10_rep_3,bearish,10,2021-04-28,2409.TW,0.8210623497340562,0.5491300175120515,False,0.0,53
2020-12-04,2409.TW,2409,友達,80,neutral,0.0129870129870128,1.298701298701288,bearish_cluster_10_rep_3,bearish,10,2021-04-28,2409.TW,0.8210982018217212,0.5491192067509911,False,0.0,54
2021-04-19,1802.TW,1802,台玻,86,bullish,0.0684411101378557,6.84411101378557,bearish_cluster_10_rep_3,bearish,10,2021-04-28,2409.TW,0.8221620964868861,0.5487985958702533,False,0.0,55
2022-11-14,1605.TW,1605,華新,88,neutral,0.0,0.0,bearish_cluster_10_rep_3,bearish,10,2021-04-28,2409.TW,0.8263902764322861,0.5475281011424479,False,0.0,56
2020-11-30,6531.TW,6531,愛普*,95,bearish,-0.087719298245614,-8.771929824561408,bearish_cluster_10_rep_3,bearish,10,2021-04-28,2409.TW,0.8272914635436137,0.5472580701825908,True,0.0,57
2020-12-09,2492.TW,2492,華新科,100,neutral,0.0326086956521738,3.260869565217384,bearish_cluster_10_rep_3,bearish,10,2021-04-28,2409.TW,0.8286424044193456,0.5468537739162476,False,0.0,58
2024-12-11,6805.TW,6805,富世達,93,bearish,-0.1780821917808219,-17.808219178082197,bearish_cluster_10_rep_3,bearish,10,2021-04-28,2409.TW,0.8313872382149964,0.5460341642298834,True,0.0,59
2023-06-02,2376.TW,2376,技嘉,70,bullish,0.1059113300492611,10.591133004926112,bearish_cluster_10_rep_3,bearish,10,2021-04-28,2409.TW,0.8374147527100728,0.5442429361825152,False,0.0,60
2024-05-09,2615.TW,2615,萬海,59,bullish,0.1793103711358432,17.931037113584324,bearish_cluster_10_rep_3,bearish,10,2021-04-28,2409.TW,0.8411870520267872,0.5431278690012487,False,0.0,61
2020-12-02,2409.TW,2409,友達,80,bullish,0.0974729241877256,9.747292418772568,bearish_cluster_10_rep_3,bearish,10,2021-04-28,2409.TW,0.8421713713139484,0.5428376618874168,False,0.0,62
2023-09-27,6805.TW,6805,富世達,93,neutral,-0.004885993485342,-0.4885993485342021,bearish_cluster_10_rep_3,bearish,10,2021-04-28,2409.TW,0.8425461546263995,0.5427272459303811,False,0.0,63
2025-09-01,6919.TW,6919,康霈*,97,bullish,0.159144893111639,15.914489311163903,bearish_cluster_10_rep_3,bearish,10,2021-04-28,2409.TW,0.8447708429925409,0.542072747842125,False,0.0,64
2021-04-14,2002.TW,2002,中鋼,62,bullish,0.1729893969942038,17.29893969942038,bearish_cluster_10_rep_3,bearish,10,2021-04-28,2409.TW,0.8466615196426388,0.541517754804095,False,0.0,65
2023-03-20,3661.TW,3661,世芯-KY,56,neutral,0.0481927710843372,4.819277108433728,bearish_cluster_10_rep_3,bearish,10,2021-04-28,2409.TW,0.8469790692044564,0.5414246521108259,False,0.0,66
2022-02-07,6805.TW,6805,富世達,93,neutral,0.0144508670520231,1.4450867052023142,bearish_cluster_10_rep_3,bearish,10,2021-04-28,2409.TW,0.8483158557445902,0.5410330690460652,False,0.0,67
2025-07-28,1326.TW,1326,台化,51,neutral,0.0158450974994321,1.5845097499432192,bearish_cluster_10_rep_3,bearish,10,2021-04-28,2409.TW,0.8507714413777818,0.5403152316071851,False,0.0,68
2021-09-23,6213.TW,6213,聯茂,81,bearish,-0.0838323353293413,-8.383233532934131,bearish_cluster_10_rep_3,bearish,10,2021-04-28,2409.TW,0.8519055580227902,0.5399843397347229,True,0.0,69
2021-06-15,6789.TW,6789,采鈺,96,neutral,0.0268756998880179,2.6875699888017968,bearish_cluster_10_rep_3,bearish,10,2021-04-28,2409.TW,0.8537722674946214,0.5394405869236046,False,0.0,70
2024-05-28,6415.TW,6415,矽力*-KY,92,bearish,-0.0653465346534653,-6.53465346534653,bearish_cluster_10_rep_3,bearish,10,2021-04-28,2409.TW,0.8563924903696251,0.5386791883654359,True,0.0,71
2019-05-15,2404.TW,2404,漢唐,79,bearish,-0.0914634146341463,-9.14634146341463,bearish_cluster_10_rep_3,bearish,10,2021-04-28,2409.TW,0.8571131791051666,0.538470143473884,True,0.0,72
2023-04-12,6919.TW,6919,康霈*,97,bullish,0.0799999722040873,7.999997220408739,bearish_cluster_10_rep_3,bearish,10,2021-04-28,2409.TW,0.8571302609198584,0.5384651906456407,False,0.0,73
2021-01-19,2379.TW,2379,瑞昱,53,bullish,0.0575692963752665,5.756929637526653,bearish_cluster_10_rep_3,bearish,10,2021-04-28,2409.TW,0.8574460297446138,0.5383736506936319,False,0.0,74
2021-02-19,2492.TW,2492,華新科,100,neutral,0.0245283018867925,2.452830188679256,bearish_cluster_10_rep_3,bearish,10,2021-04-28,2409.TW,0.859967783246912,0.537643721040328,False,0.0,75
2025-07-23,1326.TW,1326,台化,51,bullish,0.0597015084708345,5.970150847083455,bearish_cluster_10_rep_3,bearish,10,2021-04-28,2409.TW,0.8609004546056644,0.5373742574596263,False,0.0,76
2023-04-17,6919.TW,6919,康霈*,97,neutral,-0.0420875168488596,-4.20875168488597,bearish_cluster_10_rep_3,bearish,10,2021-04-28,2409.TW,0.8638669293706538,0.5365189886907088,False,0.0,77
2020-11-06,2609.TW,2609,陽明,77,bullish,0.0503876427461977,5.038764274619778,bearish_cluster_10_rep_3,bearish,10,2021-04-28,2409.TW,0.864273646260494,0.5364019397076595,False,0.0,78
2023-04-14,6805.TW,6805,富世達,93,bullish,0.0526315789473683,5.263157894736836,bearish_cluster_10_rep_3,bearish,10,2021-04-28,2409.TW,0.8642890450457891,0.5363975090973293,False,0.0,79
2022-11-18,6531.TW,6531,愛普*,95,neutral,-0.0197044334975369,-1.970443349753692,bearish_cluster_10_rep_3,bearish,10,2021-04-28,2409.TW,0.864308776301319,0.5363918320354326,False,0.0,80
2020-12-01,2409.TW,2409,友達,80,bullish,0.1711026615969582,17.11026615969582,bearish_cluster_10_rep_3,bearish,10,2021-04-28,2409.TW,0.8663960828830138,0.5357919517572628,False,0.0,81
2020-12-21,2615.TW,2615,萬海,59,neutral,-0.0473685183665076,-4.736851836650768,bearish_cluster_10_rep_3,bearish,10,2021-04-28,2409.TW,0.866944100984632,0.5356346767279198,False,0.0,82
2023-07-19,3661.TW,3661,世芯-KY,56,neutral,0.0375586854460094,3.7558685446009488,bearish_cluster_10_rep_3,bearish,10,2021-04-28,2409.TW,0.8682242994214759,0.5352676337148945,False,0.0,83
2022-11-15,6789.TW,6789,采鈺,96,neutral,0.0162412993039442,1.6241299303944243,bearish_cluster_10_rep_3,bearish,10,2021-04-28,2409.TW,0.8684950347325273,0.5351900761904613,False,0.0,84
2022-03-21,6515.TW,6515,穎崴,73,bullish,0.060908084163898,6.090808416389804,bearish_cluster_10_rep_3,bearish,10,2021-04-28,2409.TW,0.8697542165698683,0.534829653618611,False,0.0,85
2021-04-09,2409.TW,2409,友達,80,neutral,0.0081300813008129,0.8130081300812941,bearish_cluster_10_rep_3,bearish,10,2021-04-28,2409.TW,0.8707068291072931,0.534557304458659,False,0.0,86
2021-09-01,6415.TW,6415,矽力*-KY,92,neutral,-0.0490081680280046,-4.900816802800467,bearish_cluster_10_rep_3,bearish,10,2021-04-28,2409.TW,0.8713926103968892,0.5343614132300746,False,0.0,87
2022-02-18,2615.TW,2615,萬海,59,neutral,-0.0231362275368066,-2.3136227536806664,bearish_cluster_10_rep_3,bearish,10,2021-04-28,2409.TW,0.8718208886443366,0.5342391497320282,False,0.0,88
2021-02-03,2409.TW,2409,友達,80,bearish,-0.0541310541310541,-5.413105413105413,bearish_cluster_10_rep_3,bearish,10,2021-04-28,2409.TW,0.8718313403187797,0.5342361667209271,True,0.0,89
2024-08-23,6415.TW,6415,矽力*-KY,92,neutral,-0.0342741935483871,-3.427419354838712,bearish_cluster_10_rep_3,bearish,10,2021-04-28,2409.TW,0.8740471563623754,0.5336045022159702,False,0.0,90
2023-06-07,2376.TW,2376,技嘉,70,bullish,0.0824053452115813,8.24053452115814,bearish_cluster_10_rep_3,bearish,10,2021-04-28,2409.TW,0.8747498284986829,0.5334045027228029,False,0.0,91
2023-09-15,2313.TW,2313,華通,60,neutral,0.040441119237756,4.044111923775606,bearish_cluster_10_rep_3,bearish,10,2021-04-28,2409.TW,0.8747554595452629,0.5334029005801951,False,0.0,92
2021-11-08,2618.TW,2618,長榮航,72,bullish,0.1531915055944563,15.31915055944564,bearish_cluster_10_rep_3,bearish,10,2021-04-28,2409.TW,0.8750891908484497,0.5333079646987432,False,0.0,93
2020-04-30,3661.TW,3661,世芯-KY,56,bearish,-0.0799319727891156,-7.993197278911568,bearish_cluster_10_rep_3,bearish,10,2021-04-28,2409.TW,0.8758419748603288,0.533093945759721,True,0.0,94
2020-04-07,2313.TW,2313,華通,60,neutral,-0.0144092215852056,-1.4409221585205634,bearish_cluster_10_rep_3,bearish,10,2021-04-28,2409.TW,0.8758934484970724,0.5330793179117821,False,0.0,95
2025-04-07,3533.TW,3533,嘉澤,82,bearish,-0.1046511627906976,-10.465116279069765,bearish_cluster_11_rep_1,bearish,11,2025-04-07,6805.TW,0.8514757392485636,0.5401096967146101,True,0.8872919545442924,1
2025-04-07,1519.TW,1519,華城,66,bearish,-0.1084488703401771,-10.844887034017711,bearish_cluster_11_rep_1,bearish,11,2025-04-07,6805.TW,0.8701424554973504,0.5347186237393116,True,0.8872919545442924,2
2025-04-07,6770.TW,6770,力積電,55,bearish,-0.0839160694587003,-8.391606945870034,bearish_cluster_11_rep_1,bearish,11,2025-04-07,6805.TW,0.8854994059818754,0.5303634659482956,True,0.8872919545442924,3
2025-04-07,6515.TW,6515,穎崴,73,bearish,-0.108294930875576,-10.829493087557609,bearish_cluster_11_rep_1,bearish,11,2025-04-07,6805.TW,0.8869823777972972,0.5299466554464144,True,0.8872919545442924,4
2025-04-08,3661.TW,3661,世芯-KY,56,neutral,-0.0162037037037037,-1.620370370370372,bearish_cluster_11_rep_1,bearish,11,2025-04-07,6805.TW,0.8980304680153173,0.5268619323301241,False,0.8872919545442924,5
2025-04-07,2324.TW,2324,仁寶,84,bearish,-0.1078767617662831,-10.787676176628311,bearish_cluster_11_rep_1,bearish,11,2025-04-07,6805.TW,0.9083785432586896,0.5240050531549313,True,0.8872919545442924,6
2025-04-07,3532.TW,3532,台勝科,98,bearish,-0.0789825185745635,-7.898251857456351,bearish_cluster_11_rep_1,bearish,11,2025-04-07,6805.TW,0.9274492710510693,0.5188203990731667,True,0.8872919545442924,7
2025-04-08,6531.TW,6531,愛普*,95,neutral,0.0210280373831774,2.102803738317749,bearish_cluster_11_rep_1,bearish,11,2025-04-07,6805.TW,0.9514650617778926,0.512435512982715,False,0.8872919545442924,8
2025-04-08,1519.TW,1519,華城,66,bullish,0.0728291542518893,7.282915425188929,bearish_cluster_11_rep_1,bearish,11,2025-04-07,6805.TW,0.9603794042049387,0.5101053387191471,False,0.8872919545442924,9
2025-04-07,6139.TW,6139,亞翔,85,bearish,-0.108294930875576,-10.829493087557609,bearish_cluster_11_rep_1,bearish,11,2025-04-07,6805.TW,0.9610689234312648,0.5099259837590557,True,0.8872919545442924,10
2025-04-08,6139.TW,6139,亞翔,85,neutral,0.0179028132992327,1.7902813299232712,bearish_cluster_11_rep_1,bearish,11,2025-04-07,6805.TW,0.9727557866993239,0.5069051155455636,False,0.8872919545442924,11
2021-11-25,3661.TW,3661,世芯-KY,56,neutral,0.0344827586206897,3.4482758620689724,bearish_cluster_11_rep_1,bearish,11,2025-04-07,6805.TW,0.9792231128577378,0.5052487481091162,False,0.8872919545442924,12
2025-04-07,6531.TW,6531,愛普*,95,bearish,-0.1073684210526315,-10.736842105263156,bearish_cluster_11_rep_1,bearish,11,2025-04-07,6805.TW,0.979233581840994,0.5052460756399683,True,0.8872919545442924,13
2025-04-07,6789.TW,6789,采鈺,96,bearish,-0.1073170731707316,-10.73170731707317,bearish_cluster_11_rep_1,bearish,11,2025-04-07,6805.TW,1.0025997952932986,0.4993508949468064,True,0.8872919545442924,14
2025-04-08,3533.TW,3533,嘉澤,82,neutral,-0.0257510729613733,-2.575107296137336,bearish_cluster_11_rep_1,bearish,11,2025-04-07,6805.TW,1.010837226231584,0.497305295005928,False,0.8872919545442924,15
2025-04-07,6213.TW,6213,聯茂,81,bearish,-0.1094276066166115,-10.942760661661154,bearish_cluster_11_rep_1,bearish,11,2025-04-07,6805.TW,1.0311918728073257,0.4923217808162517,True,0.8872919545442924,16
2025-04-08,2313.TW,2313,華通,60,neutral,-0.0061161924918824,-0.6116192491882444,bearish_cluster_11_rep_1,bearish,11,2025-04-07,6805.TW,1.0328071113742376,0.4919305891860888,False,0.8872919545442924,17
2025-04-08,6515.TW,6515,穎崴,73,neutral,-0.0153452685421995,-1.534526854219953,bearish_cluster_11_rep_1,bearish,11,2025-04-07,6805.TW,1.034653783616539,0.4914841080346006,False,0.8872919545442924,18
2025-04-07,1605.TW,1605,華新,88,bearish,-0.1052632084326981,-10.52632084326981,bearish_cluster_11_rep_1,bearish,11,2025-04-07,6805.TW,1.0395747705889649,0.49029827904334755,True,0.8872919545442924,19
2025-04-07,3661.TW,3661,世芯-KY,56,bearish,-0.1085594989561586,-10.855949895615868,bearish_cluster_11_rep_1,bearish,11,2025-04-07,6805.TW,1.0402506082516885,0.49013586662126285,True,0.8872919545442924,20
2018-10-11,2313.TW,2313,華通,60,bullish,0.0956072529714964,9.56072529714964,bearish_cluster_11_rep_1,bearish,11,2025-04-07,6805.TW,1.0490910870323702,0.48802125309532546,False,0.8872919545442924,21
2025-04-08,6805.TW,6805,富世達,93,bearish,-0.0707497360084477,-7.0749736008447695,bearish_cluster_11_rep_1,bearish,11,2025-04-07,6805.TW,1.0580162218910658,0.4859048190986182,True,0.8872919545442924,22
2025-04-08,2449.TW,2449,京元電子,57,bullish,0.1111111111111111,11.111111111111116,bearish_cluster_11_rep_1,bearish,11,2025-04-07,6805.TW,1.083356567744339,0.4799946468514054,False,0.8872919545442924,23
2025-04-07,2449.TW,2449,京元電子,57,neutral,-0.0482508194950237,-4.825081949502375,bearish_cluster_11_rep_1,bearish,11,2025-04-07,6805.TW,1.084663978571229,0.47969361502824653,False,0.8872919545442924,24
2025-04-07,2356.TW,2356,英業達,71,neutral,-0.0349740551162502,-3.497405511625029,bearish_cluster_11_rep_1,bearish,11,2025-04-07,6805.TW,1.0886793969169346,0.4787714196233675,False,0.8872919545442924,25
2025-04-08,6213.TW,6213,聯茂,81,neutral,0.0373831775700934,3.738317757009346,bearish_cluster_11_rep_1,bearish,11,2025-04-07,6805.TW,1.101082409347925,0.47594515833881634,False,0.8872919545442924,26
2025-04-07,3036.TW,3036,文曄,68,neutral,-0.0144444783528645,-1.4444478352864554,bearish_cluster_11_rep_1,bearish,11,2025-04-07,6805.TW,1.1291922078328183,0.46966168499077976,False,0.8872919545442924,27
2025-04-07,2313.TW,2313,華通,60,bearish,-0.1091743259254945,-10.917432592549458,bearish_cluster_11_rep_1,bearish,11,2025-04-07,6805.TW,1.189782669241259,0.4566663231226008,True,0.8872919545442924,28
2025-04-07,2376.TW,2376,技嘉,70,bearish,-0.1056179775280898,-10.561797752808989,bearish_cluster_11_rep_1,bearish,11,2025-04-07,6805.TW,1.1911465214825434,0.45638207677841364,True,0.8872919545442924,29
2018-10-11,1605.TW,1605,華新,88,neutral,-0.0296736041734443,-2.967360417344433,bearish_cluster_11_rep_1,bearish,11,2025-04-07,6805.TW,1.1920077582287116,0.45620276490630063,False,0.8872919545442924,30
2018-10-11,3533.TW,3533,嘉澤,82,bullish,0.0805369944339193,8.053699443391938,bearish_cluster_11_rep_1,bearish,11,2025-04-07,6805.TW,1.1938574833996292,0.4558181229030372,False,0.8872919545442924,31
2021-04-12,3661.TW,3661,世芯-KY,56,bearish,-0.2694938440492476,-26.94938440492476,bearish_cluster_11_rep_1,bearish,11,2025-04-07,6805.TW,1.1940881728249244,0.45577019756342957,True,0.8872919545442924,32
2020-03-23,1402.TW,1402,遠東新,94,bullish,0.1048780301722085,10.487803017220854,bearish_cluster_11_rep_1,bearish,11,2025-04-07,6805.TW,1.2085307420267453,0.45278971262238826,False,0.8872919545442924,33
2022-10-11,2409.TW,2409,友達,80,neutral,0.0425531199468307,4.255311994683075,bearish_cluster_11_rep_1,bearish,11,2025-04-07,6805.TW,1.2221114848355157,0.45002242543830856,False,0.8872919545442924,34
2025-04-08,3532.TW,3532,台勝科,98,neutral,0.0390738731875357,3.907387318753575,bearish_cluster_11_rep_1,bearish,11,2025-04-07,6805.TW,1.2413828365320552,0.446153144255907,False,0.8872919545442924,35
2025-04-08,1605.TW,1605,華新,88,neutral,-0.0050633104541631,-0.5063310454163195,bearish_cluster_11_rep_1,bearish,11,2025-04-07,6805.TW,1.2539816102902321,0.44365934284230285,False,0.8872919545442924,36
2024-08-05,1590.TW,1590,亞德客-KY,64,neutral,0.0461133069828723,4.61133069828723,bearish_cluster_11_rep_1,bearish,11,2025-04-07,6805.TW,1.2592246593198722,0.442629729573262,False,0.8872919545442924,37
2025-04-07,2492.TW,2492,華新科,100,bearish,-0.108536603974133,-10.8536603974133,bearish_cluster_11_rep_1,bearish,11,2025-04-07,6805.TW,1.2608297459668505,0.4423154825275652,True,0.8872919545442924,38
2025-04-07,3044.TW,3044,健鼎,65,bearish,-0.1071428571428571,-10.71428571428571,bearish_cluster_11_rep_1,bearish,11,2025-04-07,6805.TW,1.2628530570682317,0.44191998984485853,True,0.8872919545442924,39
2025-04-07,6239.TW,6239,力成,76,bearish,-0.0565217391304347,-5.652173913043479,bearish_cluster_11_rep_1,bearish,11,2025-04-07,6805.TW,1.2641617493845454,0.44166455875858895,True,0.8872919545442924,40
2025-04-07,2409.TW,2409,友達,80,bearish,-0.0933852706082336,-9.338527060823363,bearish_cluster_11_rep_1,bearish,11,2025-04-07,6805.TW,1.2802174057415796,0.4385546735508656,True,0.8872919545442924,41
2018-10-11,6213.TW,6213,聯茂,81,neutral,-0.0339180979234433,-3.391809792344336,bearish_cluster_11_rep_1,bearish,11,2025-04-07,6805.TW,1.2813372228545714,0.43833940461845833,False,0.8872919545442924,42
2025-04-08,3036.TW,3036,文曄,68,bullish,0.1012345302252122,10.123453022521222,bearish_cluster_11_rep_1,bearish,11,2025-04-07,6805.TW,1.2885285503043609,0.4369619945825041,False,0.8872919545442924,43
2025-04-07,2618.TW,2618,長榮航,72,neutral,-0.012064363864446,-1.2064363864446093,bearish_cluster_11_rep_1,bearish,11,2025-04-07,6805.TW,1.2970638460360637,0.4353383567137907,False,0.8872919545442924,44
2025-04-08,6789.TW,6789,采鈺,96,neutral,0.024390243902439,2.4390243902439046,bearish_cluster_11_rep_1,bearish,11,2025-04-07,6805.TW,1.3156051845597585,0.4318525483825601,False,0.8872919545442924,45
2025-04-08,6919.TW,6919,康霈*,97,bearish,-0.0616113389919014,-6.1611338991901405,bearish_cluster_11_rep_1,bearish,11,2025-04-07,6805.TW,1.3186808926813904,0.4312797000899812,True,0.8872919545442924,46
2025-04-08,6770.TW,6770,力積電,55,neutral,0.0301886504551147,3.0188650455114763,bearish_cluster_11_rep_1,bearish,11,2025-04-07,6805.TW,1.3315296987142364,0.4289029646722784,False,0.8872919545442924,47
2024-08-05,3036.TW,3036,文曄,68,bullish,0.1333333333333333,13.33333333333333,bearish_cluster_11_rep_1,bearish,11,2025-04-07,6805.TW,1.3344553466537041,0.4283654435427251,False,0.8872919545442924,48
2025-04-07,2337.TW,2337,旺宏,67,neutral,-0.0433673655574688,-4.3367365557468895,bearish_cluster_11_rep_1,bearish,11,2025-04-07,6805.TW,1.3422204216558828,0.42694529974810336,False,0.8872919545442924,49
2025-04-07,1504.TW,1504,東元,89,bullish,0.1268238299133066,12.682382991330666,bearish_cluster_11_rep_1,bearish,11,2025-04-07,6805.TW,1.3464457945723658,0.4261764760614245,False,0.8872919545442924,50
2025-04-08,2376.TW,2376,技嘉,70,neutral,0.0049751243781095,0.4975124378109541,bearish_cluster_11_rep_1,bearish,11,2025-04-07,6805.TW,1.3486711725029419,0.42577267167387917,False,0.8872919545442924,51
2025-04-09,3533.TW,3533,嘉澤,82,bullish,0.0857142857142856,8.571428571428562,bearish_cluster_11_rep_1,bearish,11,2025-04-07,6805.TW,1.351118221980022,0.425329526457346,False,0.8872919545442924,52
2022-06-13,2347.TW,2347,聯強,99,neutral,-0.0273504012670272,-2.735040126702726,bearish_cluster_11_rep_1,bearish,11,2025-04-07,6805.TW,1.355237242310606,0.4245856774152186,False,0.8872919545442924,53
2021-04-13,3661.TW,3661,世芯-KY,56,bearish,-0.2097264437689969,-20.97264437689969,bearish_cluster_11_rep_1,bearish,11,2025-04-07,6805.TW,1.3570910974278305,0.42425174024510437,True,0.8872919545442924,54
2025-04-07,2379.TW,2379,瑞昱,53,neutral,0.0146750524109013,1.467505241090139,bearish_cluster_11_rep_1,bearish,11,2025-04-07,6805.TW,1.3613024743691569,0.42349508834828925,False,0.8872919545442924,55
2025-04-07,4938.TW,4938,和碩,69,neutral,-0.0345268165423231,-3.4526816542323147,bearish_cluster_11_rep_1,bearish,11,2025-04-07,6805.TW,1.363234072534095,0.4231489430616157,False,0.8872919545442924,56
2025-04-09,2313.TW,2313,華通,60,bullish,0.2072479591154326,20.72479591154326,bearish_cluster_11_rep_1,bearish,11,2025-04-07,6805.TW,1.3766531427779605,0.42075975749290284,False,0.8872919545442924,57
2025-04-09,6531.TW,6531,愛普*,95,bullish,0.1398963730569948,13.989637305699487,bearish_cluster_11_rep_1,bearish,11,2025-04-07,6805.TW,1.3811235357509581,0.4199698104637063,False,0.8872919545442924,58
2025-04-07,2002.TW,2002,中鋼,62,neutral,0.0145630694905427,1.4563069490542755,bearish_cluster_11_rep_1,bearish,11,2025-04-07,6805.TW,1.3832445199368741,0.4195960555597909,False,0.8872919545442924,59
2021-04-09,3661.TW,3661,世芯-KY,56,bearish,-0.2697044334975369,-26.97044334975369,bearish_cluster_11_rep_1,bearish,11,2025-04-07,6805.TW,1.3864501630309602,0.4190324254372567,True,0.8872919545442924,60
2018-10-11,2379.TW,2379,瑞昱,53,neutral,0.0476190476190476,4.761904761904767,bearish_cluster_11_rep_1,bearish,11,2025-04-07,6805.TW,1.386773477527341,0.41897566292549215,False,0.8872919545442924,61
2025-04-07,3481.TW,3481,群創,52,bearish,-0.0709219838968375,-7.092198389683757,bearish_cluster_11_rep_1,bearish,11,2025-04-07,6805.TW,1.4021084497669645,0.41630093766041787,True,0.8872919545442924,62
2020-03-17,5871.TW,5871,中租-KY,78,neutral,-0.0217639474515587,-2.176394745155874,bearish_cluster_11_rep_1,bearish,11,2025-04-07,6805.TW,1.402888509457613,0.4161657921555932,False,0.8872919545442924,63
2024-08-05,3532.TW,3532,台勝科,98,neutral,0.0036363636363636,0.363636363636366,bearish_cluster_11_rep_1,bearish,11,2025-04-07,6805.TW,1.4047051672406996,0.4158513956816831,False,0.8872919545442924,64
2025-04-07,2404.TW,2404,漢唐,79,bullish,0.1152912621359223,11.529126213592232,bearish_cluster_11_rep_1,bearish,11,2025-04-07,6805.TW,1.4071984818427101,0.41542066744512907,False,0.8872919545442924,65
2024-08-05,3661.TW,3661,世芯-KY,56,neutral,0.0403800475059381,4.038004750593816,bearish_cluster_11_rep_1,bearish,11,2025-04-07,6805.TW,1.4110440044596804,0.41475808743030473,False,0.8872919545442924,66
2025-04-08,2492.TW,2492,華新科,100,neutral,0.0027099856364765,0.2709985636476508,bearish_cluster_11_rep_1,bearish,11,2025-04-07,6805.TW,1.4119157289433268,0.41460818385976755,False,0.8872919545442924,67
2018-10-25,2337.TW,2337,旺宏,67,bearish,-0.0791788556131426,-7.917885561314264,bearish_cluster_11_rep_1,bearish,11,2025-04-07,6805.TW,1.4145997513692783,0.4141473134141247,True,0.8872919545442924,68
2025-04-07,6919.TW,6919,康霈*,97,bearish,-0.1465149730388278,-14.651497303882788,bearish_cluster_11_rep_1,bearish,11,2025-04-07,6805.TW,1.417582422662223,0.41363636276723414,True,0.8872919545442924,69
2025-04-08,2609.TW,2609,陽明,77,bullish,0.0891720120517707,8.917201205177072,bearish_cluster_11_rep_1,bearish,11,2025-04-07,6805.TW,1.419359947770496,0.4133324604805194,False,0.8872919545442924,70
2020-08-18,3034.TW,3034,聯詠,58,neutral,-0.0094161958568738,-0.941619585687381,bearish_cluster_11_rep_1,bearish,11,2025-04-07,6805.TW,1.4210317048066212,0.41304704850194207,False,0.8872919545442924,71
2025-04-07,6415.TW,6415,矽力*-KY,92,neutral,-0.0421195652173913,-4.211956521739135,bearish_cluster_11_rep_1,bearish,11,2025-04-07,6805.TW,1.4228904421896504,0.41273017656393296,False,0.8872919545442924,72
2025-04-09,6515.TW,6515,穎崴,73,bullish,0.1321022727272727,13.21022727272727,bearish_cluster_11_rep_1,bearish,11,2025-04-07,6805.TW,1.4360348258355229,0.41050316251411356,False,0.8872919545442924,73
2024-08-05,6531.TW,6531,愛普*,95,neutral,0.0433212996389891,4.332129963898912,bearish_cluster_11_rep_1,bearish,11,2025-04-07,6805.TW,1.4372415835018426,0.41029990903207647,False,0.8872919545442924,74
2018-10-11,1519.TW,1519,華城,66,neutral,-0.0154639698022583,-1.5463969802258393,bearish_cluster_11_rep_1,bearish,11,2025-04-07,6805.TW,1.4443497671003682,0.409106754466755,False,0.8872919545442924,75
2020-03-19,5871.TW,5871,中租-KY,78,bullish,0.1209781708554589,12.097817085545891,bearish_cluster_11_rep_1,bearish,11,2025-04-07,6805.TW,1.4474321777244317,0.4085915062740484,False,0.8872919545442924,76
2025-04-07,1326.TW,1326,台化,51,neutral,0.008032159277248,0.8032159277248097,bearish_cluster_11_rep_1,bearish,11,2025-04-07,6805.TW,1.4474950915456746,0.40858100326912883,False,0.8872919545442924,77
2019-05-23,3034.TW,3034,聯詠,58,neutral,-0.029940119760479,-2.9940119760479056,bearish_cluster_11_rep_1,bearish,11,2025-04-07,6805.TW,1.4480137423477857,0.4084944388592127,False,0.8872919545442924,78
2024-08-05,2356.TW,2356,英業達,71,neutral,0.0196078966260124,1.960789662601248,bearish_cluster_11_rep_1,bearish,11,2025-04-07,6805.TW,1.4650701443261571,0.4056679694497523,False,0.8872919545442924,79
2025-04-07,5871.TW,5871,中租-KY,78,bearish,-0.0504587363072375,-5.045873630723752,bearish_cluster_11_rep_1,bearish,11,2025-04-07,6805.TW,1.468526275806453,0.40510000229724347,True,0.8872919545442924,80
2025-04-07,3034.TW,3034,聯詠,58,bullish,0.0543933054393306,5.439330543933063,bearish_cluster_11_rep_1,bearish,11,2025-04-07,6805.TW,1.4714032799076897,0.40462841824720386,False,0.8872919545442924,81
2023-03-13,6415.TW,6415,矽力*-KY,92,neutral,-0.0196078431372549,-1.9607843137254943,bearish_cluster_11_rep_1,bearish,11,2025-04-07,6805.TW,1.4782328129047828,0.4035133401481685,False,0.8872919545442924,82
2025-02-03,2449.TW,2449,京元電子,57,neutral,0.0390243971062727,3.90243971062727,bearish_cluster_11_rep_1,bearish,11,2025-04-07,6805.TW,1.4799451762290055,0.4032347205032153,False,0.8872919545442924,83
2025-04-08,2356.TW,2356,英業達,71,bullish,0.0899182334729804,8.991823347298045,bearish_cluster_11_rep_1,bearish,11,2025-04-07,6805.TW,1.4829725289980153,0.40274307843572577,False,0.8872919545442924,84
2025-04-07,1590.TW,1590,亞德客-KY,64,bearish,-0.0839506172839505,-8.39506172839506,bearish_cluster_11_rep_1,bearish,11,2025-04-07,6805.TW,1.4889343779714748,0.4017783710372539,True,0.8872919545442924,85
2021-04-14,3661.TW,3661,世芯-KY,56,bearish,-0.1787521079258009,-17.8752107925801,bearish_cluster_11_rep_1,bearish,11,2025-04-07,6805.TW,1.4896625897883045,0.40166085320221234,True,0.8872919545442924,86
2024-08-05,2449.TW,2449,京元電子,57,bullish,0.1045890537912845,10.458905379128458,bearish_cluster_11_rep_1,bearish,11,2025-04-07,6805.TW,1.4946091163498507,0.40086440534748585,False,0.8872919545442924,87
2025-04-07,2615.TW,2615,萬海,59,bearish,-0.1075697978119343,-10.756979781193431,bearish_cluster_11_rep_1,bearish,11,2025-04-07,6805.TW,1.5030115837781188,0.39951872635386315,True,0.8872919545442924,88
2021-05-17,1504.TW,1504,東元,89,neutral,0.0402009661727091,4.020096617270919,bearish_cluster_11_rep_1,bearish,11,2025-04-07,6805.TW,1.5054611251494856,0.3991281245444732,False,0.8872919545442924,89
2023-10-18,6213.TW,6213,聯茂,81,neutral,-0.0050633104541634,-0.5063310454163417,bearish_cluster_11_rep_1,bearish,11,2025-04-07,6805.TW,1.5077347367970422,0.3987662591766909,False,0.8872919545442924,90
2024-08-05,2313.TW,2313,華通,60,neutral,0.0391566026260972,3.9156602626097214,bearish_cluster_11_rep_1,bearish,11,2025-04-07,6805.TW,1.5152220216330348,0.39757921622789366,False,0.8872919545442924,91
2018-10-11,6531.TW,6531,愛普*,95,neutral,0.0466200449618521,4.6620044961852125,bearish_cluster_11_rep_1,bearish,11,2025-04-07,6805.TW,1.5153629403454254,0.397556942562998,False,0.8872919545442924,92
2018-10-11,6239.TW,6239,力成,76,neutral,0.0014409001717932,0.1440900171793213,bearish_cluster_11_rep_1,bearish,11,2025-04-07,6805.TW,1.5169233023538655,0.3973104778619136,False,0.8872919545442924,93
2025-04-08,1590.TW,1590,亞德客-KY,64,neutral,0.0,0.0,bearish_cluster_11_rep_1,bearish,11,2025-04-07,6805.TW,1.5203412112899486,0.39677167342281605,False,0.8872919545442924,94
2019-05-06,2492.TW,2492,華新科,100,neutral,-0.0333333333333333,-3.3333333333333326,bearish_cluster_11_rep_1,bearish,11,2025-04-07,6805.TW,1.5255390301484917,0.39595507654506684,False,0.8872919545442924,95
2025-04-07,6515.TW,6515,穎崴,73,bearish,-0.108294930875576,-10.829493087557609,bearish_cluster_11_rep_2,bearish,11,2025-04-07,1519.TW,0.6770814442928804,0.5962739635591383,True,0.9445987019995837,1
2025-04-07,3661.TW,3661,世芯-KY,56,bearish,-0.1085594989561586,-10.855949895615868,bearish_cluster_11_rep_2,bearish,11,2025-04-07,1519.TW,0.850346419813473,0.5404393411374323,True,0.9445987019995837,2
2021-11-25,3661.TW,3661,世芯-KY,56,neutral,0.0344827586206897,3.4482758620689724,bearish_cluster_11_rep_2,bearish,11,2025-04-07,1519.TW,0.8535896593470924,0.5394937304258806,False,0.9445987019995837,3
2025-04-07,6805.TW,6805,富世達,93,bearish,-0.1083650190114068,-10.836501901140682,bearish_cluster_11_rep_2,bearish,11,2025-04-07,1519.TW,0.8701424554973504,0.5347186237393116,True,0.9445987019995837,4
2025-04-07,6919.TW,6919,康霈*,97,bearish,-0.1465149730388278,-14.651497303882788,bearish_cluster_11_rep_2,bearish,11,2025-04-07,1519.TW,0.8768691510423338,0.5328021931867984,True,0.9445987019995837,5
2018-10-11,2313.TW,2313,華通,60,bullish,0.0956072529714964,9.56072529714964,bearish_cluster_11_rep_2,bearish,11,2025-04-07,1519.TW,0.9415314080845857,0.5150573386739843,False,0.9445987019995837,6
2025-04-07,6139.TW,6139,亞翔,85,bearish,-0.108294930875576,-10.829493087557609,bearish_cluster_11_rep_2,bearish,11,2025-04-07,1519.TW,0.9820486704241609,0.5045284784989658,True,0.9445987019995837,7
2025-04-07,6770.TW,6770,力積電,55,bearish,-0.0839160694587003,-8.391606945870034,bearish_cluster_11_rep_2,bearish,11,2025-04-07,1519.TW,1.0146419018957575,0.49636612792527063,True,0.9445987019995837,8
2025-04-07,6213.TW,6213,聯茂,81,bearish,-0.1094276066166115,-10.942760661661154,bearish_cluster_11_rep_2,bearish,11,2025-04-07,1519.TW,1.0224955011566517,0.49443867708388317,True,0.9445987019995837,9
2018-10-11,3533.TW,3533,嘉澤,82,bullish,0.0805369944339193,8.053699443391938,bearish_cluster_11_rep_2,bearish,11,2025-04-07,1519.TW,1.0256116296338282,0.4936780503085732,False,0.9445987019995837,10
2025-04-07,2324.TW,2324,仁寶,84,bearish,-0.1078767617662831,-10.787676176628311,bearish_cluster_11_rep_2,bearish,11,2025-04-07,1519.TW,1.0821949890778721,0.48026241790297614,True,0.9445987019995837,11
2018-10-11,6213.TW,6213,聯茂,81,neutral,-0.0339180979234433,-3.391809792344336,bearish_cluster_11_rep_2,bearish,11,2025-04-07,1519.TW,1.1010191276261259,0.47595949358627115,False,0.9445987019995837,12
2025-04-07,6531.TW,6531,愛普*,95,bearish,-0.1073684210526315,-10.736842105263156,bearish_cluster_11_rep_2,bearish,11,2025-04-07,1519.TW,1.1034696078259374,0.47540501478105984,True,0.9445987019995837,13
2025-04-07,6789.TW,6789,采鈺,96,bearish,-0.1073170731707316,-10.73170731707317,bearish_cluster_11_rep_2,bearish,11,2025-04-07,1519.TW,1.107045029522354,0.47459830520408486,True,0.9445987019995837,14
2024-08-05,1590.TW,1590,亞德客-KY,64,neutral,0.0461133069828723,4.61133069828723,bearish_cluster_11_rep_2,bearish,11,2025-04-07,1519.TW,1.1108029287165444,0.4737533695805707,False,0.9445987019995837,15
2018-10-11,1605.TW,1605,華新,88,neutral,-0.0296736041734443,-2.967360417344433,bearish_cluster_11_rep_2,bearish,11,2025-04-07,1519.TW,1.130786013017473,0.4693103830655752,False,0.9445987019995837,16
2025-04-07,1605.TW,1605,華新,88,bearish,-0.1052632084326981,-10.52632084326981,bearish_cluster_11_rep_2,bearish,11,2025-04-07,1519.TW,1.1466721985957191,0.46583730886074104,True,0.9445987019995837,17
2025-04-07,3532.TW,3532,台勝科,98,bearish,-0.0789825185745635,-7.898251857456351,bearish_cluster_11_rep_2,bearish,11,2025-04-07,1519.TW,1.1546537646234942,0.4641116899701706,True,0.9445987019995837,18
2025-04-07,2313.TW,2313,華通,60,bearish,-0.1091743259254945,-10.917432592549458,bearish_cluster_11_rep_2,bearish,11,2025-04-07,1519.TW,1.1611444510338031,0.4627177972863594,True,0.9445987019995837,19
2025-04-07,2356.TW,2356,英業達,71,neutral,-0.0349740551162502,-3.497405511625029,bearish_cluster_11_rep_2,bearish,11,2025-04-07,1519.TW,1.164308044569136,0.4620414374512372,False,0.9445987019995837,20
2025-04-08,3661.TW,3661,世芯-KY,56,neutral,-0.0162037037037037,-1.620370370370372,bearish_cluster_11_rep_2,bearish,11,2025-04-07,1519.TW,1.1867319810208836,0.4573034138061796,False,0.9445987019995837,21
2025-04-07,2492.TW,2492,華新科,100,bearish,-0.108536603974133,-10.8536603974133,bearish_cluster_11_rep_2,bearish,11,2025-04-07,1519.TW,1.1874863003299367,0.4571457201122452,True,0.9445987019995837,22
2025-04-08,6139.TW,6139,亞翔,85,neutral,0.0179028132992327,1.7902813299232712,bearish_cluster_11_rep_2,bearish,11,2025-04-07,1519.TW,1.188148978737406,0.4570072740554506,False,0.9445987019995837,23
2025-04-07,3533.TW,3533,嘉澤,82,bearish,-0.1046511627906976,-10.465116279069765,bearish_cluster_11_rep_2,bearish,11,2025-04-07,1519.TW,1.1908777257429446,0.456438069660365,True,0.9445987019995837,24
2025-04-08,1519.TW,1519,華城,66,bullish,0.0728291542518893,7.282915425188929,bearish_cluster_11_rep_2,bearish,11,2025-04-07,1519.TW,1.2010565881950948,0.4543272559930036,False,0.9445987019995837,25
2020-03-23,1402.TW,1402,遠東新,94,bullish,0.1048780301722085,10.487803017220854,bearish_cluster_11_rep_2,bearish,11,2025-04-07,1519.TW,1.23831286206321,0.44676506888238576,False,0.9445987019995837,26
2024-08-05,3661.TW,3661,世芯-KY,56,neutral,0.0403800475059381,4.038004750593816,bearish_cluster_11_rep_2,bearish,11,2025-04-07,1519.TW,1.2386080927136656,0.44670614890335225,False,0.9445987019995837,27
2025-04-07,2449.TW,2449,京元電子,57,neutral,-0.0482508194950237,-4.825081949502375,bearish_cluster_11_rep_2,bearish,11,2025-04-07,1519.TW,1.2396655367528595,0.4464952393962506,False,0.9445987019995837,28
2020-03-19,5871.TW,5871,中租-KY,78,bullish,0.1209781708554589,12.097817085545891,bearish_cluster_11_rep_2,bearish,11,2025-04-07,1519.TW,1.2424933309023483,0.4459322068965145,False,0.9445987019995837,29
2022-10-11,2409.TW,2409,友達,80,neutral,0.0425531199468307,4.255311994683075,bearish_cluster_11_rep_2,bearish,11,2025-04-07,1519.TW,1.2478199576770268,0.4448754877296462,False,0.9445987019995837,30
2025-04-07,2337.TW,2337,旺宏,67,neutral,-0.0433673655574688,-4.3367365557468895,bearish_cluster_11_rep_2,bearish,11,2025-04-07,1519.TW,1.2508694499331061,0.444272767587529,False,0.9445987019995837,31
2018-10-25,3532.TW,3532,台勝科,98,neutral,0.012631546823602,1.2631546823602011,bearish_cluster_11_rep_2,bearish,11,2025-04-07,1519.TW,1.2516386381896594,0.44412099838720587,False,0.9445987019995837,32
2025-04-08,2313.TW,2313,華通,60,neutral,-0.0061161924918824,-0.6116192491882444,bearish_cluster_11_rep_2,bearish,11,2025-04-07,1519.TW,1.2532543994506566,0.4438025285754684,False,0.9445987019995837,33
2024-08-05,3036.TW,3036,文曄,68,bullish,0.1333333333333333,13.33333333333333,bearish_cluster_11_rep_2,bearish,11,2025-04-07,1519.TW,1.2596402250784546,0.44254832645550024,False,0.9445987019995837,34
2025-04-08,6515.TW,6515,穎崴,73,neutral,-0.0153452685421995,-1.534526854219953,bearish_cluster_11_rep_2,bearish,11,2025-04-07,1519.TW,1.2597794027474722,0.44252107032402616,False,0.9445987019995837,35
2025-04-08,6531.TW,6531,愛普*,95,neutral,0.0210280373831774,2.102803738317749,bearish_cluster_11_rep_2,bearish,11,2025-04-07,1519.TW,1.2618318902996324,0.44211950688675045,False,0.9445987019995837,36
2021-05-12,2376.TW,2376,技嘉,70,neutral,0.0240384615384614,2.4038461538461453,bearish_cluster_11_rep_2,bearish,11,2025-04-07,1519.TW,1.2627246953073445,0.4419450594559276,False,0.9445987019995837,37
2025-04-07,1802.TW,1802,台玻,86,bearish,-0.1096345881258108,-10.963458812581084,bearish_cluster_11_rep_2,bearish,11,2025-04-07,1519.TW,1.2685728075365332,0.44080577739354565,True,0.9445987019995837,38
2018-10-11,2379.TW,2379,瑞昱,53,neutral,0.0476190476190476,4.761904761904767,bearish_cluster_11_rep_2,bearish,11,2025-04-07,1519.TW,1.2697666504099148,0.44057392411656154,False,0.9445987019995837,39
2024-08-05,2449.TW,2449,京元電子,57,bullish,0.1045890537912845,10.458905379128458,bearish_cluster_11_rep_2,bearish,11,2025-04-07,1519.TW,1.2753895909360065,0.4394851782672694,False,0.9445987019995837,40
2025-04-07,2379.TW,2379,瑞昱,53,neutral,0.0146750524109013,1.467505241090139,bearish_cluster_11_rep_2,bearish,11,2025-04-07,1519.TW,1.2776300724236578,0.4390528611768312,False,0.9445987019995837,41
2025-04-07,3036.TW,3036,文曄,68,neutral,-0.0144444783528645,-1.4444478352864554,bearish_cluster_11_rep_2,bearish,11,2025-04-07,1519.TW,1.278733664444817,0.43884022762424785,False,0.9445987019995837,42
2025-04-07,6239.TW,6239,力成,76,bearish,-0.0565217391304347,-5.652173913043479,bearish_cluster_11_rep_2,bearish,11,2025-04-07,1519.TW,1.2933458007061276,0.4360441411374147,True,0.9445987019995837,43
2025-04-08,2449.TW,2449,京元電子,57,bullish,0.1111111111111111,11.111111111111116,bearish_cluster_11_rep_2,bearish,11,2025-04-07,1519.TW,1.2979562859698885,0.43516928764288226,False,0.9445987019995837,44
2025-04-08,3532.TW,3532,台勝科,98,neutral,0.0390738731875357,3.907387318753575,bearish_cluster_11_rep_2,bearish,11,2025-04-07,1519.TW,1.2981169005012807,0.43513887382398747,False,0.9445987019995837,45
2024-08-05,6531.TW,6531,愛普*,95,neutral,0.0433212996389891,4.332129963898912,bearish_cluster_11_rep_2,bearish,11,2025-04-07,1519.TW,1.2991814075787746,0.4349374071587859,False,0.9445987019995837,46
2024-08-08,2376.TW,2376,技嘉,70,bullish,0.063063063063063,6.3063063063063085,bearish_cluster_11_rep_2,bearish,11,2025-04-07,1519.TW,1.3012053286136376,0.43455487763990647,False,0.9445987019995837,47
2025-04-07,2618.TW,2618,長榮航,72,neutral,-0.012064363864446,-1.2064363864446093,bearish_cluster_11_rep_2,bearish,11,2025-04-07,1519.TW,1.3017804172594543,0.4344463062165677,False,0.9445987019995837,48
2025-04-07,2376.TW,2376,技嘉,70,bearish,-0.1056179775280898,-10.561797752808989,bearish_cluster_11_rep_2,bearish,11,2025-04-07,1519.TW,1.302388229410558,0.4343316158526459,True,0.9445987019995837,49
2024-08-05,2356.TW,2356,英業達,71,neutral,0.0196078966260124,1.960789662601248,bearish_cluster_11_rep_2,bearish,11,2025-04-07,1519.TW,1.3045814865365908,0.43391826491795543,False,0.9445987019995837,50
2025-04-08,6919.TW,6919,康霈*,97,bearish,-0.0616113389919014,-6.1611338991901405,bearish_cluster_11_rep_2,bearish,11,2025-04-07,1519.TW,1.305804740444359,0.4336880666692041,True,0.9445987019995837,51
2018-10-11,6531.TW,6531,愛普*,95,neutral,0.0466200449618521,4.6620044961852125,bearish_cluster_11_rep_2,bearish,11,2025-04-07,1519.TW,1.3061494372840727,0.4336232439376042,False,0.9445987019995837,52
2018-10-11,6239.TW,6239,力成,76,neutral,0.0014409001717932,0.1440900171793213,bearish_cluster_11_rep_2,bearish,11,2025-04-07,1519.TW,1.3115026537014753,0.4326190144747061,False,0.9445987019995837,53
2025-04-07,1590.TW,1590,亞德客-KY,64,bearish,-0.0839506172839505,-8.39506172839506,bearish_cluster_11_rep_2,bearish,11,2025-04-07,1519.TW,1.3138945069682764,0.4321718198424808,True,0.9445987019995837,54
2018-10-11,3532.TW,3532,台勝科,98,bullish,0.0755555555555556,7.55555555555556,bearish_cluster_11_rep_2,bearish,11,2025-04-07,1519.TW,1.3185015012119243,0.4313130698760735,False,0.9445987019995837,55
2020-03-23,2376.TW,2376,技嘉,70,bullish,0.155555575501685,15.555557550168508,bearish_cluster_11_rep_2,bearish,11,2025-04-07,1519.TW,1.31956551637641,0.4311152209066226,False,0.9445987019995837,56
2025-04-07,2409.TW,2409,友達,80,bearish,-0.0933852706082336,-9.338527060823363,bearish_cluster_11_rep_2,bearish,11,2025-04-07,1519.TW,1.3222739475699592,0.43061241807686196,True,0.9445987019995837,57
2024-08-05,2313.TW,2313,華通,60,neutral,0.0391566026260972,3.9156602626097214,bearish_cluster_11_rep_2,bearish,11,2025-04-07,1519.TW,1.326025092393386,0.42991797606578713,False,0.9445987019995837,58
2025-04-08,1590.TW,1590,亞德客-KY,64,neutral,0.0,0.0,bearish_cluster_11_rep_2,bearish,11,2025-04-07,1519.TW,1.3316568348352746,0.4288795782723522,False,0.9445987019995837,59
2018-10-11,1519.TW,1519,華城,66,neutral,-0.0154639698022583,-1.5463969802258393,bearish_cluster_11_rep_2,bearish,11,2025-04-07,1519.TW,1.3358662747681278,0.4281066989159155,False,0.9445987019995837,60
2018-10-25,6415.TW,6415,矽力*-KY,92,neutral,0.0149051490514904,1.490514905149043,bearish_cluster_11_rep_2,bearish,11,2025-04-07,1519.TW,1.3373493902492324,0.42783505289013274,False,0.9445987019995837,61
2020-03-23,2409.TW,2409,友達,80,bullish,0.0737704918032786,7.377049180327866,bearish_cluster_11_rep_2,bearish,11,2025-04-07,1519.TW,1.3384672037921799,0.42763054293784747,False,0.9445987019995837,62
2025-04-08,3533.TW,3533,嘉澤,82,neutral,-0.0257510729613733,-2.575107296137336,bearish_cluster_11_rep_2,bearish,11,2025-04-07,1519.TW,1.3408000202993604,0.4272043708680898,False,0.9445987019995837,63
2024-09-11,6139.TW,6139,亞翔,85,bullish,0.0582278481012659,5.822784810126591,bearish_cluster_11_rep_2,bearish,11,2025-04-07,1519.TW,1.3420311469674415,0.42697980395984114,False,0.9445987019995837,64
2020-03-17,2609.TW,2609,陽明,77,neutral,0.0141414493653826,1.414144936538264,bearish_cluster_11_rep_2,bearish,11,2025-04-07,1519.TW,1.345556614500672,0.42633803584949176,False,0.9445987019995837,65
2025-04-08,6213.TW,6213,聯茂,81,neutral,0.0373831775700934,3.738317757009346,bearish_cluster_11_rep_2,bearish,11,2025-04-07,1519.TW,1.3458121778782761,0.42629158865756805,False,0.9445987019995837,66
2025-04-08,2492.TW,2492,華新科,100,neutral,0.0027099856364765,0.2709985636476508,bearish_cluster_11_rep_2,bearish,11,2025-04-07,1519.TW,1.3486926437218267,0.4257687793560601,False,0.9445987019995837,67
2025-04-07,3044.TW,3044,健鼎,65,bearish,-0.1071428571428571,-10.71428571428571,bearish_cluster_11_rep_2,bearish,11,2025-04-07,1519.TW,1.3546634999653202,0.4246891328696131,True,0.9445987019995837,68
2020-03-17,5871.TW,5871,中租-KY,78,neutral,-0.0217639474515587,-2.176394745155874,bearish_cluster_11_rep_2,bearish,11,2025-04-07,1519.TW,1.35666024085271,0.42432930409950403,False,0.9445987019995837,69
2018-02-09,2337.TW,2337,旺宏,67,bullish,0.1184210755357493,11.842107553574932,bearish_cluster_11_rep_2,bearish,11,2025-04-07,1519.TW,1.3571949022703942,0.42423305728212113,False,0.9445987019995837,70
2018-10-11,2376.TW,2376,技嘉,70,neutral,0.0,0.0,bearish_cluster_11_rep_2,bearish,11,2025-04-07,1519.TW,1.3590678970038337,0.4238962351486635,False,0.9445987019995837,71
2022-07-12,1590.TW,1590,亞德客-KY,64,neutral,0.0403225806451612,4.0322580645161255,bearish_cluster_11_rep_2,bearish,11,2025-04-07,1519.TW,1.3620041160864624,0.4233692876271831,False,0.9445987019995837,72
2020-03-13,1519.TW,1519,華城,66,bearish,-0.1279527285575143,-12.795272855751438,bearish_cluster_11_rep_2,bearish,11,2025-04-07,1519.TW,1.3626978490918535,0.42324497835572517,True,0.9445987019995837,73
2023-03-13,6415.TW,6415,矽力*-KY,92,neutral,-0.0196078431372549,-1.9607843137254943,bearish_cluster_11_rep_2,bearish,11,2025-04-07,1519.TW,1.364488603636051,0.4229244321424198,False,0.9445987019995837,74
2018-10-19,6415.TW,6415,矽力*-KY,92,neutral,0.0199004975124377,1.990049751243772,bearish_cluster_11_rep_2,bearish,11,2025-04-07,1519.TW,1.3655339515449958,0.4227375385362245,False,0.9445987019995837,75
2020-03-17,3044.TW,3044,健鼎,65,neutral,-0.0276497861923785,-2.7649786192378567,bearish_cluster_11_rep_2,bearish,11,2025-04-07,1519.TW,1.3667422555037176,0.42252171636964686,False,0.9445987019995837,76
2018-10-11,2492.TW,2492,華新科,100,bullish,0.095846645367412,9.584664536741204,bearish_cluster_11_rep_2,bearish,11,2025-04-07,1519.TW,1.372391382701358,0.4215156096467251,False,0.9445987019995837,77
2025-04-07,4938.TW,4938,和碩,69,neutral,-0.0345268165423231,-3.4526816542323147,bearish_cluster_11_rep_2,bearish,11,2025-04-07,1519.TW,1.3739247757719522,0.42124333938712116,False,0.9445987019995837,78
2018-02-06,3661.TW,3661,世芯-KY,56,neutral,-0.0010141833232111,-0.1014183323211126,bearish_cluster_11_rep_2,bearish,11,2025-04-07,1519.TW,1.3835730298937052,0.4195382257889512,False,0.9445987019995837,79
2024-08-05,1519.TW,1519,華城,66,neutral,-0.0165562964516728,-1.6556296451672892,bearish_cluster_11_rep_2,bearish,11,2025-04-07,1519.TW,1.3866685591878887,0.4189940811640263,False,0.9445987019995837,80
2025-04-08,6805.TW,6805,富世達,93,bearish,-0.0707497360084477,-7.0749736008447695,bearish_cluster_11_rep_2,bearish,11,2025-04-07,1519.TW,1.3890203526593279,0.41858161605314675,True,0.9445987019995837,81
2019-05-23,3034.TW,3034,聯詠,58,neutral,-0.029940119760479,-2.9940119760479056,bearish_cluster_11_rep_2,bearish,11,2025-04-07,1519.TW,1.3900547590231283,0.41840045556476024,False,0.9445987019995837,82
2025-04-07,3034.TW,3034,聯詠,58,bullish,0.0543933054393306,5.439330543933063,bearish_cluster_11_rep_2,bearish,11,2025-04-07,1519.TW,1.391674738674627,0.4181170557306471,False,0.9445987019995837,83
2025-03-31,6515.TW,6515,穎崴,73,bearish,-0.0920502092050209,-9.205020920502092,bearish_cluster_11_rep_2,bearish,11,2025-04-07,1519.TW,1.3935679398117775,0.4177863445474778,True,0.9445987019995837,84
2022-06-13,2347.TW,2347,聯強,99,neutral,-0.0273504012670272,-2.735040126702726,bearish_cluster_11_rep_2,bearish,11,2025-04-07,1519.TW,1.3948078198861276,0.41757004119334706,False,0.9445987019995837,85
2025-04-08,1605.TW,1605,華新,88,neutral,-0.0050633104541631,-0.5063310454163195,bearish_cluster_11_rep_2,bearish,11,2025-04-07,1519.TW,1.3980894051198027,0.4169986314376142,False,0.9445987019995837,86
2021-06-16,3481.TW,3481,群創,52,bullish,0.0863874238747102,8.638742387471021,bearish_cluster_11_rep_2,bearish,11,2025-04-07,1519.TW,1.4045441843223352,0.4158792367052414,False,0.9445987019995837,87
2025-11-18,3036.TW,3036,文曄,68,neutral,-0.0113636363636363,-1.1363636363636354,bearish_cluster_11_rep_2,bearish,11,2025-04-07,1519.TW,1.4057503971784029,0.41567072010997286,False,0.9445987019995837,88
2021-04-12,3661.TW,3661,世芯-KY,56,bearish,-0.2694938440492476,-26.94938440492476,bearish_cluster_11_rep_2,bearish,11,2025-04-07,1519.TW,1.4073584624873308,0.41539306072714244,True,0.9445987019995837,89
2025-04-08,6789.TW,6789,采鈺,96,neutral,0.024390243902439,2.4390243902439046,bearish_cluster_11_rep_2,bearish,11,2025-04-07,1519.TW,1.408082462433044,0.41526817108648106,False,0.9445987019995837,90
2020-03-13,3481.TW,3481,群創,52,bearish,-0.100478373919933,-10.047837391993308,bearish_cluster_11_rep_2,bearish,11,2025-04-07,1519.TW,1.408487823579644,0.41519827927289993,True,0.9445987019995837,91
2023-05-15,6415.TW,6415,矽力*-KY,92,neutral,-0.0064020486555698,-0.6402048655569814,bearish_cluster_11_rep_2,bearish,11,2025-04-07,1519.TW,1.4104787314586678,0.4148553509098435,False,0.9445987019995837,92
2018-10-25,2337.TW,2337,旺宏,67,bearish,-0.0791788556131426,-7.917885561314264,bearish_cluster_11_rep_2,bearish,11,2025-04-07,1519.TW,1.411578364754574,0.41466618485846707,True,0.9445987019995837,93
2025-04-08,6770.TW,6770,力積電,55,neutral,0.0301886504551147,3.0188650455114763,bearish_cluster_11_rep_2,bearish,11,2025-04-07,1519.TW,1.414505886355969,0.41416341357909225,False,0.9445987019995837,94
2021-04-09,3661.TW,3661,世芯-KY,56,bearish,-0.2697044334975369,-26.97044334975369,bearish_cluster_11_rep_2,bearish,11,2025-04-07,1519.TW,1.4165185358674222,0.41381846865951916,True,0.9445987019995837,95
2025-04-07,6139.TW,6139,亞翔,85,bearish,-0.108294930875576,-10.829493087557609,bearish_cluster_11_rep_3,bearish,11,2025-04-07,3661.TW,0.7001276073550798,0.588191142637651,True,1.354175546729605,1
2025-04-07,6213.TW,6213,聯茂,81,bearish,-0.1094276066166115,-10.942760661661154,bearish_cluster_11_rep_3,bearish,11,2025-04-07,3661.TW,0.7530390173610391,0.5704379595072353,True,1.354175546729605,2
2025-04-07,2313.TW,2313,華通,60,bearish,-0.1091743259254945,-10.917432592549458,bearish_cluster_11_rep_3,bearish,11,2025-04-07,3661.TW,0.7623152202488223,0.5674353762085816,True,1.354175546729605,3
2025-04-07,6789.TW,6789,采鈺,96,bearish,-0.1073170731707316,-10.73170731707317,bearish_cluster_11_rep_3,bearish,11,2025-04-07,3661.TW,0.7998130066680795,0.5556132755431406,True,1.354175546729605,4
2025-04-07,6531.TW,6531,愛普*,95,bearish,-0.1073684210526315,-10.736842105263156,bearish_cluster_11_rep_3,bearish,11,2025-04-07,3661.TW,0.811438200873202,0.5520475385348234,True,1.354175546729605,5
2025-04-07,1605.TW,1605,華新,88,bearish,-0.1052632084326981,-10.52632084326981,bearish_cluster_11_rep_3,bearish,11,2025-04-07,3661.TW,0.8425138547378177,0.5427367601218369,True,1.354175546729605,6
2025-04-07,1519.TW,1519,華城,66,bearish,-0.1084488703401771,-10.844887034017711,bearish_cluster_11_rep_3,bearish,11,2025-04-07,3661.TW,0.850346419813473,0.5404393411374323,True,1.354175546729605,7
2025-04-07,2492.TW,2492,華新科,100,bearish,-0.108536603974133,-10.8536603974133,bearish_cluster_11_rep_3,bearish,11,2025-04-07,3661.TW,0.8630914793802233,0.5367422969121518,True,1.354175546729605,8
2025-04-07,2449.TW,2449,京元電子,57,neutral,-0.0482508194950237,-4.825081949502375,bearish_cluster_11_rep_3,bearish,11,2025-04-07,3661.TW,0.8677983919912942,0.5353896888913592,False,1.354175546729605,9
2021-11-25,3661.TW,3661,世芯-KY,56,neutral,0.0344827586206897,3.4482758620689724,bearish_cluster_11_rep_3,bearish,11,2025-04-07,3661.TW,0.8776776002295961,0.5325727909188049,False,1.354175546729605,10
2018-10-11,2313.TW,2313,華通,60,bullish,0.0956072529714964,9.56072529714964,bearish_cluster_11_rep_3,bearish,11,2025-04-07,3661.TW,0.8866672267944428,0.5300351783282196,False,1.354175546729605,11
2025-04-07,2356.TW,2356,英業達,71,neutral,-0.0349740551162502,-3.497405511625029,bearish_cluster_11_rep_3,bearish,11,2025-04-07,3661.TW,0.8982564386636807,0.5267992140745599,False,1.354175546729605,12
2025-04-07,3036.TW,3036,文曄,68,neutral,-0.0144444783528645,-1.4444478352864554,bearish_cluster_11_rep_3,bearish,11,2025-04-07,3661.TW,0.8984127527814543,0.5267558377570172,False,1.354175546729605,13
2025-04-07,6770.TW,6770,力積電,55,bearish,-0.0839160694587003,-8.391606945870034,bearish_cluster_11_rep_3,bearish,11,2025-04-07,3661.TW,0.9050797510348733,0.5249124082373886,True,1.354175546729605,14
2025-04-07,3034.TW,3034,聯詠,58,bullish,0.0543933054393306,5.439330543933063,bearish_cluster_11_rep_3,bearish,11,2025-04-07,3661.TW,0.9480298204797675,0.5133391642606973,False,1.354175546729605,15
2025-04-07,2409.TW,2409,友達,80,bearish,-0.0933852706082336,-9.338527060823363,bearish_cluster_11_rep_3,bearish,11,2025-04-07,3661.TW,0.9595049251969104,0.5103329862258499,True,1.354175546729605,16
2025-04-07,2618.TW,2618,長榮航,72,neutral,-0.012064363864446,-1.2064363864446093,bearish_cluster_11_rep_3,bearish,11,2025-04-07,3661.TW,0.9620299359444503,0.5096762193481192,False,1.354175546729605,17
2025-04-07,6239.TW,6239,力成,76,bearish,-0.0565217391304347,-5.652173913043479,bearish_cluster_11_rep_3,bearish,11,2025-04-07,3661.TW,0.9643168130778775,0.5090828492340324,True,1.354175546729605,18
2025-04-07,4938.TW,4938,和碩,69,neutral,-0.0345268165423231,-3.4526816542323147,bearish_cluster_11_rep_3,bearish,11,2025-04-07,3661.TW,0.9652012897330539,0.5088537267018772,False,1.354175546729605,19
2025-04-07,5871.TW,5871,中租-KY,78,bearish,-0.0504587363072375,-5.045873630723752,bearish_cluster_11_rep_3,bearish,11,2025-04-07,3661.TW,0.9804309134322603,0.5049406132864854,True,1.354175546729605,20
2025-04-07,2324.TW,2324,仁寶,84,bearish,-0.1078767617662831,-10.787676176628311,bearish_cluster_11_rep_3,bearish,11,2025-04-07,3661.TW,0.980919700666418,0.5048160203887021,True,1.354175546729605,21
2025-04-07,3532.TW,3532,台勝科,98,bearish,-0.0789825185745635,-7.898251857456351,bearish_cluster_11_rep_3,bearish,11,2025-04-07,3661.TW,0.986737441059866,0.5033377734435454,True,1.354175546729605,22
2025-04-07,2376.TW,2376,技嘉,70,bearish,-0.1056179775280898,-10.561797752808989,bearish_cluster_11_rep_3,bearish,11,2025-04-07,3661.TW,0.9870752262866876,0.5032522104705279,True,1.354175546729605,23
2025-04-07,1326.TW,1326,台化,51,neutral,0.008032159277248,0.8032159277248097,bearish_cluster_11_rep_3,bearish,11,2025-04-07,3661.TW,0.9914470028347524,0.5021474327845714,False,1.354175546729605,24
2018-10-11,1605.TW,1605,華新,88,neutral,-0.0296736041734443,-2.967360417344433,bearish_cluster_11_rep_3,bearish,11,2025-04-07,3661.TW,0.9950620377844458,0.5012375460316607,False,1.354175546729605,25
2025-04-07,2337.TW,2337,旺宏,67,neutral,-0.0433673655574688,-4.3367365557468895,bearish_cluster_11_rep_3,bearish,11,2025-04-07,3661.TW,1.0272870330392943,0.4932700617636799,False,1.354175546729605,26
2025-04-07,2002.TW,2002,中鋼,62,neutral,0.0145630694905427,1.4563069490542755,bearish_cluster_11_rep_3,bearish,11,2025-04-07,3661.TW,1.0285872775173408,0.4929538950987786,False,1.354175546729605,27
2025-04-07,1590.TW,1590,亞德客-KY,64,bearish,-0.0839506172839505,-8.39506172839506,bearish_cluster_11_rep_3,bearish,11,2025-04-07,3661.TW,1.0302074369916658,0.4925605047934346,True,1.354175546729605,28
2025-04-07,2615.TW,2615,萬海,59,bearish,-0.1075697978119343,-10.756979781193431,bearish_cluster_11_rep_3,bearish,11,2025-04-07,3661.TW,1.0342306066873208,0.49158635049173105,True,1.354175546729605,29
2025-04-07,3533.TW,3533,嘉澤,82,bearish,-0.1046511627906976,-10.465116279069765,bearish_cluster_11_rep_3,bearish,11,2025-04-07,3661.TW,1.0386539977950182,0.49051972580025205,True,1.354175546729605,30
2018-10-11,2376.TW,2376,技嘉,70,neutral,0.0,0.0,bearish_cluster_11_rep_3,bearish,11,2025-04-07,3661.TW,1.038718957704416,0.4905040963203645,False,1.354175546729605,31
2025-04-07,6805.TW,6805,富世達,93,bearish,-0.1083650190114068,-10.836501901140682,bearish_cluster_11_rep_3,bearish,11,2025-04-07,3661.TW,1.0402506082516885,0.49013586662126285,True,1.354175546729605,32
2025-04-07,3481.TW,3481,群創,52,bearish,-0.0709219838968375,-7.092198389683757,bearish_cluster_11_rep_3,bearish,11,2025-04-07,3661.TW,1.0471375940561627,0.4884869502194122,True,1.354175546729605,33
2025-04-07,1504.TW,1504,東元,89,bullish,0.1268238299133066,12.682382991330666,bearish_cluster_11_rep_3,bearish,11,2025-04-07,3661.TW,1.0535768621645032,0.4869552332927943,False,1.354175546729605,34
2018-10-25,2337.TW,2337,旺宏,67,bearish,-0.0791788556131426,-7.917885561314264,bearish_cluster_11_rep_3,bearish,11,2025-04-07,3661.TW,1.0657732712556514,0.4840802298657703,True,1.354175546729605,35
2025-04-07,2404.TW,2404,漢唐,79,bullish,0.1152912621359223,11.529126213592232,bearish_cluster_11_rep_3,bearish,11,2025-04-07,3661.TW,1.0691583575414052,0.48328828789508893,False,1.354175546729605,36
2021-04-09,3661.TW,3661,世芯-KY,56,bearish,-0.2697044334975369,-26.97044334975369,bearish_cluster_11_rep_3,bearish,11,2025-04-07,3661.TW,1.070018791572181,0.4830874019459983,True,1.354175546729605,37
2025-04-07,1402.TW,1402,遠東新,94,neutral,0.0426929131194888,4.269291311948886,bearish_cluster_11_rep_3,bearish,11,2025-04-07,3661.TW,1.0744759075051096,0.4820494643404466,False,1.354175546729605,38
2025-04-07,3044.TW,3044,健鼎,65,bearish,-0.1071428571428571,-10.71428571428571,bearish_cluster_11_rep_3,bearish,11,2025-04-07,3661.TW,1.077924275458011,0.48124949104778253,True,1.354175546729605,39
2025-04-07,2379.TW,2379,瑞昱,53,neutral,0.0146750524109013,1.467505241090139,bearish_cluster_11_rep_3,bearish,11,2025-04-07,3661.TW,1.0853562814621556,0.4795343648898432,False,1.354175546729605,40
2022-07-12,1590.TW,1590,亞德客-KY,64,neutral,0.0403225806451612,4.0322580645161255,bearish_cluster_11_rep_3,bearish,11,2025-04-07,3661.TW,1.104443895658427,0.4751849180028272,False,1.354175546729605,41
2025-04-08,6139.TW,6139,亞翔,85,neutral,0.0179028132992327,1.7902813299232712,bearish_cluster_11_rep_3,bearish,11,2025-04-07,3661.TW,1.1140952124833499,0.4730155927203188,False,1.354175546729605,42
2025-04-07,2609.TW,2609,陽明,77,bearish,-0.1076039671977615,-10.760396719776155,bearish_cluster_11_rep_3,bearish,11,2025-04-07,3661.TW,1.1151926433508559,0.47277017681747197,True,1.354175546729605,43
2021-04-12,3661.TW,3661,世芯-KY,56,bearish,-0.2694938440492476,-26.94938440492476,bearish_cluster_11_rep_3,bearish,11,2025-04-07,3661.TW,1.1157072870877063,0.47265517593244705,True,1.354175546729605,44
2024-08-05,3036.TW,3036,文曄,68,bullish,0.1333333333333333,13.33333333333333,bearish_cluster_11_rep_3,bearish,11,2025-04-07,3661.TW,1.1233266108202773,0.47095910488009324,False,1.354175546729605,45
2025-04-07,6515.TW,6515,穎崴,73,bearish,-0.108294930875576,-10.829493087557609,bearish_cluster_11_rep_3,bearish,11,2025-04-07,3661.TW,1.1239085374390816,0.4708300674782151,True,1.354175546729605,46
2024-08-05,2313.TW,2313,華通,60,neutral,0.0391566026260972,3.9156602626097214,bearish_cluster_11_rep_3,bearish,11,2025-04-07,3661.TW,1.1243830301785258,0.47072490496968594,False,1.354175546729605,47
2025-04-07,3702.TW,3702,大聯大,90,neutral,0.0017361508935334,0.1736150893533405,bearish_cluster_11_rep_3,bearish,11,2025-04-07,3661.TW,1.1295454054723078,0.46958378883600843,False,1.354175546729605,48
2020-01-30,2492.TW,2492,華新科,100,bullish,0.1291866028708133,12.91866028708133,bearish_cluster_11_rep_3,bearish,11,2025-04-07,3661.TW,1.1356542516645174,0.4682405867993873,False,1.354175546729605,49
2025-11-18,3036.TW,3036,文曄,68,neutral,-0.0113636363636363,-1.1363636363636354,bearish_cluster_11_rep_3,bearish,11,2025-04-07,3661.TW,1.1438003253379931,0.4664613528511986,False,1.354175546729605,50
2025-04-07,2834.TW,2834,臺企銀,87,bullish,0.0760455329235538,7.604553292355387,bearish_cluster_11_rep_3,bearish,11,2025-04-07,3661.TW,1.1500219198992907,0.46511153711718484,False,1.354175546729605,51
2025-02-03,2449.TW,2449,京元電子,57,neutral,0.0390243971062727,3.90243971062727,bearish_cluster_11_rep_3,bearish,11,2025-04-07,3661.TW,1.157583192126452,0.4634815490078177,False,1.354175546729605,52
2025-04-08,2313.TW,2313,華通,60,neutral,-0.0061161924918824,-0.6116192491882444,bearish_cluster_11_rep_3,bearish,11,2025-04-07,3661.TW,1.1646373408945823,0.4619711492118716,False,1.354175546729605,53
2024-08-05,2356.TW,2356,英業達,71,neutral,0.0196078966260124,1.960789662601248,bearish_cluster_11_rep_3,bearish,11,2025-04-07,3661.TW,1.1651853754499397,0.4618542187373649,False,1.354175546729605,54
2025-04-07,2347.TW,2347,聯強,99,neutral,-0.0300751879699248,-3.007518796992481,bearish_cluster_11_rep_3,bearish,11,2025-04-07,3661.TW,1.1658414723281438,0.4617143095542734,False,1.354175546729605,55
2022-08-04,1590.TW,1590,亞德客-KY,64,bullish,0.0787716955941255,7.877169559412556,bearish_cluster_11_rep_3,bearish,11,2025-04-07,3661.TW,1.1752178221853515,0.4597240744356081,False,1.354175546729605,56
2024-07-26,1590.TW,1590,亞德客-KY,64,neutral,-0.0412371134020618,-4.123711340206182,bearish_cluster_11_rep_3,bearish,11,2025-04-07,3661.TW,1.1811479097279292,0.45847418028827647,False,1.354175546729605,57
2020-03-13,1519.TW,1519,華城,66,bearish,-0.1279527285575143,-12.795272855751438,bearish_cluster_11_rep_3,bearish,11,2025-04-07,3661.TW,1.197592718103464,0.4550433716685256,True,1.354175546729605,58
2023-03-01,1605.TW,1605,華新,88,neutral,-0.0058823379815793,-0.5882337981579333,bearish_cluster_11_rep_3,bearish,11,2025-04-07,3661.TW,1.1999218591573535,0.45456159992111483,False,1.354175546729605,59
2018-10-11,1519.TW,1519,華城,66,neutral,-0.0154639698022583,-1.5463969802258393,bearish_cluster_11_rep_3,bearish,11,2025-04-07,3661.TW,1.2004884697680611,0.45444455344290147,False,1.354175546729605,60
2025-04-08,1590.TW,1590,亞德客-KY,64,neutral,0.0,0.0,bearish_cluster_11_rep_3,bearish,11,2025-04-07,3661.TW,1.2042598287197146,0.4536670255342916,False,1.354175546729605,61
2023-03-13,6415.TW,6415,矽力*-KY,92,neutral,-0.0196078431372549,-1.9607843137254943,bearish_cluster_11_rep_3,bearish,11,2025-04-07,3661.TW,1.2093179492206565,0.4526283780715008,False,1.354175546729605,62
2024-08-05,3661.TW,3661,世芯-KY,56,neutral,0.0403800475059381,4.038004750593816,bearish_cluster_11_rep_3,bearish,11,2025-04-07,3661.TW,1.2100515065526076,0.45247814226731287,False,1.354175546729605,63
2024-10-04,2609.TW,2609,陽明,77,neutral,-0.024960975229462,-2.4960975229462057,bearish_cluster_11_rep_3,bearish,11,2025-04-07,3661.TW,1.2183653278730842,0.45078237900462326,False,1.354175546729605,64
2018-10-11,6239.TW,6239,力成,76,neutral,0.0014409001717932,0.1440900171793213,bearish_cluster_11_rep_3,bearish,11,2025-04-07,3661.TW,1.2190609765584117,0.4506410641995611,False,1.354175546729605,65
2024-08-05,6789.TW,6789,采鈺,96,neutral,-0.0127737226277372,-1.2773722627737238,bearish_cluster_11_rep_3,bearish,11,2025-04-07,3661.TW,1.2220236008789513,0.4500402244172549,False,1.354175546729605,66
2025-04-08,3661.TW,3661,世芯-KY,56,neutral,-0.0162037037037037,-1.620370370370372,bearish_cluster_11_rep_3,bearish,11,2025-04-07,3661.TW,1.2252584915053253,0.4493859943990272,False,1.354175546729605,67
2020-03-13,6139.TW,6139,亞翔,85,bearish,-0.1040338994633303,-10.40338994633303,bearish_cluster_11_rep_3,bearish,11,2025-04-07,3661.TW,1.2354700903965679,0.44733320490215195,True,1.354175546729605,68
2025-04-08,2609.TW,2609,陽明,77,bullish,0.0891720120517707,8.917201205177072,bearish_cluster_11_rep_3,bearish,11,2025-04-07,3661.TW,1.23597540672311,0.44723211042179145,False,1.354175546729605,69
2018-02-06,2376.TW,2376,技嘉,70,neutral,0.0247296163676109,2.472961636761095,bearish_cluster_11_rep_3,bearish,11,2025-04-07,3661.TW,1.2447475254038047,0.4454843979926479,False,1.354175546729605,70
2018-10-11,3044.TW,3044,健鼎,65,neutral,0.0332410197690089,3.324101976900895,bearish_cluster_11_rep_3,bearish,11,2025-04-07,3661.TW,1.253417630022102,0.44377038089925297,False,1.354175546729605,71
2022-10-11,2409.TW,2409,友達,80,neutral,0.0425531199468307,4.255311994683075,bearish_cluster_11_rep_3,bearish,11,2025-04-07,3661.TW,1.2552672375956884,0.44340643243063615,False,1.354175546729605,72
2024-08-05,1590.TW,1590,亞德客-KY,64,neutral,0.0461133069828723,4.61133069828723,bearish_cluster_11_rep_3,bearish,11,2025-04-07,3661.TW,1.2594399261483253,0.44258755828250906,False,1.354175546729605,73
2025-04-08,2449.TW,2449,京元電子,57,bullish,0.1111111111111111,11.111111111111116,bearish_cluster_11_rep_3,bearish,11,2025-04-07,3661.TW,1.2602094090166525,0.44243688041059404,False,1.354175546729605,74
2025-04-07,6919.TW,6919,康霈*,97,bearish,-0.1465149730388278,-14.651497303882788,bearish_cluster_11_rep_3,bearish,11,2025-04-07,3661.TW,1.2602518292541327,0.4424285767882745,True,1.354175546729605,75
2025-04-08,6531.TW,6531,愛普*,95,neutral,0.0210280373831774,2.102803738317749,bearish_cluster_11_rep_3,bearish,11,2025-04-07,3661.TW,1.26287358665481,0.4419159805909852,False,1.354175546729605,76
2018-10-25,2313.TW,2313,華通,60,neutral,0.0493150475907,4.9315047590700045,bearish_cluster_11_rep_3,bearish,11,2025-04-07,3661.TW,1.2645392844007664,0.44159092619345586,False,1.354175546729605,77
2018-10-11,4938.TW,4938,和碩,69,bullish,0.0557620825751503,5.576208257515036,bearish_cluster_11_rep_3,bearish,11,2025-04-07,3661.TW,1.267819815288065,0.4409521396976493,False,1.354175546729605,78
2020-01-30,2449.TW,2449,京元電子,57,neutral,0.001522064262009,0.152206426200907,bearish_cluster_11_rep_3,bearish,11,2025-04-07,3661.TW,1.2700942765655374,0.44051033929432937,False,1.354175546729605,79
2023-03-24,2404.TW,2404,漢唐,79,neutral,-0.034965034965035,-3.4965034965035,bearish_cluster_11_rep_3,bearish,11,2025-04-07,3661.TW,1.2724356975517186,0.44005645619692657,False,1.354175546729605,80
2018-10-25,6415.TW,6415,矽力*-KY,92,neutral,0.0149051490514904,1.490514905149043,bearish_cluster_11_rep_3,bearish,11,2025-04-07,3661.TW,1.2732035760080334,0.439907807006048,False,1.354175546729605,81
2024-09-11,6139.TW,6139,亞翔,85,bullish,0.0582278481012659,5.822784810126591,bearish_cluster_11_rep_3,bearish,11,2025-04-07,3661.TW,1.2733247231016203,0.4398843640057043,False,1.354175546729605,82
2020-03-13,2609.TW,2609,陽明,77,bearish,-0.126760530273158,-12.676053027315804,bearish_cluster_11_rep_3,bearish,11,2025-04-07,3661.TW,1.2734420552139696,0.43986166161859047,True,1.354175546729605,83
2020-08-18,3034.TW,3034,聯詠,58,neutral,-0.0094161958568738,-0.941619585687381,bearish_cluster_11_rep_3,bearish,11,2025-04-07,3661.TW,1.2737240526414173,0.43980710800780154,False,1.354175546729605,84
2025-04-08,2356.TW,2356,英業達,71,bullish,0.0899182334729804,8.991823347298045,bearish_cluster_11_rep_3,bearish,11,2025-04-07,3661.TW,1.275559419746244,0.439452378752436,False,1.354175546729605,85
2018-10-11,3481.TW,3481,群創,52,neutral,0.0252470095076553,2.524700950765535,bearish_cluster_11_rep_3,bearish,11,2025-04-07,3661.TW,1.276443896775472,0.43928163633484485,False,1.354175546729605,86
2025-04-08,5871.TW,5871,中租-KY,78,neutral,0.0334928149709172,3.3492814970917277,bearish_cluster_11_rep_3,bearish,11,2025-04-07,3661.TW,1.2835936561522314,0.4379062786874973,False,1.354175546729605,87
2018-10-11,1504.TW,1504,東元,89,neutral,-0.0234375388051056,-2.3437538805105684,bearish_cluster_11_rep_3,bearish,11,2025-04-07,3661.TW,1.2860878708571615,0.43742850515411424,False,1.354175546729605,88
2025-04-07,5876.TW,5876,上海商銀,75,bullish,0.1357576083634648,13.575760836346484,bearish_cluster_11_rep_3,bearish,11,2025-04-07,3661.TW,1.288632197576588,0.4369422055054941,False,1.354175546729605,89
2025-04-08,3533.TW,3533,嘉澤,82,neutral,-0.0257510729613733,-2.575107296137336,bearish_cluster_11_rep_3,bearish,11,2025-04-07,3661.TW,1.291812133060836,0.43633593939676335,False,1.354175546729605,90
2018-04-25,2379.TW,2379,瑞昱,53,neutral,-0.0044052863436123,-0.4405286343612369,bearish_cluster_11_rep_3,bearish,11,2025-04-07,3661.TW,1.2927842591315022,0.43615093570940516,False,1.354175546729605,91
2020-01-30,3036.TW,3036,文曄,68,neutral,-0.0307691986339698,-3.0769198633969874,bearish_cluster_11_rep_3,bearish,11,2025-04-07,3661.TW,1.2942871119107957,0.43586523883976774,False,1.354175546729605,92
2020-01-30,3044.TW,3044,健鼎,65,neutral,-0.0259740259740259,-2.5974025974025983,bearish_cluster_11_rep_3,bearish,11,2025-04-07,3661.TW,1.2970090292934773,0.4353487458025291,False,1.354175546729605,93
2018-02-09,2337.TW,2337,旺宏,67,bullish,0.1184210755357493,11.842107553574932,bearish_cluster_11_rep_3,bearish,11,2025-04-07,3661.TW,1.306220084906915,0.4336099605343445,False,1.354175546729605,94
2022-06-13,2347.TW,2347,聯強,99,neutral,-0.0273504012670272,-2.735040126702726,bearish_cluster_11_rep_3,bearish,11,2025-04-07,3661.TW,1.3066988706514622,0.4335199590736255,False,1.354175546729605,95
2024-01-08,3661.TW,3661,世芯-KY,56,bullish,0.1085383502170767,10.85383502170767,bearish_cluster_1_rep_1,bearish,1,2020-08-28,1590.TW,0.22519060666733012,0.8161995321855459,False,0.0,1
2019-01-29,2379.TW,2379,瑞昱,53,bullish,0.0749999999999999,7.499999999999996,bearish_cluster_1_rep_1,bearish,1,2020-08-28,1590.TW,0.29085442274111095,0.7746806939519286,False,0.0,2
2020-01-14,6239.TW,6239,力成,76,bullish,0.0574162679425838,5.741626794258381,bearish_cluster_1_rep_1,bearish,1,2020-08-28,1590.TW,0.2913811092732861,0.7743647423824727,False,0.0,3
2018-07-12,6239.TW,6239,力成,76,neutral,-0.0022988154970365,-0.2298815497036588,bearish_cluster_1_rep_1,bearish,1,2020-08-28,1590.TW,0.30744834293554846,0.7648485734853203,False,0.0,4
2020-01-13,3034.TW,3034,聯詠,58,neutral,-0.010752688172043,-1.0752688172043,bearish_cluster_1_rep_1,bearish,1,2020-08-28,1590.TW,0.3094666930992979,0.7636696719892586,False,0.0,5
2025-06-10,3044.TW,3044,健鼎,65,neutral,-0.0135135135135134,-1.3513513513513489,bearish_cluster_1_rep_1,bearish,1,2020-08-28,1590.TW,0.31249517569676344,0.7619075624176147,False,0.0,6
2025-10-29,7750.TW,7750,新代,91,neutral,-0.0443407234539089,-4.434072345390893,bearish_cluster_1_rep_1,bearish,1,2020-08-28,1590.TW,0.3196714169661767,0.7577643852428987,False,0.0,7
2020-10-06,2492.TW,2492,華新科,100,neutral,0.0,0.0,bearish_cluster_1_rep_1,bearish,1,2020-08-28,1590.TW,0.32493186244194683,0.7547557941258402,False,0.0,8
2023-12-04,3044.TW,3044,健鼎,65,neutral,0.0025316455696202,0.2531645569620266,bearish_cluster_1_rep_1,bearish,1,2020-08-28,1590.TW,0.3300675813721976,0.7518414958797244,False,0.0,9
2025-12-26,6213.TW,6213,聯茂,81,neutral,-0.0173160173160172,-1.7316017316017285,bearish_cluster_1_rep_1,bearish,1,2020-08-28,1590.TW,0.33035055930754614,0.75168157220192,False,0.0,10
2023-11-08,3044.TW,3044,健鼎,65,bullish,0.085164835164835,8.516483516483508,bearish_cluster_1_rep_1,bearish,1,2020-08-28,1590.TW,0.33284802900730415,0.7502730830796914,False,0.0,11
2023-01-06,3532.TW,3532,台勝科,98,neutral,0.0310344827586206,3.103448275862064,bearish_cluster_1_rep_1,bearish,1,2020-08-28,1590.TW,0.3339108815691489,0.7496752697778789,False,0.0,12
2024-01-29,2313.TW,2313,華通,60,neutral,-0.0140845070422535,-1.4084507042253502,bearish_cluster_1_rep_1,bearish,1,2020-08-28,1590.TW,0.33730092874511813,0.7477748489551781,False,0.0,13
2025-08-18,6789.TW,6789,采鈺,96,neutral,-0.0303030303030302,-3.030303030303028,bearish_cluster_1_rep_1,bearish,1,2020-08-28,1590.TW,0.33755045387712,0.7476353487087742,False,0.0,14
2022-08-18,2379.TW,2379,瑞昱,53,neutral,-0.0342465753424657,-3.424657534246578,bearish_cluster_1_rep_1,bearish,1,2020-08-28,1590.TW,0.34119654388021453,0.7456028757029906,False,0.0,15
2019-07-09,6415.TW,6415,矽力*-KY,92,neutral,-0.0109204368174726,-1.0920436817472678,bearish_cluster_1_rep_1,bearish,1,2020-08-28,1590.TW,0.34267092467394356,0.7447841325996104,False,0.0,16
2023-11-09,3044.TW,3044,健鼎,65,bullish,0.0750670241286863,7.506702412868638,bearish_cluster_1_rep_1,bearish,1,2020-08-28,1590.TW,0.3427932347102564,0.744716292985924,False,0.0,17
2021-08-12,2002.TW,2002,中鋼,62,neutral,-0.0263157894736841,-2.631578947368418,bearish_cluster_1_rep_1,bearish,1,2020-08-28,1590.TW,0.34318148145970956,0.7445010326625742,False,0.0,18
2024-01-09,3661.TW,3661,世芯-KY,56,neutral,0.0403899721448468,4.038997214484685,bearish_cluster_1_rep_1,bearish,1,2020-08-28,1590.TW,0.35018719479577876,0.7406380417874235,False,0.0,19
2023-11-07,3702.TW,3702,大聯大,90,neutral,-0.0269541790061674,-2.695417900616748,bearish_cluster_1_rep_1,bearish,1,2020-08-28,1590.TW,0.350229796061888,0.7406146738256136,False,0.0,20
2022-12-02,6770.TW,6770,力積電,55,neutral,-0.0361271692232857,-3.6127169223285738,bearish_cluster_1_rep_1,bearish,1,2020-08-28,1590.TW,0.3518582242272831,0.7397225404842999,False,0.0,21
2025-07-25,7750.TW,7750,新代,91,neutral,-0.0208333333333333,-2.083333333333337,bearish_cluster_1_rep_1,bearish,1,2020-08-28,1590.TW,0.35189680422171604,0.7397014305213169,False,0.0,22
2022-11-07,3034.TW,3034,聯詠,58,bullish,0.1350293542074363,13.502935420743633,bearish_cluster_1_rep_1,bearish,1,2020-08-28,1590.TW,0.3549436972914727,0.7380380468937539,False,0.0,23
2023-11-02,2615.TW,2615,萬海,59,neutral,-0.0180466773175823,-1.804667731758236,bearish_cluster_1_rep_1,bearish,1,2020-08-28,1590.TW,0.357547970628906,0.7366222200875405,False,0.0,24
2021-03-19,2618.TW,2618,長榮航,72,neutral,-0.043749988079071,-4.3749988079071045,bearish_cluster_1_rep_1,bearish,1,2020-08-28,1590.TW,0.35777908988441715,0.7364968332846593,False,0.0,25
2022-10-05,6515.TW,6515,穎崴,73,bearish,-0.0641025641025641,-6.41025641025641,bearish_cluster_1_rep_1,bearish,1,2020-08-28,1590.TW,0.35867669412786346,0.7360102696410065,True,0.0,26
2025-02-17,2609.TW,2609,陽明,77,neutral,0.0056179991997706,0.5617999199770685,bearish_cluster_1_rep_1,bearish,1,2020-08-28,1590.TW,0.3616602208172061,0.7343976013339405,False,0.0,27
2025-05-02,2324.TW,2324,仁寶,84,neutral,-0.0196428298950195,-1.964282989501953,bearish_cluster_1_rep_1,bearish,1,2020-08-28,1590.TW,0.3616622211417954,0.7343965224807878,False,0.0,28
2022-03-18,6770.TW,6770,力積電,55,neutral,0.0,0.0,bearish_cluster_1_rep_1,bearish,1,2020-08-28,1590.TW,0.36335987834880584,0.7334820511302718,False,0.0,29
2025-05-14,2404.TW,2404,漢唐,79,bullish,0.1879049676025919,18.790496760259188,bearish_cluster_1_rep_1,bearish,1,2020-08-28,1590.TW,0.36412473233347803,0.7330707935258937,False,0.0,30
2024-03-27,3481.TW,3481,群創,52,neutral,-0.0129870823451451,-1.2987082345145118,bearish_cluster_1_rep_1,bearish,1,2020-08-28,1590.TW,0.3641587260949582,0.7330525259788506,False,0.0,31
2023-11-07,6213.TW,6213,聯茂,81,neutral,0.0380952017647879,3.809520176478798,bearish_cluster_1_rep_1,bearish,1,2020-08-28,1590.TW,0.3641718627658552,0.733045466846459,False,0.0,32
2022-05-04,2609.TW,2609,陽明,77,neutral,-0.0307692307692307,-3.076923076923077,bearish_cluster_1_rep_1,bearish,1,2020-08-28,1590.TW,0.3663057399381282,0.7319006067011649,False,0.0,33
2018-06-05,3533.TW,3533,嘉澤,82,neutral,-0.0050251043109593,-0.5025104310959372,bearish_cluster_1_rep_1,bearish,1,2020-08-28,1590.TW,0.3669717292523323,0.7315440243573669,False,0.0,34
2024-05-03,3034.TW,3034,聯詠,58,neutral,-0.0457413249211356,-4.57413249211357,bearish_cluster_1_rep_1,bearish,1,2020-08-28,1590.TW,0.36873343481447335,0.7306024493626447,False,0.0,35
2023-12-05,3044.TW,3044,健鼎,65,neutral,0.0100502512562814,1.005025125628145,bearish_cluster_1_rep_1,bearish,1,2020-08-28,1590.TW,0.3693605371295928,0.7302678680197446,False,0.0,36
2024-05-14,2376.TW,2376,技嘉,70,neutral,0.0078125,0.78125,bearish_cluster_1_rep_1,bearish,1,2020-08-28,1590.TW,0.36950313371109883,0.7301918304415894,False,0.0,37
2022-08-17,2379.TW,2379,瑞昱,53,neutral,0.0069252077562327,0.6925207756232732,bearish_cluster_1_rep_1,bearish,1,2020-08-28,1590.TW,0.3698423250616519,0.7300110251411552,False,0.0,38
2025-02-17,5871.TW,5871,中租-KY,78,neutral,0.0,0.0,bearish_cluster_1_rep_1,bearish,1,2020-08-28,1590.TW,0.370137274442688,0.7298538757050868,False,0.0,39
2023-11-07,3044.TW,3044,健鼎,65,bullish,0.0888888888888888,8.888888888888879,bearish_cluster_1_rep_1,bearish,1,2020-08-28,1590.TW,0.370238254898315,0.7298000887255989,False,0.0,40
2020-12-21,3661.TW,3661,世芯-KY,56,neutral,-0.0389408099688473,-3.89408099688473,bearish_cluster_1_rep_1,bearish,1,2020-08-28,1590.TW,0.37120666156444276,0.7292846716913378,False,0.0,41
2019-11-28,3533.TW,3533,嘉澤,82,neutral,-0.0354839138928323,-3.548391389283234,bearish_cluster_1_rep_1,bearish,1,2020-08-28,1590.TW,0.37238535894324076,0.7286583126841402,False,0.0,42
2020-09-03,2379.TW,2379,瑞昱,53,bearish,-0.0849999999999999,-8.499999999999996,bearish_cluster_1_rep_1,bearish,1,2020-08-28,1590.TW,0.372651454405753,0.7285170585659847,True,0.0,43
2022-11-04,1519.TW,1519,華城,66,neutral,0.0025673592887991,0.2567359288799142,bearish_cluster_1_rep_1,bearish,1,2020-08-28,1590.TW,0.37413087011487645,0.727732723096746,False,0.0,44
2023-09-04,3533.TW,3533,嘉澤,82,neutral,-0.0022753128555176,-0.227531285551763,bearish_cluster_1_rep_1,bearish,1,2020-08-28,1590.TW,0.3744623498735172,0.7275572154392033,False,0.0,45
2021-10-21,6415.TW,6415,矽力*-KY,92,bullish,0.0841463414634147,8.41463414634147,bearish_cluster_1_rep_1,bearish,1,2020-08-28,1590.TW,0.3747380346959809,0.7274113138370736,False,0.0,46
2024-06-26,2313.TW,2313,華通,60,neutral,-0.039042801190762,-3.904280119076209,bearish_cluster_1_rep_1,bearish,1,2020-08-28,1590.TW,0.3758056956310151,0.7268468237743039,False,0.0,47
2022-12-15,5871.TW,5871,中租-KY,78,neutral,-0.0273348000887532,-2.733480008875322,bearish_cluster_1_rep_1,bearish,1,2020-08-28,1590.TW,0.3761916870362426,0.7266429592766931,False,0.0,48
2023-05-18,6919.TW,6919,康霈*,97,bullish,0.1133005705168288,11.330057051682886,bearish_cluster_1_rep_1,bearish,1,2020-08-28,1590.TW,0.3783284547768734,0.72551647362013,False,0.0,49
2021-10-22,2492.TW,2492,華新科,100,neutral,0.0167785234899329,1.6778523489932915,bearish_cluster_1_rep_1,bearish,1,2020-08-28,1590.TW,0.3808151079710238,0.7242099208122112,False,0.0,50
2022-02-10,5871.TW,5871,中租-KY,78,neutral,0.0,0.0,bearish_cluster_1_rep_1,bearish,1,2020-08-28,1590.TW,0.3816954081141571,0.7237485151411743,False,0.0,51
2024-01-25,2379.TW,2379,瑞昱,53,neutral,-0.0119825708061002,-1.1982570806100212,bearish_cluster_1_rep_1,bearish,1,2020-08-28,1590.TW,0.3828418236486748,0.7231485068635444,False,0.0,52
2025-02-10,2615.TW,2615,萬海,59,bullish,0.0562091902190564,5.620919021905646,bearish_cluster_1_rep_1,bearish,1,2020-08-28,1590.TW,0.38328979658541795,0.7229143180759738,False,0.0,53
2024-11-08,6515.TW,6515,穎崴,73,neutral,-0.028673835125448,-2.867383512544808,bearish_cluster_1_rep_1,bearish,1,2020-08-28,1590.TW,0.3859573281829598,0.7215229355661593,False,0.0,54
2019-12-13,3481.TW,3481,群創,52,bullish,0.0731707166843647,7.31707166843647,bearish_cluster_1_rep_1,bearish,1,2020-08-28,1590.TW,0.38650012862811906,0.721240466807209,False,0.0,55
2019-01-15,6239.TW,6239,力成,76,neutral,0.0029369248475492,0.293692484754926,bearish_cluster_1_rep_1,bearish,1,2020-08-28,1590.TW,0.38680017771673597,0.7210844186986088,False,0.0,56
2021-02-17,1504.TW,1504,東元,89,neutral,0.0137930902941474,1.3793090294147436,bearish_cluster_1_rep_1,bearish,1,2020-08-28,1590.TW,0.38682760942748906,0.7210701555132872,False,0.0,57
2022-08-10,5871.TW,5871,中租-KY,78,neutral,0.0226244408247349,2.2624440824734915,bearish_cluster_1_rep_1,bearish,1,2020-08-28,1590.TW,0.3868518571651135,0.7210575483124176,False,0.0,58
2022-05-16,1590.TW,1590,亞德客-KY,64,neutral,0.0035335689045936,0.3533568904593664,bearish_cluster_1_rep_1,bearish,1,2020-08-28,1590.TW,0.3868607808595386,0.7210529086994782,False,0.0,59
2022-11-09,3481.TW,3481,群創,52,neutral,-0.0113635993003819,-1.1363599300382,bearish_cluster_1_rep_1,bearish,1,2020-08-28,1590.TW,0.38720325817600526,0.7208748927787786,False,0.0,60
2023-05-17,6919.TW,6919,康霈*,97,bullish,0.0770519325177645,7.705193251776454,bearish_cluster_1_rep_1,bearish,1,2020-08-28,1590.TW,0.38744430929802054,0.7207496497686106,False,0.0,61
2022-02-09,5871.TW,5871,中租-KY,78,neutral,0.0113852024932901,1.1385202493290114,bearish_cluster_1_rep_1,bearish,1,2020-08-28,1590.TW,0.387509129607088,0.7207159784838157,False,0.0,62
2022-11-01,1605.TW,1605,華新,88,neutral,-0.0067476384655341,-0.6747638465534167,bearish_cluster_1_rep_1,bearish,1,2020-08-28,1590.TW,0.388453601740476,0.7202257236010368,False,0.0,63
2023-02-02,6515.TW,6515,穎崴,73,neutral,0.0390879478827361,3.908794788273618,bearish_cluster_1_rep_1,bearish,1,2020-08-28,1590.TW,0.3887937639178468,0.7200493161626511,False,0.0,64
2020-11-23,2409.TW,2409,友達,80,bullish,0.0521739130434781,5.217391304347818,bearish_cluster_1_rep_1,bearish,1,2020-08-28,1590.TW,0.3889893780863057,0.7199479101688742,False,0.0,65
2021-10-25,2492.TW,2492,華新科,100,neutral,0.0132013201320131,1.320132013201314,bearish_cluster_1_rep_1,bearish,1,2020-08-28,1590.TW,0.3896614691760902,0.7195997170396364,False,0.0,66
2021-06-30,2337.TW,2337,旺宏,67,neutral,-0.012034994045483,-1.2034994045483027,bearish_cluster_1_rep_1,bearish,1,2020-08-28,1590.TW,0.39022057822647593,0.7193103135300402,False,0.0,67
2024-09-18,2615.TW,2615,萬海,59,neutral,0.0248447204968944,2.4844720496894457,bearish_cluster_1_rep_1,bearish,1,2020-08-28,1590.TW,0.3904344324838863,0.7191996807886796,False,0.0,68
2018-02-22,5871.TW,5871,中租-KY,78,neutral,0.0051177025696924,0.5117702569692462,bearish_cluster_1_rep_1,bearish,1,2020-08-28,1590.TW,0.39047909410291215,0.7191765803894841,False,0.0,69
2019-09-12,2207.TW,2207,和泰車,63,neutral,0.0033595158850394,0.3359515885039466,bearish_cluster_1_rep_1,bearish,1,2020-08-28,1590.TW,0.3906452941570096,0.7190906295096526,False,0.0,70
2020-06-03,2492.TW,2492,華新科,100,neutral,0.012853470437018,1.285347043701801,bearish_cluster_1_rep_1,bearish,1,2020-08-28,1590.TW,0.39100083104492545,0.7189068314565966,False,0.0,71
2020-10-23,3481.TW,3481,群創,52,neutral,-0.0243902799575247,-2.439027995752474,bearish_cluster_1_rep_1,bearish,1,2020-08-28,1590.TW,0.3922485293969269,0.7182625651134031,False,0.0,72
2021-11-19,3044.TW,3044,健鼎,65,neutral,-0.008230452674897,-0.8230452674897082,bearish_cluster_1_rep_1,bearish,1,2020-08-28,1590.TW,0.39389722265533217,0.7174130084677478,False,0.0,73
2025-12-09,1519.TW,1519,華城,66,bullish,0.1054794538186179,10.54794538186179,bearish_cluster_1_rep_1,bearish,1,2020-08-28,1590.TW,0.3940353407104594,0.7173419287134841,False,0.0,74
2025-05-08,2376.TW,2376,技嘉,70,neutral,0.0289855072463767,2.898550724637672,bearish_cluster_1_rep_1,bearish,1,2020-08-28,1590.TW,0.39432432908339954,0.71719325205878,False,0.0,75
2020-11-13,3034.TW,3034,聯詠,58,neutral,0.0291595197255574,2.915951972555741,bearish_cluster_1_rep_1,bearish,1,2020-08-28,1590.TW,0.39455092689594673,0.7170767167505631,False,0.0,76
2018-07-13,5871.TW,5871,中租-KY,78,neutral,-0.0099009813080008,-0.9900981308000878,bearish_cluster_1_rep_1,bearish,1,2020-08-28,1590.TW,0.39456793451287975,0.7170679715572968,False,0.0,77
2021-12-03,3034.TW,3034,聯詠,58,bullish,0.0527383367139959,5.273833671399597,bearish_cluster_1_rep_1,bearish,1,2020-08-28,1590.TW,0.3946282537440497,0.7170369575658445,False,0.0,78
2021-06-17,2337.TW,2337,旺宏,67,bearish,-0.0536913083873755,-5.369130838737557,bearish_cluster_1_rep_1,bearish,1,2020-08-28,1590.TW,0.39585641757053325,0.7164060625522536,True,0.0,79
2020-04-28,5871.TW,5871,中租-KY,78,bullish,0.0533980850717845,5.339808507178456,bearish_cluster_1_rep_1,bearish,1,2020-08-28,1590.TW,0.3960429239315205,0.7163103532546199,False,0.0,80
2020-09-16,3034.TW,3034,聯詠,58,neutral,-0.0097847358121331,-0.9784735812133128,bearish_cluster_1_rep_1,bearish,1,2020-08-28,1590.TW,0.39638328145638657,0.7161357581974409,False,0.0,81
2020-08-05,3044.TW,3044,健鼎,65,neutral,-0.0271317829457364,-2.713178294573648,bearish_cluster_1_rep_1,bearish,1,2020-08-28,1590.TW,0.3967362687020325,0.7159547742891262,False,0.0,82
2024-01-30,6805.TW,6805,富世達,93,bullish,0.2436647173489279,24.36647173489279,bearish_cluster_1_rep_1,bearish,1,2020-08-28,1590.TW,0.397590811785124,0.7155170108214387,False,0.0,83
2024-09-19,1326.TW,1326,台化,51,neutral,0.0,0.0,bearish_cluster_1_rep_1,bearish,1,2020-08-28,1590.TW,0.39791474515677255,0.7153512068347577,False,0.0,84
2024-08-20,1504.TW,1504,東元,89,neutral,0.0051867219096026,0.5186721909602676,bearish_cluster_1_rep_1,bearish,1,2020-08-28,1590.TW,0.3996441750287271,0.7144673037913192,False,0.0,85
2024-06-19,2356.TW,2356,英業達,71,neutral,0.0142348616761602,1.4234861676160282,bearish_cluster_1_rep_1,bearish,1,2020-08-28,1590.TW,0.40084198736461624,0.7138563871013643,False,0.0,86
2025-05-09,2376.TW,2376,技嘉,70,bullish,0.0756646216768917,7.56646216768917,bearish_cluster_1_rep_1,bearish,1,2020-08-28,1590.TW,0.40127960007569285,0.7136334532708412,False,0.0,87
2022-03-03,3034.TW,3034,聯詠,58,bearish,-0.0572916666666666,-5.729166666666663,bearish_cluster_1_rep_1,bearish,1,2020-08-28,1590.TW,0.4013674240631274,0.7135887297141518,True,0.0,88
2021-10-26,3034.TW,3034,聯詠,58,neutral,0.0158924205378974,1.5892420537897411,bearish_cluster_1_rep_1,bearish,1,2020-08-28,1590.TW,0.40144864158496496,0.7135473754279374,False,0.0,89
2023-11-17,2313.TW,2313,華通,60,bullish,0.0966101177668168,9.661011776681685,bearish_cluster_1_rep_1,bearish,1,2020-08-28,1590.TW,0.4020381919726939,0.7132473321521872,False,0.0,90
2021-03-04,1402.TW,1402,遠東新,94,neutral,0.0170068029417544,1.7006802941754495,bearish_cluster_1_rep_1,bearish,1,2020-08-28,1590.TW,0.4020948687348343,0.713218500615682,False,0.0,91
2023-11-13,2356.TW,2356,英業達,71,neutral,-0.0114810564583088,-1.148105645830888,bearish_cluster_1_rep_1,bearish,1,2020-08-28,1590.TW,0.4022731302272487,0.7131278339747854,False,0.0,92
2020-08-14,2618.TW,2618,長榮航,72,neutral,-0.0089285204909275,-0.8928520490927516,bearish_cluster_1_rep_1,bearish,1,2020-08-28,1590.TW,0.40258278291873,0.7129703944597351,False,0.0,93
2024-09-19,6789.TW,6789,采鈺,96,neutral,-0.0189328743545611,-1.8932874354561149,bearish_cluster_1_rep_1,bearish,1,2020-08-28,1590.TW,0.4026314025743318,0.7129456806432832,False,0.0,94
2020-11-18,3034.TW,3034,聯詠,58,neutral,0.0133333333333334,1.333333333333342,bearish_cluster_1_rep_1,bearish,1,2020-08-28,1590.TW,0.40276856927130905,0.7128759667886387,False,0.0,95
2021-02-05,2618.TW,2618,長榮航,72,neutral,0.0347490205322769,3.474902053227691,bearish_cluster_1_rep_2,bearish,1,2020-07-03,2313.TW,0.24017943114915097,0.8063349341904497,False,0.0,1
2023-11-08,2313.TW,2313,華通,60,bullish,0.076502674526564,7.650267452656401,bearish_cluster_1_rep_2,bearish,1,2020-07-03,2313.TW,0.24396555737278594,0.8038807779469127,False,0.0,2
2025-05-07,2347.TW,2347,聯強,99,neutral,-0.0096022573797646,-0.9602257379764612,bearish_cluster_1_rep_2,bearish,1,2020-07-03,2313.TW,0.25317332076201726,0.7979742174784968,False,0.0,3
2021-06-29,2449.TW,2449,京元電子,57,neutral,0.0210772980910314,2.1077298091031427,bearish_cluster_1_rep_2,bearish,1,2020-07-03,2313.TW,0.2545701947603246,0.7970857303772005,False,0.0,4
2018-09-04,6213.TW,6213,聯茂,81,neutral,-0.0479650917128403,-4.796509171284036,bearish_cluster_1_rep_2,bearish,1,2020-07-03,2313.TW,0.26075035482307135,0.7931784402633271,False,0.0,5
2020-06-24,2449.TW,2449,京元電子,57,neutral,0.0401785373687744,4.017853736877441,bearish_cluster_1_rep_2,bearish,1,2020-07-03,2313.TW,0.2611220674636107,0.7929446528607784,False,0.0,6
2019-12-06,6239.TW,6239,力成,76,neutral,0.0155279505558361,1.5527950555836112,bearish_cluster_1_rep_2,bearish,1,2020-07-03,2313.TW,0.2652371978250411,0.790365633984689,False,0.0,7
2021-12-14,3533.TW,3533,嘉澤,82,neutral,-0.0282885188446406,-2.8288518844640675,bearish_cluster_1_rep_2,bearish,1,2020-07-03,2313.TW,0.26667016947756866,0.7894715010241733,False,0.0,8
2021-03-04,2002.TW,2002,中鋼,62,neutral,0.028000030517578,2.8000030517578045,bearish_cluster_1_rep_2,bearish,1,2020-07-03,2313.TW,0.2672285079153646,0.7891236614026582,False,0.0,9
2022-06-01,3034.TW,3034,聯詠,58,neutral,-0.0219512195121951,-2.195121951219514,bearish_cluster_1_rep_2,bearish,1,2020-07-03,2313.TW,0.2695964126446836,0.7876518790068963,False,0.0,10
2024-02-23,2404.TW,2404,漢唐,79,neutral,0.0155709342560552,1.5570934256055269,bearish_cluster_1_rep_2,bearish,1,2020-07-03,2313.TW,0.2699795666776327,0.7874142436921875,False,0.0,11
2022-03-03,2409.TW,2409,友達,80,neutral,0.0047393364928909,0.4739336492890933,bearish_cluster_1_rep_2,bearish,1,2020-07-03,2313.TW,0.27082272317138373,0.7868918156455875,False,0.0,12
2022-09-16,2618.TW,2618,長榮航,72,neutral,0.0338732749731482,3.3873274973148293,bearish_cluster_1_rep_2,bearish,1,2020-07-03,2313.TW,0.27252191950528576,0.7858410803554305,False,0.0,13
2024-03-25,3532.TW,3532,台勝科,98,neutral,-0.0208333333333333,-2.083333333333337,bearish_cluster_1_rep_2,bearish,1,2020-07-03,2313.TW,0.27388014663341864,0.7850032066539204,False,0.0,14
2025-05-23,6239.TW,6239,力成,76,neutral,-0.0209205020920502,-2.092050209205021,bearish_cluster_1_rep_2,bearish,1,2020-07-03,2313.TW,0.27498879604703147,0.784320617640245,False,0.0,15
2020-11-09,2207.TW,2207,和泰車,63,neutral,0.0123266596461757,1.2326659646175742,bearish_cluster_1_rep_2,bearish,1,2020-07-03,2313.TW,0.2786616948271678,0.7820676915915327,False,0.0,16
2020-01-02,2337.TW,2337,旺宏,67,neutral,-0.0105263559441819,-1.0526355944181942,bearish_cluster_1_rep_2,bearish,1,2020-07-03,2313.TW,0.282932785568478,0.7794640617566663,False,0.0,17
2023-11-06,2379.TW,2379,瑞昱,53,neutral,0.0048721071863579,0.4872107186357999,bearish_cluster_1_rep_2,bearish,1,2020-07-03,2313.TW,0.28330343758363563,0.7792389318951137,False,0.0,18
2022-03-01,2409.TW,2409,友達,80,neutral,0.0119331742243435,1.193317422434359,bearish_cluster_1_rep_2,bearish,1,2020-07-03,2313.TW,0.28555998039782193,0.7778711341734096,False,0.0,19
2021-12-03,1590.TW,1590,亞德客-KY,64,bullish,0.0659599528857479,6.595995288574796,bearish_cluster_1_rep_2,bearish,1,2020-07-03,2313.TW,0.2862676773161397,0.7774431540459361,False,0.0,20
2020-06-02,5871.TW,5871,中租-KY,78,neutral,0.0378150942376678,3.7815094237667823,bearish_cluster_1_rep_2,bearish,1,2020-07-03,2313.TW,0.2864208397234767,0.777350590973756,False,0.0,21
2025-06-04,1590.TW,1590,亞德客-KY,64,neutral,-0.0273684210526315,-2.73684210526316,bearish_cluster_1_rep_2,bearish,1,2020-07-03,2313.TW,0.28661534120685805,0.7772330765634972,False,0.0,22
2022-06-06,2409.TW,2409,友達,80,neutral,0.0169014084507042,1.6901408450704205,bearish_cluster_1_rep_2,bearish,1,2020-07-03,2313.TW,0.28692904906089284,0.7770436145875541,False,0.0,23
2020-10-26,2409.TW,2409,友達,80,neutral,0.0,0.0,bearish_cluster_1_rep_2,bearish,1,2020-07-03,2313.TW,0.2874941893262989,0.7767025344970803,False,0.0,24
2025-07-28,2324.TW,2324,仁寶,84,neutral,-0.0199335672380622,-1.993356723806228,bearish_cluster_1_rep_2,bearish,1,2020-07-03,2313.TW,0.28761137282142224,0.7766318480154409,False,0.0,25
2024-09-23,2492.TW,2492,華新科,100,neutral,0.0379146919431279,3.791469194312791,bearish_cluster_1_rep_2,bearish,1,2020-07-03,2313.TW,0.2887272165359711,0.7759594017793353,False,0.0,26
2024-10-24,2379.TW,2379,瑞昱,53,neutral,0.0020703933747412,0.2070393374741241,bearish_cluster_1_rep_2,bearish,1,2020-07-03,2313.TW,0.2895434924568211,0.7754682225527836,False,0.0,27
2024-10-15,2376.TW,2376,技嘉,70,neutral,-0.0037243947858472,-0.3724394785847296,bearish_cluster_1_rep_2,bearish,1,2020-07-03,2313.TW,0.2901466116646105,0.7751057057846712,False,0.0,28
2022-10-19,3036.TW,3036,文曄,68,neutral,-0.0031999863949215,-0.3199986394921583,bearish_cluster_1_rep_2,bearish,1,2020-07-03,2313.TW,0.2919626454265869,0.7740161865669226,False,0.0,29
2021-09-15,1605.TW,1605,華新,88,neutral,-0.0447760696917444,-4.477606969174442,bearish_cluster_1_rep_2,bearish,1,2020-07-03,2313.TW,0.2923781006384014,0.773767366923059,False,0.0,30
2020-06-03,4938.TW,4938,和碩,69,neutral,0.0105900846262618,1.0590084626261875,bearish_cluster_1_rep_2,bearish,1,2020-07-03,2313.TW,0.2930863061051182,0.773343585249218,False,0.0,31
2021-12-03,2347.TW,2347,聯強,99,neutral,0.0402684830087876,4.02684830087876,bearish_cluster_1_rep_2,bearish,1,2020-07-03,2313.TW,0.29490553692768773,0.7722571040761901,False,0.0,32
2018-05-28,3044.TW,3044,健鼎,65,neutral,-0.0252873212441631,-2.528732124416311,bearish_cluster_1_rep_2,bearish,1,2020-07-03,2313.TW,0.29560371887253784,0.7718409459878839,False,0.0,33
2019-01-30,3034.TW,3034,聯詠,58,neutral,0.009493670886076,0.9493670886076,bearish_cluster_1_rep_2,bearish,1,2020-07-03,2313.TW,0.29632392877205777,0.7714121276363767,False,0.0,34
2025-10-09,2379.TW,2379,瑞昱,53,neutral,-0.045045045045045,-4.504504504504503,bearish_cluster_1_rep_2,bearish,1,2020-07-03,2313.TW,0.2967595300289692,0.771152998565324,False,0.0,35
2023-11-13,2356.TW,2356,英業達,71,neutral,-0.0114810564583088,-1.148105645830888,bearish_cluster_1_rep_2,bearish,1,2020-07-03,2313.TW,0.296803165008001,0.7711270507223278,False,0.0,36
2021-07-08,2379.TW,2379,瑞昱,53,neutral,-0.0038167938931297,-0.3816793893129722,bearish_cluster_1_rep_2,bearish,1,2020-07-03,2313.TW,0.2970789665894266,0.7709630837892825,False,0.0,37
2021-11-02,1605.TW,1605,華新,88,neutral,0.0244360279713258,2.4436027971325824,bearish_cluster_1_rep_2,bearish,1,2020-07-03,2313.TW,0.2978466381114869,0.7705070619554192,False,0.0,38
2025-05-08,2356.TW,2356,英業達,71,neutral,0.0400000369910038,4.000003699100385,bearish_cluster_1_rep_2,bearish,1,2020-07-03,2313.TW,0.29818358986523896,0.7703070719787849,False,0.0,39
2021-07-05,3034.TW,3034,聯詠,58,neutral,0.0039682539682539,0.3968253968253954,bearish_cluster_1_rep_2,bearish,1,2020-07-03,2313.TW,0.2982935458457975,0.770241832596134,False,0.0,40
2020-06-02,6239.TW,6239,力成,76,neutral,-0.0049261083743842,-0.492610837438423,bearish_cluster_1_rep_2,bearish,1,2020-07-03,2313.TW,0.2999755263782366,0.7692452509363958,False,0.0,41
2021-07-13,2379.TW,2379,瑞昱,53,neutral,0.0440613026819922,4.4061302681992265,bearish_cluster_1_rep_2,bearish,1,2020-07-03,2313.TW,0.30062599753423763,0.7688605347700472,False,0.0,42
2022-03-23,2492.TW,2492,華新科,100,neutral,-0.0344827586206896,-3.4482758620689613,bearish_cluster_1_rep_2,bearish,1,2020-07-03,2313.TW,0.30070330687287017,0.7688148363397214,False,0.0,43
2021-11-09,1519.TW,1519,華城,66,neutral,-0.0213333152804903,-2.133331528049032,bearish_cluster_1_rep_2,bearish,1,2020-07-03,2313.TW,0.30138525963950413,0.7684119614794234,False,0.0,44
2019-02-18,6239.TW,6239,力成,76,neutral,0.0228571210588728,2.285712105887283,bearish_cluster_1_rep_2,bearish,1,2020-07-03,2313.TW,0.30165899596886814,0.7682503659536934,False,0.0,45
2021-12-23,2379.TW,2379,瑞昱,53,neutral,0.0192307692307691,1.923076923076916,bearish_cluster_1_rep_2,bearish,1,2020-07-03,2313.TW,0.3021899942807208,0.7679370939663541,False,0.0,46
2020-06-01,2409.TW,2409,友達,80,bullish,0.0926641552178286,9.266415521782868,bearish_cluster_1_rep_2,bearish,1,2020-07-03,2313.TW,0.30232333896634284,0.7678584650058582,False,0.0,47
2024-09-27,2356.TW,2356,英業達,71,neutral,-0.0124013360988383,-1.2401336098838311,bearish_cluster_1_rep_2,bearish,1,2020-07-03,2313.TW,0.30254128023056365,0.7677299868937661,False,0.0,48
2024-09-25,6213.TW,6213,聯茂,81,neutral,0.0107095459764492,1.0709545976449242,bearish_cluster_1_rep_2,bearish,1,2020-07-03,2313.TW,0.3033174884493605,0.7672727549982955,False,0.0,49
2020-11-05,2207.TW,2207,和泰車,63,neutral,0.0266041016381961,2.660410163819616,bearish_cluster_1_rep_2,bearish,1,2020-07-03,2313.TW,0.30334531572435736,0.7672563732231102,False,0.0,50
2019-01-16,1605.TW,1605,華新,88,neutral,0.0,0.0,bearish_cluster_1_rep_2,bearish,1,2020-07-03,2313.TW,0.3035668206611258,0.7671259993352955,False,0.0,51
2020-11-27,3481.TW,3481,群創,52,bullish,0.1921529082306281,19.215290823062816,bearish_cluster_1_rep_2,bearish,1,2020-07-03,2313.TW,0.3039153894374451,0.7669209276158901,False,0.0,52
2018-06-08,4938.TW,4938,和碩,69,neutral,-0.0176731156210557,-1.767311562105578,bearish_cluster_1_rep_2,bearish,1,2020-07-03,2313.TW,0.30507833556129255,0.7662375297724305,False,0.0,53
2023-11-08,2379.TW,2379,瑞昱,53,neutral,-0.0072289156626506,-0.7228915662650603,bearish_cluster_1_rep_2,bearish,1,2020-07-03,2313.TW,0.305375126826775,0.7660633173169855,False,0.0,54
2020-04-17,1326.TW,1326,台化,51,neutral,-0.0393810897672862,-3.938108976728627,bearish_cluster_1_rep_2,bearish,1,2020-07-03,2313.TW,0.3055037621488874,0.7659878347297738,False,0.0,55
2025-05-09,2379.TW,2379,瑞昱,53,neutral,0.0136452241715399,1.3645224171539905,bearish_cluster_1_rep_2,bearish,1,2020-07-03,2313.TW,0.3057974792304845,0.7658155387076616,False,0.0,56
2018-10-03,1605.TW,1605,華新,88,bearish,-0.0800971251033462,-8.009712510334621,bearish_cluster_1_rep_2,bearish,1,2020-07-03,2313.TW,0.30682583222878124,0.7652129115740754,True,0.0,57
2025-02-24,1101.TW,1101,台泥,83,neutral,0.0323528962976791,3.2352896297679123,bearish_cluster_1_rep_2,bearish,1,2020-07-03,2313.TW,0.30710253694291395,0.76505092120686,False,0.0,58
2023-10-17,3533.TW,3533,嘉澤,82,neutral,-0.0188679245283018,-1.8867924528301885,bearish_cluster_1_rep_2,bearish,1,2020-07-03,2313.TW,0.3074758056744525,0.7648325083033998,False,0.0,59
2022-09-12,2002.TW,2002,中鋼,62,neutral,-0.0067340322492186,-0.6734032249218647,bearish_cluster_1_rep_2,bearish,1,2020-07-03,2313.TW,0.3078332534077011,0.7646234696926323,False,0.0,60
2025-05-28,3044.TW,3044,健鼎,65,neutral,-0.002415458937198,-0.2415458937198078,bearish_cluster_1_rep_2,bearish,1,2020-07-03,2313.TW,0.30875253392711244,0.764086390724568,False,0.0,61
2024-03-22,3532.TW,3532,台勝科,98,neutral,-0.0178571428571429,-1.7857142857142905,bearish_cluster_1_rep_2,bearish,1,2020-07-03,2313.TW,0.30900437734854613,0.7639393857685565,False,0.0,62
2019-12-02,2404.TW,2404,漢唐,79,neutral,-0.0114285714285714,-1.1428571428571457,bearish_cluster_1_rep_2,bearish,1,2020-07-03,2313.TW,0.3104149472099774,0.7631170585539442,False,0.0,63
2020-11-18,6515.TW,6515,穎崴,73,neutral,-0.0072992700729926,-0.7299270072992692,bearish_cluster_1_rep_2,bearish,1,2020-07-03,2313.TW,0.3110948504354368,0.7627213238370077,False,0.0,64
2023-10-27,3702.TW,3702,大聯大,90,bullish,0.0770348137684837,7.703481376848376,bearish_cluster_1_rep_2,bearish,1,2020-07-03,2313.TW,0.31146161385973825,0.7625080211512396,False,0.0,65
2023-01-05,3481.TW,3481,群創,52,neutral,0.0307017467175307,3.0701746717530787,bearish_cluster_1_rep_2,bearish,1,2020-07-03,2313.TW,0.3119779813245532,0.7622079137261245,False,0.0,66
2025-08-13,3481.TW,3481,群創,52,neutral,0.0325202936851642,3.252029368516429,bearish_cluster_1_rep_2,bearish,1,2020-07-03,2313.TW,0.31237982432558936,0.7619745301356516,False,0.0,67
2024-03-25,2492.TW,2492,華新科,100,neutral,0.0182648401826484,1.82648401826484,bearish_cluster_1_rep_2,bearish,1,2020-07-03,2313.TW,0.3124841473366451,0.7619139644690165,False,0.0,68
2023-02-23,2404.TW,2404,漢唐,79,neutral,0.0222222222222221,2.2222222222222143,bearish_cluster_1_rep_2,bearish,1,2020-07-03,2313.TW,0.3126319610703619,0.7618281663540847,False,0.0,69
2025-05-12,2609.TW,2609,陽明,77,bullish,0.096551724137931,9.6551724137931,bearish_cluster_1_rep_2,bearish,1,2020-07-03,2313.TW,0.3132250268383726,0.7614841170119405,False,0.0,70
2019-07-04,2404.TW,2404,漢唐,79,neutral,-0.0222929936305732,-2.2292993630573243,bearish_cluster_1_rep_2,bearish,1,2020-07-03,2313.TW,0.3133018718834595,0.7614395604004276,False,0.0,71
2024-09-27,2376.TW,2376,技嘉,70,neutral,-0.0112781954887217,-1.1278195488721776,bearish_cluster_1_rep_2,bearish,1,2020-07-03,2313.TW,0.3133973628492572,0.7613841996991836,False,0.0,72
2024-12-24,2376.TW,2376,技嘉,70,neutral,-0.0142602495543672,-1.426024955436722,bearish_cluster_1_rep_2,bearish,1,2020-07-03,2313.TW,0.31381280522600086,0.7611434414570049,False,0.0,73
2023-01-10,3044.TW,3044,健鼎,65,neutral,-0.0238806121978,-2.388061219780002,bearish_cluster_1_rep_2,bearish,1,2020-07-03,2313.TW,0.31439592850362436,0.7608057650775373,False,0.0,74
2020-05-29,2379.TW,2379,瑞昱,53,neutral,0.0290135396518376,2.9013539651837617,bearish_cluster_1_rep_2,bearish,1,2020-07-03,2313.TW,0.3144243248396874,0.7607893289116999,False,0.0,75
2025-09-02,2379.TW,2379,瑞昱,53,neutral,-0.0146252285191955,-1.4625228519195566,bearish_cluster_1_rep_2,bearish,1,2020-07-03,2313.TW,0.31463078138020645,0.7606698505493067,False,0.0,76
2019-09-05,3532.TW,3532,台勝科,98,neutral,-0.0377358490566037,-3.773584905660377,bearish_cluster_1_rep_2,bearish,1,2020-07-03,2313.TW,0.31490868557641594,0.7605090839913574,False,0.0,77
2024-05-28,5871.TW,5871,中租-KY,78,neutral,-0.0193548171070758,-1.9354817107075872,bearish_cluster_1_rep_2,bearish,1,2020-07-03,2313.TW,0.3149168319485338,0.7605043723701761,False,0.0,78
2018-06-15,1101.TW,1101,台泥,83,neutral,-0.0110497782124807,-1.1049778212480763,bearish_cluster_1_rep_2,bearish,1,2020-07-03,2313.TW,0.31503702635996056,0.7604348622548012,False,0.0,79
2025-09-23,2356.TW,2356,英業達,71,neutral,-0.002222188313802,-0.2222188313802053,bearish_cluster_1_rep_2,bearish,1,2020-07-03,2313.TW,0.3152043375800108,0.7603381249791268,False,0.0,80
2025-03-06,2002.TW,2002,中鋼,62,neutral,0.0020618242086822,0.2061824208682283,bearish_cluster_1_rep_2,bearish,1,2020-07-03,2313.TW,0.3154023103728231,0.7602236913485205,False,0.0,81
2024-12-06,3044.TW,3044,健鼎,65,neutral,0.0103626943005181,1.0362694300518172,bearish_cluster_1_rep_2,bearish,1,2020-07-03,2313.TW,0.31559328360017463,0.760113336291486,False,0.0,82
2022-09-28,2912.TW,2912,統一超,74,neutral,0.001763668430335,0.1763668430335041,bearish_cluster_1_rep_2,bearish,1,2020-07-03,2313.TW,0.31560554902127846,0.7601062497371894,False,0.0,83
2023-05-19,2615.TW,2615,萬海,59,neutral,-0.0033167622797669,-0.331676227976696,bearish_cluster_1_rep_2,bearish,1,2020-07-03,2313.TW,0.31581368665225534,0.75998601484701,False,0.0,84
2020-11-03,2409.TW,2409,友達,80,neutral,-0.0296610169491525,-2.966101694915257,bearish_cluster_1_rep_2,bearish,1,2020-07-03,2313.TW,0.31710629152404385,0.7592401664431233,False,0.0,85
2020-06-04,5876.TW,5876,上海商銀,75,neutral,0.0221729453564769,2.217294535647696,bearish_cluster_1_rep_2,bearish,1,2020-07-03,2313.TW,0.31712947989128576,0.7592267998454781,False,0.0,86
2019-04-01,5871.TW,5871,中租-KY,78,bullish,0.0677290858361363,6.772908583613635,bearish_cluster_1_rep_2,bearish,1,2020-07-03,2313.TW,0.3172280003243585,0.7591700144194906,False,0.0,87
2018-07-10,3034.TW,3034,聯詠,58,neutral,0.0285714285714284,2.857142857142847,bearish_cluster_1_rep_2,bearish,1,2020-07-03,2313.TW,0.3173042574618391,0.7591260669928936,False,0.0,88
2020-06-01,5871.TW,5871,中租-KY,78,neutral,0.0420167625197067,4.201676251970676,bearish_cluster_1_rep_2,bearish,1,2020-07-03,2313.TW,0.31735935578317626,0.7590943166798215,False,0.0,89
2021-07-22,5871.TW,5871,中租-KY,78,neutral,0.0045662165105186,0.4566216510518694,bearish_cluster_1_rep_2,bearish,1,2020-07-03,2313.TW,0.3173691028011347,0.7590887002539306,False,0.0,90
2020-06-19,2337.TW,2337,旺宏,67,neutral,-0.0262346373082555,-2.6234637308255597,bearish_cluster_1_rep_2,bearish,1,2020-07-03,2313.TW,0.31763767590027414,0.7589339757735383,False,0.0,91
2020-06-02,2409.TW,2409,友達,80,bullish,0.145593786106863,14.559378610686302,bearish_cluster_1_rep_2,bearish,1,2020-07-03,2313.TW,0.31772413671382643,0.7588841792742942,False,0.0,92
2023-10-31,2409.TW,2409,友達,80,neutral,0.0416666411945967,4.166664119459673,bearish_cluster_1_rep_2,bearish,1,2020-07-03,2313.TW,0.3190608273714985,0.7581151522729295,False,0.0,93
2024-06-19,1590.TW,1590,亞德客-KY,64,neutral,-0.0096153846153845,-0.961538461538458,bearish_cluster_1_rep_2,bearish,1,2020-07-03,2313.TW,0.3194337911961884,0.7579008561645278,False,0.0,94
2025-02-13,2324.TW,2324,仁寶,84,neutral,0.002597362964184,0.2597362964184002,bearish_cluster_1_rep_2,bearish,1,2020-07-03,2313.TW,0.3195239990705697,0.7578490430673243,False,0.0,95
2023-09-14,6789.TW,6789,采鈺,96,neutral,-0.0232558139534884,-2.3255813953488413,bearish_cluster_1_rep_3,bearish,1,2023-12-01,6531.TW,0.3014680548040494,0.7683630776097391,False,0.0,1
2020-02-12,3532.TW,3532,台勝科,98,bullish,0.125,12.5,bearish_cluster_1_rep_3,bearish,1,2023-12-01,6531.TW,0.30447791288558085,0.7665902121623064,False,0.0,2
2018-05-28,2313.TW,2313,華通,60,neutral,-0.0386266740872258,-3.8626674087225865,bearish_cluster_1_rep_3,bearish,1,2023-12-01,6531.TW,0.32883728931080897,0.7525375815715122,False,0.0,3
2023-05-04,3533.TW,3533,嘉澤,82,neutral,0.009825327510917,0.9825327510917026,bearish_cluster_1_rep_3,bearish,1,2023-12-01,6531.TW,0.33734167986510066,0.7477520629588628,False,0.0,4
2018-11-21,2207.TW,2207,和泰車,63,neutral,-0.006564519377613,-0.6564519377613043,bearish_cluster_1_rep_3,bearish,1,2023-12-01,6531.TW,0.34685183991290897,0.7424721638756218,False,0.0,5
2022-10-24,2449.TW,2449,京元電子,57,neutral,0.0265624611778185,2.656246117781857,bearish_cluster_1_rep_3,bearish,1,2023-12-01,6531.TW,0.35101847599047714,0.7401823274599308,False,0.0,6
2024-05-30,6531.TW,6531,愛普*,95,neutral,0.0194986072423397,1.949860724233976,bearish_cluster_1_rep_3,bearish,1,2023-12-01,6531.TW,0.3536051198532111,0.7387678912653958,False,0.0,7
2024-10-23,6531.TW,6531,愛普*,95,neutral,-0.0252365930599368,-2.5236593059936863,bearish_cluster_1_rep_3,bearish,1,2023-12-01,6531.TW,0.3548476264809895,0.7380903803901165,False,0.0,8
2020-07-02,5871.TW,5871,中租-KY,78,neutral,0.0158102994752395,1.5810299475239598,bearish_cluster_1_rep_3,bearish,1,2023-12-01,6531.TW,0.3551353517217402,0.7379336674594681,False,0.0,9
2020-10-08,1605.TW,1605,華新,88,neutral,0.0087209341680651,0.8720934168065186,bearish_cluster_1_rep_3,bearish,1,2023-12-01,6531.TW,0.3571955907019474,0.7368134754127781,False,0.0,10
2025-05-02,2313.TW,2313,華通,60,neutral,0.0316901278387005,3.169012783870051,bearish_cluster_1_rep_3,bearish,1,2023-12-01,6531.TW,0.36030049858743124,0.7351316867401166,False,0.0,11
2022-05-31,2492.TW,2492,華新科,100,neutral,0.0344827586206897,3.4482758620689724,bearish_cluster_1_rep_3,bearish,1,2023-12-01,6531.TW,0.36146622140845835,0.7345022478526747,False,0.0,12
2019-09-06,2207.TW,2207,和泰車,63,neutral,0.009039551043088,0.9039551043088068,bearish_cluster_1_rep_3,bearish,1,2023-12-01,6531.TW,0.3728971086235939,0.728386704086336,False,0.0,13
2023-11-06,2409.TW,2409,友達,80,neutral,-0.0184048620308185,-1.8404862030818592,bearish_cluster_1_rep_3,bearish,1,2023-12-01,6531.TW,0.3730835271588451,0.7282878136839778,False,0.0,14
2025-06-05,2379.TW,2379,瑞昱,53,neutral,0.0164835164835164,1.6483516483516425,bearish_cluster_1_rep_3,bearish,1,2023-12-01,6531.TW,0.37492900092101344,0.7273102824437753,False,0.0,15
2025-05-14,6789.TW,6789,采鈺,96,neutral,0.0,0.0,bearish_cluster_1_rep_3,bearish,1,2023-12-01,6531.TW,0.3758702313643328,0.7268127307387017,False,0.0,16
2020-02-13,3034.TW,3034,聯詠,58,neutral,-0.0385487528344671,-3.8548752834467126,bearish_cluster_1_rep_3,bearish,1,2023-12-01,6531.TW,0.37828454687979124,0.7255395863385647,False,0.0,17
2022-06-07,3702.TW,3702,大聯大,90,neutral,0.0035148847606132,0.3514884760613235,bearish_cluster_1_rep_3,bearish,1,2023-12-01,6531.TW,0.37969645561464,0.7247971073133697,False,0.0,18
2019-11-27,1590.TW,1590,亞德客-KY,64,neutral,0.0022573352418475,0.2257335241847569,bearish_cluster_1_rep_3,bearish,1,2023-12-01,6531.TW,0.38023950103582305,0.7245119410432275,False,0.0,19
2020-10-19,3044.TW,3044,健鼎,65,neutral,0.0084388185654007,0.8438818565400741,bearish_cluster_1_rep_3,bearish,1,2023-12-01,6531.TW,0.38034060688694543,0.7244588726946749,False,0.0,20
2019-03-20,2379.TW,2379,瑞昱,53,neutral,-0.0112994350282485,-1.1299435028248594,bearish_cluster_1_rep_3,bearish,1,2023-12-01,6531.TW,0.38154250135058065,0.7238286183902494,False,0.0,21
2020-06-09,3044.TW,3044,健鼎,65,neutral,-0.044,-4.400000000000004,bearish_cluster_1_rep_3,bearish,1,2023-12-01,6531.TW,0.38158596566935554,0.723805846938751,False,0.0,22
2020-09-18,1590.TW,1590,亞德客-KY,64,neutral,-0.0380117655937811,-3.8011765593781166,bearish_cluster_1_rep_3,bearish,1,2023-12-01,6531.TW,0.38306537002685936,0.723031623574365,False,0.0,23
2018-07-30,1101.TW,1101,台泥,83,neutral,-0.0024570562494555,-0.245705624945558,bearish_cluster_1_rep_3,bearish,1,2023-12-01,6531.TW,0.38361138435078246,0.722746293728437,False,0.0,24
2018-04-12,5871.TW,5871,中租-KY,78,neutral,-0.0422534855476743,-4.225348554767439,bearish_cluster_1_rep_3,bearish,1,2023-12-01,6531.TW,0.385081176339581,0.721979344663933,False,0.0,25
2024-01-25,2313.TW,2313,華通,60,neutral,0.0100286091352048,1.002860913520487,bearish_cluster_1_rep_3,bearish,1,2023-12-01,6531.TW,0.3851639143329146,0.7219362197156234,False,0.0,26
2024-04-26,6919.TW,6919,康霈*,97,neutral,-0.0191570873759541,-1.915708737595412,bearish_cluster_1_rep_3,bearish,1,2023-12-01,6531.TW,0.3855792741875903,0.7217198024171747,False,0.0,27
2023-03-22,2404.TW,2404,漢唐,79,bearish,-0.1236897274633124,-12.368972746331242,bearish_cluster_1_rep_3,bearish,1,2023-12-01,6531.TW,0.3882940964736815,0.7203084724915542,True,0.0,28
2024-05-02,3034.TW,3034,聯詠,58,neutral,0.0389610389610388,3.8961038961038863,bearish_cluster_1_rep_3,bearish,1,2023-12-01,6531.TW,0.3898360838272365,0.7195093087857294,False,0.0,29
2025-03-19,2615.TW,2615,萬海,59,neutral,-0.0386363809758966,-3.863638097589661,bearish_cluster_1_rep_3,bearish,1,2023-12-01,6531.TW,0.3900408353775186,0.7194033258227351,False,0.0,30
2024-05-28,2492.TW,2492,華新科,100,neutral,-0.0129310344827586,-1.2931034482758674,bearish_cluster_1_rep_3,bearish,1,2023-12-01,6531.TW,0.390567645412581,0.7191307832444931,False,0.0,31
2022-07-22,2609.TW,2609,陽明,77,neutral,-0.0145251737626571,-1.4525173762657162,bearish_cluster_1_rep_3,bearish,1,2023-12-01,6531.TW,0.3915541115836787,0.718620994811287,False,0.0,32
2022-08-15,5871.TW,5871,中租-KY,78,neutral,-0.0176991053274314,-1.7699105327431464,bearish_cluster_1_rep_3,bearish,1,2023-12-01,6531.TW,0.39184295970032446,0.718471859939794,False,0.0,33
2023-12-19,5871.TW,5871,中租-KY,78,neutral,0.0,0.0,bearish_cluster_1_rep_3,bearish,1,2023-12-01,6531.TW,0.3955992962552835,0.7165380512036885,False,0.0,34
2023-09-06,1590.TW,1590,亞德客-KY,64,neutral,-0.0339342523860021,-3.393425238600212,bearish_cluster_1_rep_3,bearish,1,2023-12-01,6531.TW,0.39590692678428124,0.7163801402602659,False,0.0,35
2021-10-29,3533.TW,3533,嘉澤,82,neutral,0.0,0.0,bearish_cluster_1_rep_3,bearish,1,2023-12-01,6531.TW,0.3960656899748247,0.7162986721764024,False,0.0,36
2025-10-22,1519.TW,1519,華城,66,neutral,0.0300000212605799,3.000002126057999,bearish_cluster_1_rep_3,bearish,1,2023-12-01,6531.TW,0.3980346567932317,0.7152898500340247,False,0.0,37
2024-10-23,2615.TW,2615,萬海,59,neutral,0.010262275452644,1.026227545264402,bearish_cluster_1_rep_3,bearish,1,2023-12-01,6531.TW,0.3993259534654703,0.7146297812339375,False,0.0,38
2021-11-03,1605.TW,1605,華新,88,neutral,0.0166051743746307,1.6605174374630716,bearish_cluster_1_rep_3,bearish,1,2023-12-01,6531.TW,0.40031529477495736,0.7141248858248803,False,0.0,39
2022-05-18,3036.TW,3036,文曄,68,neutral,0.0027701250730973,0.2770125073097373,bearish_cluster_1_rep_3,bearish,1,2023-12-01,6531.TW,0.40068397791955523,0.713936916366607,False,0.0,40
2018-10-22,2615.TW,2615,萬海,59,neutral,-0.0245399127174709,-2.4539912717470918,bearish_cluster_1_rep_3,bearish,1,2023-12-01,6531.TW,0.4009621209019074,0.713795173388573,False,0.0,41
2019-06-06,2337.TW,2337,旺宏,67,neutral,0.0045977186882633,0.4597718688263308,bearish_cluster_1_rep_3,bearish,1,2023-12-01,6531.TW,0.40174996199828183,0.7133939911611895,False,0.0,42
2022-12-19,5871.TW,5871,中租-KY,78,neutral,-0.0114679308102522,-1.1467930810252214,bearish_cluster_1_rep_3,bearish,1,2023-12-01,6531.TW,0.4022218704719215,0.7131539031433358,False,0.0,43
2023-03-06,2409.TW,2409,友達,80,neutral,-0.0389610389610389,-3.8961038961038974,bearish_cluster_1_rep_3,bearish,1,2023-12-01,6531.TW,0.4022825149757319,0.7131230613806135,False,0.0,44
2020-11-06,6213.TW,6213,聯茂,81,neutral,0.0229007225256767,2.2900722525676764,bearish_cluster_1_rep_3,bearish,1,2023-12-01,6531.TW,0.402638168474706,0.7129422416099275,False,0.0,45
2022-07-22,2492.TW,2492,華新科,100,neutral,-0.0049019607843137,-0.4901960784313708,bearish_cluster_1_rep_3,bearish,1,2023-12-01,6531.TW,0.4026502144621493,0.7129361188480288,False,0.0,46
2023-05-04,1504.TW,1504,東元,89,neutral,0.0085837240123742,0.8583724012374283,bearish_cluster_1_rep_3,bearish,1,2023-12-01,6531.TW,0.4030272117615962,0.7127445509374204,False,0.0,47
2019-07-16,2449.TW,2449,京元電子,57,neutral,0.0207006866063637,2.0700686606363705,bearish_cluster_1_rep_3,bearish,1,2023-12-01,6531.TW,0.40640874381848985,0.7110308467543625,False,0.0,48
2023-03-08,3481.TW,3481,群創,52,neutral,-0.0490196006908852,-4.901960069088529,bearish_cluster_1_rep_3,bearish,1,2023-12-01,6531.TW,0.4068154286474021,0.7108253006305602,False,0.0,49
2025-06-05,2449.TW,2449,京元電子,57,neutral,0.0422960734824575,4.229607348245756,bearish_cluster_1_rep_3,bearish,1,2023-12-01,6531.TW,0.40810768591377644,0.7101729576534913,False,0.0,50
2018-02-26,5871.TW,5871,中租-KY,78,neutral,-0.0061728338110882,-0.6172833811088241,bearish_cluster_1_rep_3,bearish,1,2023-12-01,6531.TW,0.4082624476160172,0.7100949128430244,False,0.0,51
2025-04-28,3034.TW,3034,聯詠,58,neutral,0.0038986354775829,0.3898635477582957,bearish_cluster_1_rep_3,bearish,1,2023-12-01,6531.TW,0.40967491461944355,0.7093834114725383,False,0.0,52
2021-12-17,2409.TW,2409,友達,80,neutral,-0.0367965367965368,-3.6796536796536823,bearish_cluster_1_rep_3,bearish,1,2023-12-01,6531.TW,0.41053908122361554,0.7089488078079476,False,0.0,53
2025-04-28,2376.TW,2376,技嘉,70,neutral,0.0238611713665943,2.386117136659438,bearish_cluster_1_rep_3,bearish,1,2023-12-01,6531.TW,0.4105707127150355,0.708932909910785,False,0.0,54
2025-05-15,6531.TW,6531,愛普*,95,neutral,0.0216962524654833,2.1696252465483346,bearish_cluster_1_rep_3,bearish,1,2023-12-01,6531.TW,0.4106791344209486,0.7088784228813855,False,0.0,55
2023-09-26,1504.TW,1504,東元,89,neutral,0.0077368995218345,0.7736899521834539,bearish_cluster_1_rep_3,bearish,1,2023-12-01,6531.TW,0.41092218132124914,0.7087563107580861,False,0.0,56
2022-06-09,3533.TW,3533,嘉澤,82,neutral,-0.017412905720093,-1.741290572009302,bearish_cluster_1_rep_3,bearish,1,2023-12-01,6531.TW,0.41098311165043033,0.7087257046119408,False,0.0,57
2020-04-24,2409.TW,2409,友達,80,bullish,0.0510067523725883,5.100675237258834,bearish_cluster_1_rep_3,bearish,1,2023-12-01,6531.TW,0.41130408818586317,0.7085645172936705,False,0.0,58
2025-04-29,3034.TW,3034,聯詠,58,neutral,0.0236220472440944,2.3622047244094446,bearish_cluster_1_rep_3,bearish,1,2023-12-01,6531.TW,0.41173285963728323,0.7083493121049332,False,0.0,59
2020-09-30,3034.TW,3034,聯詠,58,neutral,0.0433145009416195,4.331450094161959,bearish_cluster_1_rep_3,bearish,1,2023-12-01,6531.TW,0.41221458964120367,0.7081076823133986,False,0.0,60
2023-11-15,3533.TW,3533,嘉澤,82,neutral,-0.0087336244541484,-0.8733624454148492,bearish_cluster_1_rep_3,bearish,1,2023-12-01,6531.TW,0.4131377040129431,0.7076451199060505,False,0.0,61
2024-09-23,2376.TW,2376,技嘉,70,neutral,0.0057251908396946,0.5725190839694694,bearish_cluster_1_rep_3,bearish,1,2023-12-01,6531.TW,0.4138754243080186,0.7072758906531117,False,0.0,62
2025-04-30,2449.TW,2449,京元電子,57,neutral,0.0046083697844587,0.4608369784458777,bearish_cluster_1_rep_3,bearish,1,2023-12-01,6531.TW,0.41435059217896847,0.7070382729216989,False,0.0,63
2022-06-01,2379.TW,2379,瑞昱,53,neutral,-0.0033632286995515,-0.3363228699551523,bearish_cluster_1_rep_3,bearish,1,2023-12-01,6531.TW,0.4164610368813167,0.705984826947124,False,0.0,64
2022-06-29,5871.TW,5871,中租-KY,78,bearish,-0.1336405744257774,-13.364057442577748,bearish_cluster_1_rep_3,bearish,1,2023-12-01,6531.TW,0.4168193995153915,0.7058062589642968,True,0.0,65
2023-06-07,3481.TW,3481,群創,52,neutral,-0.0101009233319839,-1.010092333198398,bearish_cluster_1_rep_3,bearish,1,2023-12-01,6531.TW,0.4175893743768846,0.7054228947219359,False,0.0,66
2025-07-11,3702.TW,3702,大聯大,90,neutral,0.0096286740993274,0.962867409932744,bearish_cluster_1_rep_3,bearish,1,2023-12-01,6531.TW,0.4182130915898864,0.7051126561516583,False,0.0,67
2022-07-21,2337.TW,2337,旺宏,67,neutral,-0.0247294984480608,-2.4729498448060827,bearish_cluster_1_rep_3,bearish,1,2023-12-01,6531.TW,0.4182276193766653,0.7051054332445709,False,0.0,68
2021-02-18,5871.TW,5871,中租-KY,78,neutral,0.0115273944867484,1.1527394486748443,bearish_cluster_1_rep_3,bearish,1,2023-12-01,6531.TW,0.4182940150077276,0.7050724246302001,False,0.0,69
2023-05-18,1590.TW,1590,亞德客-KY,64,neutral,-0.0093457943925233,-0.9345794392523366,bearish_cluster_1_rep_3,bearish,1,2023-12-01,6531.TW,0.41841326990682265,0.7050131447696419,False,0.0,70
2024-10-23,2313.TW,2313,華通,60,neutral,-0.0196970159357244,-1.969701593572448,bearish_cluster_1_rep_3,bearish,1,2023-12-01,6531.TW,0.4193478813258628,0.7045489080984605,False,0.0,71
2023-06-06,6805.TW,6805,富世達,93,neutral,-0.0170212765957447,-1.7021276595744703,bearish_cluster_1_rep_3,bearish,1,2023-12-01,6531.TW,0.41985560680816847,0.7042969687938884,False,0.0,72
2022-03-21,5871.TW,5871,中租-KY,78,neutral,0.0160966309531507,1.6096630953150726,bearish_cluster_1_rep_3,bearish,1,2023-12-01,6531.TW,0.4199654238424257,0.7042424999997539,False,0.0,73
2020-04-29,1402.TW,1402,遠東新,94,bullish,0.1175298330978784,11.752983309787846,bearish_cluster_1_rep_3,bearish,1,2023-12-01,6531.TW,0.4205834223626517,0.7039361323369832,False,0.0,74
2018-03-15,1802.TW,1802,台玻,86,neutral,-0.0277777777777777,-2.777777777777779,bearish_cluster_1_rep_3,bearish,1,2023-12-01,6531.TW,0.4211816006922497,0.7036398441359679,False,0.0,75
2018-08-03,1101.TW,1101,台泥,83,neutral,0.0037083050251052,0.3708305025105218,bearish_cluster_1_rep_3,bearish,1,2023-12-01,6531.TW,0.42147359100975473,0.7034953067890922,False,0.0,76
2024-01-10,6531.TW,6531,愛普*,95,bullish,0.1022494887525562,10.224948875255624,bearish_cluster_1_rep_3,bearish,1,2023-12-01,6531.TW,0.42192298991980376,0.7032729670236219,False,0.0,77
2022-05-19,3036.TW,3036,文曄,68,neutral,0.001388855963708,0.138885596370808,bearish_cluster_1_rep_3,bearish,1,2023-12-01,6531.TW,0.4225500167308531,0.7029629807309618,False,0.0,78
2025-11-27,6789.TW,6789,采鈺,96,bullish,0.0653061224489794,6.530612244897949,bearish_cluster_1_rep_3,bearish,1,2023-12-01,6531.TW,0.42259221380295575,0.7029421293729299,False,0.0,79
2024-12-04,2618.TW,2618,長榮航,72,bullish,0.0555555555555555,5.555555555555558,bearish_cluster_1_rep_3,bearish,1,2023-12-01,6531.TW,0.4236465556870087,0.7024215357423672,False,0.0,80
2021-02-24,5871.TW,5871,中租-KY,78,neutral,-0.0368271454092578,-3.68271454092578,bearish_cluster_1_rep_3,bearish,1,2023-12-01,6531.TW,0.42382548762050215,0.7023332625343015,False,0.0,81
2025-08-11,3661.TW,3661,世芯-KY,56,bullish,0.0869565217391303,8.695652173913038,bearish_cluster_1_rep_3,bearish,1,2023-12-01,6531.TW,0.42392191083301245,0.7022857028830937,False,0.0,82
2024-04-30,3481.TW,3481,群創,52,neutral,-0.0385964364673747,-3.859643646737476,bearish_cluster_1_rep_3,bearish,1,2023-12-01,6531.TW,0.4239318904010923,0.7022807809426339,False,0.0,83
2018-05-10,2409.TW,2409,友達,80,neutral,0.0158730158730158,1.5873015873015817,bearish_cluster_1_rep_3,bearish,1,2023-12-01,6531.TW,0.42495341270409276,0.7017773290583086,False,0.0,84
2022-03-22,2347.TW,2347,聯強,99,neutral,0.0067114093959732,0.6711409395973256,bearish_cluster_1_rep_3,bearish,1,2023-12-01,6531.TW,0.4249670213273805,0.7017706269921135,False,0.0,85
2025-05-12,6239.TW,6239,力成,76,neutral,0.0436681222707424,4.366812227074246,bearish_cluster_1_rep_3,bearish,1,2023-12-01,6531.TW,0.42593661312277287,0.7012934451623483,False,0.0,86
2023-05-03,1504.TW,1504,東元,89,bullish,0.0656455131272746,6.564551312727462,bearish_cluster_1_rep_3,bearish,1,2023-12-01,6531.TW,0.4280653946006215,0.7002480445089589,False,0.0,87
2023-06-15,3532.TW,3532,台勝科,98,neutral,-0.0178571428571429,-1.7857142857142905,bearish_cluster_1_rep_3,bearish,1,2023-12-01,6531.TW,0.4290459809991467,0.6997675465283696,False,0.0,88
2021-01-27,2376.TW,2376,技嘉,70,neutral,-0.0374064852139094,-3.740648521390944,bearish_cluster_1_rep_3,bearish,1,2023-12-01,6531.TW,0.42933406073085284,0.6996265096269209,False,0.0,89
2023-05-08,2376.TW,2376,技嘉,70,neutral,0.0444444444444445,4.444444444444451,bearish_cluster_1_rep_3,bearish,1,2023-12-01,6531.TW,0.43004347277032434,0.6992794408290044,False,0.0,90
2022-12-02,6770.TW,6770,力積電,55,neutral,-0.0361271692232857,-3.6127169223285738,bearish_cluster_1_rep_3,bearish,1,2023-12-01,6531.TW,0.4314620531878623,0.6985864541592302,False,0.0,91
2025-01-06,2618.TW,2618,長榮航,72,neutral,-0.0295982607560956,-2.959826075609562,bearish_cluster_1_rep_3,bearish,1,2023-12-01,6531.TW,0.43171613676633164,0.6984624775261639,False,0.0,92
2021-10-08,2313.TW,2313,華通,60,neutral,-0.0412233856372987,-4.122338563729877,bearish_cluster_1_rep_3,bearish,1,2023-12-01,6531.TW,0.4321692873944719,0.6982414780163928,False,0.0,93
2025-02-10,2337.TW,2337,旺宏,67,bullish,0.0773195891492311,7.731958914923109,bearish_cluster_1_rep_3,bearish,1,2023-12-01,6531.TW,0.43225383506091264,0.6982002599821775,False,0.0,94
2019-10-15,2409.TW,2409,友達,80,neutral,0.0195121765136718,1.9512176513671875,bearish_cluster_1_rep_3,bearish,1,2023-12-01,6531.TW,0.43232515210851746,0.698165495821885,False,0.0,95
2023-08-28,2615.TW,2615,萬海,59,neutral,-0.0173535632004333,-1.7353563200433353,bearish_cluster_2_rep_1,bearish,2,2024-03-29,3036.TW,0.30150265932358505,0.7683426482737411,False,0.0,1
2019-07-12,1590.TW,1590,亞德客-KY,64,neutral,-0.0014859292273792,-0.1485929227379223,bearish_cluster_2_rep_1,bearish,2,2024-03-29,3036.TW,0.32484068894871276,0.7548077352557158,False,0.0,2
2022-08-04,1605.TW,1605,華新,88,neutral,-0.0031645689956499,-0.3164568995649985,bearish_cluster_2_rep_1,bearish,2,2024-03-29,3036.TW,0.332790920220811,0.7503052315469889,False,0.0,3
2021-03-03,2379.TW,2379,瑞昱,53,neutral,-0.04,-4.000000000000004,bearish_cluster_2_rep_1,bearish,2,2024-03-29,3036.TW,0.3425211174554345,0.7448672404463651,False,0.0,4
2024-12-13,1519.TW,1519,華城,66,neutral,0.0378071241172859,3.780712411728593,bearish_cluster_2_rep_1,bearish,2,2024-03-29,3036.TW,0.35186291030429573,0.7397199763213465,False,0.0,5
2018-07-23,2337.TW,2337,旺宏,67,neutral,0.0245098609553697,2.4509860955369778,bearish_cluster_2_rep_1,bearish,2,2024-03-29,3036.TW,0.35672157613984246,0.7370709050306474,False,0.0,6
2025-12-11,1326.TW,1326,台化,51,neutral,0.0236593054242706,2.365930542427064,bearish_cluster_2_rep_1,bearish,2,2024-03-29,3036.TW,0.35897892494260825,0.7358465842597459,False,0.0,7
2020-09-22,2409.TW,2409,友達,80,bearish,-0.0811965811965812,-8.119658119658125,bearish_cluster_2_rep_1,bearish,2,2024-03-29,3036.TW,0.36214227759224354,0.7341377009218337,True,0.0,8
2021-08-03,2313.TW,2313,華通,60,neutral,0.0343602070313908,3.4360207031390866,bearish_cluster_2_rep_1,bearish,2,2024-03-29,3036.TW,0.3702526750714179,0.7297924085044241,False,0.0,9
2023-04-21,1590.TW,1590,亞德客-KY,64,bearish,-0.0762331838565022,-7.623318385650224,bearish_cluster_2_rep_1,bearish,2,2024-03-29,3036.TW,0.37218165843557394,0.728766482085252,True,0.0,10
2020-05-20,6239.TW,6239,力成,76,neutral,-0.0020243377678027,-0.2024337767802753,bearish_cluster_2_rep_1,bearish,2,2024-03-29,3036.TW,0.37471918567803775,0.7274212875022771,False,0.0,11
2024-02-27,3481.TW,3481,群創,52,neutral,0.0231788495387827,2.31788495387828,bearish_cluster_2_rep_1,bearish,2,2024-03-29,3036.TW,0.3751406750287915,0.7271983282576255,False,0.0,12
2025-09-26,3533.TW,3533,嘉澤,82,neutral,0.0328947368421053,3.289473684210531,bearish_cluster_2_rep_1,bearish,2,2024-03-29,3036.TW,0.3833730694591892,0.722870801866149,False,0.0,13
2020-07-28,3481.TW,3481,群創,52,neutral,0.0336238805712656,3.362388057126564,bearish_cluster_2_rep_1,bearish,2,2024-03-29,3036.TW,0.38580750829506394,0.721600939534729,False,0.0,14
2024-04-11,6239.TW,6239,力成,76,neutral,-0.0190735694822887,-1.9073569482288777,bearish_cluster_2_rep_1,bearish,2,2024-03-29,3036.TW,0.38606347562802706,0.7214676799321177,False,0.0,15
2021-06-04,1590.TW,1590,亞德客-KY,64,neutral,0.0020833322612963,0.2083332261296311,bearish_cluster_2_rep_1,bearish,2,2024-03-29,3036.TW,0.3887542784882309,0.7200697887955955,False,0.0,16
2025-08-06,3661.TW,3661,世芯-KY,56,bullish,0.0539083557951483,5.39083557951483,bearish_cluster_2_rep_1,bearish,2,2024-03-29,3036.TW,0.39249934138095327,0.7181331942378455,False,0.0,17
2025-12-17,2449.TW,2449,京元電子,57,neutral,0.0279070197229716,2.7907019722971604,bearish_cluster_2_rep_1,bearish,2,2024-03-29,3036.TW,0.392622223819854,0.7180698274777477,False,0.0,18
2021-08-20,2313.TW,2313,華通,60,bullish,0.0504527004206329,5.045270042063299,bearish_cluster_2_rep_1,bearish,2,2024-03-29,3036.TW,0.39299553069554805,0.7178773929738897,False,0.0,19
2025-12-26,6415.TW,6415,矽力*-KY,92,neutral,-0.0026041666666666,-0.2604166666666629,bearish_cluster_2_rep_1,bearish,2,2024-03-29,3036.TW,0.39319908759501204,0.7177725056698352,False,0.0,20
2023-06-29,1504.TW,1504,東元,89,neutral,0.0018903302691244,0.189033026912444,bearish_cluster_2_rep_1,bearish,2,2024-03-29,3036.TW,0.39322963105203634,0.7177567701060835,False,0.0,21
2024-04-10,6239.TW,6239,力成,76,neutral,0.008108108108108,0.8108108108108025,bearish_cluster_2_rep_1,bearish,2,2024-03-29,3036.TW,0.39970913819678,0.7144341440024332,False,0.0,22
2023-02-15,6789.TW,6789,采鈺,96,neutral,0.0277777777777776,2.777777777777768,bearish_cluster_2_rep_1,bearish,2,2024-03-29,3036.TW,0.4000238564369822,0.7142735428415979,False,0.0,23
2021-01-21,3533.TW,3533,嘉澤,82,neutral,0.0133588757183356,1.3358875718335603,bearish_cluster_2_rep_1,bearish,2,2024-03-29,3036.TW,0.40424031359138723,0.7121288217701639,False,0.0,24
2022-09-27,6770.TW,6770,力積電,55,neutral,-0.0387858223718682,-3.878582237186823,bearish_cluster_2_rep_1,bearish,2,2024-03-29,3036.TW,0.40489175331902305,0.711798611983823,False,0.0,25
2025-11-25,7750.TW,7750,新代,91,bullish,0.0635593220338983,6.355932203389836,bearish_cluster_2_rep_1,bearish,2,2024-03-29,3036.TW,0.40491347240301145,0.7117876080222694,False,0.0,26
2025-11-20,3481.TW,3481,群創,52,neutral,-0.0040160796386241,-0.4016079638624159,bearish_cluster_2_rep_1,bearish,2,2024-03-29,3036.TW,0.40494562341399987,0.7117713193554159,False,0.0,27
2025-12-18,6213.TW,6213,聯茂,81,bullish,0.0516431924882629,5.164319248826299,bearish_cluster_2_rep_1,bearish,2,2024-03-29,3036.TW,0.4057466872687023,0.7113657169222654,False,0.0,28
2024-06-03,3533.TW,3533,嘉澤,82,neutral,-0.0094043887147335,-0.9404388714733593,bearish_cluster_2_rep_1,bearish,2,2024-03-29,3036.TW,0.4064927115514892,0.7109883981530976,False,0.0,29
2024-09-10,2615.TW,2615,萬海,59,bullish,0.0688258917562898,6.882589175628984,bearish_cluster_2_rep_1,bearish,2,2024-03-29,3036.TW,0.4068839645719861,0.7107906729921598,False,0.0,30
2024-05-23,1590.TW,1590,亞德客-KY,64,neutral,-0.03125,-3.125,bearish_cluster_2_rep_1,bearish,2,2024-03-29,3036.TW,0.41040826031035926,0.7090145655981557,False,0.0,31
2024-07-17,6789.TW,6789,采鈺,96,bearish,-0.0946142649199417,-9.461426491994176,bearish_cluster_2_rep_1,bearish,2,2024-03-29,3036.TW,0.41303211459507777,0.7076979989846605,True,0.0,32
2024-01-11,2324.TW,2324,仁寶,84,neutral,-0.0304708731472562,-3.047087314725627,bearish_cluster_2_rep_1,bearish,2,2024-03-29,3036.TW,0.41317820336430305,0.7076248399666338,False,0.0,33
2022-03-02,3036.TW,3036,文曄,68,neutral,-0.0274135859510434,-2.7413585951043484,bearish_cluster_2_rep_1,bearish,2,2024-03-29,3036.TW,0.4138035348269426,0.7073118544171737,False,0.0,34
2021-11-26,6789.TW,6789,采鈺,96,neutral,0.0281249999999999,2.812499999999996,bearish_cluster_2_rep_1,bearish,2,2024-03-29,3036.TW,0.4144303758376247,0.7069983910716007,False,0.0,35
2025-10-30,3533.TW,3533,嘉澤,82,neutral,0.0144927536231884,1.449275362318847,bearish_cluster_2_rep_1,bearish,2,2024-03-29,3036.TW,0.4159713209378861,0.7062289929273692,False,0.0,36
2024-09-06,1590.TW,1590,亞德客-KY,64,neutral,-0.0392156862745097,-3.9215686274509776,bearish_cluster_2_rep_1,bearish,2,2024-03-29,3036.TW,0.4159815685894304,0.7062238818519213,False,0.0,37
2024-07-12,6515.TW,6515,穎崴,73,neutral,0.0048780487804878,0.4878048780487809,bearish_cluster_2_rep_1,bearish,2,2024-03-29,3036.TW,0.41691989978146277,0.7057561970540707,False,0.0,38
2020-04-23,2801.TW,2801,彰銀,61,neutral,0.0263158309527586,2.631583095275869,bearish_cluster_2_rep_1,bearish,2,2024-03-29,3036.TW,0.4170703223209906,0.7056812807723758,False,0.0,39
2025-07-15,2337.TW,2337,旺宏,67,neutral,0.0297766944331827,2.977669443318276,bearish_cluster_2_rep_1,bearish,2,2024-03-29,3036.TW,0.41870314068940423,0.7048690958096141,False,0.0,40
2018-06-28,2337.TW,2337,旺宏,67,neutral,-0.0359629004900691,-3.596290049006912,bearish_cluster_2_rep_1,bearish,2,2024-03-29,3036.TW,0.41960854061276076,0.7044195434104386,False,0.0,41
2020-06-17,2492.TW,2492,華新科,100,neutral,-0.0026666666666667,-0.2666666666666706,bearish_cluster_2_rep_1,bearish,2,2024-03-29,3036.TW,0.4202852642316692,0.7040839084822649,False,0.0,42
2023-06-26,6515.TW,6515,穎崴,73,neutral,0.0026350461133068,0.2635046113306893,bearish_cluster_2_rep_1,bearish,2,2024-03-29,3036.TW,0.4205129104826216,0.7039710745467623,False,0.0,43
2025-10-27,2404.TW,2404,漢唐,79,bullish,0.0507859733978235,5.078597339782354,bearish_cluster_2_rep_1,bearish,2,2024-03-29,3036.TW,0.4210704039288271,0.7036949029656127,False,0.0,44
2023-08-29,2356.TW,2356,英業達,71,neutral,-0.018315018826859,-1.831501882685904,bearish_cluster_2_rep_1,bearish,2,2024-03-29,3036.TW,0.42223517570648866,0.7031185960530436,False,0.0,45
2024-02-05,2409.TW,2409,友達,80,neutral,0.0110803751464325,1.1080375146432564,bearish_cluster_2_rep_1,bearish,2,2024-03-29,3036.TW,0.42323505345685963,0.7026246280058416,False,0.0,46
2025-08-22,3044.TW,3044,健鼎,65,neutral,0.0449438202247192,4.494382022471921,bearish_cluster_2_rep_1,bearish,2,2024-03-29,3036.TW,0.4235294794065138,0.7024793054632853,False,0.0,47
2021-07-23,6213.TW,6213,聯茂,81,neutral,-0.0179211469534049,-1.7921146953404965,bearish_cluster_2_rep_1,bearish,2,2024-03-29,3036.TW,0.4257995996240682,0.7013608365885807,False,0.0,48
2021-07-27,6213.TW,6213,聯茂,81,neutral,-0.0072463768115942,-0.7246376811594235,bearish_cluster_2_rep_1,bearish,2,2024-03-29,3036.TW,0.42602492899286515,0.7012500130038072,False,0.0,49
2024-01-05,2324.TW,2324,仁寶,84,neutral,-0.029770020733576,-2.977002073357604,bearish_cluster_2_rep_1,bearish,2,2024-03-29,3036.TW,0.4261556882474207,0.7011857178292249,False,0.0,50
2025-07-08,6415.TW,6415,矽力*-KY,92,neutral,0.0029498525073745,0.2949852507374562,bearish_cluster_2_rep_1,bearish,2,2024-03-29,3036.TW,0.4267049544452481,0.7009157688029718,False,0.0,51
2023-12-22,3044.TW,3044,健鼎,65,neutral,-0.0179487179487179,-1.7948717948717996,bearish_cluster_2_rep_1,bearish,2,2024-03-29,3036.TW,0.4269644427550817,0.7007883098118906,False,0.0,52
2025-07-08,6531.TW,6531,愛普*,95,bullish,0.1633752244165169,16.337522441651696,bearish_cluster_2_rep_1,bearish,2,2024-03-29,3036.TW,0.42772486106545027,0.700415064043742,False,0.0,53
2021-09-14,2379.TW,2379,瑞昱,53,neutral,-0.0094517958412098,-0.9451795841209808,bearish_cluster_2_rep_1,bearish,2,2024-03-29,3036.TW,0.42838283623236184,0.7000924224472586,False,0.0,54
2019-08-06,1605.TW,1605,華新,88,neutral,0.0,0.0,bearish_cluster_2_rep_1,bearish,2,2024-03-29,3036.TW,0.42841226139199334,0.700078000608519,False,0.0,55
2019-05-28,2492.TW,2492,華新科,100,neutral,0.0192307692307691,1.923076923076916,bearish_cluster_2_rep_1,bearish,2,2024-03-29,3036.TW,0.42881865542715264,0.6998788798016112,False,0.0,56
2025-09-17,6805.TW,6805,富世達,93,neutral,-0.0071428571428571,-0.7142857142857117,bearish_cluster_2_rep_1,bearish,2,2024-03-29,3036.TW,0.4293290323428362,0.6996289709171329,False,0.0,57
2024-07-26,2337.TW,2337,旺宏,67,bullish,0.1439688227918805,14.39688227918805,bearish_cluster_2_rep_1,bearish,2,2024-03-29,3036.TW,0.42951097641772673,0.6995399241396125,False,0.0,58
2024-10-15,1519.TW,1519,華城,66,neutral,0.0098039245263255,0.9803924526325504,bearish_cluster_2_rep_1,bearish,2,2024-03-29,3036.TW,0.43022260710099847,0.6991918565928407,False,0.0,59
2018-10-19,1326.TW,1326,台化,51,neutral,-0.0132158590308369,-1.3215859030836996,bearish_cluster_2_rep_1,bearish,2,2024-03-29,3036.TW,0.4316451683485194,0.698497101173159,False,0.0,60
2024-04-18,2313.TW,2313,華通,60,bearish,-0.0593548190209173,-5.935481902091732,bearish_cluster_2_rep_1,bearish,2,2024-03-29,3036.TW,0.43169016067194205,0.6984751501893853,True,0.0,61
2023-01-31,3533.TW,3533,嘉澤,82,bullish,0.0844327099922563,8.44327099922564,bearish_cluster_2_rep_1,bearish,2,2024-03-29,3036.TW,0.4321851469834775,0.6982337458995702,False,0.0,62
2021-09-09,1802.TW,1802,台玻,86,neutral,-0.0269864393511147,-2.6986439351114777,bearish_cluster_2_rep_1,bearish,2,2024-03-29,3036.TW,0.43226269913268983,0.6981959389192726,False,0.0,63
2021-08-16,6770.TW,6770,力積電,55,neutral,0.0031348082340301,0.3134808234030117,bearish_cluster_2_rep_1,bearish,2,2024-03-29,3036.TW,0.4331655519385969,0.6977560956913402,False,0.0,64
2023-07-13,6789.TW,6789,采鈺,96,neutral,-0.0121703853955374,-1.2170385395537495,bearish_cluster_2_rep_1,bearish,2,2024-03-29,3036.TW,0.43317141955260946,0.6977532389755359,False,0.0,65
2023-08-09,6415.TW,6415,矽力*-KY,92,neutral,-0.0264026402640263,-2.640264026402639,bearish_cluster_2_rep_1,bearish,2,2024-03-29,3036.TW,0.4334682606258488,0.6976087489815801,False,0.0,66
2025-08-11,3532.TW,3532,台勝科,98,neutral,0.0059952037272428,0.5995203727242826,bearish_cluster_2_rep_1,bearish,2,2024-03-29,3036.TW,0.43363712530341675,0.6975265793206623,False,0.0,67
2020-09-08,2615.TW,2615,萬海,59,neutral,0.0,0.0,bearish_cluster_2_rep_1,bearish,2,2024-03-29,3036.TW,0.4361713428957609,0.6962957483775536,False,0.0,68
2023-09-15,6213.TW,6213,聯茂,81,bearish,-0.0686498843849953,-6.86498843849953,bearish_cluster_2_rep_1,bearish,2,2024-03-29,3036.TW,0.4363671842348936,0.6962008120038384,True,0.0,69
2021-03-08,3533.TW,3533,嘉澤,82,neutral,0.0019723834739961,0.1972383473996197,bearish_cluster_2_rep_1,bearish,2,2024-03-29,3036.TW,0.43834417772189593,0.6952438891113237,False,0.0,70
2023-07-27,6415.TW,6415,矽力*-KY,92,bullish,0.0515624999999999,5.156249999999996,bearish_cluster_2_rep_1,bearish,2,2024-03-29,3036.TW,0.4387908172635051,0.695028066624682,False,0.0,71
2024-11-15,3036.TW,3036,文曄,68,neutral,0.0456621004566211,4.566210045662111,bearish_cluster_2_rep_1,bearish,2,2024-03-29,3036.TW,0.44078589578435107,0.6940656505077799,False,0.0,72
2019-05-27,2492.TW,2492,華新科,100,neutral,0.01628664495114,1.6286644951140072,bearish_cluster_2_rep_1,bearish,2,2024-03-29,3036.TW,0.4408171527608149,0.6940505935009552,False,0.0,73
2021-01-05,2409.TW,2409,友達,80,neutral,-0.0071428571428571,-0.7142857142857117,bearish_cluster_2_rep_1,bearish,2,2024-03-29,3036.TW,0.4416970864220944,0.6936269826845054,False,0.0,74
2023-03-15,3481.TW,3481,群創,52,neutral,0.0284698090485864,2.8469809048586425,bearish_cluster_2_rep_1,bearish,2,2024-03-29,3036.TW,0.44176642889478923,0.693593622350166,False,0.0,75
2023-07-10,6415.TW,6415,矽力*-KY,92,bearish,-0.1243093922651933,-12.430939226519332,bearish_cluster_2_rep_1,bearish,2,2024-03-29,3036.TW,0.4423247464034496,0.6933251353369474,True,0.0,76
2025-11-05,2324.TW,2324,仁寶,84,neutral,-0.017133933433173,-1.7133933433173043,bearish_cluster_2_rep_1,bearish,2,2024-03-29,3036.TW,0.4424844888838915,0.6932483556712215,False,0.0,77
2024-06-13,6531.TW,6531,愛普*,95,neutral,0.0199146514935988,1.9914651493598836,bearish_cluster_2_rep_1,bearish,2,2024-03-29,3036.TW,0.4430624284160201,0.6929707130533859,False,0.0,78
2019-05-28,2337.TW,2337,旺宏,67,neutral,0.0445544348781157,4.455443487811572,bearish_cluster_2_rep_1,bearish,2,2024-03-29,3036.TW,0.4432552540955843,0.692878128911888,False,0.0,79
2021-12-16,6531.TW,6531,愛普*,95,neutral,-0.0110887096774193,-1.1088709677419373,bearish_cluster_2_rep_1,bearish,2,2024-03-29,3036.TW,0.4435533501956863,0.6927350484583346,False,0.0,80
2018-03-29,6213.TW,6213,聯茂,81,neutral,0.0408163571235506,4.0816357123550695,bearish_cluster_2_rep_1,bearish,2,2024-03-29,3036.TW,0.44417691829311984,0.6924359386534893,False,0.0,81
2022-08-01,3532.TW,3532,台勝科,98,neutral,-0.0353982300884956,-3.539823008849563,bearish_cluster_2_rep_1,bearish,2,2024-03-29,3036.TW,0.44468529756254144,0.6921922730764893,False,0.0,82
2024-11-13,6770.TW,6770,力積電,55,neutral,0.0196629436219868,1.966294362198684,bearish_cluster_2_rep_1,bearish,2,2024-03-29,3036.TW,0.4456429720475079,0.6917337263319377,False,0.0,83
2023-08-14,2449.TW,2449,京元電子,57,bullish,0.0552846045251094,5.5284604525109415,bearish_cluster_2_rep_1,bearish,2,2024-03-29,3036.TW,0.44591251244848207,0.6916047764927479,False,0.0,84
2022-05-17,2609.TW,2609,陽明,77,neutral,0.0085836909871244,0.8583690987124415,bearish_cluster_2_rep_1,bearish,2,2024-03-29,3036.TW,0.4462461790409456,0.6914452148548691,False,0.0,85
2021-11-29,3481.TW,3481,群創,52,neutral,-0.0112044659409911,-1.1204465940991115,bearish_cluster_2_rep_1,bearish,2,2024-03-29,3036.TW,0.4465213792569469,0.6913136676304659,False,0.0,86
2023-12-20,3661.TW,3661,世芯-KY,56,neutral,0.0029717682020802,0.2971768202080227,bearish_cluster_2_rep_1,bearish,2,2024-03-29,3036.TW,0.44664991337272164,0.6912522447594792,False,0.0,87
2019-08-16,2337.TW,2337,旺宏,67,neutral,0.0018281256439918,0.1828125643991818,bearish_cluster_2_rep_1,bearish,2,2024-03-29,3036.TW,0.44686755918341026,0.6911482627783738,False,0.0,88
2021-11-24,1802.TW,1802,台玻,86,neutral,-0.0351852134422019,-3.518521344220193,bearish_cluster_2_rep_1,bearish,2,2024-03-29,3036.TW,0.4471909433885153,0.6909938212151583,False,0.0,89
2021-07-14,1605.TW,1605,華新,88,bullish,0.1261770067264416,12.617700672644162,bearish_cluster_2_rep_1,bearish,2,2024-03-29,3036.TW,0.447459090971336,0.69086581184753,False,0.0,90
2019-10-22,6415.TW,6415,矽力*-KY,92,bullish,0.0821382007822686,8.213820078226863,bearish_cluster_2_rep_1,bearish,2,2024-03-29,3036.TW,0.447743205949855,0.6907302316393235,False,0.0,91
2023-06-21,6515.TW,6515,穎崴,73,neutral,-0.035064935064935,-3.506493506493502,bearish_cluster_2_rep_1,bearish,2,2024-03-29,3036.TW,0.44796268359103164,0.6906255329177005,False,0.0,92
2020-04-22,6213.TW,6213,聯茂,81,neutral,0.0294117108237734,2.941171082377348,bearish_cluster_2_rep_1,bearish,2,2024-03-29,3036.TW,0.448890322779407,0.6901833660409157,False,0.0,93
2020-02-26,2376.TW,2376,技嘉,70,neutral,-0.0241187943405465,-2.411879434054653,bearish_cluster_2_rep_1,bearish,2,2024-03-29,3036.TW,0.4492874084190813,0.6899942648993445,False,0.0,94
2023-02-23,6789.TW,6789,采鈺,96,neutral,-0.0062499999999999,-0.6249999999999978,bearish_cluster_2_rep_1,bearish,2,2024-03-29,3036.TW,0.44966069083004695,0.6898165938592291,False,0.0,95
2018-04-11,3532.TW,3532,台勝科,98,bullish,0.0779220779220779,7.792207792207795,bearish_cluster_2_rep_2,bearish,2,2025-11-17,3036.TW,0.3298321587170406,0.7519745957751187,False,0.0,1
2024-01-19,2615.TW,2615,萬海,59,neutral,-0.0136718896974341,-1.367188969743416,bearish_cluster_2_rep_2,bearish,2,2025-11-17,3036.TW,0.37581036444227894,0.7268443572202455,False,0.0,2
2024-03-07,6789.TW,6789,采鈺,96,neutral,0.0051369863013699,0.5136986301369939,bearish_cluster_2_rep_2,bearish,2,2025-11-17,3036.TW,0.3761344259841755,0.7266731949422935,False,0.0,3
2019-05-24,2379.TW,2379,瑞昱,53,neutral,-0.0420792079207921,-4.207920792079212,bearish_cluster_2_rep_2,bearish,2,2025-11-17,3036.TW,0.38385118076330116,0.7226210548510155,False,0.0,4
2020-12-18,2409.TW,2409,友達,80,neutral,0.0034482758620688,0.3448275862068861,bearish_cluster_2_rep_2,bearish,2,2025-11-17,3036.TW,0.3861830574605304,0.7214054410908666,False,0.0,5
2023-07-26,6415.TW,6415,矽力*-KY,92,neutral,0.0492845786963433,4.92845786963434,bearish_cluster_2_rep_2,bearish,2,2025-11-17,3036.TW,0.3883109720083626,0.720299716823081,False,0.0,6
2022-06-28,3533.TW,3533,嘉澤,82,bearish,-0.1723202332435855,-17.232023324358558,bearish_cluster_2_rep_2,bearish,2,2025-11-17,3036.TW,0.39057348940515074,0.7191277610417934,True,0.0,7
2019-02-26,3533.TW,3533,嘉澤,82,neutral,0.0022321393293618,0.2232139329361837,bearish_cluster_2_rep_2,bearish,2,2025-11-17,3036.TW,0.3940224464098387,0.7173485639168846,False,0.0,8
2018-09-26,3533.TW,3533,嘉澤,82,neutral,-0.0049875099782168,-0.4987509978216842,bearish_cluster_2_rep_2,bearish,2,2025-11-17,3036.TW,0.3966577169238239,0.7159950415070393,False,0.0,9
2024-01-09,2324.TW,2324,仁寶,84,neutral,-0.0365359204585565,-3.653592045855658,bearish_cluster_2_rep_2,bearish,2,2025-11-17,3036.TW,0.39675367786999743,0.7159458506133785,False,0.0,10
2021-09-09,1802.TW,1802,台玻,86,neutral,-0.0269864393511147,-2.6986439351114777,bearish_cluster_2_rep_2,bearish,2,2025-11-17,3036.TW,0.3971652774275513,0.7157349356986537,False,0.0,11
2021-06-25,6531.TW,6531,愛普*,95,neutral,0.0225806451612902,2.2580645161290214,bearish_cluster_2_rep_2,bearish,2,2025-11-17,3036.TW,0.3988521321102833,0.7148718417374236,False,0.0,12
2025-07-07,6415.TW,6415,矽力*-KY,92,neutral,0.0043859649122806,0.4385964912280604,bearish_cluster_2_rep_2,bearish,2,2025-11-17,3036.TW,0.3993214579360584,0.714632077088962,False,0.0,13
2023-06-20,6515.TW,6515,穎崴,73,neutral,-0.04,-4.000000000000004,bearish_cluster_2_rep_2,bearish,2,2025-11-17,3036.TW,0.39932692061250724,0.7146292873164224,False,0.0,14
2024-11-08,6415.TW,6415,矽力*-KY,92,neutral,-0.0351602895553258,-3.51602895553258,bearish_cluster_2_rep_2,bearish,2,2025-11-17,3036.TW,0.3998484065420421,0.7143630662624657,False,0.0,15
2020-07-17,2379.TW,2379,瑞昱,53,bullish,0.075912408759124,7.591240875912408,bearish_cluster_2_rep_2,bearish,2,2025-11-17,3036.TW,0.40908034382878755,0.7096827405048995,False,0.0,16
2025-09-17,6805.TW,6805,富世達,93,neutral,-0.0071428571428571,-0.7142857142857117,bearish_cluster_2_rep_2,bearish,2,2025-11-17,3036.TW,0.4137918261634903,0.7073177121936199,False,0.0,17
2025-09-22,6805.TW,6805,富世達,93,neutral,0.013360739979445,1.336073997944509,bearish_cluster_2_rep_2,bearish,2,2025-11-17,3036.TW,0.4145319758883954,0.7069476102666049,False,0.0,18
2024-03-20,6531.TW,6531,愛普*,95,neutral,0.0253164556962024,2.5316455696202445,bearish_cluster_2_rep_2,bearish,2,2025-11-17,3036.TW,0.4214945795673082,0.7034849195868141,False,0.0,19
2021-07-21,2002.TW,2002,中鋼,62,neutral,0.0199430425461573,1.9943042546157308,bearish_cluster_2_rep_2,bearish,2,2025-11-17,3036.TW,0.4219221660796391,0.7032733744893263,False,0.0,20
2020-10-23,6415.TW,6415,矽力*-KY,92,neutral,0.0163934426229508,1.6393442622950838,bearish_cluster_2_rep_2,bearish,2,2025-11-17,3036.TW,0.42269634970003933,0.7028906767145635,False,0.0,21
2025-10-01,3533.TW,3533,嘉澤,82,neutral,-0.0032786885245901,-0.3278688524590123,bearish_cluster_2_rep_2,bearish,2,2025-11-17,3036.TW,0.4253378503595451,0.7015880478777348,False,0.0,22
2020-07-28,3481.TW,3481,群創,52,neutral,0.0336238805712656,3.362388057126564,bearish_cluster_2_rep_2,bearish,2,2025-11-17,3036.TW,0.42878989802091083,0.6998929663382633,False,0.0,23
2023-06-21,6515.TW,6515,穎崴,73,neutral,-0.035064935064935,-3.506493506493502,bearish_cluster_2_rep_2,bearish,2,2025-11-17,3036.TW,0.4309641707660022,0.6988295167898544,False,0.0,24
2020-08-18,2313.TW,2313,華通,60,bearish,-0.0813835173106533,-8.13835173106533,bearish_cluster_2_rep_2,bearish,2,2025-11-17,3036.TW,0.4419223260514902,0.6935186326841648,True,0.0,25
2024-12-23,1802.TW,1802,台玻,86,neutral,-0.0259366428268247,-2.593664282682473,bearish_cluster_2_rep_2,bearish,2,2025-11-17,3036.TW,0.4436818198936555,0.6926734036684496,False,0.0,26
2020-09-25,1590.TW,1590,亞德客-KY,64,bullish,0.0533980815342929,5.339808153429293,bearish_cluster_2_rep_2,bearish,2,2025-11-17,3036.TW,0.44539729765279856,0.691851300416788,False,0.0,27
2020-06-02,3533.TW,3533,嘉澤,82,neutral,0.0153256463963926,1.5325646396392667,bearish_cluster_2_rep_2,bearish,2,2025-11-17,3036.TW,0.44892972003677123,0.6901645995463616,False,0.0,28
2025-06-19,2615.TW,2615,萬海,59,bearish,-0.0781563408140638,-7.815634081406387,bearish_cluster_2_rep_2,bearish,2,2025-11-17,3036.TW,0.44991848727774936,0.6896939440213082,True,0.0,29
2025-09-11,1519.TW,1519,華城,66,neutral,-0.0214875932173295,-2.1487593217329515,bearish_cluster_2_rep_2,bearish,2,2025-11-17,3036.TW,0.45097375444651144,0.6891923419948145,False,0.0,30
2022-10-19,6515.TW,6515,穎崴,73,bearish,-0.0842857142857143,-8.42857142857143,bearish_cluster_2_rep_2,bearish,2,2025-11-17,3036.TW,0.45187339494984463,0.6887652900579153,True,0.0,31
2019-09-26,6213.TW,6213,聯茂,81,neutral,0.0225806497708844,2.258064977088448,bearish_cluster_2_rep_2,bearish,2,2025-11-17,3036.TW,0.45325828946968244,0.6881089254718211,False,0.0,32
2019-01-18,6415.TW,6415,矽力*-KY,92,bullish,0.1476190476190475,14.761904761904754,bearish_cluster_2_rep_2,bearish,2,2025-11-17,3036.TW,0.4551060693061791,0.6872351240187035,False,0.0,33
2018-07-06,2337.TW,2337,旺宏,67,neutral,0.0146341037509469,1.463410375094698,bearish_cluster_2_rep_2,bearish,2,2025-11-17,3036.TW,0.4582841854235512,0.68573739604092,False,0.0,34
2025-11-03,1605.TW,1605,華新,88,neutral,0.0463917650780987,4.639176507809872,bearish_cluster_2_rep_2,bearish,2,2025-11-17,3036.TW,0.45987582506660496,0.6849897661360179,False,0.0,35
2021-01-29,2492.TW,2492,華新科,100,bullish,0.0748299319727892,7.48299319727892,bearish_cluster_2_rep_2,bearish,2,2025-11-17,3036.TW,0.46548973813648514,0.6823657470789245,False,0.0,36
2021-02-05,2615.TW,2615,萬海,59,bullish,0.0545023173704957,5.450231737049571,bearish_cluster_2_rep_2,bearish,2,2025-11-17,3036.TW,0.465493129773127,0.6823641678585077,False,0.0,37
2024-07-15,6515.TW,6515,穎崴,73,neutral,-0.0216748768472906,-2.167487684729064,bearish_cluster_2_rep_2,bearish,2,2025-11-17,3036.TW,0.46575937133577094,0.6822402227513534,False,0.0,38
2025-12-18,2449.TW,2449,京元電子,57,bullish,0.0551558576093258,5.515585760932584,bearish_cluster_2_rep_2,bearish,2,2025-11-17,3036.TW,0.4674144746694905,0.6814707209598927,False,0.0,39
2018-03-28,6213.TW,6213,聯茂,81,neutral,0.0385756035752626,3.857560357526269,bearish_cluster_2_rep_2,bearish,2,2025-11-17,3036.TW,0.46855850415464345,0.6809398448689227,False,0.0,40
2023-12-08,2313.TW,2313,華通,60,bullish,0.0782608916794045,7.826089167940453,bearish_cluster_2_rep_2,bearish,2,2025-11-17,3036.TW,0.47016267849151666,0.6801968344251982,False,0.0,41
2024-06-05,2324.TW,2324,仁寶,84,neutral,-0.0165288839320009,-1.6528883932000915,bearish_cluster_2_rep_2,bearish,2,2025-11-17,3036.TW,0.47071178022162075,0.6799428776244048,False,0.0,42
2023-07-26,3533.TW,3533,嘉澤,82,neutral,-0.0092961487383798,-0.9296148738379806,bearish_cluster_2_rep_2,bearish,2,2025-11-17,3036.TW,0.47072362292532166,0.6799374025222797,False,0.0,43
2021-07-01,6531.TW,6531,愛普*,95,neutral,0.0389610389610388,3.8961038961038863,bearish_cluster_2_rep_2,bearish,2,2025-11-17,3036.TW,0.4711582201630163,0.679736541110576,False,0.0,44
2021-07-26,6415.TW,6415,矽力*-KY,92,neutral,-0.0171730515191546,-1.7173051519154603,bearish_cluster_2_rep_2,bearish,2,2025-11-17,3036.TW,0.4726523243767715,0.6790469029566781,False,0.0,45
2024-12-20,1802.TW,1802,台玻,86,neutral,-0.0171428135463169,-1.714281354631697,bearish_cluster_2_rep_2,bearish,2,2025-11-17,3036.TW,0.47299237965537017,0.6788901380698017,False,0.0,46
2022-12-13,3661.TW,3661,世芯-KY,56,neutral,0.0127167630057802,1.2716763005780285,bearish_cluster_2_rep_2,bearish,2,2025-11-17,3036.TW,0.4744322713516724,0.678227151853682,False,0.0,47
2024-06-04,6139.TW,6139,亞翔,85,bullish,0.062052505966587,6.205250596658707,bearish_cluster_2_rep_2,bearish,2,2025-11-17,3036.TW,0.47838026556668134,0.6764159555503048,False,0.0,48
2021-09-06,1802.TW,1802,台玻,86,neutral,-0.0191176919376149,-1.911769193761492,bearish_cluster_2_rep_2,bearish,2,2025-11-17,3036.TW,0.47899749945408165,0.6761336651137771,False,0.0,49
2021-11-30,3481.TW,3481,群創,52,neutral,0.0315186203766615,3.151862037666153,bearish_cluster_2_rep_2,bearish,2,2025-11-17,3036.TW,0.47908773726041526,0.676092414809829,False,0.0,50
2025-03-06,6415.TW,6415,矽力*-KY,92,neutral,-0.0293772032902467,-2.9377203290246734,bearish_cluster_2_rep_2,bearish,2,2025-11-17,3036.TW,0.4813728016491527,0.6750495208814015,False,0.0,51
2021-01-20,3533.TW,3533,嘉澤,82,neutral,0.0303604816516012,3.036048165160121,bearish_cluster_2_rep_2,bearish,2,2025-11-17,3036.TW,0.48252123511637857,0.6745265945020339,False,0.0,52
2023-12-13,6415.TW,6415,矽力*-KY,92,neutral,0.0192061459667094,1.9206145966709445,bearish_cluster_2_rep_2,bearish,2,2025-11-17,3036.TW,0.4826635497103669,0.6744618495513338,False,0.0,53
2018-07-06,1605.TW,1605,華新,88,bullish,0.0571428859438583,5.71428859438583,bearish_cluster_2_rep_2,bearish,2,2025-11-17,3036.TW,0.483248000730611,0.6741960882518803,False,0.0,54
2021-03-08,2615.TW,2615,萬海,59,neutral,0.0407488298470735,4.074882984707351,bearish_cluster_2_rep_2,bearish,2,2025-11-17,3036.TW,0.48373205765393795,0.673976136622127,False,0.0,55
2022-09-26,2376.TW,2376,技嘉,70,neutral,-0.003363177495817,-0.3363177495817049,bearish_cluster_2_rep_2,bearish,2,2025-11-17,3036.TW,0.4846684252124897,0.6735510656912349,False,0.0,56
2023-10-18,6139.TW,6139,亞翔,85,bullish,0.0879629438639915,8.79629438639915,bearish_cluster_2_rep_2,bearish,2,2025-11-17,3036.TW,0.48577620570019364,0.6730488724772217,False,0.0,57
2024-10-29,1519.TW,1519,華城,66,neutral,0.0237660043655356,2.3766004365535665,bearish_cluster_2_rep_2,bearish,2,2025-11-17,3036.TW,0.4858261547288384,0.6730262465883828,False,0.0,58
2019-08-22,2615.TW,2615,萬海,59,neutral,0.0026666865695534,0.2666686569553489,bearish_cluster_2_rep_2,bearish,2,2025-11-17,3036.TW,0.4861882711643821,0.6728622607259114,False,0.0,59
2025-12-24,6919.TW,6919,康霈*,97,neutral,-0.0222222222222222,-2.222222222222225,bearish_cluster_2_rep_2,bearish,2,2025-11-17,3036.TW,0.48705716838483804,0.6724691029102442,False,0.0,60
2024-12-11,1519.TW,1519,華城,66,neutral,-0.0335820988064271,-3.358209880642715,bearish_cluster_2_rep_2,bearish,2,2025-11-17,3036.TW,0.48746407717802925,0.6722851431122754,False,0.0,61
2020-05-22,2492.TW,2492,華新科,100,neutral,0.0380434782608696,3.8043478260869614,bearish_cluster_2_rep_2,bearish,2,2025-11-17,3036.TW,0.4875079448258053,0.6722653169540584,False,0.0,62
2025-06-30,2337.TW,2337,旺宏,67,neutral,0.0470588235294118,4.705882352941182,bearish_cluster_2_rep_2,bearish,2,2025-11-17,3036.TW,0.4878080139456965,0.6721297308703024,False,0.0,63
2025-02-18,1802.TW,1802,台玻,86,neutral,0.0090089863043201,0.900898630432012,bearish_cluster_2_rep_2,bearish,2,2025-11-17,3036.TW,0.4887191851898404,0.6717183535674531,False,0.0,64
2023-03-15,3481.TW,3481,群創,52,neutral,0.0284698090485864,2.8469809048586425,bearish_cluster_2_rep_2,bearish,2,2025-11-17,3036.TW,0.4895283521113671,0.6713534513005586,False,0.0,65
2023-08-08,6415.TW,6415,矽力*-KY,92,neutral,-0.0065573770491803,-0.6557377049180357,bearish_cluster_2_rep_2,bearish,2,2025-11-17,3036.TW,0.4895874572898332,0.6713268127400909,False,0.0,66
2024-01-19,1519.TW,1519,華城,66,bullish,0.1057828361385579,10.5782836138558,bearish_cluster_2_rep_2,bearish,2,2025-11-17,3036.TW,0.48978768453625393,0.6712365865148653,False,0.0,67
2018-03-09,2313.TW,2313,華通,60,neutral,0.0407523874594037,4.075238745940379,bearish_cluster_2_rep_2,bearish,2,2025-11-17,3036.TW,0.4905290485212067,0.6709027247688507,False,0.0,68
2024-07-29,2409.TW,2409,友達,80,neutral,0.0028090531770965,0.2809053177096565,bearish_cluster_2_rep_2,bearish,2,2025-11-17,3036.TW,0.4906447281408381,0.670850660202059,False,0.0,69
2024-09-03,6805.TW,6805,富世達,93,bearish,-0.0905459387483355,-9.05459387483355,bearish_cluster_2_rep_2,bearish,2,2025-11-17,3036.TW,0.4908371909128417,0.670764055320956,True,0.0,70
2024-02-27,6213.TW,6213,聯茂,81,bullish,0.0558139889739279,5.5813988973927975,bearish_cluster_2_rep_2,bearish,2,2025-11-17,3036.TW,0.49124504593789353,0.6705806015744828,False,0.0,71
2021-10-27,2615.TW,2615,萬海,59,neutral,0.0359477090450579,3.594770904505795,bearish_cluster_2_rep_2,bearish,2,2025-11-17,3036.TW,0.4916021588906425,0.6704200540603504,False,0.0,72
2021-10-13,2409.TW,2409,友達,80,neutral,0.0267857142857141,2.678571428571419,bearish_cluster_2_rep_2,bearish,2,2025-11-17,3036.TW,0.49162924271938996,0.6704078811011371,False,0.0,73
2024-01-24,6531.TW,6531,愛普*,95,neutral,0.0421686746987952,4.216867469879526,bearish_cluster_2_rep_2,bearish,2,2025-11-17,3036.TW,0.49323570439290526,0.6696866389265472,False,0.0,74
2021-09-08,1802.TW,1802,台玻,86,neutral,-0.0234261498100247,-2.3426149810024777,bearish_cluster_2_rep_2,bearish,2,2025-11-17,3036.TW,0.49343596637812503,0.6695968374360208,False,0.0,75
2022-07-06,1519.TW,1519,華城,66,bullish,0.0548962308419027,5.489623084190276,bearish_cluster_2_rep_2,bearish,2,2025-11-17,3036.TW,0.4948291435544436,0.668972774789615,False,0.0,76
2023-04-21,6515.TW,6515,穎崴,73,neutral,-0.0340425531914894,-3.404255319148941,bearish_cluster_2_rep_2,bearish,2,2025-11-17,3036.TW,0.49580301032099594,0.6685372292340835,False,0.0,77
2025-12-24,6415.TW,6415,矽力*-KY,92,neutral,-0.0026041666666666,-0.2604166666666629,bearish_cluster_2_rep_2,bearish,2,2025-11-17,3036.TW,0.4981188688335807,0.6675037747696144,False,0.0,78
2021-06-09,1590.TW,1590,亞德客-KY,64,neutral,0.0259874805484803,2.5987480548480324,bearish_cluster_2_rep_2,bearish,2,2025-11-17,3036.TW,0.4994366888868099,0.6669171212173056,False,0.0,79
2018-12-26,3661.TW,3661,世芯-KY,56,neutral,0.0043478703153305,0.4347870315330571,bearish_cluster_2_rep_2,bearish,2,2025-11-17,3036.TW,0.5009566962911948,0.6662417393326275,False,0.0,80
2025-05-05,6239.TW,6239,力成,76,bullish,0.0521327014218009,5.213270142180093,bearish_cluster_2_rep_2,bearish,2,2025-11-17,3036.TW,0.5012707405167982,0.6661023711524275,False,0.0,81
2020-05-19,3532.TW,3532,台勝科,98,neutral,0.0033222591362125,0.3322259136212535,bearish_cluster_2_rep_2,bearish,2,2025-11-17,3036.TW,0.5013575853631602,0.6660638409856984,False,0.0,82
2022-12-13,6531.TW,6531,愛普*,95,neutral,-0.018970189701897,-1.897018970189701,bearish_cluster_2_rep_2,bearish,2,2025-11-17,3036.TW,0.5017500256800111,0.6658897838521345,False,0.0,83
2024-12-12,1519.TW,1519,華城,66,neutral,-0.0131826778665684,-1.318267786656846,bearish_cluster_2_rep_2,bearish,2,2025-11-17,3036.TW,0.5020663326890457,0.6657495599477081,False,0.0,84
2021-08-20,2313.TW,2313,華通,60,bullish,0.0504527004206329,5.045270042063299,bearish_cluster_2_rep_2,bearish,2,2025-11-17,3036.TW,0.5021046005992075,0.6657325991819,False,0.0,85
2024-06-28,2615.TW,2615,萬海,59,neutral,-0.011286681909956,-1.1286681909956076,bearish_cluster_2_rep_2,bearish,2,2025-11-17,3036.TW,0.5024198908560491,0.6655928918980298,False,0.0,86
2020-09-08,2615.TW,2615,萬海,59,neutral,0.0,0.0,bearish_cluster_2_rep_2,bearish,2,2025-11-17,3036.TW,0.502766554061932,0.6654393507075537,False,0.0,87
2021-01-27,3481.TW,3481,群創,52,bullish,0.0538460761428245,5.384607614282455,bearish_cluster_2_rep_2,bearish,2,2025-11-17,3036.TW,0.5030805257089367,0.6653003501115445,False,0.0,88
2018-12-26,2492.TW,2492,華新科,100,neutral,0.0301003344481605,3.0100334448160515,bearish_cluster_2_rep_2,bearish,2,2025-11-17,3036.TW,0.5034105813747154,0.6651542914415317,False,0.0,89
2025-03-13,6531.TW,6531,愛普*,95,neutral,0.0138408304498269,1.384083044982698,bearish_cluster_2_rep_2,bearish,2,2025-11-17,3036.TW,0.5035754394898527,0.6650813612247414,False,0.0,90
2025-12-23,6415.TW,6415,矽力*-KY,92,neutral,-0.0128205128205127,-1.2820512820512775,bearish_cluster_2_rep_2,bearish,2,2025-11-17,3036.TW,0.5046204118773959,0.6646194562469389,False,0.0,91
2023-04-20,1590.TW,1590,亞德客-KY,64,neutral,-0.0357142857142857,-3.57142857142857,bearish_cluster_2_rep_2,bearish,2,2025-11-17,3036.TW,0.5049697637886142,0.6644651766840802,False,0.0,92
2021-03-30,3661.TW,3661,世芯-KY,56,neutral,0.0279329608938547,2.793296089385477,bearish_cluster_2_rep_2,bearish,2,2025-11-17,3036.TW,0.5050694814160512,0.664421152875378,False,0.0,93
2024-07-19,6531.TW,6531,愛普*,95,bearish,-0.0821917808219178,-8.21917808219178,bearish_cluster_2_rep_2,bearish,2,2025-11-17,3036.TW,0.5052100538784176,0.6643591021886532,True,0.0,94
2020-06-17,2492.TW,2492,華新科,100,neutral,-0.0026666666666667,-0.2666666666666706,bearish_cluster_2_rep_2,bearish,2,2025-11-17,3036.TW,0.5052305325549307,0.6643500635763956,False,0.0,95
2025-09-08,7750.TW,7750,新代,91,neutral,-0.0141921397379912,-1.4192139737991272,bearish_cluster_2_rep_3,bearish,2,2024-03-05,6789.TW,0.24521984462313504,0.803071043493247,False,0.0,1
2023-06-30,2356.TW,2356,英業達,71,neutral,0.0462962954786743,4.629629547867431,bearish_cluster_2_rep_3,bearish,2,2024-03-05,6789.TW,0.29469596989482416,0.7723821061103913,False,0.0,2
2021-03-23,2492.TW,2492,華新科,100,neutral,0.0140562248995983,1.4056224899598346,bearish_cluster_2_rep_3,bearish,2,2024-03-05,6789.TW,0.3316728023792611,0.7509352133747338,False,0.0,3
2020-12-28,3661.TW,3661,世芯-KY,56,neutral,0.0230642504118616,2.3064250411861664,bearish_cluster_2_rep_3,bearish,2,2024-03-05,6789.TW,0.34077853526566143,0.7458353290253564,False,0.0,4
2019-07-10,1590.TW,1590,亞德客-KY,64,neutral,0.0014598983633091,0.1459898363309175,bearish_cluster_2_rep_3,bearish,2,2024-03-05,6789.TW,0.3448376977702882,0.7435841526884458,False,0.0,5
2024-06-03,3533.TW,3533,嘉澤,82,neutral,-0.0094043887147335,-0.9404388714733593,bearish_cluster_2_rep_3,bearish,2,2024-03-05,6789.TW,0.3487119693849097,0.7414481540162038,False,0.0,6
2021-03-11,2409.TW,2409,友達,80,neutral,-0.002710027100271,-0.2710027100271017,bearish_cluster_2_rep_3,bearish,2,2024-03-05,6789.TW,0.3508817973029961,0.7402572171721291,False,0.0,7
2019-03-05,3533.TW,3533,嘉澤,82,neutral,-0.0111358399006015,-1.113583990060152,bearish_cluster_2_rep_3,bearish,2,2024-03-05,6789.TW,0.3524099226274013,0.7394207800969435,False,0.0,8
2021-03-11,3481.TW,3481,群創,52,neutral,0.0060240005514931,0.6024000551493103,bearish_cluster_2_rep_3,bearish,2,2024-03-05,6789.TW,0.3536475201811526,0.7387447508241839,False,0.0,9
2024-03-04,6789.TW,6789,采鈺,96,bearish,-0.0504065040650406,-5.040650406504065,bearish_cluster_2_rep_3,bearish,2,2024-03-05,6789.TW,0.3582755097112387,0.7362276598895566,True,0.0,10
2020-05-19,3044.TW,3044,健鼎,65,neutral,-0.0180995475113122,-1.8099547511312264,bearish_cluster_2_rep_3,bearish,2,2024-03-05,6789.TW,0.36636825455280636,0.7318671204984093,False,0.0,11
2021-02-03,2337.TW,2337,旺宏,67,neutral,0.034782646605687,3.4782646605687084,bearish_cluster_2_rep_3,bearish,2,2024-03-05,6789.TW,0.3670943757932594,0.7314783951325583,False,0.0,12
2025-12-23,6515.TW,6515,穎崴,73,bullish,0.0735009671179884,7.350096711798848,bearish_cluster_2_rep_3,bearish,2,2024-03-05,6789.TW,0.3676966954055471,0.7311562595415072,False,0.0,13
2019-09-24,6213.TW,6213,聯茂,81,neutral,-0.0473186214336606,-4.731862143366062,bearish_cluster_2_rep_3,bearish,2,2024-03-05,6789.TW,0.3690349392394114,0.7304415477924657,False,0.0,14
2018-07-23,2337.TW,2337,旺宏,67,neutral,0.0245098609553697,2.4509860955369778,bearish_cluster_2_rep_3,bearish,2,2024-03-05,6789.TW,0.37047074606844255,0.7296762830354199,False,0.0,15
2025-07-01,6805.TW,6805,富世達,93,neutral,-0.021039603960396,-2.103960396039606,bearish_cluster_2_rep_3,bearish,2,2024-03-05,6789.TW,0.3725923363797851,0.7285484360472986,False,0.0,16
2025-07-02,6805.TW,6805,富世達,93,neutral,-0.0125470514429109,-1.2547051442910906,bearish_cluster_2_rep_3,bearish,2,2024-03-05,6789.TW,0.38060839858794693,0.7243183519836442,False,0.0,17
2021-03-24,2492.TW,2492,華新科,100,neutral,0.0141129032258064,1.4112903225806497,bearish_cluster_2_rep_3,bearish,2,2024-03-05,6789.TW,0.38329967551011834,0.7229091553363017,False,0.0,18
2025-02-14,2379.TW,2379,瑞昱,53,neutral,0.0091240875912408,0.9124087591240836,bearish_cluster_2_rep_3,bearish,2,2024-03-05,6789.TW,0.3863312705774574,0.7213283154057858,False,0.0,19
2023-04-19,1590.TW,1590,亞德客-KY,64,neutral,-0.0344827586206896,-3.4482758620689613,bearish_cluster_2_rep_3,bearish,2,2024-03-05,6789.TW,0.39011338951082736,0.7193657780333258,False,0.0,20
2025-02-26,6805.TW,6805,富世達,93,neutral,0.0068775790921595,0.687757909215958,bearish_cluster_2_rep_3,bearish,2,2024-03-05,6789.TW,0.3932185059360253,0.7177625015310546,False,0.0,21
2024-03-06,6789.TW,6789,采鈺,96,neutral,-0.0033333333333332,-0.3333333333333299,bearish_cluster_2_rep_3,bearish,2,2024-03-05,6789.TW,0.39328554595405096,0.717727965314713,False,0.0,22
2024-06-24,6139.TW,6139,亞翔,85,bullish,0.0520361990950226,5.203619909502266,bearish_cluster_2_rep_3,bearish,2,2024-03-05,6789.TW,0.39413428004151946,0.7172910201807953,False,0.0,23
2024-10-16,6805.TW,6805,富世達,93,neutral,0.033096926713948,3.309692671394804,bearish_cluster_2_rep_3,bearish,2,2024-03-05,6789.TW,0.39519699701986555,0.7167446619624293,False,0.0,24
2023-08-14,2449.TW,2449,京元電子,57,bullish,0.0552846045251094,5.5284604525109415,bearish_cluster_2_rep_3,bearish,2,2024-03-05,6789.TW,0.3963769108014845,0.7161390254054155,False,0.0,25
2024-05-22,3044.TW,3044,健鼎,65,neutral,-0.0045662100456621,-0.4566210045662155,bearish_cluster_2_rep_3,bearish,2,2024-03-05,6789.TW,0.3970445690904922,0.7157967770856607,False,0.0,26
2021-11-16,3481.TW,3481,群創,52,bullish,0.1114369637977665,11.143696379776657,bearish_cluster_2_rep_3,bearish,2,2024-03-05,6789.TW,0.39727394888385437,0.7156792701952271,False,0.0,27
2018-09-20,3034.TW,3034,聯詠,58,neutral,-0.0101694915254236,-1.016949152542368,bearish_cluster_2_rep_3,bearish,2,2024-03-05,6789.TW,0.3991892426741458,0.7146996056722027,False,0.0,28
2023-12-07,2313.TW,2313,華通,60,neutral,0.0245665412226567,2.456654122265678,bearish_cluster_2_rep_3,bearish,2,2024-03-05,6789.TW,0.4015828297091076,0.7134790601048856,False,0.0,29
2025-08-22,3044.TW,3044,健鼎,65,neutral,0.0449438202247192,4.494382022471921,bearish_cluster_2_rep_3,bearish,2,2024-03-05,6789.TW,0.40175271998237494,0.7133925875403856,False,0.0,30
2019-01-02,2492.TW,2492,華新科,100,neutral,-0.0389610389610389,-3.8961038961038974,bearish_cluster_2_rep_3,bearish,2,2024-03-05,6789.TW,0.4019696508375479,0.7132822022235589,False,0.0,31
2020-11-13,3532.TW,3532,台勝科,98,neutral,0.0262008733624454,2.620087336244548,bearish_cluster_2_rep_3,bearish,2,2024-03-05,6789.TW,0.40261282377980423,0.7129551242125173,False,0.0,32
2022-01-11,6789.TW,6789,采鈺,96,neutral,-0.0019230769230769,-0.1923076923076916,bearish_cluster_2_rep_3,bearish,2,2024-03-05,6789.TW,0.40546893643179993,0.7115062980607716,False,0.0,33
2021-11-26,2409.TW,2409,友達,80,neutral,-0.0024330900243308,-0.2433090024330897,bearish_cluster_2_rep_3,bearish,2,2024-03-05,6789.TW,0.40601740886767484,0.7112287470219463,False,0.0,34
2025-01-02,6770.TW,6770,力積電,55,neutral,-0.0318471341448636,-3.184713414486362,bearish_cluster_2_rep_3,bearish,2,2024-03-05,6789.TW,0.4065504605987026,0.7109592069482861,False,0.0,35
2021-02-04,2337.TW,2337,旺宏,67,bullish,0.1449999809265136,14.499998092651367,bearish_cluster_2_rep_3,bearish,2,2024-03-05,6789.TW,0.4070535434116554,0.7107050081230878,False,0.0,36
2025-03-18,6770.TW,6770,力積電,55,neutral,-0.0055710516556741,-0.5571051655674175,bearish_cluster_2_rep_3,bearish,2,2024-03-05,6789.TW,0.407071020658176,0.7106961804474069,False,0.0,37
2024-05-14,2618.TW,2618,長榮航,72,neutral,0.0274725263208859,2.7472526320885926,bearish_cluster_2_rep_3,bearish,2,2024-03-05,6789.TW,0.4075000146997209,0.7104795662921127,False,0.0,38
2025-06-18,1802.TW,1802,台玻,86,neutral,-0.0278637659377287,-2.786376593772877,bearish_cluster_2_rep_3,bearish,2,2024-03-05,6789.TW,0.4096166748836548,0.7094127203642343,False,0.0,39
2020-04-24,6139.TW,6139,亞翔,85,neutral,0.0160643199058447,1.6064319905844782,bearish_cluster_2_rep_3,bearish,2,2024-03-05,6789.TW,0.4096504281841114,0.7093957338687037,False,0.0,40
2021-08-24,2404.TW,2404,漢唐,79,neutral,0.0211081794195251,2.110817941952514,bearish_cluster_2_rep_3,bearish,2,2024-03-05,6789.TW,0.409765156259615,0.7093380025458973,False,0.0,41
2018-07-19,2337.TW,2337,旺宏,67,neutral,0.0108695570447092,1.0869557044709266,bearish_cluster_2_rep_3,bearish,2,2024-03-05,6789.TW,0.4097772526162445,0.709331916190458,False,0.0,42
2024-04-08,6239.TW,6239,力成,76,neutral,-0.0342105263157894,-3.421052631578947,bearish_cluster_2_rep_3,bearish,2,2024-03-05,6789.TW,0.4098851891591421,0.7092776118858314,False,0.0,43
2023-02-20,6789.TW,6789,采鈺,96,neutral,-0.002079002079002,-0.2079002079002023,bearish_cluster_2_rep_3,bearish,2,2024-03-05,6789.TW,0.4110702323470479,0.7086819472739423,False,0.0,44
2025-04-28,2615.TW,2615,萬海,59,neutral,0.0097204786476152,0.9720478647615272,bearish_cluster_2_rep_3,bearish,2,2024-03-05,6789.TW,0.41107138919923564,0.7086813662684258,False,0.0,45
2023-08-08,2409.TW,2409,友達,80,bearish,-0.115196099284978,-11.51960992849781,bearish_cluster_2_rep_3,bearish,2,2024-03-05,6789.TW,0.4124465779566113,0.707991378652141,True,0.0,46
2021-03-03,2376.TW,2376,技嘉,70,neutral,0.0330969633836852,3.3096963383685285,bearish_cluster_2_rep_3,bearish,2,2024-03-05,6789.TW,0.41266282431377527,0.7078830013706681,False,0.0,47
2021-12-24,2615.TW,2615,萬海,59,neutral,0.0100502822739971,1.005028227399718,bearish_cluster_2_rep_3,bearish,2,2024-03-05,6789.TW,0.4135928016574945,0.707417297843806,False,0.0,48
2025-12-10,6415.TW,6415,矽力*-KY,92,neutral,-0.0074257425742574,-0.7425742574257432,bearish_cluster_2_rep_3,bearish,2,2024-03-05,6789.TW,0.4139378667955302,0.7072446558534741,False,0.0,49
2025-01-10,5871.TW,5871,中租-KY,78,neutral,0.0,0.0,bearish_cluster_2_rep_3,bearish,2,2024-03-05,6789.TW,0.41416527481865106,0.7071309257881738,False,0.0,50
2019-12-24,2337.TW,2337,旺宏,67,neutral,0.0396175088358192,3.961750883581927,bearish_cluster_2_rep_3,bearish,2,2024-03-05,6789.TW,0.41494165521160564,0.7067429220962819,False,0.0,51
2020-05-14,1519.TW,1519,華城,66,neutral,-0.0316574004019153,-3.1657400401915337,bearish_cluster_2_rep_3,bearish,2,2024-03-05,6789.TW,0.41515613137513635,0.7066358105859877,False,0.0,52
2024-12-12,6515.TW,6515,穎崴,73,neutral,-0.0178571428571429,-1.7857142857142905,bearish_cluster_2_rep_3,bearish,2,2024-03-05,6789.TW,0.4156402047003495,0.7063941788878985,False,0.0,53
2025-03-20,1802.TW,1802,台玻,86,neutral,-0.0115942471269248,-1.1594247126924806,bearish_cluster_2_rep_3,bearish,2,2024-03-05,6789.TW,0.41582162024189995,0.7063036654498505,False,0.0,54
2025-02-18,1802.TW,1802,台玻,86,neutral,0.0090089863043201,0.900898630432012,bearish_cluster_2_rep_3,bearish,2,2024-03-05,6789.TW,0.41582488023220304,0.7063020391589633,False,0.0,55
2024-05-10,2492.TW,2492,華新科,100,neutral,-0.0132743362831858,-1.327433628318586,bearish_cluster_2_rep_3,bearish,2,2024-03-05,6789.TW,0.41617000620935585,0.706129910685432,False,0.0,56
2024-04-10,6239.TW,6239,力成,76,neutral,0.008108108108108,0.8108108108108025,bearish_cluster_2_rep_3,bearish,2,2024-03-05,6789.TW,0.4165241478927493,0.7059533729005755,False,0.0,57
2021-02-01,6770.TW,6770,力積電,55,neutral,0.0267214840634064,2.6721484063406464,bearish_cluster_2_rep_3,bearish,2,2024-03-05,6789.TW,0.4182001162769326,0.7051191073268319,False,0.0,58
2019-12-25,2313.TW,2313,華通,60,neutral,-0.0323275851437935,-3.2327585143793525,bearish_cluster_2_rep_3,bearish,2,2024-03-05,6789.TW,0.4187908616454612,0.7048255151856821,False,0.0,59
2020-09-08,2615.TW,2615,萬海,59,neutral,0.0,0.0,bearish_cluster_2_rep_3,bearish,2,2024-03-05,6789.TW,0.4202739408280386,0.7040895219248948,False,0.0,60
2020-12-22,1590.TW,1590,亞德客-KY,64,neutral,0.013921106708427,1.3921106708427056,bearish_cluster_2_rep_3,bearish,2,2024-03-05,6789.TW,0.42059318561185366,0.7039312944256431,False,0.0,61
2025-03-06,6415.TW,6415,矽力*-KY,92,neutral,-0.0293772032902467,-2.9377203290246734,bearish_cluster_2_rep_3,bearish,2,2024-03-05,6789.TW,0.4214728091937161,0.7034956937144772,False,0.0,62
2018-05-23,1590.TW,1590,亞德客-KY,64,neutral,-0.0229007525640702,-2.2900752564070204,bearish_cluster_2_rep_3,bearish,2,2024-03-05,6789.TW,0.4221924169743766,0.7031397355692811,False,0.0,63
2021-03-09,2409.TW,2409,友達,80,neutral,0.0108695652173913,1.0869565217391353,bearish_cluster_2_rep_3,bearish,2,2024-03-05,6789.TW,0.4222362113818758,0.7031180840406096,False,0.0,64
2025-12-11,6415.TW,6415,矽力*-KY,92,neutral,0.0249999999999999,2.499999999999991,bearish_cluster_2_rep_3,bearish,2,2024-03-05,6789.TW,0.4230672499780284,0.7027074792252015,False,0.0,65
2023-11-23,2449.TW,2449,京元電子,57,neutral,0.010962297028018,1.0962297028018098,bearish_cluster_2_rep_3,bearish,2,2024-03-05,6789.TW,0.4234007414979162,0.7025428404285147,False,0.0,66
2019-02-21,6531.TW,6531,愛普*,95,neutral,-0.0092975361312508,-0.929753613125084,bearish_cluster_2_rep_3,bearish,2,2024-03-05,6789.TW,0.4236864166241095,0.7024018690655431,False,0.0,67
2025-09-05,7750.TW,7750,新代,91,neutral,-0.0109529025191675,-1.0952902519167584,bearish_cluster_2_rep_3,bearish,2,2024-03-05,6789.TW,0.42419220955262793,0.7021524154482796,False,0.0,68
2025-07-30,3661.TW,3661,世芯-KY,56,neutral,0.0,0.0,bearish_cluster_2_rep_3,bearish,2,2024-03-05,6789.TW,0.4243242250625751,0.70208733545627,False,0.0,69
2023-01-13,3661.TW,3661,世芯-KY,56,neutral,0.032258064516129,3.2258064516129004,bearish_cluster_2_rep_3,bearish,2,2024-03-05,6789.TW,0.4244235071176867,0.7020384000987843,False,0.0,70
2024-05-29,1605.TW,1605,華新,88,neutral,-0.0187415522580861,-1.874155225808616,bearish_cluster_2_rep_3,bearish,2,2024-03-05,6789.TW,0.4246507671019026,0.701926411084066,False,0.0,71
2024-11-04,6415.TW,6415,矽力*-KY,92,neutral,-0.0167652859960552,-1.67652859960552,bearish_cluster_2_rep_3,bearish,2,2024-03-05,6789.TW,0.4248054837664761,0.7018501903547549,False,0.0,72
2021-07-15,3702.TW,3702,大聯大,90,neutral,0.0129390163157641,1.2939016315764107,bearish_cluster_2_rep_3,bearish,2,2024-03-05,6789.TW,0.42563977392150504,0.70143946478801,False,0.0,73
2024-03-22,2313.TW,2313,華通,60,neutral,-0.022641547820853,-2.264154782085304,bearish_cluster_2_rep_3,bearish,2,2024-03-05,6789.TW,0.425824620936957,0.7013485286450354,False,0.0,74
2019-09-27,2337.TW,2337,旺宏,67,neutral,0.0222222464425223,2.2222246442522358,bearish_cluster_2_rep_3,bearish,2,2024-03-05,6789.TW,0.42664055323674216,0.7009474094446664,False,0.0,75
2023-07-27,6415.TW,6415,矽力*-KY,92,bullish,0.0515624999999999,5.156249999999996,bearish_cluster_2_rep_3,bearish,2,2024-03-05,6789.TW,0.42680260746542076,0.700867796826083,False,0.0,76
2020-05-20,3044.TW,3044,健鼎,65,neutral,0.0229357798165137,2.293577981651373,bearish_cluster_2_rep_3,bearish,2,2024-03-05,6789.TW,0.4268952636873347,0.7008222855935716,False,0.0,77
2018-03-12,6213.TW,6213,聯茂,81,neutral,-0.0139470032411646,-1.3947003241164602,bearish_cluster_2_rep_3,bearish,2,2024-03-05,6789.TW,0.4273519681628877,0.7005980461056689,False,0.0,78
2018-04-19,2376.TW,2376,技嘉,70,neutral,-0.0178837105146134,-1.788371051461346,bearish_cluster_2_rep_3,bearish,2,2024-03-05,6789.TW,0.4277590480142109,0.7003982929688615,False,0.0,79
2025-12-23,2492.TW,2492,華新科,100,neutral,-0.0172413793103448,-1.7241379310344862,bearish_cluster_2_rep_3,bearish,2,2024-03-05,6789.TW,0.42780862176207435,0.700373975026071,False,0.0,80
2022-12-06,3661.TW,3661,世芯-KY,56,neutral,0.0234899328859059,2.348993288590595,bearish_cluster_2_rep_3,bearish,2,2024-03-05,6789.TW,0.42819962217054486,0.7001822325650969,False,0.0,81
2021-03-11,1802.TW,1802,台玻,86,neutral,-0.0277078656846079,-2.7707865684607924,bearish_cluster_2_rep_3,bearish,2,2024-03-05,6789.TW,0.4291227090126994,0.6997299767847394,False,0.0,82
2022-03-29,6531.TW,6531,愛普*,95,neutral,0.0046948356807512,0.4694835680751241,bearish_cluster_2_rep_3,bearish,2,2024-03-05,6789.TW,0.4293746580014909,0.6996066387508019,False,0.0,83
2020-07-16,2409.TW,2409,友達,80,neutral,0.008188363119209,0.8188363119209008,bearish_cluster_2_rep_3,bearish,2,2024-03-05,6789.TW,0.4302242081189348,0.6991910739052752,False,0.0,84
2021-03-23,5871.TW,5871,中租-KY,78,neutral,0.0464481568711405,4.644815687114057,bearish_cluster_2_rep_3,bearish,2,2024-03-05,6789.TW,0.43053313426702094,0.6990400823622878,False,0.0,85
2019-12-23,2337.TW,2337,旺宏,67,neutral,0.0054645019474761,0.5464501947476164,bearish_cluster_2_rep_3,bearish,2,2024-03-05,6789.TW,0.4307535001544726,0.6989324156062061,False,0.0,86
2020-08-18,2313.TW,2313,華通,60,bearish,-0.0813835173106533,-8.13835173106533,bearish_cluster_2_rep_3,bearish,2,2024-03-05,6789.TW,0.4316296252858864,0.698504684687778,True,0.0,87
2020-12-15,6239.TW,6239,力成,76,neutral,-0.0020811337296331,-0.2081133729633144,bearish_cluster_2_rep_3,bearish,2,2024-03-05,6789.TW,0.43238248176945393,0.698137552453642,False,0.0,88
2024-01-08,2324.TW,2324,仁寶,84,neutral,-0.0437086496921566,-4.37086496921566,bearish_cluster_2_rep_3,bearish,2,2024-03-05,6789.TW,0.43268894545699954,0.6979882152165414,False,0.0,89
2022-03-25,2618.TW,2618,長榮航,72,neutral,0.0387097020303048,3.870970203030488,bearish_cluster_2_rep_3,bearish,2,2024-03-05,6789.TW,0.43323030490713277,0.6977245712543008,False,0.0,90
2021-11-09,5871.TW,5871,中租-KY,78,neutral,-0.0326295457426371,-3.26295457426371,bearish_cluster_2_rep_3,bearish,2,2024-03-05,6789.TW,0.4333317584641816,0.6976751851724142,False,0.0,91
2025-01-14,2404.TW,2404,漢唐,79,neutral,0.0450819672131148,4.508196721311486,bearish_cluster_2_rep_3,bearish,2,2024-03-05,6789.TW,0.4333594666895581,0.6976616984360304,False,0.0,92
2018-08-20,3034.TW,3034,聯詠,58,neutral,0.0133333333333334,1.333333333333342,bearish_cluster_2_rep_3,bearish,2,2024-03-05,6789.TW,0.4337197473982688,0.6974863824081883,False,0.0,93
2020-08-25,4938.TW,4938,和碩,69,neutral,-0.0141065473658946,-1.4106547365894673,bearish_cluster_2_rep_3,bearish,2,2024-03-05,6789.TW,0.43434298094782786,0.6971833189710248,False,0.0,94
2025-07-29,1605.TW,1605,華新,88,neutral,0.0215826785303443,2.1582678530344346,bearish_cluster_2_rep_3,bearish,2,2024-03-05,6789.TW,0.4343665387236098,0.6971718685586903,False,0.0,95
2025-05-05,1605.TW,1605,華新,88,neutral,0.0118764849910233,1.187648499102334,bearish_cluster_3_rep_1,bearish,3,2020-08-12,2313.TW,0.44335765954596,0.6928289695809506,False,0.0,1
2018-08-30,3533.TW,3533,嘉澤,82,neutral,-0.0337552636854171,-3.3755263685417147,bearish_cluster_3_rep_1,bearish,3,2020-08-12,2313.TW,0.44898759644991804,0.6901370325391625,False,0.0,2
2019-06-14,2379.TW,2379,瑞昱,53,neutral,0.0248306997742664,2.483069977426644,bearish_cluster_3_rep_1,bearish,3,2020-08-12,2313.TW,0.4549000444123159,0.6873324417306856,False,0.0,3
2022-12-07,2618.TW,2618,長榮航,72,neutral,0.0017856870378767,0.1785687037876737,bearish_cluster_3_rep_1,bearish,3,2020-08-12,2313.TW,0.46709222243410486,0.6816204085254194,False,0.0,4
2023-09-19,3044.TW,3044,健鼎,65,bearish,-0.0919811320754716,-9.198113207547165,bearish_cluster_3_rep_1,bearish,3,2020-08-12,2313.TW,0.4687626238555376,0.6808452119886982,True,0.0,5
2022-12-08,2618.TW,2618,長榮航,72,neutral,-0.0106951602574084,-1.0695160257408465,bearish_cluster_3_rep_1,bearish,3,2020-08-12,2313.TW,0.48141071314349676,0.6750322453643111,False,0.0,6
2024-09-30,3481.TW,3481,群創,52,neutral,0.0,0.0,bearish_cluster_3_rep_1,bearish,3,2020-08-12,2313.TW,0.4881229402684199,0.6719874903747033,False,0.0,7
2021-03-08,1519.TW,1519,華城,66,neutral,-0.0065216513083811,-0.6521651308381116,bearish_cluster_3_rep_1,bearish,3,2020-08-12,2313.TW,0.4905138874152773,0.6709095490107209,False,0.0,8
2024-03-28,1504.TW,1504,東元,89,neutral,-0.0297722765966912,-2.977227659669124,bearish_cluster_3_rep_1,bearish,3,2020-08-12,2313.TW,0.5047838972059021,0.6645472495132424,False,0.0,9
2025-05-08,6515.TW,6515,穎崴,73,bullish,0.0911136107986501,9.11136107986501,bearish_cluster_3_rep_1,bearish,3,2020-08-12,2313.TW,0.5056736588574444,0.6641545424649545,False,0.0,10
2021-07-05,2002.TW,2002,中鋼,62,neutral,-0.0288220922781925,-2.8822092278192546,bearish_cluster_3_rep_1,bearish,3,2020-08-12,2313.TW,0.5065122631281586,0.6637848389787254,False,0.0,11
2024-05-27,6789.TW,6789,采鈺,96,neutral,-0.0161001788908765,-1.610017889087656,bearish_cluster_3_rep_1,bearish,3,2020-08-12,2313.TW,0.5104919886881374,0.6620359508616132,False,0.0,12
2020-02-10,1519.TW,1519,華城,66,neutral,-0.0344827695975832,-3.448276959758323,bearish_cluster_3_rep_1,bearish,3,2020-08-12,2313.TW,0.51306412016771,0.660910523665817,False,0.0,13
2021-11-17,6415.TW,6415,矽力*-KY,92,bearish,-0.0654205607476635,-6.542056074766355,bearish_cluster_3_rep_1,bearish,3,2020-08-12,2313.TW,0.5134647734204396,0.6607355635638574,True,0.0,14
2022-12-08,1605.TW,1605,華新,88,neutral,-0.0125261434176405,-1.2526143417640578,bearish_cluster_3_rep_1,bearish,3,2020-08-12,2313.TW,0.5243918457843862,0.6559993106532548,False,0.0,15
2019-02-19,3661.TW,3661,世芯-KY,56,neutral,0.0382318362522224,3.823183625222248,bearish_cluster_3_rep_1,bearish,3,2020-08-12,2313.TW,0.5269184795979512,0.6549138106333661,False,0.0,16
2019-06-13,2379.TW,2379,瑞昱,53,neutral,0.0,0.0,bearish_cluster_3_rep_1,bearish,3,2020-08-12,2313.TW,0.5277695355240619,0.6545489857912213,False,0.0,17
2021-09-24,6531.TW,6531,愛普*,95,neutral,-0.0278514588859416,-2.785145888594165,bearish_cluster_3_rep_1,bearish,3,2020-08-12,2313.TW,0.5307251081059147,0.6532851618520701,False,0.0,18
2022-02-18,6805.TW,6805,富世達,93,bearish,-0.0702702702702702,-7.027027027027022,bearish_cluster_3_rep_1,bearish,3,2020-08-12,2313.TW,0.5309271233782096,0.6531989568473756,True,0.0,19
2019-08-22,2449.TW,2449,京元電子,57,neutral,-0.0374640073829233,-3.746400738292333,bearish_cluster_3_rep_1,bearish,3,2020-08-12,2313.TW,0.5330846058849619,0.6522797216548641,False,0.0,20
2021-02-25,2615.TW,2615,萬海,59,neutral,0.0,0.0,bearish_cluster_3_rep_1,bearish,3,2020-08-12,2313.TW,0.53413565804208,0.651832838092191,False,0.0,21
2025-09-12,3533.TW,3533,嘉澤,82,bullish,0.0822784810126582,8.227848101265822,bearish_cluster_3_rep_1,bearish,3,2020-08-12,2313.TW,0.5343437235551183,0.6517444459465519,False,0.0,22
2021-11-02,2615.TW,2615,萬海,59,bullish,0.1055900573730468,10.559005737304684,bearish_cluster_3_rep_1,bearish,3,2020-08-12,2313.TW,0.5359278086610579,0.6510722667829995,False,0.0,23
2022-12-06,2618.TW,2618,長榮航,72,neutral,0.0197842143706237,1.978421437062372,bearish_cluster_3_rep_1,bearish,3,2020-08-12,2313.TW,0.5359944354397127,0.6510440252433125,False,0.0,24
2022-06-30,1519.TW,1519,華城,66,neutral,-0.0182327860155349,-1.8232786015534908,bearish_cluster_3_rep_1,bearish,3,2020-08-12,2313.TW,0.5385414246181845,0.6499662498513273,False,0.0,25
2024-06-03,6213.TW,6213,聯茂,81,neutral,0.0133333333333334,1.333333333333342,bearish_cluster_3_rep_1,bearish,3,2020-08-12,2313.TW,0.5385561995088158,0.6499600081682099,False,0.0,26
2021-09-07,3532.TW,3532,台勝科,98,neutral,-0.0186666666666667,-1.866666666666672,bearish_cluster_3_rep_1,bearish,3,2020-08-12,2313.TW,0.5399706740334519,0.6493630150636736,False,0.0,27
2024-08-21,6415.TW,6415,矽力*-KY,92,bullish,0.0811724915445322,8.117249154453221,bearish_cluster_3_rep_1,bearish,3,2020-08-12,2313.TW,0.5433187477249857,0.6479542877802174,False,0.0,28
2020-12-28,3034.TW,3034,聯詠,58,bullish,0.0588235294117647,5.882352941176472,bearish_cluster_3_rep_1,bearish,3,2020-08-12,2313.TW,0.5481653703698961,0.6459258288157386,False,0.0,29
2020-08-04,3034.TW,3034,聯詠,58,neutral,-0.0117647058823529,-1.17647058823529,bearish_cluster_3_rep_1,bearish,3,2020-08-12,2313.TW,0.5489244753230416,0.6456092701301278,False,0.0,30
2024-06-20,1802.TW,1802,台玻,86,neutral,-0.0253164556962025,-2.531645569620256,bearish_cluster_3_rep_1,bearish,3,2020-08-12,2313.TW,0.549056786911823,0.6455541258713862,False,0.0,31
2018-05-09,3532.TW,3532,台勝科,98,bullish,0.2579365079365079,25.79365079365079,bearish_cluster_3_rep_1,bearish,3,2020-08-12,2313.TW,0.5491085735240397,0.6455325450333785,False,0.0,32
2021-03-25,6770.TW,6770,力積電,55,neutral,0.0067385413055085,0.673854130550855,bearish_cluster_3_rep_1,bearish,3,2020-08-12,2313.TW,0.5495872295638429,0.6453331448023527,False,0.0,33
2018-03-06,2492.TW,2492,華新科,100,neutral,-0.0220820032367566,-2.2082003236756687,bearish_cluster_3_rep_1,bearish,3,2020-08-12,2313.TW,0.5502558426009155,0.6450548177404491,False,0.0,34
2019-02-21,6415.TW,6415,矽力*-KY,92,neutral,0.0059880239520957,0.5988023952095745,bearish_cluster_3_rep_1,bearish,3,2020-08-12,2313.TW,0.5536710062780016,0.6436369063715848,False,0.0,35
2024-09-25,6789.TW,6789,采鈺,96,neutral,0.0,0.0,bearish_cluster_3_rep_1,bearish,3,2020-08-12,2313.TW,0.5556210052616046,0.6428300959023324,False,0.0,36
2020-08-11,2379.TW,2379,瑞昱,53,neutral,-0.0048959608323133,-0.4895960832313362,bearish_cluster_3_rep_1,bearish,3,2020-08-12,2313.TW,0.5558328904898441,0.6427425503809451,False,0.0,37
2025-07-11,1519.TW,1519,華城,66,neutral,0.0483592554898648,4.835925548986486,bearish_cluster_3_rep_1,bearish,3,2020-08-12,2313.TW,0.5565414144111853,0.6424499796417457,False,0.0,38
2023-12-26,6415.TW,6415,矽力*-KY,92,bullish,0.1441647597254005,14.416475972540056,bearish_cluster_3_rep_1,bearish,3,2020-08-12,2313.TW,0.55700465456873,0.6422588378690409,False,0.0,39
2020-07-22,1590.TW,1590,亞德客-KY,64,neutral,-0.0491525689813244,-4.915256898132448,bearish_cluster_3_rep_1,bearish,3,2020-08-12,2313.TW,0.5578922171990611,0.6418929300500023,False,0.0,40
2020-06-17,3661.TW,3661,世芯-KY,56,bullish,0.1869031377899044,18.690313778990443,bearish_cluster_3_rep_1,bearish,3,2020-08-12,2313.TW,0.558627238615721,0.6415902245415266,False,0.0,41
2021-03-09,1802.TW,1802,台玻,86,neutral,0.0123762371563207,1.2376237156320746,bearish_cluster_3_rep_1,bearish,3,2020-08-12,2313.TW,0.5600042143490556,0.641023909295829,False,0.0,42
2019-02-20,3034.TW,3034,聯詠,58,neutral,-0.0085714285714285,-0.8571428571428563,bearish_cluster_3_rep_1,bearish,3,2020-08-12,2313.TW,0.562507005199554,0.6399971306831268,False,0.0,43
2018-08-28,3533.TW,3533,嘉澤,82,neutral,-0.0063425007238109,-0.6342500723810929,bearish_cluster_3_rep_1,bearish,3,2020-08-12,2313.TW,0.562847515470143,0.6398576893147347,False,0.0,44
2021-07-12,3532.TW,3532,台勝科,98,bullish,0.06,6.000000000000005,bearish_cluster_3_rep_1,bearish,3,2020-08-12,2313.TW,0.5645270646357025,0.639170790076967,False,0.0,45
2019-10-22,6213.TW,6213,聯茂,81,neutral,-0.0188679282830865,-1.8867928283086588,bearish_cluster_3_rep_1,bearish,3,2020-08-12,2313.TW,0.5653500059777868,0.6388347629483387,False,0.0,46
2023-09-13,2313.TW,2313,華通,60,bullish,0.1428570779813409,14.285707798134094,bearish_cluster_3_rep_1,bearish,3,2020-08-12,2313.TW,0.5665926760676642,0.6383280193228786,False,0.0,47
2024-10-23,6139.TW,6139,亞翔,85,neutral,-0.0358649789029535,-3.5864978902953597,bearish_cluster_3_rep_1,bearish,3,2020-08-12,2313.TW,0.5673460140788814,0.6380212097503519,False,0.0,48
2021-12-07,2609.TW,2609,陽明,77,neutral,-0.0197628458498023,-1.9762845849802368,bearish_cluster_3_rep_1,bearish,3,2020-08-12,2313.TW,0.5677702873033503,0.6378485471363627,False,0.0,49
2020-10-15,3533.TW,3533,嘉澤,82,neutral,-0.0173292286712707,-1.7329228671270736,bearish_cluster_3_rep_1,bearish,3,2020-08-12,2313.TW,0.5679596565827308,0.6377715114044686,False,0.0,50
2025-05-22,2324.TW,2324,仁寶,84,neutral,-0.0243902698373223,-2.43902698373224,bearish_cluster_3_rep_1,bearish,3,2020-08-12,2313.TW,0.5681617206327597,0.637689331937331,False,0.0,51
2021-01-14,2379.TW,2379,瑞昱,53,bullish,0.0539325842696629,5.393258426966296,bearish_cluster_3_rep_1,bearish,3,2020-08-12,2313.TW,0.5701499766834343,0.6368818360347083,False,0.0,52
2019-10-16,6415.TW,6415,矽力*-KY,92,bearish,-0.0686746987951807,-6.867469879518073,bearish_cluster_3_rep_1,bearish,3,2020-08-12,2313.TW,0.5715674493569688,0.6363074015112526,True,0.0,53
2024-06-13,6415.TW,6415,矽力*-KY,92,neutral,0.0179640718562874,1.7964071856287456,bearish_cluster_3_rep_1,bearish,3,2020-08-12,2313.TW,0.571589920111044,0.636298303522679,False,0.0,54
2019-08-23,2449.TW,2449,京元電子,57,neutral,0.004405269760868,0.440526976086808,bearish_cluster_3_rep_1,bearish,3,2020-08-12,2313.TW,0.5715941342637376,0.6362965973199444,False,0.0,55
2025-08-18,1326.TW,1326,台化,51,neutral,0.0386554493623623,3.865544936236232,bearish_cluster_3_rep_1,bearish,3,2020-08-12,2313.TW,0.5723376343209424,0.6359957162965686,False,0.0,56
2025-07-01,3044.TW,3044,健鼎,65,neutral,-0.0020325203252032,-0.203252032520329,bearish_cluster_3_rep_1,bearish,3,2020-08-12,2313.TW,0.5737655135083842,0.6354186766811958,False,0.0,57
2021-04-13,6770.TW,6770,力積電,55,neutral,-0.0187919667903209,-1.8791966790320915,bearish_cluster_3_rep_1,bearish,3,2020-08-12,2313.TW,0.5744801752721013,0.6351302580403595,False,0.0,58
2019-04-12,2492.TW,2492,華新科,100,bullish,0.0922330097087378,9.223300970873783,bearish_cluster_3_rep_1,bearish,3,2020-08-12,2313.TW,0.574923465733367,0.6349514892359214,False,0.0,59
2025-01-08,2404.TW,2404,漢唐,79,neutral,-0.0316831683168317,-3.168316831683171,bearish_cluster_3_rep_1,bearish,3,2020-08-12,2313.TW,0.5752559725901537,0.6348174629395154,False,0.0,60
2020-12-18,3661.TW,3661,世芯-KY,56,neutral,-0.038095238095238,-3.809523809523807,bearish_cluster_3_rep_1,bearish,3,2020-08-12,2313.TW,0.5759375378284411,0.6345429155637395,False,0.0,61
2020-12-29,3034.TW,3034,聯詠,58,neutral,0.0312056737588652,3.1205673758865293,bearish_cluster_3_rep_1,bearish,3,2020-08-12,2313.TW,0.5765936275875798,0.6342788544249967,False,0.0,62
2024-09-27,3533.TW,3533,嘉澤,82,bearish,-0.0568561872909698,-5.685618729096986,bearish_cluster_3_rep_1,bearish,3,2020-08-12,2313.TW,0.5776731175241356,0.63384486234342,True,0.0,63
2025-07-28,3044.TW,3044,健鼎,65,neutral,0.0275229357798165,2.752293577981657,bearish_cluster_3_rep_1,bearish,3,2020-08-12,2313.TW,0.5777822174663336,0.6338010334568482,False,0.0,64
2018-04-19,1605.TW,1605,華新,88,neutral,-0.0294117786942575,-2.9411778694257595,bearish_cluster_3_rep_1,bearish,3,2020-08-12,2313.TW,0.577854636783567,0.6337719436807467,False,0.0,65
2021-11-18,6415.TW,6415,矽力*-KY,92,bearish,-0.1131008482563619,-11.31008482563619,bearish_cluster_3_rep_1,bearish,3,2020-08-12,2313.TW,0.5786384040094417,0.633457286646638,True,0.0,66
2024-05-28,3661.TW,3661,世芯-KY,56,neutral,-0.0221465076660988,-2.2146507666098825,bearish_cluster_3_rep_1,bearish,3,2020-08-12,2313.TW,0.5789977806817457,0.6333131130610212,False,0.0,67
2019-09-19,2379.TW,2379,瑞昱,53,neutral,0.0200892857142858,2.008928571428581,bearish_cluster_3_rep_1,bearish,3,2020-08-12,2313.TW,0.5796957632819288,0.6330332860565694,False,0.0,68
2021-03-26,6770.TW,6770,力積電,55,neutral,-0.026560412099439,-2.6560412099439046,bearish_cluster_3_rep_1,bearish,3,2020-08-12,2313.TW,0.5799429693119523,0.6329342384019652,False,0.0,69
2022-02-21,6805.TW,6805,富世達,93,bearish,-0.1244813278008298,-12.448132780082988,bearish_cluster_3_rep_1,bearish,3,2020-08-12,2313.TW,0.5799786269177873,0.6329199540824131,True,0.0,70
2022-09-01,2618.TW,2618,長榮航,72,neutral,-0.0282318193123659,-2.823181931236596,bearish_cluster_3_rep_1,bearish,3,2020-08-12,2313.TW,0.5804997064709287,0.6327112848586877,False,0.0,71
2021-01-25,6239.TW,6239,力成,76,neutral,-0.0347825939528607,-3.4782593952860763,bearish_cluster_3_rep_1,bearish,3,2020-08-12,2313.TW,0.5808701924335088,0.6325630053538124,False,0.0,72
2023-08-24,6213.TW,6213,聯茂,81,bullish,0.0579010293608361,5.790102936083619,bearish_cluster_3_rep_1,bearish,3,2020-08-12,2313.TW,0.5821375749793687,0.6320562862638796,False,0.0,73
2020-06-23,2409.TW,2409,友達,80,neutral,-0.0117395785479982,-1.173957854799823,bearish_cluster_3_rep_1,bearish,3,2020-08-12,2313.TW,0.5827271409051301,0.6318208452709796,False,0.0,74
2025-03-18,1326.TW,1326,台化,51,neutral,-0.0271647240639775,-2.716472406397752,bearish_cluster_3_rep_1,bearish,3,2020-08-12,2313.TW,0.5839775599729554,0.6313220750533068,False,0.0,75
2025-05-06,1605.TW,1605,華新,88,neutral,0.0047059003044576,0.4705900304457611,bearish_cluster_3_rep_1,bearish,3,2020-08-12,2313.TW,0.5842412753511377,0.6312169841543587,False,0.0,76
2023-12-12,2615.TW,2615,萬海,59,neutral,-0.0231660382357865,-2.316603823578656,bearish_cluster_3_rep_1,bearish,3,2020-08-12,2313.TW,0.5845905560891784,0.6310778492003846,False,0.0,77
2024-12-18,1590.TW,1590,亞德客-KY,64,bearish,-0.0564516129032257,-5.645161290322576,bearish_cluster_3_rep_1,bearish,3,2020-08-12,2313.TW,0.585248052018731,0.6308161039696922,True,0.0,78
2023-10-18,6415.TW,6415,矽力*-KY,92,bearish,-0.0770465489566613,-7.704654895666129,bearish_cluster_3_rep_1,bearish,3,2020-08-12,2313.TW,0.5853403366275278,0.6307793833892387,True,0.0,79
2020-11-06,3532.TW,3532,台勝科,98,neutral,-0.0123966942148759,-1.2396694214875992,bearish_cluster_3_rep_1,bearish,3,2020-08-12,2313.TW,0.5858532674009312,0.630575363153811,False,0.0,80
2023-03-28,1590.TW,1590,亞德客-KY,64,neutral,0.0304347826086957,3.04347826086957,bearish_cluster_3_rep_1,bearish,3,2020-08-12,2313.TW,0.5860164178987566,0.6305104970633634,False,0.0,81
2023-08-28,6213.TW,6213,聯茂,81,bullish,0.1855421870587819,18.55421870587819,bearish_cluster_3_rep_1,bearish,3,2020-08-12,2313.TW,0.5867692048527389,0.6302113734888154,False,0.0,82
2024-01-26,6239.TW,6239,力成,76,neutral,0.0034482758620688,0.3448275862068861,bearish_cluster_3_rep_1,bearish,3,2020-08-12,2313.TW,0.5873340590985097,0.6299871122074501,False,0.0,83
2021-07-22,2379.TW,2379,瑞昱,53,bullish,0.077328646748682,7.732864674868201,bearish_cluster_3_rep_1,bearish,3,2020-08-12,2313.TW,0.587421857401384,0.6299522684140207,False,0.0,84
2025-05-07,1605.TW,1605,華新,88,neutral,0.0304449464597869,3.0444946459786904,bearish_cluster_3_rep_1,bearish,3,2020-08-12,2313.TW,0.588446107059809,0.6295460674148937,False,0.0,85
2020-09-24,6515.TW,6515,穎崴,73,neutral,-0.0285714285714285,-2.857142857142858,bearish_cluster_3_rep_1,bearish,3,2020-08-12,2313.TW,0.5887237708534693,0.6294360406421033,False,0.0,86
2025-02-12,2615.TW,2615,萬海,59,bullish,0.0779054691746163,7.790546917461638,bearish_cluster_3_rep_1,bearish,3,2020-08-12,2313.TW,0.5889997113504645,0.6293267348362931,False,0.0,87
2024-02-22,1590.TW,1590,亞德客-KY,64,neutral,0.0138248847926267,1.382488479262678,bearish_cluster_3_rep_1,bearish,3,2020-08-12,2313.TW,0.5894633224917706,0.6291431742082099,False,0.0,88
2022-02-17,6805.TW,6805,富世達,93,neutral,-0.0246238030095758,-2.462380300957589,bearish_cluster_3_rep_1,bearish,3,2020-08-12,2313.TW,0.58998646001576,0.6289361734502368,False,0.0,89
2019-02-19,3034.TW,3034,聯詠,58,neutral,-0.0085959885386819,-0.8595988538681931,bearish_cluster_3_rep_1,bearish,3,2020-08-12,2313.TW,0.5902590530952716,0.628828364821194,False,0.0,90
2021-03-23,3034.TW,3034,聯詠,58,bullish,0.0675422138836772,6.7542213883677205,bearish_cluster_3_rep_1,bearish,3,2020-08-12,2313.TW,0.5903813203921598,0.628780020978502,False,0.0,91
2025-09-09,6139.TW,6139,亞翔,85,neutral,-0.0013477088948786,-0.1347708894878674,bearish_cluster_3_rep_1,bearish,3,2020-08-12,2313.TW,0.5905194221955418,0.6287254251944985,False,0.0,92
2025-02-17,3533.TW,3533,嘉澤,82,neutral,0.011204481792717,1.1204481792717047,bearish_cluster_3_rep_1,bearish,3,2020-08-12,2313.TW,0.5911224436540703,0.6284871437696924,False,0.0,93
2024-01-12,6531.TW,6531,愛普*,95,neutral,0.0389105058365759,3.891050583657596,bearish_cluster_3_rep_1,bearish,3,2020-08-12,2313.TW,0.5914886496216695,0.628342527128749,False,0.0,94
2025-06-09,3533.TW,3533,嘉澤,82,neutral,0.0183823529411764,1.8382352941176403,bearish_cluster_3_rep_1,bearish,3,2020-08-12,2313.TW,0.5916594054606453,0.6282751175089422,False,0.0,95
2023-10-23,6139.TW,6139,亞翔,85,bullish,0.1361702853755979,13.617028537559792,bearish_cluster_3_rep_2,bearish,3,2019-05-09,3034.TW,0.3716192299405091,0.7290653106718055,False,0.16859691521187442,1
2020-12-10,2609.TW,2609,陽明,77,bullish,0.0836236778651731,8.36236778651731,bearish_cluster_3_rep_2,bearish,3,2019-05-09,3034.TW,0.41783858852608036,0.705298902211114,False,0.16859691521187442,2
2023-09-06,6531.TW,6531,愛普*,95,bearish,-0.0739687055476528,-7.3968705547652895,bearish_cluster_3_rep_2,bearish,3,2019-05-09,3034.TW,0.45907018500866914,0.6853679900217127,True,0.16859691521187442,3
2025-10-20,2449.TW,2449,京元電子,57,neutral,-0.0168538688695284,-1.6853868869528443,bearish_cluster_3_rep_2,bearish,3,2019-05-09,3034.TW,0.5259308060177337,0.6553377099776426,False,0.16859691521187442,4
2019-05-02,2207.TW,2207,和泰車,63,neutral,-0.0322580407625927,-3.2258040762592755,bearish_cluster_3_rep_2,bearish,3,2019-05-09,3034.TW,0.5575308970873979,0.6420418380592079,False,0.16859691521187442,5
2022-11-09,1605.TW,1605,華新,88,bullish,0.0945945553304956,9.459455533049566,bearish_cluster_3_rep_2,bearish,3,2019-05-09,3034.TW,0.572490823434298,0.6359337587840506,False,0.16859691521187442,6
2025-06-09,6531.TW,6531,愛普*,95,neutral,0.0112359550561798,1.1235955056179805,bearish_cluster_3_rep_2,bearish,3,2019-05-09,3034.TW,0.574201869628039,0.6352425437255297,False,0.16859691521187442,7
2024-05-24,6789.TW,6789,采鈺,96,neutral,0.0017985611510791,0.1798561151079125,bearish_cluster_3_rep_2,bearish,3,2019-05-09,3034.TW,0.5801448873534822,0.6328533592098998,False,0.16859691521187442,8
2023-09-14,3661.TW,3661,世芯-KY,56,neutral,-0.0188323917137476,-1.883239171374762,bearish_cluster_3_rep_2,bearish,3,2019-05-09,3034.TW,0.5861100726925313,0.6304732674085041,False,0.16859691521187442,9
2021-04-27,1590.TW,1590,亞德客-KY,64,bullish,0.0538116338618042,5.381163386180421,bearish_cluster_3_rep_2,bearish,3,2019-05-09,3034.TW,0.5902389829265051,0.6288363011700967,False,0.16859691521187442,10
2022-12-27,6805.TW,6805,富世達,93,neutral,-0.0492957746478873,-4.929577464788737,bearish_cluster_3_rep_2,bearish,3,2019-05-09,3034.TW,0.5943759442152686,0.6272046461991668,False,0.16859691521187442,11
2021-02-19,1802.TW,1802,台玻,86,bullish,0.0653950316427571,6.539503164275717,bearish_cluster_3_rep_2,bearish,3,2019-05-09,3034.TW,0.5944121666971707,0.6271903971176429,False,0.16859691521187442,12
2024-03-13,2313.TW,2313,華通,60,neutral,0.0110837630505402,1.1083763050540263,bearish_cluster_3_rep_2,bearish,3,2019-05-09,3034.TW,0.5997342659331988,0.6251038196125992,False,0.16859691521187442,13
2021-03-25,6770.TW,6770,力積電,55,neutral,0.0067385413055085,0.673854130550855,bearish_cluster_3_rep_2,bearish,3,2019-05-09,3034.TW,0.6011760635494993,0.6245409376050705,False,0.16859691521187442,14
2021-05-03,1590.TW,1590,亞德客-KY,64,bearish,-0.0851063449619324,-8.510634496193248,bearish_cluster_3_rep_2,bearish,3,2019-05-09,3034.TW,0.6039713750542,0.6234525226275992,True,0.16859691521187442,15
2022-05-17,3533.TW,3533,嘉澤,82,neutral,0.0147783426112781,1.4778342611278197,bearish_cluster_3_rep_2,bearish,3,2019-05-09,3034.TW,0.620275667018338,0.6171789284722266,False,0.16859691521187442,16
2020-07-10,2379.TW,2379,瑞昱,53,neutral,-0.0264255910987483,-2.642559109874832,bearish_cluster_3_rep_2,bearish,3,2019-05-09,3034.TW,0.6202962707029211,0.6171710804260367,False,0.16859691521187442,17
2025-07-30,6213.TW,6213,聯茂,81,neutral,-0.0285714436047183,-2.8571443604718305,bearish_cluster_3_rep_2,bearish,3,2019-05-09,3034.TW,0.6206534399088786,0.6170350646071656,False,0.16859691521187442,18
2021-11-19,6789.TW,6789,采鈺,96,neutral,-0.0355029585798816,-3.5502958579881616,bearish_cluster_3_rep_2,bearish,3,2019-05-09,3034.TW,0.6223235994409644,0.6163998356089928,False,0.16859691521187442,19
2024-06-19,1802.TW,1802,台玻,86,neutral,-0.027638153145913,-2.7638153145913003,bearish_cluster_3_rep_2,bearish,3,2019-05-09,3034.TW,0.6257389662002675,0.615104897397664,False,0.16859691521187442,20
2023-11-30,6415.TW,6415,矽力*-KY,92,neutral,-0.0141176470588235,-1.4117647058823568,bearish_cluster_3_rep_2,bearish,3,2019-05-09,3034.TW,0.6261469053648905,0.6149505906882443,False,0.16859691521187442,21
2023-05-23,3044.TW,3044,健鼎,65,bearish,-0.0639999999999999,-6.399999999999995,bearish_cluster_3_rep_2,bearish,3,2019-05-09,3034.TW,0.6282880308268911,0.6141419583439248,True,0.16859691521187442,22
2020-11-06,3532.TW,3532,台勝科,98,neutral,-0.0123966942148759,-1.2396694214875992,bearish_cluster_3_rep_2,bearish,3,2019-05-09,3034.TW,0.6284342599124318,0.6140868100219007,False,0.16859691521187442,23
2019-05-09,2379.TW,2379,瑞昱,53,neutral,-0.0288248337028824,-2.882483370288247,bearish_cluster_3_rep_2,bearish,3,2019-05-09,3034.TW,0.6289261140836748,0.6139013865355908,False,0.16859691521187442,24
2018-02-23,6415.TW,6415,矽力*-KY,92,neutral,0.0046728971962617,0.4672897196261738,bearish_cluster_3_rep_2,bearish,3,2019-05-09,3034.TW,0.6378854584986106,0.6105433043630922,False,0.16859691521187442,25
2021-12-07,2609.TW,2609,陽明,77,neutral,-0.0197628458498023,-1.9762845849802368,bearish_cluster_3_rep_2,bearish,3,2019-05-09,3034.TW,0.6404639757987123,0.6095836389903765,False,0.16859691521187442,26
2023-05-22,1504.TW,1504,東元,89,neutral,-0.0019268263175,-0.1926826317500074,bearish_cluster_3_rep_2,bearish,3,2019-05-09,3034.TW,0.6410040170952271,0.6093830298905174,False,0.16859691521187442,27
2019-12-31,3661.TW,3661,世芯-KY,56,neutral,-0.0149253731343284,-1.49253731343284,bearish_cluster_3_rep_2,bearish,3,2019-05-09,3034.TW,0.6430810097830655,0.6086127184514348,False,0.16859691521187442,28
2024-08-28,6415.TW,6415,矽力*-KY,92,bearish,-0.092901878914405,-9.290187891440503,bearish_cluster_3_rep_2,bearish,3,2019-05-09,3034.TW,0.644116020827127,0.6082295819348058,True,0.16859691521187442,29
2020-07-22,2313.TW,2313,華通,60,neutral,-0.0384226794047467,-3.842267940474675,bearish_cluster_3_rep_2,bearish,3,2019-05-09,3034.TW,0.6452529077848901,0.6078092889356229,False,0.16859691521187442,30
2025-10-23,6805.TW,6805,富世達,93,bullish,0.0555555555555555,5.555555555555558,bearish_cluster_3_rep_2,bearish,3,2019-05-09,3034.TW,0.6458519507622009,0.6075880637604711,False,0.16859691521187442,31
2018-04-17,3532.TW,3532,台勝科,98,neutral,0.0080321285140563,0.8032128514056325,bearish_cluster_3_rep_2,bearish,3,2019-05-09,3034.TW,0.6478176872357098,0.6068632517700099,False,0.16859691521187442,32
2021-03-30,2409.TW,2409,友達,80,bullish,0.0790697674418605,7.906976744186056,bearish_cluster_3_rep_2,bearish,3,2019-05-09,3034.TW,0.6488941583099276,0.6064670645840441,False,0.16859691521187442,33
2022-06-28,1590.TW,1590,亞德客-KY,64,bearish,-0.072463768115942,-7.246376811594201,bearish_cluster_3_rep_2,bearish,3,2019-05-09,3034.TW,0.6527427946907138,0.6050548235408493,True,0.16859691521187442,34
2019-08-19,2449.TW,2449,京元電子,57,neutral,0.0266272364650757,2.66272364650757,bearish_cluster_3_rep_2,bearish,3,2019-05-09,3034.TW,0.654846776087817,0.6042855534722529,False,0.16859691521187442,35
2019-03-29,1590.TW,1590,亞德客-KY,64,bullish,0.0877193348993521,8.771933489935213,bearish_cluster_3_rep_2,bearish,3,2019-05-09,3034.TW,0.6566245732983083,0.6036370678777382,False,0.16859691521187442,36
2025-07-23,2449.TW,2449,京元電子,57,neutral,0.0313901586927074,3.139015869270745,bearish_cluster_3_rep_2,bearish,3,2019-05-09,3034.TW,0.6570882673594514,0.6034681553768327,False,0.16859691521187442,37
2020-08-06,2313.TW,2313,華通,60,neutral,-0.0168539606771873,-1.6853960677187363,bearish_cluster_3_rep_2,bearish,3,2019-05-09,3034.TW,0.6583461869073262,0.6030104015042327,False,0.16859691521187442,38
2021-03-22,3034.TW,3034,聯詠,58,neutral,0.01707779886148,1.707779886148009,bearish_cluster_3_rep_2,bearish,3,2019-05-09,3034.TW,0.6589835609736511,0.6027787276042107,False,0.16859691521187442,39
2023-09-20,6531.TW,6531,愛普*,95,bullish,0.0589022757697457,5.890227576974572,bearish_cluster_3_rep_2,bearish,3,2019-05-09,3034.TW,0.6592875322001617,0.6026683022646667,False,0.16859691521187442,40
2024-05-24,6805.TW,6805,富世達,93,neutral,0.0249999999999999,2.499999999999991,bearish_cluster_3_rep_2,bearish,3,2019-05-09,3034.TW,0.6600696477538002,0.6023843646277587,False,0.16859691521187442,41
2023-04-14,2492.TW,2492,華新科,100,bearish,-0.0678733031674208,-6.78733031674208,bearish_cluster_3_rep_2,bearish,3,2019-05-09,3034.TW,0.661185289066873,0.6019798071783573,True,0.16859691521187442,42
2021-07-02,2002.TW,2002,中鋼,62,neutral,-0.0231065855776632,-2.310658557766321,bearish_cluster_3_rep_2,bearish,3,2019-05-09,3034.TW,0.6659439162762801,0.6002603030210052,False,0.16859691521187442,43
2021-11-22,2409.TW,2409,友達,80,neutral,-0.0366132723112128,-3.661327231121281,bearish_cluster_3_rep_2,bearish,3,2019-05-09,3034.TW,0.6682975269736415,0.5994134642242382,False,0.16859691521187442,44
2020-09-30,2615.TW,2615,萬海,59,bullish,0.1505882283479365,15.05882283479365,bearish_cluster_3_rep_2,bearish,3,2019-05-09,3034.TW,0.6695195074003888,0.5989747322911497,False,0.16859691521187442,45
2021-03-15,3661.TW,3661,世芯-KY,56,neutral,0.0149572649572649,1.4957264957264904,bearish_cluster_3_rep_2,bearish,3,2019-05-09,3034.TW,0.6710359936430038,0.5984311551661512,False,0.16859691521187442,46
2022-02-17,6805.TW,6805,富世達,93,neutral,-0.0246238030095758,-2.462380300957589,bearish_cluster_3_rep_2,bearish,3,2019-05-09,3034.TW,0.6713929750101021,0.5983033403583355,False,0.16859691521187442,47
2023-06-20,1519.TW,1519,華城,66,neutral,-0.0493827369438768,-4.938273694387685,bearish_cluster_3_rep_2,bearish,3,2019-05-09,3034.TW,0.6715772705769015,0.5982373759215307,False,0.16859691521187442,48
2025-12-08,7750.TW,7750,新代,91,bullish,0.083762886597938,8.376288659793808,bearish_cluster_3_rep_2,bearish,3,2019-05-09,3034.TW,0.6723601024608916,0.5979573409629253,False,0.16859691521187442,49
2020-07-08,2409.TW,2409,友達,80,neutral,-0.0198019801980198,-1.980198019801982,bearish_cluster_3_rep_2,bearish,3,2019-05-09,3034.TW,0.6724603890897509,0.5979214853299201,False,0.16859691521187442,50
2020-08-07,2313.TW,2313,華通,60,neutral,0.0056818038143069,0.568180381430694,bearish_cluster_3_rep_2,bearish,3,2019-05-09,3034.TW,0.6737781972007114,0.5974507265493344,False,0.16859691521187442,51
2020-12-31,2337.TW,2337,旺宏,67,bearish,-0.0732860172584843,-7.328601725848438,bearish_cluster_3_rep_2,bearish,3,2019-05-09,3034.TW,0.6748881627574608,0.5970547898276651,True,0.16859691521187442,52
2020-02-14,6213.TW,6213,聯茂,81,neutral,-0.0424027521929184,-4.240275219291845,bearish_cluster_3_rep_2,bearish,3,2019-05-09,3034.TW,0.675162269849386,0.5969570936491484,False,0.16859691521187442,53
2025-01-17,1326.TW,1326,台化,51,neutral,-0.0310344696044921,-3.1034469604492188,bearish_cluster_3_rep_2,bearish,3,2019-05-09,3034.TW,0.6755020967713816,0.5968360182460862,False,0.16859691521187442,54
2021-11-19,3481.TW,3481,群創,52,neutral,-0.0158311122618376,-1.5831112261837643,bearish_cluster_3_rep_2,bearish,3,2019-05-09,3034.TW,0.6761327969238701,0.5966114390430486,False,0.16859691521187442,55
2018-04-12,2492.TW,2492,華新科,100,bullish,0.23046875,23.046875,bearish_cluster_3_rep_2,bearish,3,2019-05-09,3034.TW,0.677609492583112,0.5960862789708243,False,0.16859691521187442,56
2019-01-18,3533.TW,3533,嘉澤,82,neutral,-0.0414746605884859,-4.147466058848592,bearish_cluster_3_rep_2,bearish,3,2019-05-09,3034.TW,0.6778605804740017,0.5959970760606917,False,0.16859691521187442,57
2025-06-19,3661.TW,3661,世芯-KY,56,neutral,-0.0348432055749129,-3.484320557491294,bearish_cluster_3_rep_2,bearish,3,2019-05-09,3034.TW,0.6784326887510534,0.5957939253102338,False,0.16859691521187442,58
2023-05-09,2492.TW,2492,華新科,100,neutral,-0.0333333641591696,-3.3333364159169654,bearish_cluster_3_rep_2,bearish,3,2019-05-09,3034.TW,0.6785641827945189,0.5957472524733449,False,0.16859691521187442,59
2021-11-11,6770.TW,6770,力積電,55,neutral,-0.0187919667903209,-1.8791966790320915,bearish_cluster_3_rep_2,bearish,3,2019-05-09,3034.TW,0.6791185334375637,0.5955505701868211,False,0.16859691521187442,60
2021-09-23,6531.TW,6531,愛普*,95,bullish,0.0565045992115638,5.650459921156381,bearish_cluster_3_rep_2,bearish,3,2019-05-09,3034.TW,0.6796285484704052,0.595369732736845,False,0.16859691521187442,61
2024-09-26,3533.TW,3533,嘉澤,82,bearish,-0.0528052805280527,-5.280528052805278,bearish_cluster_3_rep_2,bearish,3,2019-05-09,3034.TW,0.680576317908589,0.5950339709918444,True,0.16859691521187442,62
2024-01-16,1519.TW,1519,華城,66,neutral,-0.0444744068108363,-4.447440681083636,bearish_cluster_3_rep_2,bearish,3,2019-05-09,3034.TW,0.6808972984114461,0.5949203445951534,False,0.16859691521187442,63
2020-07-23,1590.TW,1590,亞德客-KY,64,bearish,-0.0676567821548925,-6.765678215489257,bearish_cluster_3_rep_2,bearish,3,2019-05-09,3034.TW,0.6810510865020427,0.5948659193224256,True,0.16859691521187442,64
2023-09-22,6515.TW,6515,穎崴,73,neutral,-0.0221893491124259,-2.2189349112425982,bearish_cluster_3_rep_2,bearish,3,2019-05-09,3034.TW,0.6817973678144996,0.5946019533253895,False,0.16859691521187442,65
2020-07-10,3533.TW,3533,嘉澤,82,neutral,0.0292135058427633,2.9213505842763388,bearish_cluster_3_rep_2,bearish,3,2019-05-09,3034.TW,0.6818456609530649,0.5945848797049083,False,0.16859691521187442,66
2021-12-08,2609.TW,2609,陽明,77,neutral,0.0039370078740157,0.3937007874015741,bearish_cluster_3_rep_2,bearish,3,2019-05-09,3034.TW,0.6823323893872784,0.5944128558115733,False,0.16859691521187442,67
2024-02-05,2376.TW,2376,技嘉,70,bullish,0.0875370919881306,8.753709198813064,bearish_cluster_3_rep_2,bearish,3,2019-05-09,3034.TW,0.6825680780387957,0.594329592396405,False,0.16859691521187442,68
2024-01-17,6531.TW,6531,愛普*,95,neutral,-0.0149812734082397,-1.4981273408239737,bearish_cluster_3_rep_2,bearish,3,2019-05-09,3034.TW,0.6827690080997991,0.5942586268148656,False,0.16859691521187442,69
2018-11-01,3034.TW,3034,聯詠,58,neutral,-0.036231884057971,-3.6231884057971055,bearish_cluster_3_rep_2,bearish,3,2019-05-09,3034.TW,0.6835018270269224,0.5939999493591331,False,0.16859691521187442,70
2021-11-02,2609.TW,2609,陽明,77,bullish,0.0591133004926107,5.9113300492610765,bearish_cluster_3_rep_2,bearish,3,2019-05-09,3034.TW,0.6847602274217696,0.5935562721173236,False,0.16859691521187442,71
2024-09-19,1519.TW,1519,華城,66,neutral,0.0209003883551399,2.0900388355139965,bearish_cluster_3_rep_2,bearish,3,2019-05-09,3034.TW,0.6875547016645576,0.5925733838515738,False,0.16859691521187442,72
2024-11-13,6919.TW,6919,康霈*,97,neutral,-0.0377358490566037,-3.773584905660377,bearish_cluster_3_rep_2,bearish,3,2019-05-09,3034.TW,0.6876181802864413,0.5925510946026126,False,0.16859691521187442,73
2018-03-16,2492.TW,2492,華新科,100,bullish,0.0714285714285714,7.14285714285714,bearish_cluster_3_rep_2,bearish,3,2019-05-09,3034.TW,0.687654707934404,0.5925382694093537,False,0.16859691521187442,74
2018-02-08,3533.TW,3533,嘉澤,82,neutral,0.0434782782530804,4.347827825308048,bearish_cluster_3_rep_2,bearish,3,2019-05-09,3034.TW,0.6901490420425463,0.5916637971711058,False,0.16859691521187442,75
2019-10-08,3661.TW,3661,世芯-KY,56,neutral,0.0086455331412103,0.8645533141210304,bearish_cluster_3_rep_2,bearish,3,2019-05-09,3034.TW,0.6906909072196895,0.5914741693645716,False,0.16859691521187442,76
2024-06-18,6415.TW,6415,矽力*-KY,92,neutral,0.0137254901960783,1.3725490196078385,bearish_cluster_3_rep_2,bearish,3,2019-05-09,3034.TW,0.6908938725886219,0.5914031721394086,False,0.16859691521187442,77
2024-06-06,6789.TW,6789,采鈺,96,neutral,0.0113821138211382,1.1382113821138296,bearish_cluster_3_rep_2,bearish,3,2019-05-09,3034.TW,0.6911776804471849,0.5913039248103001,False,0.16859691521187442,78
2021-11-22,3481.TW,3481,群創,52,neutral,-0.0211639920773607,-2.116399207736075,bearish_cluster_3_rep_2,bearish,3,2019-05-09,3034.TW,0.6911918417492626,0.5912989734894079,False,0.16859691521187442,79
2021-04-12,1590.TW,1590,亞德客-KY,64,bearish,-0.0655021768121081,-6.550217681210812,bearish_cluster_3_rep_2,bearish,3,2019-05-09,3034.TW,0.6914375541075357,0.5912130764576978,True,0.16859691521187442,80
2019-04-24,3661.TW,3661,世芯-KY,56,bearish,-0.0578034682080924,-5.780346820809246,bearish_cluster_3_rep_2,bearish,3,2019-05-09,3034.TW,0.6916226094393576,0.5911484006065767,True,0.16859691521187442,81
2024-10-23,1802.TW,1802,台玻,86,bullish,0.0758807349939223,7.588073499392234,bearish_cluster_3_rep_2,bearish,3,2019-05-09,3034.TW,0.6920602633829783,0.5909954991796067,False,0.16859691521187442,82
2021-12-07,6515.TW,6515,穎崴,73,bearish,-0.0874704491725768,-8.747044917257686,bearish_cluster_3_rep_2,bearish,3,2019-05-09,3034.TW,0.6926723299345569,0.5907817965209265,True,0.16859691521187442,83
2021-11-18,6415.TW,6415,矽力*-KY,92,bearish,-0.1131008482563619,-11.31008482563619,bearish_cluster_3_rep_2,bearish,3,2019-05-09,3034.TW,0.6943740680932501,0.5901884470678554,True,0.16859691521187442,84
2025-11-07,6531.TW,6531,愛普*,95,neutral,0.0246913580246914,2.4691358024691468,bearish_cluster_3_rep_2,bearish,3,2019-05-09,3034.TW,0.6961671656768087,0.5895645312771856,False,0.16859691521187442,85
2023-04-13,2492.TW,2492,華新科,100,neutral,-0.0275229357798164,-2.752293577981646,bearish_cluster_3_rep_2,bearish,3,2019-05-09,3034.TW,0.6963169988982943,0.5895124558967866,False,0.16859691521187442,86
2021-09-08,6531.TW,6531,愛普*,95,neutral,0.0014903129657228,0.1490312965722884,bearish_cluster_3_rep_2,bearish,3,2019-05-09,3034.TW,0.6971673504746322,0.5892170855869567,False,0.16859691521187442,87
2021-11-15,6415.TW,6415,矽力*-KY,92,neutral,0.0321011673151752,3.2101167315175205,bearish_cluster_3_rep_2,bearish,3,2019-05-09,3034.TW,0.6977257388300722,0.5890232898802105,False,0.16859691521187442,88
2022-12-02,6789.TW,6789,采鈺,96,neutral,-0.042016806722689,-4.201680672268903,bearish_cluster_3_rep_2,bearish,3,2019-05-09,3034.TW,0.6984344612541171,0.5887775023486064,False,0.16859691521187442,89
2020-05-28,1590.TW,1590,亞德客-KY,64,bearish,-0.1311189182986246,-13.111891829862463,bearish_cluster_3_rep_2,bearish,3,2019-05-09,3034.TW,0.6985668076685022,0.5887316268546577,True,0.16859691521187442,90
2024-05-29,6213.TW,6213,聯茂,81,neutral,-0.0131578947368421,-1.3157894736842146,bearish_cluster_3_rep_2,bearish,3,2019-05-09,3034.TW,0.7003900555046769,0.5881003577753807,False,0.16859691521187442,91
2021-11-09,6789.TW,6789,采鈺,96,bullish,0.070469798657718,7.046979865771808,bearish_cluster_3_rep_2,bearish,3,2019-05-09,3034.TW,0.7010088293731535,0.5878864252389063,False,0.16859691521187442,92
2023-09-05,1802.TW,1802,台玻,86,bearish,-0.0687204140627816,-6.8720414062781625,bearish_cluster_3_rep_2,bearish,3,2019-05-09,3034.TW,0.7014371353038577,0.5877384354970078,True,0.16859691521187442,93
2024-07-17,6415.TW,6415,矽力*-KY,92,bearish,-0.144467213114754,-14.446721311475407,bearish_cluster_3_rep_2,bearish,3,2019-05-09,3034.TW,0.7014373265319643,0.5877383694398532,True,0.16859691521187442,94
2019-09-03,2492.TW,2492,華新科,100,neutral,0.01875,1.8750000000000044,bearish_cluster_3_rep_2,bearish,3,2019-05-09,3034.TW,0.7015185519545121,0.5877103125624538,False,0.16859691521187442,95
2021-07-21,2379.TW,2379,瑞昱,53,neutral,-0.0035149384885764,-0.3514938488576424,bearish_cluster_3_rep_3,bearish,3,2023-09-19,3044.TW,0.40882526544934766,0.709811233887155,False,0.0,1
2019-03-20,3533.TW,3533,嘉澤,82,neutral,0.0060484397771141,0.6048439777114112,bearish_cluster_3_rep_3,bearish,3,2023-09-19,3044.TW,0.41208495944633583,0.7081726869975938,False,0.0,2
2020-12-29,3034.TW,3034,聯詠,58,neutral,0.0312056737588652,3.1205673758865293,bearish_cluster_3_rep_3,bearish,3,2023-09-19,3044.TW,0.426346620824056,0.7010918562153293,False,0.0,3
2019-06-14,2379.TW,2379,瑞昱,53,neutral,0.0248306997742664,2.483069977426644,bearish_cluster_3_rep_3,bearish,3,2023-09-19,3044.TW,0.43419087078444424,0.6972572621753202,False,0.0,4
2019-10-28,3661.TW,3661,世芯-KY,56,neutral,-0.0261096605744125,-2.610966057441255,bearish_cluster_3_rep_3,bearish,3,2023-09-19,3044.TW,0.434946267535372,0.6968902060127833,False,0.0,5
2021-07-05,2002.TW,2002,中鋼,62,neutral,-0.0288220922781925,-2.8822092278192546,bearish_cluster_3_rep_3,bearish,3,2023-09-19,3044.TW,0.43576859142026414,0.696491068251325,False,0.0,6
2021-02-25,2615.TW,2615,萬海,59,neutral,0.0,0.0,bearish_cluster_3_rep_3,bearish,3,2023-09-19,3044.TW,0.4512871320727232,0.6890435241245497,False,0.0,7
2019-02-19,3661.TW,3661,世芯-KY,56,neutral,0.0382318362522224,3.823183625222248,bearish_cluster_3_rep_3,bearish,3,2023-09-19,3044.TW,0.4551221897741734,0.6872275105331148,False,0.0,8
2021-07-12,3532.TW,3532,台勝科,98,bullish,0.06,6.000000000000005,bearish_cluster_3_rep_3,bearish,3,2023-09-19,3044.TW,0.46037438015072996,0.6847559184767312,False,0.0,9
2024-06-13,6415.TW,6415,矽力*-KY,92,neutral,0.0179640718562874,1.7964071856287456,bearish_cluster_3_rep_3,bearish,3,2023-09-19,3044.TW,0.46231603302865054,0.6838467044150965,False,0.0,10
2020-08-12,2313.TW,2313,華通,60,bearish,-0.0546138944353262,-5.461389443532627,bearish_cluster_3_rep_3,bearish,3,2023-09-19,3044.TW,0.4687626238555376,0.6808452119886982,True,0.0,11
2025-05-06,1605.TW,1605,華新,88,neutral,0.0047059003044576,0.4705900304457611,bearish_cluster_3_rep_3,bearish,3,2023-09-19,3044.TW,0.4755598227067679,0.6777088835108016,False,0.0,12
2021-11-02,2615.TW,2615,萬海,59,bullish,0.1055900573730468,10.559005737304684,bearish_cluster_3_rep_3,bearish,3,2023-09-19,3044.TW,0.48324500829699285,0.6741974484364948,False,0.0,13
2020-12-18,3661.TW,3661,世芯-KY,56,neutral,-0.038095238095238,-3.809523809523807,bearish_cluster_3_rep_3,bearish,3,2023-09-19,3044.TW,0.4888990650833327,0.6716372005674076,False,0.0,14
2020-08-04,3034.TW,3034,聯詠,58,neutral,-0.0117647058823529,-1.17647058823529,bearish_cluster_3_rep_3,bearish,3,2023-09-19,3044.TW,0.4903153166377944,0.6709989415233525,False,0.0,15
2021-06-24,6415.TW,6415,矽力*-KY,92,bullish,0.0655509065550905,6.555090655509055,bearish_cluster_3_rep_3,bearish,3,2023-09-19,3044.TW,0.4927834364828153,0.6698895335790469,False,0.0,16
2021-03-17,3034.TW,3034,聯詠,58,neutral,0.0374015748031495,3.740157480314954,bearish_cluster_3_rep_3,bearish,3,2023-09-19,3044.TW,0.49386734751864775,0.6694034792721227,False,0.0,17
2021-03-26,6770.TW,6770,力積電,55,neutral,-0.026560412099439,-2.6560412099439046,bearish_cluster_3_rep_3,bearish,3,2023-09-19,3044.TW,0.49436265170712135,0.6691816065247789,False,0.0,18
2019-02-19,3034.TW,3034,聯詠,58,neutral,-0.0085959885386819,-0.8595988538681931,bearish_cluster_3_rep_3,bearish,3,2023-09-19,3044.TW,0.49733724032542304,0.667852219973281,False,0.0,19
2018-03-09,3532.TW,3532,台勝科,98,neutral,-0.0072463768115942,-0.7246376811594235,bearish_cluster_3_rep_3,bearish,3,2023-09-19,3044.TW,0.498906678584803,0.6671529417322718,False,0.0,20
2019-10-16,6415.TW,6415,矽力*-KY,92,bearish,-0.0686746987951807,-6.867469879518073,bearish_cluster_3_rep_3,bearish,3,2023-09-19,3044.TW,0.500205557439021,0.6665753203228266,True,0.0,21
2018-03-06,2492.TW,2492,華新科,100,neutral,-0.0220820032367566,-2.2082003236756687,bearish_cluster_3_rep_3,bearish,3,2023-09-19,3044.TW,0.502527262214397,0.665545328293224,False,0.0,22
2018-09-04,3661.TW,3661,世芯-KY,56,bearish,-0.0933333333333333,-9.333333333333336,bearish_cluster_3_rep_3,bearish,3,2023-09-19,3044.TW,0.5115965238414246,0.6615521961235378,True,0.0,23
2019-02-20,3034.TW,3034,聯詠,58,neutral,-0.0085714285714285,-0.8571428571428563,bearish_cluster_3_rep_3,bearish,3,2023-09-19,3044.TW,0.5120416031173323,0.6613574639337496,False,0.0,24
2024-02-22,3533.TW,3533,嘉澤,82,neutral,-0.0382775119617224,-3.827751196172247,bearish_cluster_3_rep_3,bearish,3,2023-09-19,3044.TW,0.5172477176887403,0.6590881557055982,False,0.0,25
2021-06-23,6415.TW,6415,矽力*-KY,92,bullish,0.0719530102790013,7.195301027900136,bearish_cluster_3_rep_3,bearish,3,2023-09-19,3044.TW,0.5206087567085443,0.6576313569077192,False,0.0,26
2022-11-14,6531.TW,6531,愛普*,95,bullish,0.0640668523676879,6.406685236768794,bearish_cluster_3_rep_3,bearish,3,2023-09-19,3044.TW,0.5266162600302868,0.6550434619241909,False,0.0,27
2024-03-22,6789.TW,6789,采鈺,96,neutral,0.0032626427406199,0.3262642740619936,bearish_cluster_3_rep_3,bearish,3,2023-09-19,3044.TW,0.5268567377903615,0.6549402935125278,False,0.0,28
2025-12-08,2404.TW,2404,漢唐,79,bullish,0.1074074074074074,10.74074074074074,bearish_cluster_3_rep_3,bearish,3,2023-09-19,3044.TW,0.5276273392356874,0.6546099132399179,False,0.0,29
2022-11-08,2609.TW,2609,陽明,77,neutral,0.0283910943066547,2.8391094306654763,bearish_cluster_3_rep_3,bearish,3,2023-09-19,3044.TW,0.5278548289280195,0.6545124452050359,False,0.0,30
2019-04-02,6213.TW,6213,聯茂,81,neutral,-0.0056689353589081,-0.5668935358908112,bearish_cluster_3_rep_3,bearish,3,2023-09-19,3044.TW,0.528392376378466,0.6542822481027454,False,0.0,31
2020-02-10,1519.TW,1519,華城,66,neutral,-0.0344827695975832,-3.448276959758323,bearish_cluster_3_rep_3,bearish,3,2023-09-19,3044.TW,0.5322875918692012,0.6526190026639345,False,0.0,32
2024-06-28,3036.TW,3036,文曄,68,neutral,-0.0120967741935483,-1.2096774193548376,bearish_cluster_3_rep_3,bearish,3,2023-09-19,3044.TW,0.5323676767330571,0.6525848953770401,False,0.0,33
2023-04-18,6789.TW,6789,采鈺,96,bearish,-0.0791075050709939,-7.9107505070993955,bearish_cluster_3_rep_3,bearish,3,2023-09-19,3044.TW,0.5337820582071563,0.6519831123653277,True,0.0,34
2021-10-20,1605.TW,1605,華新,88,neutral,-0.0227273562528989,-2.27273562528989,bearish_cluster_3_rep_3,bearish,3,2023-09-19,3044.TW,0.5340020521110773,0.6518896103325355,False,0.0,35
2022-12-05,6789.TW,6789,采鈺,96,bearish,-0.0699588477366255,-6.995884773662553,bearish_cluster_3_rep_3,bearish,3,2023-09-19,3044.TW,0.5348241177549415,0.6515404523762283,True,0.0,36
2021-03-08,1519.TW,1519,華城,66,neutral,-0.0065216513083811,-0.6521651308381116,bearish_cluster_3_rep_3,bearish,3,2023-09-19,3044.TW,0.5361147525149884,0.6509930318439817,False,0.0,37
2020-07-22,1590.TW,1590,亞德客-KY,64,neutral,-0.0491525689813244,-4.915256898132448,bearish_cluster_3_rep_3,bearish,3,2023-09-19,3044.TW,0.5363902346008568,0.6508763056931254,False,0.0,38
2021-10-18,1605.TW,1605,華新,88,neutral,0.0485437112693076,4.854371126930768,bearish_cluster_3_rep_3,bearish,3,2023-09-19,3044.TW,0.5403978011324002,0.6491829573275586,False,0.0,39
2024-01-12,6531.TW,6531,愛普*,95,neutral,0.0389105058365759,3.891050583657596,bearish_cluster_3_rep_3,bearish,3,2023-09-19,3044.TW,0.5439052942240512,0.6477081228629301,False,0.0,40
2019-02-21,3661.TW,3661,世芯-KY,56,neutral,-0.0220416933149685,-2.2041693314968525,bearish_cluster_3_rep_3,bearish,3,2023-09-19,3044.TW,0.5454418361632817,0.6470641447643238,False,0.0,41
2018-08-30,3533.TW,3533,嘉澤,82,neutral,-0.0337552636854171,-3.3755263685417147,bearish_cluster_3_rep_3,bearish,3,2023-09-19,3044.TW,0.5463558912240292,0.646681663435474,False,0.0,42
2024-09-25,6789.TW,6789,采鈺,96,neutral,0.0,0.0,bearish_cluster_3_rep_3,bearish,3,2023-09-19,3044.TW,0.5468277705795843,0.6464843850232322,False,0.0,43
2024-03-21,1504.TW,1504,東元,89,neutral,-0.0430292610268062,-4.302926102680626,bearish_cluster_3_rep_3,bearish,3,2023-09-19,3044.TW,0.5485483777852871,0.6457660699178068,False,0.0,44
2022-11-09,3532.TW,3532,台勝科,98,neutral,0.0477707006369427,4.777070063694278,bearish_cluster_3_rep_3,bearish,3,2023-09-19,3044.TW,0.5504575917883794,0.6449708816908352,False,0.0,45
2020-08-11,2313.TW,2313,華通,60,neutral,-0.038095238095238,-3.809523809523807,bearish_cluster_3_rep_3,bearish,3,2023-09-19,3044.TW,0.552625827864528,0.6440701823023219,False,0.0,46
2024-05-28,3661.TW,3661,世芯-KY,56,neutral,-0.0221465076660988,-2.2146507666098825,bearish_cluster_3_rep_3,bearish,3,2023-09-19,3044.TW,0.5545900380205063,0.6432564055751456,False,0.0,47
2025-09-12,3533.TW,3533,嘉澤,82,bullish,0.0822784810126582,8.227848101265822,bearish_cluster_3_rep_3,bearish,3,2023-09-19,3044.TW,0.5547645062504406,0.6431842224207043,False,0.0,48
2022-12-08,1605.TW,1605,華新,88,neutral,-0.0125261434176405,-1.2526143417640578,bearish_cluster_3_rep_3,bearish,3,2023-09-19,3044.TW,0.5555592378175274,0.6428556211096241,False,0.0,49
2020-11-09,1802.TW,1802,台玻,86,neutral,0.0181159417785983,1.811594177859832,bearish_cluster_3_rep_3,bearish,3,2023-09-19,3044.TW,0.5558005576210407,0.642755907948182,False,0.0,50
2023-11-08,2356.TW,2356,英業達,71,neutral,0.0081018163874977,0.810181638749774,bearish_cluster_3_rep_3,bearish,3,2023-09-19,3044.TW,0.5561578308054309,0.6426083397224711,False,0.0,51
2020-12-25,3034.TW,3034,聯詠,58,neutral,0.0156472261735418,1.5647226173541862,bearish_cluster_3_rep_3,bearish,3,2023-09-19,3044.TW,0.5563622590225586,0.642523933102843,False,0.0,52
2025-05-12,2313.TW,2313,華通,60,neutral,0.0304975559301674,3.0497555930167453,bearish_cluster_3_rep_3,bearish,3,2023-09-19,3044.TW,0.5567352508582927,0.6423699851652095,False,0.0,53
2021-07-19,1519.TW,1519,華城,66,neutral,-0.0086862035774178,-0.8686203577417895,bearish_cluster_3_rep_3,bearish,3,2023-09-19,3044.TW,0.5569488998448244,0.6422818373163477,False,0.0,54
2025-07-15,6139.TW,6139,亞翔,85,bullish,0.0815047021943573,8.150470219435736,bearish_cluster_3_rep_3,bearish,3,2023-09-19,3044.TW,0.5577988977718119,0.6419313824334731,False,0.0,55
2025-02-17,6213.TW,6213,聯茂,81,neutral,0.0038119830164049,0.3811983016404952,bearish_cluster_3_rep_3,bearish,3,2023-09-19,3044.TW,0.5593538823989328,0.6412912497204197,False,0.0,56
2022-11-10,3532.TW,3532,台勝科,98,bullish,0.0567823343848581,5.6782334384858135,bearish_cluster_3_rep_3,bearish,3,2023-09-19,3044.TW,0.5609042954856782,0.6406542687416004,False,0.0,57
2023-03-29,1590.TW,1590,亞德客-KY,64,neutral,-0.0336134453781512,-3.361344537815125,bearish_cluster_3_rep_3,bearish,3,2023-09-19,3044.TW,0.5628287326008604,0.6398653794493523,False,0.0,58
2018-07-04,3533.TW,3533,嘉澤,82,neutral,0.0217917895509667,2.1791789550966723,bearish_cluster_3_rep_3,bearish,3,2023-09-19,3044.TW,0.5632765952564109,0.6396820646035314,False,0.0,59
2019-03-19,3533.TW,3533,嘉澤,82,neutral,0.0020366566854774,0.2036656685477478,bearish_cluster_3_rep_3,bearish,3,2023-09-19,3044.TW,0.5646756581240664,0.6391100895625411,False,0.0,60
2024-10-23,6139.TW,6139,亞翔,85,neutral,-0.0358649789029535,-3.5864978902953597,bearish_cluster_3_rep_3,bearish,3,2023-09-19,3044.TW,0.5647827670984559,0.6390663426427421,False,0.0,61
2018-08-28,3533.TW,3533,嘉澤,82,neutral,-0.0063425007238109,-0.6342500723810929,bearish_cluster_3_rep_3,bearish,3,2023-09-19,3044.TW,0.5652253755197717,0.638885629916347,False,0.0,62
2024-06-05,4938.TW,4938,和碩,69,neutral,0.0090090090090089,0.9009009009008916,bearish_cluster_3_rep_3,bearish,3,2023-09-19,3044.TW,0.5659734916450925,0.6385804136119035,False,0.0,63
2019-09-19,2379.TW,2379,瑞昱,53,neutral,0.0200892857142858,2.008928571428581,bearish_cluster_3_rep_3,bearish,3,2023-09-19,3044.TW,0.5665253779480999,0.638355441971736,False,0.0,64
2019-04-11,2492.TW,2492,華新科,100,neutral,0.0289855072463767,2.898550724637672,bearish_cluster_3_rep_3,bearish,3,2023-09-19,3044.TW,0.5667452888998133,0.6382658413494969,False,0.0,65
2021-11-17,6415.TW,6415,矽力*-KY,92,bearish,-0.0654205607476635,-6.542056074766355,bearish_cluster_3_rep_3,bearish,3,2023-09-19,3044.TW,0.5676555885694892,0.6378952158187475,True,0.0,66
2023-02-23,2379.TW,2379,瑞昱,53,neutral,-0.0065359477124182,-0.6535947712418277,bearish_cluster_3_rep_3,bearish,3,2023-09-19,3044.TW,0.5681640620635555,0.6376883798013421,False,0.0,67
2021-04-12,2404.TW,2404,漢唐,79,neutral,-0.0223463687150837,-2.234636871508377,bearish_cluster_3_rep_3,bearish,3,2023-09-19,3044.TW,0.5682014690653103,0.6376731687389801,False,0.0,68
2023-03-17,6531.TW,6531,愛普*,95,bullish,0.0658978583196046,6.58978583196046,bearish_cluster_3_rep_3,bearish,3,2023-09-19,3044.TW,0.5682772771932176,0.6376423445921012,False,0.0,69
2020-04-20,1590.TW,1590,亞德客-KY,64,neutral,-0.0255402626554431,-2.554026265544318,bearish_cluster_3_rep_3,bearish,3,2023-09-19,3044.TW,0.5685298461418649,0.6375396696847779,False,0.0,70
2021-12-23,6531.TW,6531,愛普*,95,neutral,0.006012024048096,0.6012024048096087,bearish_cluster_3_rep_3,bearish,3,2023-09-19,3044.TW,0.5696343641124606,0.6370910467199432,False,0.0,71
2025-09-11,3533.TW,3533,嘉澤,82,neutral,0.0093749999999999,0.9374999999999912,bearish_cluster_3_rep_3,bearish,3,2023-09-19,3044.TW,0.5701542301080182,0.6368801107717968,False,0.0,72
2018-03-08,3532.TW,3532,台勝科,98,neutral,0.0220588235294116,2.2058823529411686,bearish_cluster_3_rep_3,bearish,3,2023-09-19,3044.TW,0.5712241499421814,0.6364464293887021,False,0.0,73
2022-04-18,3533.TW,3533,嘉澤,82,neutral,0.033240950872494,3.3240950872494013,bearish_cluster_3_rep_3,bearish,3,2023-09-19,3044.TW,0.5720101424610908,0.6361282112559596,False,0.0,74
2020-04-17,2379.TW,2379,瑞昱,53,neutral,0.0455531453362256,4.555314533622568,bearish_cluster_3_rep_3,bearish,3,2023-09-19,3044.TW,0.5720188761191453,0.6361246771213762,False,0.0,75
2019-04-08,6415.TW,6415,矽力*-KY,92,neutral,-0.0335707019328586,-3.3570701932858604,bearish_cluster_3_rep_3,bearish,3,2023-09-19,3044.TW,0.5721043564934432,0.636090088975064,False,0.0,76
2025-07-16,6139.TW,6139,亞翔,85,bullish,0.0667701863354037,6.677018633540377,bearish_cluster_3_rep_3,bearish,3,2023-09-19,3044.TW,0.5724518016706378,0.6359495400352231,False,0.0,77
2023-08-21,3533.TW,3533,嘉澤,82,neutral,0.0286783042394014,2.867830423940143,bearish_cluster_3_rep_3,bearish,3,2023-09-19,3044.TW,0.5735849626115093,0.6354915837149383,False,0.0,78
2023-02-03,6789.TW,6789,采鈺,96,neutral,0.0346938775510203,3.469387755102038,bearish_cluster_3_rep_3,bearish,3,2023-09-19,3044.TW,0.5739397969583231,0.6353483163285688,False,0.0,79
2018-07-05,3533.TW,3533,嘉澤,82,neutral,0.028846182753319,2.884618275331907,bearish_cluster_3_rep_3,bearish,3,2023-09-19,3044.TW,0.5746911003112175,0.6350451842919305,False,0.0,80
2018-05-11,2313.TW,2313,華通,60,neutral,-0.0293255145087151,-2.9325514508715123,bearish_cluster_3_rep_3,bearish,3,2023-09-19,3044.TW,0.5749865348536866,0.6349260630935477,False,0.0,81
2023-12-26,6415.TW,6415,矽力*-KY,92,bullish,0.1441647597254005,14.416475972540056,bearish_cluster_3_rep_3,bearish,3,2023-09-19,3044.TW,0.5756898689822763,0.6346426537894103,False,0.0,82
2024-03-27,1590.TW,1590,亞德客-KY,64,neutral,0.0267857142857141,2.678571428571419,bearish_cluster_3_rep_3,bearish,3,2023-09-19,3044.TW,0.5768570923461358,0.6341728777159789,False,0.0,83
2021-07-22,2379.TW,2379,瑞昱,53,bullish,0.077328646748682,7.732864674868201,bearish_cluster_3_rep_3,bearish,3,2023-09-19,3044.TW,0.5797612131937784,0.6330070593253241,False,0.0,84
2020-02-14,6213.TW,6213,聯茂,81,neutral,-0.0424027521929184,-4.240275219291845,bearish_cluster_3_rep_3,bearish,3,2023-09-19,3044.TW,0.5816738443233151,0.6322415987272194,False,0.0,85
2023-08-24,6213.TW,6213,聯茂,81,bullish,0.0579010293608361,5.790102936083619,bearish_cluster_3_rep_3,bearish,3,2023-09-19,3044.TW,0.5818610870564972,0.6321667611539675,False,0.0,86
2020-04-21,2379.TW,2379,瑞昱,53,neutral,-0.0085653104925053,-0.8565310492505307,bearish_cluster_3_rep_3,bearish,3,2023-09-19,3044.TW,0.5820966843444892,0.6320726222963614,False,0.0,87
2025-05-05,1605.TW,1605,華新,88,neutral,0.0118764849910233,1.187648499102334,bearish_cluster_3_rep_3,bearish,3,2023-09-19,3044.TW,0.5825974121375841,0.6318726369262282,False,0.0,88
2021-01-14,2379.TW,2379,瑞昱,53,bullish,0.0539325842696629,5.393258426966296,bearish_cluster_3_rep_3,bearish,3,2023-09-19,3044.TW,0.5832934504555927,0.6315948567287069,False,0.0,89
2025-09-22,1605.TW,1605,華新,88,bullish,0.0715746398933694,7.157463989336943,bearish_cluster_3_rep_3,bearish,3,2023-09-19,3044.TW,0.5835267988879203,0.6315017849412339,False,0.0,90
2021-06-22,1590.TW,1590,亞德客-KY,64,bullish,0.0821256517089707,8.21256517089708,bearish_cluster_3_rep_3,bearish,3,2023-09-19,3044.TW,0.5839060916384718,0.6313505612984606,False,0.0,91
2025-10-27,3044.TW,3044,健鼎,65,neutral,0.0287443267776097,2.874432677760974,bearish_cluster_3_rep_3,bearish,3,2023-09-19,3044.TW,0.583960454423365,0.6313288928441375,False,0.0,92
2018-06-27,6415.TW,6415,矽力*-KY,92,neutral,-0.022077922077922,-2.207792207792203,bearish_cluster_3_rep_3,bearish,3,2023-09-19,3044.TW,0.5841825519759024,0.631240382462697,False,0.0,93
2023-08-01,6919.TW,6919,康霈*,97,neutral,-0.0207468331304836,-2.0746833130483644,bearish_cluster_3_rep_3,bearish,3,2023-09-19,3044.TW,0.5843573606214812,0.6311707351223711,False,0.0,94
2021-11-22,3481.TW,3481,群創,52,neutral,-0.0211639920773607,-2.116399207736075,bearish_cluster_3_rep_3,bearish,3,2023-09-19,3044.TW,0.5851800876039651,0.6308431501379267,False,0.0,95
2023-12-27,2356.TW,2356,英業達,71,neutral,-0.0154143165363668,-1.5414316536366823,bearish_cluster_4_rep_1,bearish,4,2024-05-02,3661.TW,0.4576231236278837,0.686048391926643,False,0.0,1
2024-09-16,6805.TW,6805,富世達,93,neutral,0.0203303684879287,2.03303684879288,bearish_cluster_4_rep_1,bearish,4,2024-05-02,3661.TW,0.4622392012004169,0.683882636424366,False,0.0,2
2018-05-25,1605.TW,1605,華新,88,neutral,-0.0368216496004555,-3.682164960045553,bearish_cluster_4_rep_1,bearish,4,2024-05-02,3661.TW,0.46352597382373917,0.6832813478446921,False,0.0,3
2021-12-15,2376.TW,2376,技嘉,70,neutral,0.0065573770491802,0.6557377049180246,bearish_cluster_4_rep_1,bearish,4,2024-05-02,3661.TW,0.47645542517037726,0.6772977923695894,False,0.0,4
2023-12-28,2356.TW,2356,英業達,71,neutral,-0.0342205188075457,-3.422051880754573,bearish_cluster_4_rep_1,bearish,4,2024-05-02,3661.TW,0.5023313402370517,0.6656321233651498,False,0.0,5
2024-08-20,1519.TW,1519,華城,66,neutral,-0.0043227147427548,-0.4322714742754807,bearish_cluster_4_rep_1,bearish,4,2024-05-02,3661.TW,0.5137242314057016,0.660622311021184,False,0.0,6
2020-03-30,2356.TW,2356,英業達,71,bullish,0.0678733019958548,6.787330199585484,bearish_cluster_4_rep_1,bearish,4,2024-05-02,3661.TW,0.516353234492655,0.6594769459073844,False,0.0,7
2018-02-23,1590.TW,1590,亞德客-KY,64,neutral,0.0352941005538187,3.5294100553818764,bearish_cluster_4_rep_1,bearish,4,2024-05-02,3661.TW,0.5186493209793305,0.658479865091653,False,0.0,8
2024-10-16,3533.TW,3533,嘉澤,82,neutral,0.0270270270270269,2.7027027027026973,bearish_cluster_4_rep_1,bearish,4,2024-05-02,3661.TW,0.5253452188966895,0.6555892971712454,False,0.0,9
2021-06-28,3481.TW,3481,群創,52,neutral,-0.0281030712478482,-2.810307124784828,bearish_cluster_4_rep_1,bearish,4,2024-05-02,3661.TW,0.5255918104938081,0.6554833298930184,False,0.0,10
2023-05-05,1519.TW,1519,華城,66,neutral,-0.0020182385396871,-0.2018238539687189,bearish_cluster_4_rep_1,bearish,4,2024-05-02,3661.TW,0.5330797029802019,0.6522818076947131,False,0.0,11
2023-06-20,3661.TW,3661,世芯-KY,56,bearish,-0.051490514905149,-5.1490514905149,bearish_cluster_4_rep_1,bearish,4,2024-05-02,3661.TW,0.5340349506323552,0.6518756300746492,True,0.0,12
2019-08-23,3481.TW,3481,群創,52,neutral,-0.0389611079216598,-3.8961107921659854,bearish_cluster_4_rep_1,bearish,4,2024-05-02,3661.TW,0.5388856979391493,0.6498208420152216,False,0.0,13
2024-10-18,3533.TW,3533,嘉澤,82,neutral,0.0060606060606061,0.60606060606061,bearish_cluster_4_rep_1,bearish,4,2024-05-02,3661.TW,0.5431066110997493,0.6480433644745484,False,0.0,14
2020-04-30,2492.TW,2492,華新科,100,neutral,-0.0258215962441314,-2.582159624413149,bearish_cluster_4_rep_1,bearish,4,2024-05-02,3661.TW,0.545738692801589,0.6469398771324928,False,0.0,15
2021-02-05,6415.TW,6415,矽力*-KY,92,bullish,0.0709219858156029,7.092198581560294,bearish_cluster_4_rep_1,bearish,4,2024-05-02,3661.TW,0.5472712096987551,0.6462991062793021,False,0.0,16
2018-06-11,2492.TW,2492,華新科,100,neutral,-0.0494571773220747,-4.945717732207477,bearish_cluster_4_rep_1,bearish,4,2024-05-02,3661.TW,0.5514731112761158,0.6445487148517072,False,0.0,17
2021-11-12,3034.TW,3034,聯詠,58,bullish,0.0863787375415281,8.637873754152814,bearish_cluster_4_rep_1,bearish,4,2024-05-02,3661.TW,0.5595073639362476,0.6412281359646596,False,0.0,18
2025-11-24,6139.TW,6139,亞翔,85,neutral,0.0170648464163822,1.7064846416382284,bearish_cluster_4_rep_1,bearish,4,2024-05-02,3661.TW,0.5596628819941734,0.6411641974331065,False,0.0,19
2018-03-01,2337.TW,2337,旺宏,67,neutral,-0.0023255597201475,-0.2325559720147585,bearish_cluster_4_rep_1,bearish,4,2024-05-02,3661.TW,0.5688166183222801,0.6374231304799777,False,0.0,20
2023-08-23,2356.TW,2356,英業達,71,bearish,-0.0793919037562201,-7.939190375622019,bearish_cluster_4_rep_1,bearish,4,2024-05-02,3661.TW,0.5722289160921804,0.6360396948337068,True,0.0,21
2023-03-09,6515.TW,6515,穎崴,73,bearish,-0.0755627009646302,-7.556270096463025,bearish_cluster_4_rep_1,bearish,4,2024-05-02,3661.TW,0.5724245307616809,0.635960569449779,True,0.0,22
2019-12-12,2409.TW,2409,友達,80,bullish,0.0932475526653078,9.324755266530785,bearish_cluster_4_rep_1,bearish,4,2024-05-02,3661.TW,0.5735188169874623,0.6355182977185636,False,0.0,23
2025-01-20,6515.TW,6515,穎崴,73,bearish,-0.0942622950819672,-9.426229508196728,bearish_cluster_4_rep_1,bearish,4,2024-05-02,3661.TW,0.5766503789051397,0.6342560236432517,True,0.0,24
2020-09-01,2409.TW,2409,友達,80,bullish,0.1534883720930233,15.348837209302337,bearish_cluster_4_rep_1,bearish,4,2024-05-02,3661.TW,0.5792853332312823,0.6331978009027408,False,0.0,25
2019-02-19,2492.TW,2492,華新科,100,neutral,0.0450928381962865,4.509283819628651,bearish_cluster_4_rep_1,bearish,4,2024-05-02,3661.TW,0.5808070614844244,0.6325882673252804,False,0.0,26
2024-01-25,3036.TW,3036,文曄,68,neutral,0.0491803278688525,4.918032786885251,bearish_cluster_4_rep_1,bearish,4,2024-05-02,3661.TW,0.5821688346090338,0.6320437984402011,False,0.0,27
2020-10-12,3661.TW,3661,世芯-KY,56,bullish,0.057915057915058,5.791505791505802,bearish_cluster_4_rep_1,bearish,4,2024-05-02,3661.TW,0.5830201951933698,0.6317038803651192,False,0.0,28
2021-08-09,3481.TW,3481,群創,52,neutral,-0.0124378289831001,-1.2437828983100196,bearish_cluster_4_rep_1,bearish,4,2024-05-02,3661.TW,0.58324606768537,0.6316137588530076,False,0.0,29
2023-09-14,2313.TW,2313,華通,60,bullish,0.1200787870163622,12.00787870163622,bearish_cluster_4_rep_1,bearish,4,2024-05-02,3661.TW,0.584713961609318,0.6310287056374982,False,0.0,30
2018-05-28,1605.TW,1605,華新,88,neutral,-0.0233918234832865,-2.33918234832865,bearish_cluster_4_rep_1,bearish,4,2024-05-02,3661.TW,0.5863884108041751,0.6303626483838709,False,0.0,31
2019-06-18,6213.TW,6213,聯茂,81,neutral,0.0334346723803156,3.343467238031561,bearish_cluster_4_rep_1,bearish,4,2024-05-02,3661.TW,0.5864731538550219,0.6303289769323029,False,0.0,32
2025-10-27,6531.TW,6531,愛普*,95,neutral,-0.0214646464646465,-2.146464646464652,bearish_cluster_4_rep_1,bearish,4,2024-05-02,3661.TW,0.586590010800572,0.6302825513791136,False,0.0,33
2024-08-16,3044.TW,3044,健鼎,65,neutral,-0.01010101010101,-1.0101010101010055,bearish_cluster_4_rep_1,bearish,4,2024-05-02,3661.TW,0.5885245014407332,0.6295149990403276,False,0.0,34
2023-01-10,3661.TW,3661,世芯-KY,56,neutral,-0.0164512338425382,-1.6451233842538215,bearish_cluster_4_rep_1,bearish,4,2024-05-02,3661.TW,0.5895656327081226,0.6291026802688938,False,0.0,35
2025-04-21,2379.TW,2379,瑞昱,53,neutral,-0.0019723865877712,-0.1972386587771213,bearish_cluster_4_rep_1,bearish,4,2024-05-02,3661.TW,0.5896630996732403,0.6290641081154572,False,0.0,36
2024-12-26,6919.TW,6919,康霈*,97,neutral,-0.0064620600326104,-0.6462060032610406,bearish_cluster_4_rep_1,bearish,4,2024-05-02,3661.TW,0.5910590824876163,0.6285121721793655,False,0.0,37
2020-10-07,2609.TW,2609,陽明,77,neutral,0.0049019795754747,0.4901979575474779,bearish_cluster_4_rep_1,bearish,4,2024-05-02,3661.TW,0.591748180440109,0.6282400773491105,False,0.0,38
2022-11-09,2492.TW,2492,華新科,100,neutral,0.0297265165916653,2.9726516591665364,bearish_cluster_4_rep_1,bearish,4,2024-05-02,3661.TW,0.5924444067570201,0.6279654069911799,False,0.0,39
2020-03-31,2834.TW,2834,臺企銀,87,neutral,0.0030960674139568,0.3096067413956849,bearish_cluster_4_rep_1,bearish,4,2024-05-02,3661.TW,0.5973126928575336,0.6260514954094786,False,0.0,40
2021-05-28,3034.TW,3034,聯詠,58,neutral,-0.0138613861386138,-1.3861386138613874,bearish_cluster_4_rep_1,bearish,4,2024-05-02,3661.TW,0.5980144081372564,0.6257765855601147,False,0.0,41
2020-01-17,1590.TW,1590,亞德客-KY,64,bearish,-0.0749506538212634,-7.495065382126342,bearish_cluster_4_rep_1,bearish,4,2024-05-02,3661.TW,0.5984019122357711,0.6256248771632449,True,0.0,42
2024-10-15,3533.TW,3533,嘉澤,82,neutral,-0.0060240963855421,-0.6024096385542133,bearish_cluster_4_rep_1,bearish,4,2024-05-02,3661.TW,0.5989466463377712,0.625411737339955,False,0.0,43
2023-06-21,2618.TW,2618,長榮航,72,neutral,0.019777483855909,1.977748385590905,bearish_cluster_4_rep_1,bearish,4,2024-05-02,3661.TW,0.5996979520555569,0.6251180097561757,False,0.0,44
2025-07-31,6515.TW,6515,穎崴,73,neutral,0.0,0.0,bearish_cluster_4_rep_1,bearish,4,2024-05-02,3661.TW,0.6000479859763138,0.6249812560401569,False,0.0,45
2020-03-27,2356.TW,2356,英業達,71,bullish,0.0574712643678161,5.747126436781613,bearish_cluster_4_rep_1,bearish,4,2024-05-02,3661.TW,0.6070402840735847,0.6222619369971009,False,0.0,46
2022-11-08,2492.TW,2492,華新科,100,bullish,0.0541872129463689,5.418721294636897,bearish_cluster_4_rep_1,bearish,4,2024-05-02,3661.TW,0.6081886900127695,0.6218175803686691,False,0.0,47
2019-12-26,6139.TW,6139,亞翔,85,neutral,-0.0125588581536286,-1.2558858153628671,bearish_cluster_4_rep_1,bearish,4,2024-05-02,3661.TW,0.6084674921623718,0.6217097982226748,False,0.0,48
2024-05-08,6770.TW,6770,力積電,55,neutral,-0.024291512669505,-2.429151266950502,bearish_cluster_4_rep_1,bearish,4,2024-05-02,3661.TW,0.6122746657715259,0.6202417126746003,False,0.0,49
2024-03-25,3036.TW,3036,文曄,68,bearish,-0.0625,-6.25,bearish_cluster_4_rep_1,bearish,4,2024-05-02,3661.TW,0.6129487801572227,0.6199824894021276,True,0.0,50
2020-12-17,3481.TW,3481,群創,52,neutral,-0.0140844870037033,-1.408448700370335,bearish_cluster_4_rep_1,bearish,4,2024-05-02,3661.TW,0.6131065842040816,0.6199218388866766,False,0.0,51
2021-12-23,3661.TW,3661,世芯-KY,56,neutral,-0.0254901960784313,-2.5490196078431397,bearish_cluster_4_rep_1,bearish,4,2024-05-02,3661.TW,0.6131448541445829,0.6199071319793406,False,0.0,52
2018-06-12,6213.TW,6213,聯茂,81,neutral,-0.0166666483555721,-1.666664835557219,bearish_cluster_4_rep_1,bearish,4,2024-05-02,3661.TW,0.6142049035779097,0.6195000385536463,False,0.0,53
2023-11-10,6531.TW,6531,愛普*,95,bullish,0.0842490842490841,8.424908424908416,bearish_cluster_4_rep_1,bearish,4,2024-05-02,3661.TW,0.6145770801266006,0.6193572374516731,False,0.0,54
2022-06-07,6531.TW,6531,愛普*,95,neutral,-0.0182119205298013,-1.821192052980136,bearish_cluster_4_rep_1,bearish,4,2024-05-02,3661.TW,0.615743574779054,0.6189100892056747,False,0.0,55
2020-03-31,5876.TW,5876,上海商銀,75,neutral,0.013977071496994,1.397707149699401,bearish_cluster_4_rep_1,bearish,4,2024-05-02,3661.TW,0.6158685661782564,0.618862214991367,False,0.0,56
2019-02-13,1590.TW,1590,亞德客-KY,64,neutral,-0.0323833641546739,-3.238336415467391,bearish_cluster_4_rep_1,bearish,4,2024-05-02,3661.TW,0.6158811918724212,0.6188573795089715,False,0.0,57
2021-04-01,6531.TW,6531,愛普*,95,bearish,-0.0989761092150171,-9.897610921501707,bearish_cluster_4_rep_1,bearish,4,2024-05-02,3661.TW,0.6177669371869596,0.6181360102085172,True,0.0,58
2018-08-27,2379.TW,2379,瑞昱,53,neutral,0.028169014084507,2.8169014084507005,bearish_cluster_4_rep_1,bearish,4,2024-05-02,3661.TW,0.6180703645020931,0.6180200947612785,False,0.0,59
2021-10-19,3532.TW,3532,台勝科,98,neutral,0.0199335548172756,1.9933554817275656,bearish_cluster_4_rep_1,bearish,4,2024-05-02,3661.TW,0.620494966777792,0.6170954063426743,False,0.0,60
2024-10-17,3533.TW,3533,嘉澤,82,neutral,0.021341463414634,2.134146341463405,bearish_cluster_4_rep_1,bearish,4,2024-05-02,3661.TW,0.6210361274857955,0.6168893974935563,False,0.0,61
2018-12-07,3533.TW,3533,嘉澤,82,neutral,-0.0297029989659053,-2.9702998965905336,bearish_cluster_4_rep_1,bearish,4,2024-05-02,3661.TW,0.6235725336603245,0.6159256696376306,False,0.0,62
2024-08-14,4938.TW,4938,和碩,69,neutral,0.0048309178743961,0.4830917874396156,bearish_cluster_4_rep_1,bearish,4,2024-05-02,3661.TW,0.6236208030659905,0.615907358486436,False,0.0,63
2025-02-13,6805.TW,6805,富世達,93,neutral,0.0393487109905019,3.9348710990501967,bearish_cluster_4_rep_1,bearish,4,2024-05-02,3661.TW,0.6237473435636356,0.6158593601177519,False,0.0,64
2025-02-12,3533.TW,3533,嘉澤,82,neutral,-0.0165289256198346,-1.6528925619834656,bearish_cluster_4_rep_1,bearish,4,2024-05-02,3661.TW,0.6280342624520857,0.6142376871687187,False,0.0,65
2024-01-08,1519.TW,1519,華城,66,neutral,0.0262009033122434,2.620090331224345,bearish_cluster_4_rep_1,bearish,4,2024-05-02,3661.TW,0.6280625028511442,0.6142270325916543,False,0.0,66
2023-12-29,2324.TW,2324,仁寶,84,bearish,-0.0639899456637753,-6.398994566377536,bearish_cluster_4_rep_1,bearish,4,2024-05-02,3661.TW,0.6292696421101713,0.613771946738562,True,0.0,67
2024-08-20,7750.TW,7750,新代,91,neutral,-0.0099009900990099,-0.990099009900991,bearish_cluster_4_rep_1,bearish,4,2024-05-02,3661.TW,0.6297656659642326,0.6135851434864786,False,0.0,68
2019-06-17,6213.TW,6213,聯茂,81,bullish,0.056622894227893,5.662289422789302,bearish_cluster_4_rep_1,bearish,4,2024-05-02,3661.TW,0.6299415045303892,0.613518949741767,False,0.0,69
2025-04-16,1402.TW,1402,遠東新,94,neutral,-0.033742286061587,-3.3742286061587023,bearish_cluster_4_rep_1,bearish,4,2024-05-02,3661.TW,0.6301976778624766,0.6134225398426557,False,0.0,70
2022-08-18,3532.TW,3532,台勝科,98,neutral,-0.0218579234972677,-2.1857923497267784,bearish_cluster_4_rep_1,bearish,4,2024-05-02,3661.TW,0.6306680991625148,0.6132455773885466,False,0.0,71
2021-06-07,3532.TW,3532,台勝科,98,neutral,0.0145348837209302,1.4534883720930258,bearish_cluster_4_rep_1,bearish,4,2024-05-02,3661.TW,0.6322608216559337,0.6126471864867141,False,0.0,72
2020-04-01,2618.TW,2618,長榮航,72,bullish,0.0530974002141757,5.309740021417575,bearish_cluster_4_rep_1,bearish,4,2024-05-02,3661.TW,0.6324270410094491,0.6125848046364307,False,0.0,73
2018-04-19,2313.TW,2313,華通,60,bearish,-0.0536277830291703,-5.362778302917038,bearish_cluster_4_rep_1,bearish,4,2024-05-02,3661.TW,0.6326223170694518,0.6125115340791093,True,0.0,74
2019-08-13,6415.TW,6415,矽力*-KY,92,neutral,0.0109034267912773,1.0903426791277315,bearish_cluster_4_rep_1,bearish,4,2024-05-02,3661.TW,0.6327518982468813,0.6124629229178788,False,0.0,75
2023-03-01,6919.TW,6919,康霈*,97,neutral,0.0379464693227202,3.794646932272028,bearish_cluster_4_rep_1,bearish,4,2024-05-02,3661.TW,0.6334996735129769,0.6121825527209422,False,0.0,76
2023-01-09,3661.TW,3661,世芯-KY,56,neutral,-0.0175644028103044,-1.756440281030447,bearish_cluster_4_rep_1,bearish,4,2024-05-02,3661.TW,0.6336639738946707,0.6121209844739309,False,0.0,77
2020-03-30,1402.TW,1402,遠東新,94,neutral,0.0199114534511151,1.9911453451115115,bearish_cluster_4_rep_1,bearish,4,2024-05-02,3661.TW,0.6338246525066149,0.6120607853883214,False,0.0,78
2020-03-30,3702.TW,3702,大聯大,90,neutral,0.0372492601783005,3.724926017830055,bearish_cluster_4_rep_1,bearish,4,2024-05-02,3661.TW,0.6341521303308515,0.6119381307525753,False,0.0,79
2025-08-28,3533.TW,3533,嘉澤,82,neutral,-0.0443686006825938,-4.436860068259385,bearish_cluster_4_rep_1,bearish,4,2024-05-02,3661.TW,0.6347869150610754,0.6117005163101884,False,0.0,80
2019-06-14,3034.TW,3034,聯詠,58,neutral,0.0426829268292683,4.268292682926833,bearish_cluster_4_rep_1,bearish,4,2024-05-02,3661.TW,0.6350095959583235,0.6116172054720406,False,0.0,81
2021-05-26,1519.TW,1519,華城,66,neutral,0.0387324090547249,3.873240905472497,bearish_cluster_4_rep_1,bearish,4,2024-05-02,3661.TW,0.6357250612794232,0.6113496844132381,False,0.0,82
2024-08-16,6139.TW,6139,亞翔,85,neutral,0.0268595041322314,2.685950413223148,bearish_cluster_4_rep_1,bearish,4,2024-05-02,3661.TW,0.6358023179157287,0.6113208112299036,False,0.0,83
2024-04-30,3533.TW,3533,嘉澤,82,neutral,0.0243055555555555,2.430555555555558,bearish_cluster_4_rep_1,bearish,4,2024-05-02,3661.TW,0.6373451788272779,0.6107447671579147,False,0.0,84
2020-01-16,1590.TW,1590,亞德客-KY,64,bearish,-0.0543478300663342,-5.434783006633426,bearish_cluster_4_rep_1,bearish,4,2024-05-02,3661.TW,0.6374740645083389,0.6106966954009473,True,0.0,85
2021-05-05,6415.TW,6415,矽力*-KY,92,neutral,0.0217028380634389,2.170283806343898,bearish_cluster_4_rep_1,bearish,4,2024-05-02,3661.TW,0.6378245805219309,0.6105659982715161,False,0.0,86
2022-07-21,6789.TW,6789,采鈺,96,bullish,0.1074918566775244,10.749185667752448,bearish_cluster_4_rep_1,bearish,4,2024-05-02,3661.TW,0.6378698783913024,0.6105491121078488,False,0.0,87
2024-05-03,3661.TW,3661,世芯-KY,56,bearish,-0.1192368839427663,-11.923688394276631,bearish_cluster_4_rep_1,bearish,4,2024-05-02,3661.TW,0.6383424071860172,0.6103730182493288,True,0.0,88
2020-03-31,1519.TW,1519,華城,66,bullish,0.0740741205062862,7.407412050628626,bearish_cluster_4_rep_1,bearish,4,2024-05-02,3661.TW,0.639519118343981,0.6099349430033264,False,0.0,89
2019-02-25,2492.TW,2492,華新科,100,bearish,-0.0653266331658291,-6.5326633165829096,bearish_cluster_4_rep_1,bearish,4,2024-05-02,3661.TW,0.6407764847172879,0.6094675352275687,True,0.0,90
2021-04-01,2409.TW,2409,友達,80,bullish,0.1686460807600949,16.86460807600949,bearish_cluster_4_rep_1,bearish,4,2024-05-02,3661.TW,0.6411426590174147,0.6093315498841034,False,0.0,91
2020-02-10,3481.TW,3481,群創,52,neutral,-0.0128755338225758,-1.287553382257589,bearish_cluster_4_rep_1,bearish,4,2024-05-02,3661.TW,0.6415854217262887,0.6091672030983326,False,0.0,92
2023-09-22,6515.TW,6515,穎崴,73,neutral,-0.0221893491124259,-2.2189349112425982,bearish_cluster_4_rep_1,bearish,4,2024-05-02,3661.TW,0.6416053973914043,0.6091597905252087,False,0.0,93
2020-02-11,2409.TW,2409,友達,80,neutral,-0.0309734513274336,-3.097345132743368,bearish_cluster_4_rep_1,bearish,4,2024-05-02,3661.TW,0.642161548208271,0.6089534863918106,False,0.0,94
2020-03-31,3702.TW,3702,大聯大,90,neutral,0.0154929362552267,1.549293625522674,bearish_cluster_4_rep_1,bearish,4,2024-05-02,3661.TW,0.6424556952478508,0.6088444290420251,False,0.0,95
2022-07-22,2313.TW,2313,華通,60,neutral,-0.0203665994109361,-2.0366599410936104,bearish_cluster_4_rep_2,bearish,4,2021-11-19,6415.TW,0.3664335783645503,0.7318321328116619,False,0.0,1
2021-07-08,6770.TW,6770,力積電,55,bearish,-0.0602241310905193,-6.022413109051938,bearish_cluster_4_rep_2,bearish,4,2021-11-19,6415.TW,0.3831734242093736,0.7229751399912873,True,0.0,2
2025-01-13,2404.TW,2404,漢唐,79,neutral,-0.0061349693251533,-0.6134969325153339,bearish_cluster_4_rep_2,bearish,4,2021-11-19,6415.TW,0.38548497652791985,0.7217689234754747,False,0.0,3
2022-04-13,2834.TW,2834,臺企銀,87,bearish,-0.0772058061874557,-7.720580618745576,bearish_cluster_4_rep_2,bearish,4,2021-11-19,6415.TW,0.3876217096947822,0.7206575055819482,True,0.0,4
2025-08-27,3481.TW,3481,群創,52,neutral,0.0374531824503927,3.7453182450392752,bearish_cluster_4_rep_2,bearish,4,2021-11-19,6415.TW,0.3952799001744307,0.7167020752431,False,0.0,5
2018-03-16,2337.TW,2337,旺宏,67,neutral,-0.0198329625768097,-1.9832962576809776,bearish_cluster_4_rep_2,bearish,4,2021-11-19,6415.TW,0.3956803464477775,0.7164964402810104,False,0.0,6
2019-04-10,6415.TW,6415,矽力*-KY,92,neutral,-0.032258064516129,-3.2258064516129004,bearish_cluster_4_rep_2,bearish,4,2021-11-19,6415.TW,0.396257659273737,0.7162001893834908,False,0.0,7
2022-11-17,1802.TW,1802,台玻,86,bullish,0.0692640846340941,6.926408463409417,bearish_cluster_4_rep_2,bearish,4,2021-11-19,6415.TW,0.3981150220542818,0.7152487343499662,False,0.0,8
2025-02-21,2337.TW,2337,旺宏,67,neutral,0.0090909437699751,0.9090943769975102,bearish_cluster_4_rep_2,bearish,4,2021-11-19,6415.TW,0.4028889732102289,0.7128147837043023,False,0.0,9
2023-06-05,3044.TW,3044,健鼎,65,neutral,0.008,0.8000000000000007,bearish_cluster_4_rep_2,bearish,4,2021-11-19,6415.TW,0.4101863917846165,0.7091261168209699,False,0.0,10
2020-10-13,3034.TW,3034,聯詠,58,neutral,-0.0106571936056838,-1.0657193605683846,bearish_cluster_4_rep_2,bearish,4,2021-11-19,6415.TW,0.4105231670522381,0.7089568064945971,False,0.0,11
2023-02-06,1519.TW,1519,華城,66,neutral,0.0109289991464667,1.0928999146466722,bearish_cluster_4_rep_2,bearish,4,2021-11-19,6415.TW,0.41165959763922777,0.7083860738611052,False,0.0,12
2019-09-04,6415.TW,6415,矽力*-KY,92,neutral,-0.0330459770114942,-3.3045977011494254,bearish_cluster_4_rep_2,bearish,4,2021-11-19,6415.TW,0.4132417464738403,0.7075930232708495,False,0.0,13
2023-06-02,3044.TW,3044,健鼎,65,neutral,0.0,0.0,bearish_cluster_4_rep_2,bearish,4,2021-11-19,6415.TW,0.4163121354354248,0.7060590494005508,False,0.0,14
2019-10-24,6213.TW,6213,聯茂,81,neutral,0.0321543473788672,3.2154347378867243,bearish_cluster_4_rep_2,bearish,4,2021-11-19,6415.TW,0.416445663541108,0.7059924893271263,False,0.0,15
2021-01-05,3034.TW,3034,聯詠,58,bullish,0.0681502086230876,6.815020862308763,bearish_cluster_4_rep_2,bearish,4,2021-11-19,6415.TW,0.4175945346046473,0.7054203268912079,False,0.0,16
2023-01-12,3034.TW,3034,聯詠,58,neutral,0.0101596516690856,1.0159651669085612,bearish_cluster_4_rep_2,bearish,4,2021-11-19,6415.TW,0.4186650723716421,0.704888010196979,False,0.0,17
2024-11-25,2609.TW,2609,陽明,77,bearish,-0.0522875816993464,-5.228758169934644,bearish_cluster_4_rep_2,bearish,4,2021-11-19,6415.TW,0.4206891425352891,0.7038837491327984,True,0.0,18
2020-10-14,3034.TW,3034,聯詠,58,neutral,-0.0124777183600712,-1.2477718360071277,bearish_cluster_4_rep_2,bearish,4,2021-11-19,6415.TW,0.4216624147678272,0.7034018692569226,False,0.0,19
2019-07-08,2449.TW,2449,京元電子,57,neutral,0.0256410660201373,2.564106602013738,bearish_cluster_4_rep_2,bearish,4,2021-11-19,6415.TW,0.4248511712564164,0.701827685707141,False,0.0,20
2025-05-16,3533.TW,3533,嘉澤,82,neutral,-0.0038022813688213,-0.3802281368821325,bearish_cluster_4_rep_2,bearish,4,2021-11-19,6415.TW,0.4281410763225857,0.7002109361457243,False,0.0,21
2024-02-23,1590.TW,1590,亞德客-KY,64,bullish,0.1415094339622642,14.150943396226424,bearish_cluster_4_rep_2,bearish,4,2021-11-19,6415.TW,0.42948222821068827,0.6995539925331706,False,0.0,22
2021-01-19,2409.TW,2409,友達,80,neutral,-0.0136054421768707,-1.3605442176870763,bearish_cluster_4_rep_2,bearish,4,2021-11-19,6415.TW,0.4306270424897777,0.6989941964606371,False,0.0,23
2021-01-19,3481.TW,3481,群創,52,neutral,-0.0144926293519428,-1.4492629351942845,bearish_cluster_4_rep_2,bearish,4,2021-11-19,6415.TW,0.43134299794697917,0.698644560691834,False,0.0,24
2025-08-26,3481.TW,3481,群創,52,bullish,0.0524344411432946,5.243444114329465,bearish_cluster_4_rep_2,bearish,4,2021-11-19,6415.TW,0.4313947990072824,0.6986192772906061,False,0.0,25
2023-06-26,1519.TW,1519,華城,66,bearish,-0.0553846159614518,-5.538461596145183,bearish_cluster_4_rep_2,bearish,4,2021-11-19,6415.TW,0.4314417789404249,0.6985963485991132,True,0.0,26
2023-01-13,6139.TW,6139,亞翔,85,neutral,0.023514864780971,2.351486478097109,bearish_cluster_4_rep_2,bearish,4,2021-11-19,6415.TW,0.43173367645918737,0.6984539208947677,False,0.0,27
2024-08-21,6789.TW,6789,采鈺,96,neutral,0.0389830508474575,3.8983050847457568,bearish_cluster_4_rep_2,bearish,4,2021-11-19,6415.TW,0.432323637325362,0.6981662341810835,False,0.0,28
2021-01-26,2404.TW,2404,漢唐,79,neutral,-0.0382293762575453,-3.82293762575453,bearish_cluster_4_rep_2,bearish,4,2021-11-19,6415.TW,0.43459441446359287,0.6970611274643144,False,0.0,29
2020-07-21,1590.TW,1590,亞德客-KY,64,neutral,-0.0192982893270081,-1.929828932700817,bearish_cluster_4_rep_2,bearish,4,2021-11-19,6415.TW,0.4349064192992555,0.6969095590835502,False,0.0,30
2022-07-25,2313.TW,2313,華通,60,neutral,-0.0255623713904891,-2.556237139048912,bearish_cluster_4_rep_2,bearish,4,2021-11-19,6415.TW,0.4354007244131266,0.6966695661999591,False,0.0,31
2019-06-17,2379.TW,2379,瑞昱,53,neutral,0.0339366515837105,3.393665158371051,bearish_cluster_4_rep_2,bearish,4,2021-11-19,6415.TW,0.43645608000652375,0.6961577272835647,False,0.0,32
2023-01-12,6139.TW,6139,亞翔,85,bearish,-0.0509091593040699,-5.090915930406991,bearish_cluster_4_rep_2,bearish,4,2021-11-19,6415.TW,0.4371718708252137,0.6958110023582685,True,0.0,33
2018-02-26,6415.TW,6415,矽力*-KY,92,neutral,-0.0156494522691705,-1.5649452269170585,bearish_cluster_4_rep_2,bearish,4,2021-11-19,6415.TW,0.43789702110494605,0.6954600957664925,False,0.0,34
2025-07-28,1605.TW,1605,華新,88,bullish,0.0714285714285714,7.14285714285714,bearish_cluster_4_rep_2,bearish,4,2021-11-19,6415.TW,0.4384092116153014,0.6952124554854751,False,0.0,35
2025-05-05,3036.TW,3036,文曄,68,neutral,0.0352422907488987,3.524229074889873,bearish_cluster_4_rep_2,bearish,4,2021-11-19,6415.TW,0.43930303581298663,0.6947807203332637,False,0.0,36
2025-09-24,2409.TW,2409,友達,80,neutral,0.0036764143866252,0.3676414386625248,bearish_cluster_4_rep_2,bearish,4,2021-11-19,6415.TW,0.43942215824777786,0.6947232222806056,False,0.0,37
2020-05-05,2379.TW,2379,瑞昱,53,neutral,0.0351239669421488,3.512396694214881,bearish_cluster_4_rep_2,bearish,4,2021-11-19,6415.TW,0.44102454299712646,0.6939507067104783,False,0.0,38
2024-10-29,6213.TW,6213,聯茂,81,neutral,0.0166880025275919,1.668800252759195,bearish_cluster_4_rep_2,bearish,4,2021-11-19,6415.TW,0.4434053539361698,0.6928060764587007,False,0.0,39
2025-12-08,6789.TW,6789,采鈺,96,neutral,0.007462686567164,0.746268656716409,bearish_cluster_4_rep_2,bearish,4,2021-11-19,6415.TW,0.44616404047923974,0.691484487242964,False,0.0,40
2021-05-21,6239.TW,6239,力成,76,neutral,0.0294117647058822,2.941176470588225,bearish_cluster_4_rep_2,bearish,4,2021-11-19,6415.TW,0.4477037453171844,0.69074905914601,False,0.0,41
2018-09-25,2379.TW,2379,瑞昱,53,neutral,0.0036900369003689,0.3690036900368953,bearish_cluster_4_rep_2,bearish,4,2021-11-19,6415.TW,0.4483954151597317,0.6904191973638071,False,0.0,42
2019-06-18,2379.TW,2379,瑞昱,53,neutral,0.0384615384615385,3.846153846153855,bearish_cluster_4_rep_2,bearish,4,2021-11-19,6415.TW,0.4497755796139838,0.6897619287160702,False,0.0,43
2025-01-22,6789.TW,6789,采鈺,96,bearish,-0.0625954198473282,-6.259541984732819,bearish_cluster_4_rep_2,bearish,4,2021-11-19,6415.TW,0.4506503226757069,0.6893460018369637,True,0.0,44
2018-03-15,5871.TW,5871,中租-KY,78,neutral,0.0243902225634542,2.4390222563454245,bearish_cluster_4_rep_2,bearish,4,2021-11-19,6415.TW,0.4528695264623058,0.6882930516375894,False,0.0,45
2020-06-04,3044.TW,3044,健鼎,65,neutral,0.0416666666666667,4.166666666666674,bearish_cluster_4_rep_2,bearish,4,2021-11-19,6415.TW,0.45491331832676846,0.6873261708471099,False,0.0,46
2025-09-22,2409.TW,2409,友達,80,neutral,0.0444444727014614,4.444447270146146,bearish_cluster_4_rep_2,bearish,4,2021-11-19,6415.TW,0.4561169099713411,0.6867580433632089,False,0.0,47
2021-12-13,6805.TW,6805,富世達,93,neutral,0.0177935943060498,1.7793594306049876,bearish_cluster_4_rep_2,bearish,4,2021-11-19,6415.TW,0.4565292657484573,0.6865636163418498,False,0.0,48
2025-10-28,2324.TW,2324,仁寶,84,neutral,-0.0420290076214334,-4.202900762143347,bearish_cluster_4_rep_2,bearish,4,2021-11-19,6415.TW,0.45687684274877977,0.686399818198248,False,0.0,49
2025-05-08,2409.TW,2409,友達,80,neutral,0.0074627152475021,0.7462715247502194,bearish_cluster_4_rep_2,bearish,4,2021-11-19,6415.TW,0.4581326765317558,0.6858086483450544,False,0.0,50
2023-05-11,6919.TW,6919,康霈*,97,neutral,0.0278745783799896,2.7874578379989634,bearish_cluster_4_rep_2,bearish,4,2021-11-19,6415.TW,0.4587776766817541,0.6855054172988687,False,0.0,51
2025-06-26,3044.TW,3044,健鼎,65,neutral,0.0123456790123457,1.2345679012345734,bearish_cluster_4_rep_2,bearish,4,2021-11-19,6415.TW,0.4592588415525272,0.6852793839755564,False,0.0,52
2020-02-11,1519.TW,1519,華城,66,neutral,-0.0111642853001376,-1.1164285300137688,bearish_cluster_4_rep_2,bearish,4,2021-11-19,6415.TW,0.45966555193848846,0.6850884428093572,False,0.0,53
2021-08-31,2449.TW,2449,京元電子,57,neutral,0.0175438812234733,1.754388122347339,bearish_cluster_4_rep_2,bearish,4,2021-11-19,6415.TW,0.4605275569659702,0.6846841028301801,False,0.0,54
2020-05-06,2379.TW,2379,瑞昱,53,neutral,0.0266940451745378,2.6694045174537884,bearish_cluster_4_rep_2,bearish,4,2021-11-19,6415.TW,0.4617007755033196,0.6841345484377004,False,0.0,55
2020-02-20,6213.TW,6213,聯茂,81,bullish,0.0882352469708016,8.823524697080165,bearish_cluster_4_rep_2,bearish,4,2021-11-19,6415.TW,0.4620494149887297,0.6839714100960866,False,0.0,56
2021-11-23,6789.TW,6789,采鈺,96,neutral,-0.032258064516129,-3.2258064516129004,bearish_cluster_4_rep_2,bearish,4,2021-11-19,6415.TW,0.4651788210511337,0.6825105479497651,False,0.0,57
2021-06-02,2492.TW,2492,華新科,100,neutral,-0.0244498777506112,-2.444987775061125,bearish_cluster_4_rep_2,bearish,4,2021-11-19,6415.TW,0.465867960581808,0.6821896834439962,False,0.0,58
2022-06-01,2618.TW,2618,長榮航,72,neutral,-0.0029240434674705,-0.2924043467470549,bearish_cluster_4_rep_2,bearish,4,2021-11-19,6415.TW,0.46621364254793074,0.6820288469436404,False,0.0,59
2023-01-10,3661.TW,3661,世芯-KY,56,neutral,-0.0164512338425382,-1.6451233842538215,bearish_cluster_4_rep_2,bearish,4,2021-11-19,6415.TW,0.46743317735385276,0.6814620355001438,False,0.0,60
2023-03-02,3481.TW,3481,群創,52,bullish,0.0557491293070313,5.574912930703135,bearish_cluster_4_rep_2,bearish,4,2021-11-19,6415.TW,0.46850636916900307,0.6809640196289234,False,0.0,61
2020-02-18,6213.TW,6213,聯茂,81,neutral,0.0,0.0,bearish_cluster_4_rep_2,bearish,4,2021-11-19,6415.TW,0.4691321320818178,0.680673969456349,False,0.0,62
2022-08-18,3533.TW,3533,嘉澤,82,neutral,0.0124481475640647,1.244814756406476,bearish_cluster_4_rep_2,bearish,4,2021-11-19,6415.TW,0.46952804194761943,0.6804905870830904,False,0.0,63
2025-10-28,3044.TW,3044,健鼎,65,neutral,0.0395738203957383,3.9573820395738313,bearish_cluster_4_rep_2,bearish,4,2021-11-19,6415.TW,0.47045849441306004,0.6800599974766064,False,0.0,64
2023-11-15,2313.TW,2313,華通,60,bullish,0.1033275251058529,10.332752510585298,bearish_cluster_4_rep_2,bearish,4,2021-11-19,6415.TW,0.4717676435236974,0.6794550786602469,False,0.0,65
2022-10-12,3034.TW,3034,聯詠,58,bullish,0.0506329113924051,5.063291139240511,bearish_cluster_4_rep_2,bearish,4,2021-11-19,6415.TW,0.47202360705379054,0.6793369312883976,False,0.0,66
2025-09-24,1605.TW,1605,華新,88,bullish,0.0880503290516223,8.805032905162236,bearish_cluster_4_rep_2,bearish,4,2021-11-19,6415.TW,0.4722919066602204,0.6792131339419111,False,0.0,67
2023-08-07,3481.TW,3481,群創,52,bearish,-0.0656716778805116,-6.567167788051165,bearish_cluster_4_rep_2,bearish,4,2021-11-19,6415.TW,0.4724425665924778,0.67914363703448,True,0.0,68
2024-01-24,6515.TW,6515,穎崴,73,neutral,0.0102960102960103,1.029601029601035,bearish_cluster_4_rep_2,bearish,4,2021-11-19,6415.TW,0.47245042491568756,0.6791400125116335,False,0.0,69
2023-02-07,1605.TW,1605,華新,88,neutral,0.0076045919673497,0.760459196734975,bearish_cluster_4_rep_2,bearish,4,2021-11-19,6415.TW,0.47283951430813764,0.6789605997702657,False,0.0,70
2022-10-31,2615.TW,2615,萬海,59,neutral,-0.028064903724249,-2.806490372424908,bearish_cluster_4_rep_2,bearish,4,2021-11-19,6415.TW,0.4736806543546436,0.6785730660472852,False,0.0,71
2023-05-10,2492.TW,2492,華新科,100,neutral,-0.0354609940042387,-3.5460994004238744,bearish_cluster_4_rep_2,bearish,4,2021-11-19,6415.TW,0.4739992157880978,0.6784264125034379,False,0.0,72
2021-01-08,6139.TW,6139,亞翔,85,bullish,0.0629031518667242,6.290315186672424,bearish_cluster_4_rep_2,bearish,4,2021-11-19,6415.TW,0.4743425610554809,0.6782684203894248,False,0.0,73
2022-11-14,2376.TW,2376,技嘉,70,bullish,0.0646766169154229,6.467661691542292,bearish_cluster_4_rep_2,bearish,4,2021-11-19,6415.TW,0.476336741937393,0.6773522405787331,False,0.0,74
2024-02-21,6415.TW,6415,矽力*-KY,92,neutral,0.0233990147783251,2.339901477832518,bearish_cluster_4_rep_2,bearish,4,2021-11-19,6415.TW,0.47694770938763126,0.6770720409692891,False,0.0,75
2022-11-10,2376.TW,2376,技嘉,70,neutral,-0.0149253731343284,-1.49253731343284,bearish_cluster_4_rep_2,bearish,4,2021-11-19,6415.TW,0.47718248591047485,0.6769644302840762,False,0.0,76
2021-01-18,2379.TW,2379,瑞昱,53,bullish,0.1268403171007928,12.68403171007928,bearish_cluster_4_rep_2,bearish,4,2021-11-19,6415.TW,0.47865958501243694,0.6762881802788903,False,0.0,77
2020-04-21,1605.TW,1605,華新,88,neutral,-0.0039063275760578,-0.39063275760578,bearish_cluster_4_rep_2,bearish,4,2021-11-19,6415.TW,0.4790711890489525,0.6760999790976953,False,0.0,78
2022-12-06,1590.TW,1590,亞德客-KY,64,neutral,-0.0176348547717842,-1.763485477178428,bearish_cluster_4_rep_2,bearish,4,2021-11-19,6415.TW,0.4801492377356777,0.6756075499047605,False,0.0,79
2019-03-26,2376.TW,2376,技嘉,70,neutral,-0.0040568106700722,-0.4056810670072241,bearish_cluster_4_rep_2,bearish,4,2021-11-19,6415.TW,0.4801756538327909,0.6755954926096668,False,0.0,80
2024-10-08,5871.TW,5871,中租-KY,78,neutral,-0.039877345725503,-3.9877345725503055,bearish_cluster_4_rep_2,bearish,4,2021-11-19,6415.TW,0.48030922742687143,0.6755345312129394,False,0.0,81
2023-12-20,2376.TW,2376,技嘉,70,neutral,0.0076481835564052,0.7648183556405286,bearish_cluster_4_rep_2,bearish,4,2021-11-19,6415.TW,0.480766193461532,0.6753260605324446,False,0.0,82
2020-07-08,2356.TW,2356,英業達,71,neutral,0.0073394775390625,0.73394775390625,bearish_cluster_4_rep_2,bearish,4,2021-11-19,6415.TW,0.4808351501944464,0.675294613224633,False,0.0,83
2020-12-07,6239.TW,6239,力成,76,neutral,-0.0179104781269432,-1.791047812694324,bearish_cluster_4_rep_2,bearish,4,2021-11-19,6415.TW,0.4821602547669135,0.6746908755539808,False,0.0,84
2021-11-02,3481.TW,3481,群創,52,bullish,0.1027189726446049,10.271897264460495,bearish_cluster_4_rep_2,bearish,4,2021-11-19,6415.TW,0.4824914138403191,0.6745401630418557,False,0.0,85
2021-07-13,6805.TW,6805,富世達,93,bullish,0.1019332342041583,10.193323420415831,bearish_cluster_4_rep_2,bearish,4,2021-11-19,6415.TW,0.4829552659804447,0.6743291742781313,False,0.0,86
2018-02-01,2376.TW,2376,技嘉,70,bearish,-0.097629013918272,-9.762901391827208,bearish_cluster_4_rep_2,bearish,4,2021-11-19,6415.TW,0.4831620745379652,0.6742351474376258,True,0.0,87
2025-09-01,6531.TW,6531,愛普*,95,neutral,-0.0112540192926045,-1.12540192926045,bearish_cluster_4_rep_2,bearish,4,2021-11-19,6415.TW,0.4843485769443559,0.673696202854572,False,0.0,88
2022-08-03,2615.TW,2615,萬海,59,neutral,0.0287081339712917,2.8708133971291794,bearish_cluster_4_rep_2,bearish,4,2021-11-19,6415.TW,0.48463773715395647,0.673564988262386,False,0.0,89
2024-04-02,2376.TW,2376,技嘉,70,bullish,0.0567823343848581,5.6782334384858135,bearish_cluster_4_rep_2,bearish,4,2021-11-19,6415.TW,0.484860275232135,0.6734640401391744,False,0.0,90
2024-05-07,3036.TW,3036,文曄,68,bearish,-0.1926910299003322,-19.269102990033225,bearish_cluster_4_rep_2,bearish,4,2021-11-19,6415.TW,0.4849925782046794,0.6734040389676399,True,0.0,91
2019-10-01,3533.TW,3533,嘉澤,82,neutral,0.0036629978802784,0.3662997880278462,bearish_cluster_4_rep_2,bearish,4,2021-11-19,6415.TW,0.4860392098016003,0.6729297540766161,False,0.0,92
2022-07-15,2404.TW,2404,漢唐,79,neutral,0.0357142857142858,3.571428571428581,bearish_cluster_4_rep_2,bearish,4,2021-11-19,6415.TW,0.48646770096075004,0.6727357744495014,False,0.0,93
2022-09-08,2409.TW,2409,友達,80,neutral,-0.0172910662824207,-1.729106628242072,bearish_cluster_4_rep_2,bearish,4,2021-11-19,6415.TW,0.48652195741249643,0.6727112203176889,False,0.0,94
2020-02-18,2376.TW,2376,技嘉,70,bearish,-0.0583190009549829,-5.831900095498299,bearish_cluster_4_rep_2,bearish,4,2021-11-19,6415.TW,0.4872417034586512,0.6723856637925446,True,0.0,95
2019-05-03,2207.TW,2207,和泰車,63,neutral,-0.0290322500746903,-2.9032250074690347,bearish_cluster_4_rep_3,bearish,4,2021-11-18,6415.TW,0.34809005846859953,0.7417902043843999,False,0.0,1
2021-01-25,2404.TW,2404,漢唐,79,neutral,-0.0459081836327345,-4.590818363273453,bearish_cluster_4_rep_3,bearish,4,2021-11-18,6415.TW,0.35745368119196846,0.7366733862491047,False,0.0,2
2020-02-17,2376.TW,2376,技嘉,70,neutral,-0.0119250554317096,-1.192505543170963,bearish_cluster_4_rep_3,bearish,4,2021-11-18,6415.TW,0.3791085806927936,0.7251060677888402,False,0.0,3
2025-10-09,6239.TW,6239,力成,76,bearish,-0.0566037735849056,-5.660377358490565,bearish_cluster_4_rep_3,bearish,4,2021-11-18,6415.TW,0.4036033575655382,0.7124519862466253,True,0.0,4
2019-07-29,2337.TW,2337,旺宏,67,neutral,-0.0297805287445515,-2.9780528744551504,bearish_cluster_4_rep_3,bearish,4,2021-11-18,6415.TW,0.4072651767843746,0.7105981278418452,False,0.0,5
2020-10-12,3034.TW,3034,聯詠,58,neutral,-0.019298245614035,-1.929824561403504,bearish_cluster_4_rep_3,bearish,4,2021-11-18,6415.TW,0.41144574197047573,0.7084934052115464,False,0.0,6
2020-10-08,1519.TW,1519,華城,66,bullish,0.094420632656766,9.442063265676603,bearish_cluster_4_rep_3,bearish,4,2021-11-18,6415.TW,0.41869676562893043,0.704872263211712,False,0.0,7
2023-09-14,2313.TW,2313,華通,60,bullish,0.1200787870163622,12.00787870163622,bearish_cluster_4_rep_3,bearish,4,2021-11-18,6415.TW,0.43033702461501483,0.6991359258627574,False,0.0,8
2020-04-10,2449.TW,2449,京元電子,57,neutral,0.0402985350340519,4.02985350340519,bearish_cluster_4_rep_3,bearish,4,2021-11-18,6415.TW,0.4326467563549706,0.6980087698270176,False,0.0,9
2023-01-10,6531.TW,6531,愛普*,95,neutral,-0.026595744680851,-2.659574468085102,bearish_cluster_4_rep_3,bearish,4,2021-11-18,6415.TW,0.4351762683176186,0.6967785226634546,False,0.0,10
2025-07-22,1326.TW,1326,台化,51,neutral,0.0450980242560892,4.509802425608922,bearish_cluster_4_rep_3,bearish,4,2021-11-18,6415.TW,0.4357707896435938,0.6964900018952421,False,0.0,11
2021-01-15,2379.TW,2379,瑞昱,53,bullish,0.0664414414414413,6.644144144144137,bearish_cluster_4_rep_3,bearish,4,2021-11-18,6415.TW,0.4386664439165334,0.695088152106797,False,0.0,12
2023-01-12,6531.TW,6531,愛普*,95,neutral,0.0080645161290322,0.8064516129032251,bearish_cluster_4_rep_3,bearish,4,2021-11-18,6415.TW,0.44012076566160013,0.6943862097152623,False,0.0,13
2022-07-21,2313.TW,2313,華通,60,neutral,-0.0283687488240913,-2.836874882409135,bearish_cluster_4_rep_3,bearish,4,2021-11-18,6415.TW,0.4408021163565634,0.6940578367060951,False,0.0,14
2025-08-26,3481.TW,3481,群創,52,bullish,0.0524344411432946,5.243444114329465,bearish_cluster_4_rep_3,bearish,4,2021-11-18,6415.TW,0.4411207406291298,0.6939043841416397,False,0.0,15
2024-02-22,1590.TW,1590,亞德客-KY,64,neutral,0.0138248847926267,1.382488479262678,bearish_cluster_4_rep_3,bearish,4,2021-11-18,6415.TW,0.4454212403822007,0.6918398402223412,False,0.0,16
2024-09-27,3533.TW,3533,嘉澤,82,bearish,-0.0568561872909698,-5.685618729096986,bearish_cluster_4_rep_3,bearish,4,2021-11-18,6415.TW,0.44944335758934084,0.6899200267219562,True,0.0,17
2022-05-31,2618.TW,2618,長榮航,72,neutral,0.02346050110134,2.346050110134001,bearish_cluster_4_rep_3,bearish,4,2021-11-18,6415.TW,0.45145717722572754,0.688962799378877,False,0.0,18
2023-01-11,6531.TW,6531,愛普*,95,neutral,-0.0078947368421052,-0.7894736842105288,bearish_cluster_4_rep_3,bearish,4,2021-11-18,6415.TW,0.4537842443099794,0.6878599791639904,False,0.0,19
2025-07-29,2404.TW,2404,漢唐,79,bullish,0.0510855683269475,5.108556832694755,bearish_cluster_4_rep_3,bearish,4,2021-11-18,6415.TW,0.45416699985859127,0.6876789255272907,False,0.0,20
2024-09-25,6415.TW,6415,矽力*-KY,92,bullish,0.0648464163822526,6.484641638225264,bearish_cluster_4_rep_3,bearish,4,2021-11-18,6415.TW,0.4565106279303792,0.6865724017551074,False,0.0,21
2023-02-21,2409.TW,2409,友達,80,neutral,0.0,0.0,bearish_cluster_4_rep_3,bearish,4,2021-11-18,6415.TW,0.4582082859361443,0.685773088552996,False,0.0,22
2021-03-17,5871.TW,5871,中租-KY,78,neutral,-0.041884876748605,-4.188487674860508,bearish_cluster_4_rep_3,bearish,4,2021-11-18,6415.TW,0.4604606685265727,0.6847154610530378,False,0.0,23
2025-05-05,1590.TW,1590,亞德客-KY,64,neutral,0.0033898305084745,0.3389830508474523,bearish_cluster_4_rep_3,bearish,4,2021-11-18,6415.TW,0.46486750551023737,0.6826555959760221,False,0.0,24
2022-09-13,3533.TW,3533,嘉澤,82,neutral,0.0283140355269926,2.831403552699263,bearish_cluster_4_rep_3,bearish,4,2021-11-18,6415.TW,0.4669183684527497,0.6817011917675844,False,0.0,25
2020-12-07,6239.TW,6239,力成,76,neutral,-0.0179104781269432,-1.791047812694324,bearish_cluster_4_rep_3,bearish,4,2021-11-18,6415.TW,0.46792934201566605,0.6812316992225691,False,0.0,26
2023-02-01,6515.TW,6515,穎崴,73,neutral,-0.0199115044247787,-1.9911504424778736,bearish_cluster_4_rep_3,bearish,4,2021-11-18,6415.TW,0.4680067558565668,0.68119577516284,False,0.0,27
2022-07-22,2492.TW,2492,華新科,100,neutral,-0.0049019607843137,-0.4901960784313708,bearish_cluster_4_rep_3,bearish,4,2021-11-18,6415.TW,0.4686661804808714,0.6808899212703186,False,0.0,28
2023-08-31,3533.TW,3533,嘉澤,82,neutral,0.0138728323699421,1.387283236994219,bearish_cluster_4_rep_3,bearish,4,2021-11-18,6415.TW,0.4706495395021393,0.6799716541158617,False,0.0,29
2021-02-26,2615.TW,2615,萬海,59,neutral,-0.0396246041404083,-3.962460414040836,bearish_cluster_4_rep_3,bearish,4,2021-11-18,6415.TW,0.47380967093378507,0.6785136640923343,False,0.0,30
2020-12-08,6239.TW,6239,力成,76,neutral,-0.0273279807109142,-2.7327980710914246,bearish_cluster_4_rep_3,bearish,4,2021-11-18,6415.TW,0.4745430995728827,0.6781761755825657,False,0.0,31
2020-10-13,3034.TW,3034,聯詠,58,neutral,-0.0106571936056838,-1.0657193605683846,bearish_cluster_4_rep_3,bearish,4,2021-11-18,6415.TW,0.47689886854267793,0.6770944316497071,False,0.0,32
2022-02-10,2376.TW,2376,技嘉,70,neutral,-0.0033333333333332,-0.3333333333333299,bearish_cluster_4_rep_3,bearish,4,2021-11-18,6415.TW,0.47703602720328325,0.6770315561587659,False,0.0,33
2021-01-08,3034.TW,3034,聯詠,58,neutral,0.0494791666666667,4.947916666666674,bearish_cluster_4_rep_3,bearish,4,2021-11-18,6415.TW,0.47717849023071285,0.6769662614325065,False,0.0,34
2020-02-18,6213.TW,6213,聯茂,81,neutral,0.0,0.0,bearish_cluster_4_rep_3,bearish,4,2021-11-18,6415.TW,0.4773825349050932,0.6768727640768001,False,0.0,35
2021-03-23,3034.TW,3034,聯詠,58,bullish,0.0675422138836772,6.7542213883677205,bearish_cluster_4_rep_3,bearish,4,2021-11-18,6415.TW,0.4776582303220601,0.6767464759303963,False,0.0,36
2025-01-09,2404.TW,2404,漢唐,79,neutral,-0.0161290322580645,-1.6129032258064502,bearish_cluster_4_rep_3,bearish,4,2021-11-18,6415.TW,0.47975601252183087,0.6757870835042457,False,0.0,37
2019-08-20,2449.TW,2449,京元電子,57,neutral,0.0179372119449057,1.7937211944905718,bearish_cluster_4_rep_3,bearish,4,2021-11-18,6415.TW,0.47988504265615967,0.6757281621045093,False,0.0,38
2025-12-01,3481.TW,3481,群創,52,bullish,0.0551470572766961,5.514705727669611,bearish_cluster_4_rep_3,bearish,4,2021-11-18,6415.TW,0.48157324968677945,0.674958190701277,False,0.0,39
2023-11-13,6213.TW,6213,聯茂,81,neutral,0.0137456690297106,1.374566902971064,bearish_cluster_4_rep_3,bearish,4,2021-11-18,6415.TW,0.48467670436908666,0.6735473096986121,False,0.0,40
2023-09-19,2615.TW,2615,萬海,59,neutral,-0.0198019801980198,-1.980198019801982,bearish_cluster_4_rep_3,bearish,4,2021-11-18,6415.TW,0.4859413930961812,0.6729740517668402,False,0.0,41
2024-11-25,2609.TW,2609,陽明,77,bearish,-0.0522875816993464,-5.228758169934644,bearish_cluster_4_rep_3,bearish,4,2021-11-18,6415.TW,0.48811327610238214,0.6719918544233189,True,0.0,42
2025-09-23,1605.TW,1605,華新,88,neutral,0.0415800428990875,4.158004289908757,bearish_cluster_4_rep_3,bearish,4,2021-11-18,6415.TW,0.48877224131372765,0.6716944152032124,False,0.0,43
2023-06-14,2449.TW,2449,京元電子,57,neutral,-0.019264445510689,-1.9264445510689063,bearish_cluster_4_rep_3,bearish,4,2021-11-18,6415.TW,0.4896545131184411,0.6712965934004396,False,0.0,44
2021-11-11,6770.TW,6770,力積電,55,neutral,-0.0187919667903209,-1.8791966790320915,bearish_cluster_4_rep_3,bearish,4,2021-11-18,6415.TW,0.49031121914467934,0.671000786382002,False,0.0,45
2022-08-17,6531.TW,6531,愛普*,95,neutral,-0.0193704600484261,-1.937046004842613,bearish_cluster_4_rep_3,bearish,4,2021-11-18,6415.TW,0.4907577312533537,0.6707998080675728,False,0.0,46
2020-10-13,2379.TW,2379,瑞昱,53,neutral,-0.0422535211267606,-4.225352112676061,bearish_cluster_4_rep_3,bearish,4,2021-11-18,6415.TW,0.49090571752821877,0.6707332249405454,False,0.0,47
2025-05-15,6515.TW,6515,穎崴,73,neutral,-0.0225409836065574,-2.254098360655743,bearish_cluster_4_rep_3,bearish,4,2021-11-18,6415.TW,0.4935023008738539,0.6695670970275012,False,0.0,48
2023-02-03,1605.TW,1605,華新,88,neutral,-0.0276752763631999,-2.76752763632,bearish_cluster_4_rep_3,bearish,4,2021-11-18,6415.TW,0.4941342539641203,0.6692838995872548,False,0.0,49
2018-03-07,2492.TW,2492,華新科,100,neutral,0.0247046518738358,2.470465187383586,bearish_cluster_4_rep_3,bearish,4,2021-11-18,6415.TW,0.49475238723946885,0.6690071268906385,False,0.0,50
2024-10-25,6515.TW,6515,穎崴,73,neutral,-0.0113636363636363,-1.1363636363636354,bearish_cluster_4_rep_3,bearish,4,2021-11-18,6415.TW,0.49545983455631454,0.6686906441032489,False,0.0,51
2021-08-06,6770.TW,6770,力積電,55,bearish,-0.0683402246170459,-6.834022461704592,bearish_cluster_4_rep_3,bearish,4,2021-11-18,6415.TW,0.49600568537337586,0.6684466575074667,True,0.0,52
2021-11-19,6415.TW,6415,矽力*-KY,92,bearish,-0.1333333333333333,-13.33333333333333,bearish_cluster_4_rep_3,bearish,4,2021-11-18,6415.TW,0.49771329277988646,0.667684532694447,True,0.0,53
2024-01-17,6531.TW,6531,愛普*,95,neutral,-0.0149812734082397,-1.4981273408239737,bearish_cluster_4_rep_3,bearish,4,2021-11-18,6415.TW,0.49840198043751865,0.6673776550322029,False,0.0,54
2023-07-24,6213.TW,6213,聯茂,81,bullish,0.0691421463685204,6.914214636852045,bearish_cluster_4_rep_3,bearish,4,2021-11-18,6415.TW,0.4987745347351675,0.667211763226748,False,0.0,55
2020-03-30,2347.TW,2347,聯強,99,neutral,0.0150478590572131,1.5047859057213175,bearish_cluster_4_rep_3,bearish,4,2021-11-18,6415.TW,0.49983986104504796,0.6667378471347115,False,0.0,56
2018-07-30,2337.TW,2337,旺宏,67,neutral,-0.038106238886347,-3.810623888634701,bearish_cluster_4_rep_3,bearish,4,2021-11-18,6415.TW,0.5001085493933947,0.6666184259828225,False,0.0,57
2018-02-23,6415.TW,6415,矽力*-KY,92,neutral,0.0046728971962617,0.4672897196261738,bearish_cluster_4_rep_3,bearish,4,2021-11-18,6415.TW,0.5001225187198031,0.6666122183496018,False,0.0,58
2021-02-18,2379.TW,2379,瑞昱,53,neutral,-0.0493096646942801,-4.930966469428011,bearish_cluster_4_rep_3,bearish,4,2021-11-18,6415.TW,0.5008845616925621,0.6662737598368593,False,0.0,59
2019-04-09,6415.TW,6415,矽力*-KY,92,neutral,-0.0309278350515463,-3.0927835051546397,bearish_cluster_4_rep_3,bearish,4,2021-11-18,6415.TW,0.5023310952535232,0.6656322319090698,False,0.0,60
2025-09-24,1605.TW,1605,華新,88,bullish,0.0880503290516223,8.805032905162236,bearish_cluster_4_rep_3,bearish,4,2021-11-18,6415.TW,0.5049232636915523,0.6644857077609501,False,0.0,61
2022-05-17,3533.TW,3533,嘉澤,82,neutral,0.0147783426112781,1.4778342611278197,bearish_cluster_4_rep_3,bearish,4,2021-11-18,6415.TW,0.5049316356421552,0.6644820112199312,False,0.0,62
2023-06-15,2449.TW,2449,京元電子,57,neutral,-0.0210526219629513,-2.1052621962951323,bearish_cluster_4_rep_3,bearish,4,2021-11-18,6415.TW,0.5050757544859451,0.664418383605912,False,0.0,63
2025-09-01,6531.TW,6531,愛普*,95,neutral,-0.0112540192926045,-1.12540192926045,bearish_cluster_4_rep_3,bearish,4,2021-11-18,6415.TW,0.5064447974053402,0.6638145664032118,False,0.0,64
2020-02-12,1519.TW,1519,華城,66,neutral,-0.0238853512196625,-2.388535121966251,bearish_cluster_4_rep_3,bearish,4,2021-11-18,6415.TW,0.5065839922897729,0.6637532358751241,False,0.0,65
2022-10-06,1802.TW,1802,台玻,86,neutral,-0.0267379668235588,-2.673796682355889,bearish_cluster_4_rep_3,bearish,4,2021-11-18,6415.TW,0.5071655128203587,0.6634971351810592,False,0.0,66
2025-05-15,6770.TW,6770,力積電,55,neutral,-0.006389739950984,-0.6389739950984019,bearish_cluster_4_rep_3,bearish,4,2021-11-18,6415.TW,0.5072179742312645,0.6634740409793985,False,0.0,67
2018-03-15,2337.TW,2337,旺宏,67,neutral,-0.0358974199343005,-3.589741993430051,bearish_cluster_4_rep_3,bearish,4,2021-11-18,6415.TW,0.5081954717661173,0.6630440275947695,False,0.0,68
2023-06-21,1519.TW,1519,華城,66,bearish,-0.0795106851302537,-7.951068513025373,bearish_cluster_4_rep_3,bearish,4,2021-11-18,6415.TW,0.5085318061908741,0.6628961987384642,True,0.0,69
2025-05-26,6919.TW,6919,康霈*,97,neutral,0.0057339451548006,0.5733945154800635,bearish_cluster_4_rep_3,bearish,4,2021-11-18,6415.TW,0.5091514469140966,0.6626240209654198,False,0.0,70
2025-02-21,2337.TW,2337,旺宏,67,neutral,0.0090909437699751,0.9090943769975102,bearish_cluster_4_rep_3,bearish,4,2021-11-18,6415.TW,0.5094191010018959,0.662506522765107,False,0.0,71
2020-02-17,6213.TW,6213,聯茂,81,neutral,-0.0320284129542944,-3.2028412954294483,bearish_cluster_4_rep_3,bearish,4,2021-11-18,6415.TW,0.5095452181585324,0.6624511726915225,False,0.0,72
2025-05-06,1605.TW,1605,華新,88,neutral,0.0047059003044576,0.4705900304457611,bearish_cluster_4_rep_3,bearish,4,2021-11-18,6415.TW,0.5104433188311975,0.6620572831384459,False,0.0,73
2020-07-07,2376.TW,2376,技嘉,70,neutral,0.0212765957446807,2.127659574468077,bearish_cluster_4_rep_3,bearish,4,2021-11-18,6415.TW,0.5107331618236791,0.6619302635766939,False,0.0,74
2020-11-20,2618.TW,2618,長榮航,72,bullish,0.0515872697501023,5.158726975010231,bearish_cluster_4_rep_3,bearish,4,2021-11-18,6415.TW,0.5111458551386341,0.6617494906924514,False,0.0,75
2023-05-23,6531.TW,6531,愛普*,95,neutral,0.0016129032258065,0.1612903225806539,bearish_cluster_4_rep_3,bearish,4,2021-11-18,6415.TW,0.5119796720056223,0.6613845533210855,False,0.0,76
2019-11-15,4938.TW,4938,和碩,69,neutral,0.0171919326042488,1.7191932604248894,bearish_cluster_4_rep_3,bearish,4,2021-11-18,6415.TW,0.5120893318802746,0.6613365883327181,False,0.0,77
2025-02-13,5871.TW,5871,中租-KY,78,neutral,0.0241935520007388,2.4193552000738805,bearish_cluster_4_rep_3,bearish,4,2021-11-18,6415.TW,0.5143162453454633,0.6603640442171104,False,0.0,78
2025-08-13,3661.TW,3661,世芯-KY,56,neutral,0.0266990291262136,2.669902912621369,bearish_cluster_4_rep_3,bearish,4,2021-11-18,6415.TW,0.5143485219070257,0.6603499693324861,False,0.0,79
2021-12-08,2609.TW,2609,陽明,77,neutral,0.0039370078740157,0.3937007874015741,bearish_cluster_4_rep_3,bearish,4,2021-11-18,6415.TW,0.5151355806973731,0.6600069411212222,False,0.0,80
2020-12-30,6531.TW,6531,愛普*,95,neutral,0.0115740740740741,1.157407407407418,bearish_cluster_4_rep_3,bearish,4,2021-11-18,6415.TW,0.5161580183298462,0.6595618582696081,False,0.0,81
2025-06-05,2376.TW,2376,技嘉,70,neutral,-0.0017391304347825,-0.1739130434782576,bearish_cluster_4_rep_3,bearish,4,2021-11-18,6415.TW,0.516421095347372,0.6594474338745112,False,0.0,82
2018-08-29,1605.TW,1605,華新,88,neutral,-0.0069124454869513,-0.6912445486951357,bearish_cluster_4_rep_3,bearish,4,2021-11-18,6415.TW,0.5167483150243538,0.6593051662522819,False,0.0,83
2024-08-20,6139.TW,6139,亞翔,85,neutral,0.0185185185185186,1.85185185185186,bearish_cluster_4_rep_3,bearish,4,2021-11-18,6415.TW,0.5167999163666472,0.6592827367734874,False,0.0,84
2025-01-22,6531.TW,6531,愛普*,95,neutral,0.0299003322259137,2.9900332225913706,bearish_cluster_4_rep_3,bearish,4,2021-11-18,6415.TW,0.5169105148660421,0.6592346682284748,False,0.0,85
2023-03-30,1590.TW,1590,亞德客-KY,64,neutral,-0.0497925311203319,-4.9792531120332,bearish_cluster_4_rep_3,bearish,4,2021-11-18,6415.TW,0.5171566526556493,0.6591277164751498,False,0.0,86
2021-09-24,6531.TW,6531,愛普*,95,neutral,-0.0278514588859416,-2.785145888594165,bearish_cluster_4_rep_3,bearish,4,2021-11-18,6415.TW,0.5172416192100069,0.6590908048783141,False,0.0,87
2024-10-24,3661.TW,3661,世芯-KY,56,neutral,-0.0404040404040404,-4.040404040404044,bearish_cluster_4_rep_3,bearish,4,2021-11-18,6415.TW,0.5172864921566599,0.6590713126158577,False,0.0,88
2024-05-30,2609.TW,2609,陽明,77,neutral,-0.0332056960687086,-3.32056960687086,bearish_cluster_4_rep_3,bearish,4,2021-11-18,6415.TW,0.5174048984892221,0.6590198838791365,False,0.0,89
2023-02-10,3034.TW,3034,聯詠,58,neutral,0.0378096479791394,3.780964797913944,bearish_cluster_4_rep_3,bearish,4,2021-11-18,6415.TW,0.5178544014408657,0.6588247193213803,False,0.0,90
2024-05-08,6770.TW,6770,力積電,55,neutral,-0.024291512669505,-2.429151266950502,bearish_cluster_4_rep_3,bearish,4,2021-11-18,6415.TW,0.5185899124618532,0.6585056253790438,False,0.0,91
2024-04-08,6515.TW,6515,穎崴,73,bullish,0.1679586563307493,16.795865633074936,bearish_cluster_4_rep_3,bearish,4,2021-11-18,6415.TW,0.5186608968653509,0.6584748458751308,False,0.0,92
2025-01-22,1802.TW,1802,台玻,86,neutral,-0.0119046943257965,-1.190469432579655,bearish_cluster_4_rep_3,bearish,4,2021-11-18,6415.TW,0.5191539788331531,0.6582611202901829,False,0.0,93
2021-03-24,3034.TW,3034,聯詠,58,bullish,0.0606060606060605,6.060606060606055,bearish_cluster_4_rep_3,bearish,4,2021-11-18,6415.TW,0.519207993745599,0.6582377160447304,False,0.0,94
2021-11-22,6789.TW,6789,采鈺,96,bearish,-0.0546875,-5.46875,bearish_cluster_4_rep_3,bearish,4,2021-11-18,6415.TW,0.5197662794608215,0.6579959126049153,True,0.0,95
2020-03-13,3481.TW,3481,群創,52,bearish,-0.100478373919933,-10.047837391993308,bearish_cluster_5_rep_1,bearish,5,2020-03-13,6139.TW,0.4812090320838496,0.6751241575897919,True,1.3711731748489804,1
2020-03-13,1519.TW,1519,華城,66,bearish,-0.1279527285575143,-12.795272855751438,bearish_cluster_5_rep_1,bearish,5,2020-03-13,6139.TW,0.5349975655964886,0.6514668312268024,True,1.3711731748489804,2
2020-03-13,2376.TW,2376,技嘉,70,bearish,-0.1111111111111111,-11.111111111111116,bearish_cluster_5_rep_1,bearish,5,2020-03-13,6139.TW,0.6054020942659357,0.6228969076169334,True,1.3711731748489804,3
2020-03-13,1802.TW,1802,台玻,86,bearish,-0.1565113453633027,-15.651134536330268,bearish_cluster_5_rep_1,bearish,5,2020-03-13,6139.TW,0.6121301054299543,0.620297329993289,True,1.3711731748489804,4
2020-03-13,1402.TW,1402,遠東新,94,bearish,-0.0732217584908737,-7.322175849087376,bearish_cluster_5_rep_1,bearish,5,2020-03-13,6139.TW,0.640745391248169,0.6094790851365837,True,1.3711731748489804,5
2020-03-13,2409.TW,2409,友達,80,bearish,-0.0767230352250825,-7.67230352250825,bearish_cluster_5_rep_1,bearish,5,2020-03-13,6139.TW,0.6443492466876898,0.608143313845498,True,1.3711731748489804,6
2018-10-11,6531.TW,6531,愛普*,95,neutral,0.0466200449618521,4.6620044961852125,bearish_cluster_5_rep_1,bearish,5,2020-03-13,6139.TW,0.664774488420716,0.6006819584006525,False,1.3711731748489804,7
2020-03-13,1605.TW,1605,華新,88,neutral,0.0357142145555664,3.571421455556645,bearish_cluster_5_rep_1,bearish,5,2020-03-13,6139.TW,0.7080438291126181,0.585465070014937,False,1.3711731748489804,8
2024-09-11,6139.TW,6139,亞翔,85,bullish,0.0582278481012659,5.822784810126591,bearish_cluster_5_rep_1,bearish,5,2020-03-13,6139.TW,0.7175756327934025,0.5822159914865794,False,1.3711731748489804,9
2020-03-13,5876.TW,5876,上海商銀,75,bearish,-0.0995261237705003,-9.95261237705003,bearish_cluster_5_rep_1,bearish,5,2020-03-13,6139.TW,0.7536468915997502,0.5702402261197281,True,1.3711731748489804,10
2020-03-17,5876.TW,5876,上海商銀,75,neutral,-0.0209150493523002,-2.0915049352300263,bearish_cluster_5_rep_1,bearish,5,2020-03-13,6139.TW,0.7562014376986206,0.5694107626460153,False,1.3711731748489804,11
2020-03-13,2609.TW,2609,陽明,77,bearish,-0.126760530273158,-12.676053027315804,bearish_cluster_5_rep_1,bearish,5,2020-03-13,6139.TW,0.8183497792326639,0.5499491964752765,True,1.3711731748489804,12
2022-04-25,3661.TW,3661,世芯-KY,56,neutral,0.0499390986601704,4.993909866017043,bearish_cluster_5_rep_1,bearish,5,2020-03-13,6139.TW,0.8365353850988453,0.5445035299149319,False,1.3711731748489804,13
2024-08-05,2313.TW,2313,華通,60,neutral,0.0391566026260972,3.9156602626097214,bearish_cluster_5_rep_1,bearish,5,2020-03-13,6139.TW,0.8430105546044119,0.5425904900553553,False,1.3711731748489804,14
2018-02-09,2609.TW,2609,陽明,77,neutral,0.0357142266309653,3.571422663096535,bearish_cluster_5_rep_1,bearish,5,2020-03-13,6139.TW,0.8549896328266122,0.5390865707838007,False,1.3711731748489804,15
2020-03-13,2313.TW,2313,華通,60,bearish,-0.1856473946093149,-18.56473946093149,bearish_cluster_5_rep_1,bearish,5,2020-03-13,6139.TW,0.8567326091982662,0.5385805123721064,True,1.3711731748489804,16
2020-03-13,3533.TW,3533,嘉澤,82,bearish,-0.0678642859293459,-6.78642859293459,bearish_cluster_5_rep_1,bearish,5,2020-03-13,6139.TW,0.8628856545581177,0.536801600008672,True,1.3711731748489804,17
2020-03-13,2337.TW,2337,旺宏,67,bearish,-0.1580756124112943,-15.80756124112943,bearish_cluster_5_rep_1,bearish,5,2020-03-13,6139.TW,0.863952250797015,0.5364944298183636,True,1.3711731748489804,18
2020-03-13,2492.TW,2492,華新科,100,bearish,-0.1398809523809523,-13.988095238095234,bearish_cluster_5_rep_1,bearish,5,2020-03-13,6139.TW,0.8666283203880065,0.5357252909310489,True,1.3711731748489804,19
2018-10-11,2376.TW,2376,技嘉,70,neutral,0.0,0.0,bearish_cluster_5_rep_1,bearish,5,2020-03-13,6139.TW,0.8812553347878047,0.5315599544135217,False,1.3711731748489804,20
2022-04-27,3481.TW,3481,群創,52,bullish,0.0839694555581014,8.396945555810142,bearish_cluster_5_rep_1,bearish,5,2020-03-13,6139.TW,0.8866423359198666,0.5300421711953325,False,1.3711731748489804,21
2022-04-27,6531.TW,6531,愛普*,95,bullish,0.0929752066115703,9.297520661157034,bearish_cluster_5_rep_1,bearish,5,2020-03-13,6139.TW,0.8900671034914847,0.5290817443215213,False,1.3711731748489804,22
2020-03-17,2618.TW,2618,長榮航,72,bearish,-0.1629629622154228,-16.296296221542285,bearish_cluster_5_rep_1,bearish,5,2020-03-13,6139.TW,0.8901246129824901,0.5290656463237452,True,1.3711731748489804,23
2020-03-13,1590.TW,1590,亞德客-KY,64,bearish,-0.0965346782458881,-9.653467824588812,bearish_cluster_5_rep_1,bearish,5,2020-03-13,6139.TW,0.8905683438177077,0.5289414705742169,True,1.3711731748489804,24
2025-03-31,6789.TW,6789,采鈺,96,bearish,-0.0617848970251716,-6.178489702517165,bearish_cluster_5_rep_1,bearish,5,2020-03-13,6139.TW,0.8938236931377955,0.5280322575028844,True,1.3711731748489804,25
2023-04-26,1590.TW,1590,亞德客-KY,64,neutral,0.0485436893203883,4.854368932038833,bearish_cluster_5_rep_1,bearish,5,2020-03-13,6139.TW,0.9048687310789421,0.524970557647606,False,1.3711731748489804,26
2024-08-05,3036.TW,3036,文曄,68,bullish,0.1333333333333333,13.33333333333333,bearish_cluster_5_rep_1,bearish,5,2020-03-13,6139.TW,0.9187861842300555,0.5211628102280017,False,1.3711731748489804,27
2018-04-25,2379.TW,2379,瑞昱,53,neutral,-0.0044052863436123,-0.4405286343612369,bearish_cluster_5_rep_1,bearish,5,2020-03-13,6139.TW,0.9341237409536051,0.5170300011450961,False,1.3711731748489804,28
2018-10-11,6213.TW,6213,聯茂,81,neutral,-0.0339180979234433,-3.391809792344336,bearish_cluster_5_rep_1,bearish,5,2020-03-13,6139.TW,0.9405497434431926,0.5153178903961829,False,1.3711731748489804,29
2018-02-09,2337.TW,2337,旺宏,67,bullish,0.1184210755357493,11.842107553574932,bearish_cluster_5_rep_1,bearish,5,2020-03-13,6139.TW,0.9520936097251911,0.5122705156238775,False,1.3711731748489804,30
2025-03-31,1519.TW,1519,華城,66,bearish,-0.1179088214432939,-11.790882144329396,bearish_cluster_5_rep_1,bearish,5,2020-03-13,6139.TW,0.9561140391189487,0.5112176386456533,True,1.3711731748489804,31
2018-10-11,1605.TW,1605,華新,88,neutral,-0.0296736041734443,-2.967360417344433,bearish_cluster_5_rep_1,bearish,5,2020-03-13,6139.TW,0.9586618390935348,0.5105526538786288,False,1.3711731748489804,32
2023-10-18,6213.TW,6213,聯茂,81,neutral,-0.0050633104541634,-0.5063310454163417,bearish_cluster_5_rep_1,bearish,5,2020-03-13,6139.TW,0.9695675147033896,0.5077256771015523,False,1.3711731748489804,33
2020-03-17,1326.TW,1326,台化,51,neutral,-0.0166162919158608,-1.6616291915860892,bearish_cluster_5_rep_1,bearish,5,2020-03-13,6139.TW,0.9713387872696808,0.5072694792278741,False,1.3711731748489804,34
2018-10-11,1519.TW,1519,華城,66,neutral,-0.0154639698022583,-1.5463969802258393,bearish_cluster_5_rep_1,bearish,5,2020-03-13,6139.TW,0.9722268691631862,0.507041058833307,False,1.3711731748489804,35
2024-08-05,6789.TW,6789,采鈺,96,neutral,-0.0127737226277372,-1.2773722627737238,bearish_cluster_5_rep_1,bearish,5,2020-03-13,6139.TW,0.9775568320484562,0.5056744685128204,False,1.3711731748489804,36
2020-03-13,2379.TW,2379,瑞昱,53,bearish,-0.1066997518610421,-10.66997518610422,bearish_cluster_5_rep_1,bearish,5,2020-03-13,6139.TW,0.980109860562399,0.5050224838110629,True,1.3711731748489804,37
2025-04-08,2356.TW,2356,英業達,71,bullish,0.0899182334729804,8.991823347298045,bearish_cluster_5_rep_1,bearish,5,2020-03-13,6139.TW,0.9867800773081364,0.503326971828149,False,1.3711731748489804,38
2018-12-25,3532.TW,3532,台勝科,98,neutral,0.0260869565217392,2.60869565217392,bearish_cluster_5_rep_1,bearish,5,2020-03-13,6139.TW,0.9884211820769857,0.5029115606963409,False,1.3711731748489804,39
2022-10-11,6789.TW,6789,采鈺,96,bearish,-0.1056511056511056,-10.565110565110569,bearish_cluster_5_rep_1,bearish,5,2020-03-13,6139.TW,0.9959677118470894,0.5010101085626227,True,1.3711731748489804,40
2022-07-29,6770.TW,6770,力積電,55,neutral,-0.0354609929078014,-3.546099290780147,bearish_cluster_5_rep_1,bearish,5,2020-03-13,6139.TW,0.9969036240069102,0.5007752942996009,False,1.3711731748489804,41
2018-10-12,2609.TW,2609,陽明,77,neutral,0.0242261519965647,2.422615199656475,bearish_cluster_5_rep_1,bearish,5,2020-03-13,6139.TW,0.9990345847014275,0.5002414703842447,False,1.3711731748489804,42
2021-11-25,3661.TW,3661,世芯-KY,56,neutral,0.0344827586206897,3.4482758620689724,bearish_cluster_5_rep_1,bearish,5,2020-03-13,6139.TW,0.9996178689602844,0.5000955510164335,False,1.3711731748489804,43
2025-03-31,6213.TW,6213,聯茂,81,bearish,-0.0556438778234369,-5.564387782343694,bearish_cluster_5_rep_1,bearish,5,2020-03-13,6139.TW,1.0100259757472205,0.4975060084127785,True,1.3711731748489804,44
2025-04-08,1590.TW,1590,亞德客-KY,64,neutral,0.0,0.0,bearish_cluster_5_rep_1,bearish,5,2020-03-13,6139.TW,1.01292922586348,0.49678845492992085,False,1.3711731748489804,45
2025-04-08,3702.TW,3702,大聯大,90,bullish,0.0623885934972805,6.238859349728054,bearish_cluster_5_rep_1,bearish,5,2020-03-13,6139.TW,1.0132024303711926,0.49672103754395963,False,1.3711731748489804,46
2018-10-11,2313.TW,2313,華通,60,bullish,0.0956072529714964,9.56072529714964,bearish_cluster_5_rep_1,bearish,5,2020-03-13,6139.TW,1.0169728759905923,0.4957924877938043,False,1.3711731748489804,47
2025-11-18,3036.TW,3036,文曄,68,neutral,-0.0113636363636363,-1.1363636363636354,bearish_cluster_5_rep_1,bearish,5,2020-03-13,6139.TW,1.0174616386367956,0.4956723740609525,False,1.3711731748489804,48
2020-03-17,3044.TW,3044,健鼎,65,neutral,-0.0276497861923785,-2.7649786192378567,bearish_cluster_5_rep_1,bearish,5,2020-03-13,6139.TW,1.0184451535336776,0.49543085094450406,False,1.3711731748489804,49
2025-04-08,5871.TW,5871,中租-KY,78,neutral,0.0334928149709172,3.3492814970917277,bearish_cluster_5_rep_1,bearish,5,2020-03-13,6139.TW,1.0230757740864858,0.4942968586787349,False,1.3711731748489804,50
2025-03-31,6531.TW,6531,愛普*,95,bearish,-0.0556660039761431,-5.566600397614319,bearish_cluster_5_rep_1,bearish,5,2020-03-13,6139.TW,1.0318810987836777,0.4921547823829942,True,1.3711731748489804,51
2024-07-26,6213.TW,6213,聯茂,81,neutral,-0.0481171396186403,-4.811713961864039,bearish_cluster_5_rep_1,bearish,5,2020-03-13,6139.TW,1.0323988380054772,0.49202940943489415,False,1.3711731748489804,52
2018-09-10,3532.TW,3532,台勝科,98,bearish,-0.0904017702239201,-9.040177022392015,bearish_cluster_5_rep_1,bearish,5,2020-03-13,6139.TW,1.0324619652927771,0.4920141272390057,True,1.3711731748489804,53
2018-10-11,6239.TW,6239,力成,76,neutral,0.0014409001717932,0.1440900171793213,bearish_cluster_5_rep_1,bearish,5,2020-03-13,6139.TW,1.0364645961558108,0.49104708320865387,False,1.3711731748489804,54
2020-03-19,2801.TW,2801,彰銀,61,neutral,0.0294118244900711,2.941182449007118,bearish_cluster_5_rep_1,bearish,5,2020-03-13,6139.TW,1.038679672425756,0.49051354831538285,False,1.3711731748489804,55
2020-03-02,2337.TW,2337,旺宏,67,bullish,0.1041009197993012,10.410091979930126,bearish_cluster_5_rep_1,bearish,5,2020-03-13,6139.TW,1.0405986748366738,0.49005226374560806,False,1.3711731748489804,56
2022-09-26,3532.TW,3532,台勝科,98,bearish,-0.0625,-6.25,bearish_cluster_5_rep_1,bearish,5,2020-03-13,6139.TW,1.0576518610748147,0.48599086119342355,True,1.3711731748489804,57
2025-03-31,6770.TW,6770,力積電,55,bearish,-0.0592105019620907,-5.921050196209077,bearish_cluster_5_rep_1,bearish,5,2020-03-13,6139.TW,1.0649544970912042,0.4842721722966046,True,1.3711731748489804,58
2025-04-07,3034.TW,3034,聯詠,58,bullish,0.0543933054393306,5.439330543933063,bearish_cluster_5_rep_1,bearish,5,2020-03-13,6139.TW,1.072080921693081,0.4826066344855432,False,1.3711731748489804,59
2018-03-23,3532.TW,3532,台勝科,98,neutral,-0.0120481927710843,-1.2048192771084376,bearish_cluster_5_rep_1,bearish,5,2020-03-13,6139.TW,1.0732236416297454,0.4823406312374036,False,1.3711731748489804,60
2022-07-12,1590.TW,1590,亞德客-KY,64,neutral,0.0403225806451612,4.0322580645161255,bearish_cluster_5_rep_1,bearish,5,2020-03-13,6139.TW,1.0733753254002287,0.48230534421304905,False,1.3711731748489804,61
2020-03-13,2834.TW,2834,臺企銀,87,bearish,-0.0796116992407168,-7.961169924071687,bearish_cluster_5_rep_1,bearish,5,2020-03-13,6139.TW,1.0749968732010513,0.4819284370570266,True,1.3711731748489804,62
2020-03-17,2615.TW,2615,萬海,59,bearish,-0.0634328596720489,-6.343285967204892,bearish_cluster_5_rep_1,bearish,5,2020-03-13,6139.TW,1.0763657475179291,0.4816107187259238,True,1.3711731748489804,63
2025-03-31,2313.TW,2313,華通,60,neutral,-0.0371024475394863,-3.7102447539486327,bearish_cluster_5_rep_1,bearish,5,2020-03-13,6139.TW,1.0779033269793157,0.48125434278683094,False,1.3711731748489804,64
2020-03-13,2618.TW,2618,長榮航,72,bearish,-0.2046511450479197,-20.46511450479197,bearish_cluster_5_rep_1,bearish,5,2020-03-13,6139.TW,1.0812931293890058,0.48047052377171146,True,1.3711731748489804,65
2022-08-04,1590.TW,1590,亞德客-KY,64,bullish,0.0787716955941255,7.877169559412556,bearish_cluster_5_rep_1,bearish,5,2020-03-13,6139.TW,1.0824021989675097,0.48021462928526343,False,1.3711731748489804,66
2018-10-12,1605.TW,1605,華新,88,neutral,-0.0180722976069127,-1.807229760691276,bearish_cluster_5_rep_1,bearish,5,2020-03-13,6139.TW,1.0839594131333852,0.47985579455044514,False,1.3711731748489804,67
2023-05-12,6415.TW,6415,矽力*-KY,92,bearish,-0.0726643598615917,-7.26643598615917,bearish_cluster_5_rep_1,bearish,5,2020-03-13,6139.TW,1.0841179783494432,0.4798192858505875,True,1.3711731748489804,68
2025-03-31,1590.TW,1590,亞德客-KY,64,neutral,-0.0252707581227437,-2.527075812274371,bearish_cluster_5_rep_1,bearish,5,2020-03-13,6139.TW,1.0844055189749442,0.4797530954973549,False,1.3711731748489804,69
2021-03-05,2337.TW,2337,旺宏,67,neutral,0.0396530941592114,3.965309415921148,bearish_cluster_5_rep_1,bearish,5,2020-03-13,6139.TW,1.0848142418017486,0.479659041054792,False,1.3711731748489804,70
2020-03-19,1326.TW,1326,台化,51,bullish,0.0994940604905494,9.949406049054945,bearish_cluster_5_rep_1,bearish,5,2020-03-13,6139.TW,1.0868890883140927,0.4791821499281769,False,1.3711731748489804,71
2020-03-17,2801.TW,2801,彰銀,61,neutral,-0.0385604142035802,-3.856041420358025,bearish_cluster_5_rep_1,bearish,5,2020-03-13,6139.TW,1.0890139418107532,0.4786947468302686,False,1.3711731748489804,72
2022-04-27,3532.TW,3532,台勝科,98,neutral,0.0282051282051281,2.8205128205128105,bearish_cluster_5_rep_1,bearish,5,2020-03-13,6139.TW,1.0907404116953845,0.47829945525810086,False,1.3711731748489804,73
2022-07-01,5871.TW,5871,中租-KY,78,neutral,0.0079365364185504,0.7936536418550411,bearish_cluster_5_rep_1,bearish,5,2020-03-13,6139.TW,1.092521600216127,0.47789231895943846,False,1.3711731748489804,74
2023-04-26,6415.TW,6415,矽力*-KY,92,bullish,0.0553709856035438,5.537098560354381,bearish_cluster_5_rep_1,bearish,5,2020-03-13,6139.TW,1.0937206391847836,0.47761863798093074,False,1.3711731748489804,75
2019-08-06,3481.TW,3481,群創,52,neutral,-0.0016180740470567,-0.1618074047056716,bearish_cluster_5_rep_1,bearish,5,2020-03-13,6139.TW,1.0939124087705479,0.4775748955932477,False,1.3711731748489804,76
2018-02-06,1802.TW,1802,台玻,86,neutral,0.0330331025231416,3.303310252314162,bearish_cluster_5_rep_1,bearish,5,2020-03-13,6139.TW,1.0954816296860892,0.4772172591891457,False,1.3711731748489804,77
2021-05-17,2313.TW,2313,華通,60,bullish,0.066165436479382,6.6165436479382,bearish_cluster_5_rep_1,bearish,5,2020-03-13,6139.TW,1.0956023719198729,0.4771897633823807,False,1.3711731748489804,78
2022-06-17,6415.TW,6415,矽力*-KY,92,bullish,0.0774336283185841,7.743362831858414,bearish_cluster_5_rep_1,bearish,5,2020-03-13,6139.TW,1.0964380833877867,0.47699953932530526,False,1.3711731748489804,79
2022-09-26,6415.TW,6415,矽力*-KY,92,neutral,-0.0327102803738317,-3.2710280373831724,bearish_cluster_5_rep_1,bearish,5,2020-03-13,6139.TW,1.1002661222644663,0.4761301386520577,False,1.3711731748489804,80
2020-03-13,4938.TW,4938,和碩,69,bearish,-0.090415914448135,-9.041591444813502,bearish_cluster_5_rep_1,bearish,5,2020-03-13,6139.TW,1.1004395108281189,0.4760908347252238,True,1.3711731748489804,81
2020-03-17,5871.TW,5871,中租-KY,78,neutral,-0.0217639474515587,-2.176394745155874,bearish_cluster_5_rep_1,bearish,5,2020-03-13,6139.TW,1.1017122122017813,0.47580253575839804,False,1.3711731748489804,82
2019-04-29,2492.TW,2492,華新科,100,neutral,0.0135135135135135,1.3513513513513598,bearish_cluster_5_rep_1,bearish,5,2020-03-13,6139.TW,1.1019221177854341,0.47575502038752554,False,1.3711731748489804,83
2020-03-19,1101.TW,1101,台泥,83,bullish,0.1383928316791098,13.839283167910988,bearish_cluster_5_rep_1,bearish,5,2020-03-13,6139.TW,1.104086447075874,0.47526564385685616,False,1.3711731748489804,84
2023-05-15,6415.TW,6415,矽力*-KY,92,neutral,-0.0064020486555698,-0.6402048655569814,bearish_cluster_5_rep_1,bearish,5,2020-03-13,6139.TW,1.1052646912292545,0.47499965404165145,False,1.3711731748489804,85
2024-07-26,2449.TW,2449,京元電子,57,neutral,-0.0322580883331768,-3.2258088333176893,bearish_cluster_5_rep_1,bearish,5,2020-03-13,6139.TW,1.1063025246194456,0.4747656086015821,False,1.3711731748489804,86
2024-08-05,3661.TW,3661,世芯-KY,56,neutral,0.0403800475059381,4.038004750593816,bearish_cluster_5_rep_1,bearish,5,2020-03-13,6139.TW,1.1112434805517715,0.4736545117660474,False,1.3711731748489804,87
2020-03-13,2207.TW,2207,和泰車,63,bearish,-0.2366803236207599,-23.668032362076,bearish_cluster_5_rep_1,bearish,5,2020-03-13,6139.TW,1.112778794167163,0.47331031661276707,True,1.3711731748489804,88
2018-10-25,1605.TW,1605,華新,88,neutral,0.0173611192993294,1.7361119299329486,bearish_cluster_5_rep_1,bearish,5,2020-03-13,6139.TW,1.114288864485646,0.4729722682634831,False,1.3711731748489804,89
2020-03-13,3044.TW,3044,健鼎,65,bearish,-0.0980392141424564,-9.803921414245645,bearish_cluster_5_rep_1,bearish,5,2020-03-13,6139.TW,1.1158147887167624,0.47263116097534136,True,1.3711731748489804,90
2020-02-03,2313.TW,2313,華通,60,bullish,0.0562499999999999,5.624999999999991,bearish_cluster_5_rep_1,bearish,5,2020-03-13,6139.TW,1.1171532563130848,0.4723323628169694,False,1.3711731748489804,91
2022-08-04,6213.TW,6213,聯茂,81,neutral,0.037459270030981,3.745927003098104,bearish_cluster_5_rep_1,bearish,5,2020-03-13,6139.TW,1.1171689949713242,0.4723288515820837,False,1.3711731748489804,92
2022-10-11,2379.TW,2379,瑞昱,53,neutral,-0.0040485829959514,-0.4048582995951455,bearish_cluster_5_rep_1,bearish,5,2020-03-13,6139.TW,1.117192511991986,0.47232360512135857,False,1.3711731748489804,93
2022-08-29,6415.TW,6415,矽力*-KY,92,neutral,-0.0407407407407407,-4.074074074074074,bearish_cluster_5_rep_1,bearish,5,2020-03-13,6139.TW,1.11974963945925,0.47175382478428013,False,1.3711731748489804,94
2024-08-02,3661.TW,3661,世芯-KY,56,bearish,-0.0685224839400427,-6.852248394004279,bearish_cluster_5_rep_1,bearish,5,2020-03-13,6139.TW,1.1202975800595372,0.4716319112017853,True,1.3711731748489804,95
2023-04-26,1590.TW,1590,亞德客-KY,64,neutral,0.0485436893203883,4.854368932038833,bearish_cluster_5_rep_2,bearish,5,2020-03-13,2376.TW,0.5967838816032655,0.6262588265833076,False,0.4755248029764118,1
2020-03-13,6139.TW,6139,亞翔,85,bearish,-0.1040338994633303,-10.40338994633303,bearish_cluster_5_rep_2,bearish,5,2020-03-13,2376.TW,0.6054020942659357,0.6228969076169334,True,0.4755248029764118,2
2020-03-13,1402.TW,1402,遠東新,94,bearish,-0.0732217584908737,-7.322175849087376,bearish_cluster_5_rep_2,bearish,5,2020-03-13,2376.TW,0.674429129917574,0.5972184681529199,True,0.4755248029764118,3
2020-03-13,1519.TW,1519,華城,66,bearish,-0.1279527285575143,-12.795272855751438,bearish_cluster_5_rep_2,bearish,5,2020-03-13,2376.TW,0.6796684376629789,0.5953555937452505,True,0.4755248029764118,4
2020-03-13,2618.TW,2618,長榮航,72,bearish,-0.2046511450479197,-20.46511450479197,bearish_cluster_5_rep_2,bearish,5,2020-03-13,2376.TW,0.6926587060190703,0.5907865516208402,True,0.4755248029764118,5
2020-03-13,3034.TW,3034,聯詠,58,bearish,-0.0560224089635854,-5.602240896358546,bearish_cluster_5_rep_2,bearish,5,2020-03-13,2376.TW,0.7580806575073489,0.5688021170870654,True,0.4755248029764118,6
2020-03-13,1802.TW,1802,台玻,86,bearish,-0.1565113453633027,-15.651134536330268,bearish_cluster_5_rep_2,bearish,5,2020-03-13,2376.TW,0.7826372307194939,0.5609666300957867,True,0.4755248029764118,7
2020-03-13,1326.TW,1326,台化,51,bearish,-0.1466113671009125,-14.661136710091249,bearish_cluster_5_rep_2,bearish,5,2020-03-13,2376.TW,0.7839185974707212,0.5605636946763276,True,0.4755248029764118,8
2020-03-13,2834.TW,2834,臺企銀,87,bearish,-0.0796116992407168,-7.961169924071687,bearish_cluster_5_rep_2,bearish,5,2020-03-13,2376.TW,0.7851129010334267,0.5601886577712177,True,0.4755248029764118,9
2020-03-13,4938.TW,4938,和碩,69,bearish,-0.090415914448135,-9.041591444813502,bearish_cluster_5_rep_2,bearish,5,2020-03-13,2376.TW,0.7916621542173662,0.5581409406042961,True,0.4755248029764118,10
2018-02-09,2609.TW,2609,陽明,77,neutral,0.0357142266309653,3.571422663096535,bearish_cluster_5_rep_2,bearish,5,2020-03-13,2376.TW,0.804867306945399,0.5540573515581176,False,0.4755248029764118,11
2018-03-23,3532.TW,3532,台勝科,98,neutral,-0.0120481927710843,-1.2048192771084376,bearish_cluster_5_rep_2,bearish,5,2020-03-13,2376.TW,0.8119987646429274,0.5518767559408685,False,0.4755248029764118,12
2020-03-13,5876.TW,5876,上海商銀,75,bearish,-0.0995261237705003,-9.95261237705003,bearish_cluster_5_rep_2,bearish,5,2020-03-13,2376.TW,0.8142882668076529,0.5511803269055799,True,0.4755248029764118,13
2020-03-13,3481.TW,3481,群創,52,bearish,-0.100478373919933,-10.047837391993308,bearish_cluster_5_rep_2,bearish,5,2020-03-13,2376.TW,0.840354156764153,0.5433736742053356,True,0.4755248029764118,14
2023-05-12,6415.TW,6415,矽力*-KY,92,bearish,-0.0726643598615917,-7.26643598615917,bearish_cluster_5_rep_2,bearish,5,2020-03-13,2376.TW,0.8447481796224247,0.5420794073935207,True,0.4755248029764118,15
2025-04-08,3702.TW,3702,大聯大,90,bullish,0.0623885934972805,6.238859349728054,bearish_cluster_5_rep_2,bearish,5,2020-03-13,2376.TW,0.8538513024412043,0.5394175890391918,False,0.4755248029764118,16
2022-04-27,6531.TW,6531,愛普*,95,bullish,0.0929752066115703,9.297520661157034,bearish_cluster_5_rep_2,bearish,5,2020-03-13,2376.TW,0.8601010297667142,0.5376052074576915,False,0.4755248029764118,17
2020-03-13,2356.TW,2356,英業達,71,bearish,-0.0613208064917506,-6.132080649175064,bearish_cluster_5_rep_2,bearish,5,2020-03-13,2376.TW,0.8690600181412084,0.5350282978042119,True,0.4755248029764118,18
2018-10-11,2376.TW,2376,技嘉,70,neutral,0.0,0.0,bearish_cluster_5_rep_2,bearish,5,2020-03-13,2376.TW,0.884925077752573,0.5305250653210665,False,0.4755248029764118,19
2018-10-12,2609.TW,2609,陽明,77,neutral,0.0242261519965647,2.422615199656475,bearish_cluster_5_rep_2,bearish,5,2020-03-13,2376.TW,0.8973324190817689,0.527055770482201,False,0.4755248029764118,20
2018-02-09,2313.TW,2313,華通,60,neutral,-0.0014992275666623,-0.149922756666232,bearish_cluster_5_rep_2,bearish,5,2020-03-13,2376.TW,0.9121801539006238,0.5229632772624049,False,0.4755248029764118,21
2020-03-13,2347.TW,2347,聯強,99,neutral,0.0207407633463541,2.0740763346354107,bearish_cluster_5_rep_2,bearish,5,2020-03-13,2376.TW,0.9125633645567447,0.5228584937533611,False,0.4755248029764118,22
2025-02-03,2376.TW,2376,技嘉,70,bullish,0.0550847457627119,5.508474576271194,bearish_cluster_5_rep_2,bearish,5,2020-03-13,2376.TW,0.9135239773937793,0.5225960122861907,False,0.4755248029764118,23
2025-10-13,6789.TW,6789,采鈺,96,neutral,-0.0215264187866928,-2.1526418786692814,bearish_cluster_5_rep_2,bearish,5,2020-03-13,2376.TW,0.9230471443698838,0.5200080522870725,False,0.4755248029764118,24
2020-01-30,3533.TW,3533,嘉澤,82,neutral,0.0157233428926126,1.572334289261268,bearish_cluster_5_rep_2,bearish,5,2020-03-13,2376.TW,0.923752242901297,0.5198174576222223,False,0.4755248029764118,25
2023-04-26,6415.TW,6415,矽力*-KY,92,bullish,0.0553709856035438,5.537098560354381,bearish_cluster_5_rep_2,bearish,5,2020-03-13,2376.TW,0.9273881629185398,0.5188368483522043,False,0.4755248029764118,26
2020-03-02,2337.TW,2337,旺宏,67,bullish,0.1041009197993012,10.410091979930126,bearish_cluster_5_rep_2,bearish,5,2020-03-13,2376.TW,0.9312698511617512,0.5177940303880642,False,0.4755248029764118,27
2021-09-22,5871.TW,5871,中租-KY,78,neutral,-0.0080321540088568,-0.8032154008856818,bearish_cluster_5_rep_2,bearish,5,2020-03-13,2376.TW,0.9495790466424635,0.512931241091345,False,0.4755248029764118,28
2020-03-13,2409.TW,2409,友達,80,bearish,-0.0767230352250825,-7.67230352250825,bearish_cluster_5_rep_2,bearish,5,2020-03-13,2376.TW,0.9517227609284029,0.5123678526576778,True,0.4755248029764118,29
2020-03-10,5871.TW,5871,中租-KY,78,bearish,-0.0811321222343995,-8.113212223439959,bearish_cluster_5_rep_2,bearish,5,2020-03-13,2376.TW,0.9558477524494922,0.5112872404038638,True,0.4755248029764118,30
2025-04-08,5871.TW,5871,中租-KY,78,neutral,0.0334928149709172,3.3492814970917277,bearish_cluster_5_rep_2,bearish,5,2020-03-13,2376.TW,0.9564643466129756,0.5111261044604245,False,0.4755248029764118,31
2020-03-02,2409.TW,2409,友達,80,neutral,0.0332261347558731,3.3226134755873105,bearish_cluster_5_rep_2,bearish,5,2020-03-13,2376.TW,0.9631616581058924,0.5093824015312244,False,0.4755248029764118,32
2018-10-11,6239.TW,6239,力成,76,neutral,0.0014409001717932,0.1440900171793213,bearish_cluster_5_rep_2,bearish,5,2020-03-13,2376.TW,0.9634546172603979,0.5093063986349208,False,0.4755248029764118,33
2020-03-13,3533.TW,3533,嘉澤,82,bearish,-0.0678642859293459,-6.78642859293459,bearish_cluster_5_rep_2,bearish,5,2020-03-13,2376.TW,0.9705229001726916,0.5074795121195306,True,0.4755248029764118,34
2020-02-03,2313.TW,2313,華通,60,bullish,0.0562499999999999,5.624999999999991,bearish_cluster_5_rep_2,bearish,5,2020-03-13,2376.TW,0.9852735293860245,0.50370892735837,False,0.4755248029764118,35
2020-03-13,2379.TW,2379,瑞昱,53,bearish,-0.1066997518610421,-10.66997518610422,bearish_cluster_5_rep_2,bearish,5,2020-03-13,2376.TW,0.9864635155569027,0.5034071817420978,True,0.4755248029764118,36
2024-09-04,2449.TW,2449,京元電子,57,neutral,-0.0131004562344461,-1.3100456234446112,bearish_cluster_5_rep_2,bearish,5,2020-03-13,2376.TW,0.991235561596683,0.5022007537863298,False,0.4755248029764118,37
2020-03-02,3044.TW,3044,健鼎,65,bullish,0.0704225352112675,7.042253521126751,bearish_cluster_5_rep_2,bearish,5,2020-03-13,2376.TW,0.9957521801107292,0.5010642152697122,False,0.4755248029764118,38
2020-03-19,2801.TW,2801,彰銀,61,neutral,0.0294118244900711,2.941182449007118,bearish_cluster_5_rep_2,bearish,5,2020-03-13,2376.TW,0.9959368540815876,0.5010178543249261,False,0.4755248029764118,39
2024-09-11,6139.TW,6139,亞翔,85,bullish,0.0582278481012659,5.822784810126591,bearish_cluster_5_rep_2,bearish,5,2020-03-13,2376.TW,1.0005336147454384,0.4998666318972335,False,0.4755248029764118,40
2021-05-17,2313.TW,2313,華通,60,bullish,0.066165436479382,6.6165436479382,bearish_cluster_5_rep_2,bearish,5,2020-03-13,2376.TW,1.0133806533162715,0.4966770681703353,False,0.4755248029764118,41
2018-07-27,3661.TW,3661,世芯-KY,56,bearish,-0.0570342205323194,-5.703422053231943,bearish_cluster_5_rep_2,bearish,5,2020-03-13,2376.TW,1.0185681360786716,0.4954006665054313,True,0.4755248029764118,42
2020-03-13,1605.TW,1605,華新,88,neutral,0.0357142145555664,3.571421455556645,bearish_cluster_5_rep_2,bearish,5,2020-03-13,2376.TW,1.018794133530125,0.49534520800858955,False,0.4755248029764118,43
2024-09-09,3036.TW,3036,文曄,68,neutral,0.0,0.0,bearish_cluster_5_rep_2,bearish,5,2020-03-13,2376.TW,1.0203011801154087,0.49497570453474443,False,0.4755248029764118,44
2024-07-26,6789.TW,6789,采鈺,96,neutral,0.0363924050632911,3.639240506329111,bearish_cluster_5_rep_2,bearish,5,2020-03-13,2376.TW,1.0228493595864088,0.4943521845860335,False,0.4755248029764118,45
2020-03-17,5876.TW,5876,上海商銀,75,neutral,-0.0209150493523002,-2.0915049352300263,bearish_cluster_5_rep_2,bearish,5,2020-03-13,2376.TW,1.023344385126127,0.49423123782146655,False,0.4755248029764118,46
2019-08-06,3481.TW,3481,群創,52,neutral,-0.0016180740470567,-0.1618074047056716,bearish_cluster_5_rep_2,bearish,5,2020-03-13,2376.TW,1.023461461215211,0.4942026419418136,False,0.4755248029764118,47
2020-03-17,1326.TW,1326,台化,51,neutral,-0.0166162919158608,-1.6616291915860892,bearish_cluster_5_rep_2,bearish,5,2020-03-13,2376.TW,1.026537721857135,0.4934524480914138,False,0.4755248029764118,48
2018-10-11,1605.TW,1605,華新,88,neutral,-0.0296736041734443,-2.967360417344433,bearish_cluster_5_rep_2,bearish,5,2020-03-13,2376.TW,1.0305561639187846,0.4924759126436045,False,0.4755248029764118,49
2025-03-11,6919.TW,6919,康霈*,97,neutral,0.0149425638133082,1.4942563813308274,bearish_cluster_5_rep_2,bearish,5,2020-03-13,2376.TW,1.0316610255181229,0.4922080934958014,False,0.4755248029764118,50
2018-02-06,2376.TW,2376,技嘉,70,neutral,0.0247296163676109,2.472961636761095,bearish_cluster_5_rep_2,bearish,5,2020-03-13,2376.TW,1.0360566944017504,0.4911454591365529,False,0.4755248029764118,51
2022-09-05,2609.TW,2609,陽明,77,neutral,-0.0423728795294948,-4.237287952949487,bearish_cluster_5_rep_2,bearish,5,2020-03-13,2376.TW,1.0376657211640474,0.49075762997511435,False,0.4755248029764118,52
2018-10-25,1402.TW,1402,遠東新,94,neutral,-0.0016556669915894,-0.1655666991589477,bearish_cluster_5_rep_2,bearish,5,2020-03-13,2376.TW,1.0397153396158312,0.49026448964606223,False,0.4755248029764118,53
2024-07-26,6531.TW,6531,愛普*,95,neutral,-0.0477611940298507,-4.77611940298508,bearish_cluster_5_rep_2,bearish,5,2020-03-13,2376.TW,1.040985081087546,0.4899594853810232,False,0.4755248029764118,54
2023-10-18,6213.TW,6213,聯茂,81,neutral,-0.0050633104541634,-0.5063310454163417,bearish_cluster_5_rep_2,bearish,5,2020-03-13,2376.TW,1.0435072462333386,0.4893547609597342,False,0.4755248029764118,55
2021-10-05,2379.TW,2379,瑞昱,53,neutral,0.0245202558635393,2.452025586353934,bearish_cluster_5_rep_2,bearish,5,2020-03-13,2376.TW,1.043858130289319,0.48927074985309504,False,0.4755248029764118,56
2020-09-09,6415.TW,6415,矽力*-KY,92,neutral,0.0382352941176471,3.8235294117647145,bearish_cluster_5_rep_2,bearish,5,2020-03-13,2376.TW,1.044903401634342,0.48902065457017335,False,0.4755248029764118,57
2019-08-06,3034.TW,3034,聯詠,58,bullish,0.0573248407643312,5.73248407643312,bearish_cluster_5_rep_2,bearish,5,2020-03-13,2376.TW,1.0467065268474534,0.48858983292553543,False,0.4755248029764118,58
2024-07-26,2492.TW,2492,華新科,100,neutral,-0.0043668122270742,-0.4366812227074246,bearish_cluster_5_rep_2,bearish,5,2020-03-13,2376.TW,1.0473853908286488,0.4884278282337772,False,0.4755248029764118,59
2022-06-29,3034.TW,3034,聯詠,58,neutral,-0.0451612903225806,-4.516129032258065,bearish_cluster_5_rep_2,bearish,5,2020-03-13,2376.TW,1.0492796404064775,0.48797635046120336,False,0.4755248029764118,60
2022-04-27,3481.TW,3481,群創,52,bullish,0.0839694555581014,8.396945555810142,bearish_cluster_5_rep_2,bearish,5,2020-03-13,2376.TW,1.052354018134065,0.48724537344155083,False,0.4755248029764118,61
2018-12-25,3532.TW,3532,台勝科,98,neutral,0.0260869565217392,2.60869565217392,bearish_cluster_5_rep_2,bearish,5,2020-03-13,2376.TW,1.0523717225435634,0.4872411703084035,False,0.4755248029764118,62
2020-03-13,2609.TW,2609,陽明,77,bearish,-0.126760530273158,-12.676053027315804,bearish_cluster_5_rep_2,bearish,5,2020-03-13,2376.TW,1.0566781426094034,0.4862209498328472,True,0.4755248029764118,63
2022-10-11,2379.TW,2379,瑞昱,53,neutral,-0.0040485829959514,-0.4048582995951455,bearish_cluster_5_rep_2,bearish,5,2020-03-13,2376.TW,1.057642264030521,0.4859931279022207,False,0.4755248029764118,64
2022-08-29,6415.TW,6415,矽力*-KY,92,neutral,-0.0407407407407407,-4.074074074074074,bearish_cluster_5_rep_2,bearish,5,2020-03-13,2376.TW,1.0585365105922087,0.4857820081667221,False,0.4755248029764118,65
2020-03-13,1504.TW,1504,東元,89,neutral,0.0141987986566383,1.4198798656638312,bearish_cluster_5_rep_2,bearish,5,2020-03-13,2376.TW,1.0600790933411366,0.4854182556545202,False,0.4755248029764118,66
2025-03-31,2449.TW,2449,京元電子,57,bearish,-0.0547321051043636,-5.473210510436366,bearish_cluster_5_rep_2,bearish,5,2020-03-13,2376.TW,1.0603968829231576,0.4853433861641573,True,0.4755248029764118,67
2024-09-04,6789.TW,6789,采鈺,96,neutral,0.007168458781362,0.7168458781362075,bearish_cluster_5_rep_2,bearish,5,2020-03-13,2376.TW,1.060886780848648,0.4852280141212863,False,0.4755248029764118,68
2018-02-09,2337.TW,2337,旺宏,67,bullish,0.1184210755357493,11.842107553574932,bearish_cluster_5_rep_2,bearish,5,2020-03-13,2376.TW,1.061478051472761,0.48508884161322013,False,0.4755248029764118,69
2020-01-30,2404.TW,2404,漢唐,79,neutral,0.0162601626016261,1.6260162601626105,bearish_cluster_5_rep_2,bearish,5,2020-03-13,2376.TW,1.0620937204522751,0.4849440110707829,False,0.4755248029764118,70
2022-08-29,3532.TW,3532,台勝科,98,neutral,0.0116959064327486,1.1695906432748648,bearish_cluster_5_rep_2,bearish,5,2020-03-13,2376.TW,1.0631386087470724,0.48469840841536665,False,0.4755248029764118,71
2022-04-27,2615.TW,2615,萬海,59,neutral,0.0138888702716357,1.3888870271635767,bearish_cluster_5_rep_2,bearish,5,2020-03-13,2376.TW,1.0682264639449512,0.48350604608964937,False,0.4755248029764118,72
2025-03-31,3532.TW,3532,台勝科,98,bearish,-0.087912142167197,-8.7912142167197,bearish_cluster_5_rep_2,bearish,5,2020-03-13,2376.TW,1.0701113259908175,0.48306580783589986,True,0.4755248029764118,73
2022-08-04,1590.TW,1590,亞德客-KY,64,bullish,0.0787716955941255,7.877169559412556,bearish_cluster_5_rep_2,bearish,5,2020-03-13,2376.TW,1.0702751177199468,0.48302758963810016,False,0.4755248029764118,74
2022-07-06,1590.TW,1590,亞德客-KY,64,neutral,0.0073145245559038,0.7314524555903867,bearish_cluster_5_rep_2,bearish,5,2020-03-13,2376.TW,1.070292483484746,0.4830235379673435,False,0.4755248029764118,75
2025-04-08,2356.TW,2356,英業達,71,bullish,0.0899182334729804,8.991823347298045,bearish_cluster_5_rep_2,bearish,5,2020-03-13,2376.TW,1.0710696589316937,0.4828422818553691,False,0.4755248029764118,76
2025-03-31,6139.TW,6139,亞翔,85,bearish,-0.0666666666666666,-6.666666666666665,bearish_cluster_5_rep_2,bearish,5,2020-03-13,2376.TW,1.0720444424907387,0.48261513097563286,True,0.4755248029764118,77
2025-03-31,1605.TW,1605,華新,88,neutral,-0.0499999834143597,-4.999998341435974,bearish_cluster_5_rep_2,bearish,5,2020-03-13,2376.TW,1.0754090243810008,0.4818327318867923,False,0.4755248029764118,78
2020-03-09,2207.TW,2207,和泰車,63,bearish,-0.1073943193061452,-10.73943193061453,bearish_cluster_5_rep_2,bearish,5,2020-03-13,2376.TW,1.075433298190067,0.48182709647767286,True,0.4755248029764118,79
2018-12-25,6531.TW,6531,愛普*,95,neutral,0.0070257431311553,0.7025743131155338,bearish_cluster_5_rep_2,bearish,5,2020-03-13,2376.TW,1.0777155948812462,0.48129782654740866,False,0.4755248029764118,80
2024-07-08,2615.TW,2615,萬海,59,neutral,-0.0089743198492587,-0.8974319849258783,bearish_cluster_5_rep_2,bearish,5,2020-03-13,2376.TW,1.079010667547301,0.4809980129537975,False,0.4755248029764118,81
2021-01-28,3532.TW,3532,台勝科,98,neutral,-0.0150943396226415,-1.5094339622641506,bearish_cluster_5_rep_2,bearish,5,2020-03-13,2376.TW,1.0807858658631857,0.4805876550805787,False,0.4755248029764118,82
2025-03-31,6789.TW,6789,采鈺,96,bearish,-0.0617848970251716,-6.178489702517165,bearish_cluster_5_rep_2,bearish,5,2020-03-13,2376.TW,1.0817147920996468,0.4803732018406738,True,0.4755248029764118,83
2025-04-08,1504.TW,1504,東元,89,bullish,0.1031042501818961,10.310425018189616,bearish_cluster_5_rep_2,bearish,5,2020-03-13,2376.TW,1.0822371207375499,0.4802527003484549,False,0.4755248029764118,84
2018-10-25,1101.TW,1101,台泥,83,neutral,0.0029411715765002,0.2941171576500201,bearish_cluster_5_rep_2,bearish,5,2020-03-13,2376.TW,1.083466127012669,0.4799694062863539,False,0.4755248029764118,85
2018-10-25,2313.TW,2313,華通,60,neutral,0.0493150475907,4.9315047590700045,bearish_cluster_5_rep_2,bearish,5,2020-03-13,2376.TW,1.084785608950249,0.4796656287854603,False,0.4755248029764118,86
2021-03-05,2337.TW,2337,旺宏,67,neutral,0.0396530941592114,3.965309415921148,bearish_cluster_5_rep_2,bearish,5,2020-03-13,2376.TW,1.0851657656792186,0.4795781786079063,False,0.4755248029764118,87
2019-08-06,1519.TW,1519,華城,66,neutral,0.0086767821816091,0.8676782181609166,bearish_cluster_5_rep_2,bearish,5,2020-03-13,2376.TW,1.0858862951180301,0.47941251751856157,False,0.4755248029764118,88
2022-05-10,5871.TW,5871,中租-KY,78,bearish,-0.1067285938275318,-10.672859382753186,bearish_cluster_5_rep_2,bearish,5,2020-03-13,2376.TW,1.0874665379100747,0.4790495952098843,True,0.4755248029764118,89
2021-09-22,2002.TW,2002,中鋼,62,neutral,-0.0096418314456536,-0.964183144565367,bearish_cluster_5_rep_2,bearish,5,2020-03-13,2376.TW,1.0891988284661795,0.47865238405009386,False,0.4755248029764118,90
2022-04-25,3661.TW,3661,世芯-KY,56,neutral,0.0499390986601704,4.993909866017043,bearish_cluster_5_rep_2,bearish,5,2020-03-13,2376.TW,1.0898445218824588,0.4785044961618652,False,0.4755248029764118,91
2024-09-04,3481.TW,3481,群創,52,neutral,-0.0209059360808281,-2.0905936080828136,bearish_cluster_5_rep_2,bearish,5,2020-03-13,2376.TW,1.0909774414684108,0.47824523601638647,False,0.4755248029764118,92
2022-09-30,2492.TW,2492,華新科,100,neutral,0.0496643885670091,4.966438856700917,bearish_cluster_5_rep_2,bearish,5,2020-03-13,2376.TW,1.0915191017384824,0.47812138037314333,False,0.4755248029764118,93
2020-01-30,2492.TW,2492,華新科,100,bullish,0.1291866028708133,12.91866028708133,bearish_cluster_5_rep_2,bearish,5,2020-03-13,2376.TW,1.0936049064414715,0.4776450403432201,False,0.4755248029764118,94
2018-10-25,5871.TW,5871,中租-KY,78,bullish,0.0513740318496123,5.137403184961231,bearish_cluster_5_rep_2,bearish,5,2020-03-13,2376.TW,1.0945691591128295,0.477425152399149,False,0.4755248029764118,95
2020-03-13,6139.TW,6139,亞翔,85,bearish,-0.1040338994633303,-10.40338994633303,bearish_cluster_5_rep_3,bearish,5,2020-03-13,1519.TW,0.5349975655964886,0.6514668312268024,True,0.8542909355546086,1
2020-03-13,2376.TW,2376,技嘉,70,bearish,-0.1111111111111111,-11.111111111111116,bearish_cluster_5_rep_3,bearish,5,2020-03-13,1519.TW,0.6796684376629789,0.5953555937452505,True,0.8542909355546086,2
2020-03-13,3481.TW,3481,群創,52,bearish,-0.100478373919933,-10.047837391993308,bearish_cluster_5_rep_3,bearish,5,2020-03-13,1519.TW,0.7167224882298934,0.582505330276821,True,0.8542909355546086,3
2020-03-13,1605.TW,1605,華新,88,neutral,0.0357142145555664,3.571421455556645,bearish_cluster_5_rep_3,bearish,5,2020-03-13,1519.TW,0.7424854937535896,0.5738928694584663,False,0.8542909355546086,4
2024-09-11,6139.TW,6139,亞翔,85,bullish,0.0582278481012659,5.822784810126591,bearish_cluster_5_rep_3,bearish,5,2020-03-13,1519.TW,0.7444298724052987,0.5732531962555507,False,0.8542909355546086,5
2018-10-11,2376.TW,2376,技嘉,70,neutral,0.0,0.0,bearish_cluster_5_rep_3,bearish,5,2020-03-13,1519.TW,0.7652607063710309,0.5664885625057442,False,0.8542909355546086,6
2018-10-11,1605.TW,1605,華新,88,neutral,-0.0296736041734443,-2.967360417344433,bearish_cluster_5_rep_3,bearish,5,2020-03-13,1519.TW,0.8275280081990928,0.5471872362631713,False,0.8542909355546086,7
2020-03-13,1402.TW,1402,遠東新,94,bearish,-0.0732217584908737,-7.322175849087376,bearish_cluster_5_rep_3,bearish,5,2020-03-13,1519.TW,0.8341616137760856,0.5452082261940087,True,0.8542909355546086,8
2020-03-13,2313.TW,2313,華通,60,bearish,-0.1856473946093149,-18.56473946093149,bearish_cluster_5_rep_3,bearish,5,2020-03-13,1519.TW,0.8412100427253607,0.5431210871084534,True,0.8542909355546086,9
2018-04-25,2379.TW,2379,瑞昱,53,neutral,-0.0044052863436123,-0.4405286343612369,bearish_cluster_5_rep_3,bearish,5,2020-03-13,1519.TW,0.8572059716762612,0.5384432396033212,False,0.8542909355546086,10
2023-04-26,1590.TW,1590,亞德客-KY,64,neutral,0.0485436893203883,4.854368932038833,bearish_cluster_5_rep_3,bearish,5,2020-03-13,1519.TW,0.8650565054677455,0.5361767844932965,False,0.8542909355546086,11
2018-10-11,6239.TW,6239,力成,76,neutral,0.0014409001717932,0.1440900171793213,bearish_cluster_5_rep_3,bearish,5,2020-03-13,1519.TW,0.8683813307263187,0.5352226462310334,False,0.8542909355546086,12
2018-10-11,6531.TW,6531,愛普*,95,neutral,0.0466200449618521,4.6620044961852125,bearish_cluster_5_rep_3,bearish,5,2020-03-13,1519.TW,0.8787197358384502,0.5322773700217249,False,0.8542909355546086,13
2020-03-13,5876.TW,5876,上海商銀,75,bearish,-0.0995261237705003,-9.95261237705003,bearish_cluster_5_rep_3,bearish,5,2020-03-13,1519.TW,0.8936703485649192,0.528075016202176,True,0.8542909355546086,14
2023-03-13,6415.TW,6415,矽力*-KY,92,neutral,-0.0196078431372549,-1.9607843137254943,bearish_cluster_5_rep_3,bearish,5,2020-03-13,1519.TW,0.9060336684562807,0.5246497040159379,False,0.8542909355546086,15
2024-08-05,6789.TW,6789,采鈺,96,neutral,-0.0127737226277372,-1.2773722627737238,bearish_cluster_5_rep_3,bearish,5,2020-03-13,1519.TW,0.91846516717353,0.5212500164771288,False,0.8542909355546086,16
2020-03-13,1802.TW,1802,台玻,86,bearish,-0.1565113453633027,-15.651134536330268,bearish_cluster_5_rep_3,bearish,5,2020-03-13,1519.TW,0.924580474621216,0.5195937572819935,True,0.8542909355546086,17
2020-03-13,2618.TW,2618,長榮航,72,bearish,-0.2046511450479197,-20.46511450479197,bearish_cluster_5_rep_3,bearish,5,2020-03-13,1519.TW,0.9325925276625482,0.517439649427544,True,0.8542909355546086,18
2018-02-06,2376.TW,2376,技嘉,70,neutral,0.0247296163676109,2.472961636761095,bearish_cluster_5_rep_3,bearish,5,2020-03-13,1519.TW,0.9349871307121483,0.5167993027591673,False,0.8542909355546086,19
2024-08-05,2313.TW,2313,華通,60,neutral,0.0391566026260972,3.9156602626097214,bearish_cluster_5_rep_3,bearish,5,2020-03-13,1519.TW,0.9397282878086587,0.5155361223966659,False,0.8542909355546086,20
2018-02-09,2337.TW,2337,旺宏,67,bullish,0.1184210755357493,11.842107553574932,bearish_cluster_5_rep_3,bearish,5,2020-03-13,1519.TW,0.9413668905131451,0.5151009862621477,False,0.8542909355546086,21
2023-10-18,6213.TW,6213,聯茂,81,neutral,-0.0050633104541634,-0.5063310454163417,bearish_cluster_5_rep_3,bearish,5,2020-03-13,1519.TW,0.9478120554518419,0.5133965554844181,False,0.8542909355546086,22
2020-03-13,2409.TW,2409,友達,80,bearish,-0.0767230352250825,-7.67230352250825,bearish_cluster_5_rep_3,bearish,5,2020-03-13,1519.TW,0.9507509366371807,0.5126231038616641,True,0.8542909355546086,23
2020-03-17,5876.TW,5876,上海商銀,75,neutral,-0.0209150493523002,-2.0915049352300263,bearish_cluster_5_rep_3,bearish,5,2020-03-13,1519.TW,0.9613073122575505,0.5098640043558275,False,0.8542909355546086,24
2022-07-12,1590.TW,1590,亞德客-KY,64,neutral,0.0403225806451612,4.0322580645161255,bearish_cluster_5_rep_3,bearish,5,2020-03-13,1519.TW,0.9621841204995905,0.509636169996825,False,0.8542909355546086,25
2020-03-13,2337.TW,2337,旺宏,67,bearish,-0.1580756124112943,-15.80756124112943,bearish_cluster_5_rep_3,bearish,5,2020-03-13,1519.TW,0.9639272440620273,0.5091838320505607,True,0.8542909355546086,26
2022-04-25,3661.TW,3661,世芯-KY,56,neutral,0.0499390986601704,4.993909866017043,bearish_cluster_5_rep_3,bearish,5,2020-03-13,1519.TW,0.9670289519761947,0.5083809259621421,False,0.8542909355546086,27
2025-03-31,1605.TW,1605,華新,88,neutral,-0.0499999834143597,-4.999998341435974,bearish_cluster_5_rep_3,bearish,5,2020-03-13,1519.TW,0.9919463808951919,0.5020215451535369,False,0.8542909355546086,28
2020-03-13,2609.TW,2609,陽明,77,bearish,-0.126760530273158,-12.676053027315804,bearish_cluster_5_rep_3,bearish,5,2020-03-13,1519.TW,0.9938888535657507,0.5015324691803459,True,0.8542909355546086,29
2018-10-11,6213.TW,6213,聯茂,81,neutral,-0.0339180979234433,-3.391809792344336,bearish_cluster_5_rep_3,bearish,5,2020-03-13,1519.TW,0.9982279934903595,0.5004433944763593,False,0.8542909355546086,30
2025-04-08,1590.TW,1590,亞德客-KY,64,neutral,0.0,0.0,bearish_cluster_5_rep_3,bearish,5,2020-03-13,1519.TW,1.0035072232478763,0.49912472907330213,False,0.8542909355546086,31
2020-03-02,2337.TW,2337,旺宏,67,bullish,0.1041009197993012,10.410091979930126,bearish_cluster_5_rep_3,bearish,5,2020-03-13,1519.TW,1.003557355957019,0.4991122400498188,False,0.8542909355546086,32
2022-08-04,1590.TW,1590,亞德客-KY,64,bullish,0.0787716955941255,7.877169559412556,bearish_cluster_5_rep_3,bearish,5,2020-03-13,1519.TW,1.0051929221941887,0.49870513152706863,False,0.8542909355546086,33
2024-08-05,3036.TW,3036,文曄,68,bullish,0.1333333333333333,13.33333333333333,bearish_cluster_5_rep_3,bearish,5,2020-03-13,1519.TW,1.0064538903234068,0.49839171725935694,False,0.8542909355546086,34
2020-02-03,2313.TW,2313,華通,60,bullish,0.0562499999999999,5.624999999999991,bearish_cluster_5_rep_3,bearish,5,2020-03-13,1519.TW,1.0140636159747765,0.49650864653349847,False,0.8542909355546086,35
2018-10-25,2313.TW,2313,華通,60,neutral,0.0493150475907,4.9315047590700045,bearish_cluster_5_rep_3,bearish,5,2020-03-13,1519.TW,1.0204658340186765,0.49493536745979755,False,0.8542909355546086,36
2023-03-01,1605.TW,1605,華新,88,neutral,-0.0058823379815793,-0.5882337981579333,bearish_cluster_5_rep_3,bearish,5,2020-03-13,1519.TW,1.0223040716786762,0.49448548020274663,False,0.8542909355546086,37
2018-10-11,2313.TW,2313,華通,60,bullish,0.0956072529714964,9.56072529714964,bearish_cluster_5_rep_3,bearish,5,2020-03-13,1519.TW,1.0228947932138686,0.49434108158005224,False,0.8542909355546086,38
2025-03-31,6789.TW,6789,采鈺,96,bearish,-0.0617848970251716,-6.178489702517165,bearish_cluster_5_rep_3,bearish,5,2020-03-13,1519.TW,1.0250812811256431,0.49380733964621376,True,0.8542909355546086,39
2021-11-25,3661.TW,3661,世芯-KY,56,neutral,0.0344827586206897,3.4482758620689724,bearish_cluster_5_rep_3,bearish,5,2020-03-13,1519.TW,1.0255751221338263,0.493686948004455,False,0.8542909355546086,40
2020-03-13,3034.TW,3034,聯詠,58,bearish,-0.0560224089635854,-5.602240896358546,bearish_cluster_5_rep_3,bearish,5,2020-03-13,1519.TW,1.0268600753616477,0.4933739690055183,True,0.8542909355546086,41
2018-10-25,3532.TW,3532,台勝科,98,neutral,0.012631546823602,1.2631546823602011,bearish_cluster_5_rep_3,bearish,5,2020-03-13,1519.TW,1.0294917832914536,0.49273419495110654,False,0.8542909355546086,42
2020-03-13,3533.TW,3533,嘉澤,82,bearish,-0.0678642859293459,-6.78642859293459,bearish_cluster_5_rep_3,bearish,5,2020-03-13,1519.TW,1.0366457909257736,0.49100339610131316,True,0.8542909355546086,43
2020-03-13,1590.TW,1590,亞德客-KY,64,bearish,-0.0965346782458881,-9.653467824588812,bearish_cluster_5_rep_3,bearish,5,2020-03-13,1519.TW,1.0382683251658176,0.49061253989640835,True,0.8542909355546086,44
2018-09-10,3532.TW,3532,台勝科,98,bearish,-0.0904017702239201,-9.040177022392015,bearish_cluster_5_rep_3,bearish,5,2020-03-13,1519.TW,1.0423231539850641,0.4896384776565644,True,0.8542909355546086,45
2025-04-07,3034.TW,3034,聯詠,58,bullish,0.0543933054393306,5.439330543933063,bearish_cluster_5_rep_3,bearish,5,2020-03-13,1519.TW,1.0423583840189754,0.48963003154822854,False,0.8542909355546086,46
2025-11-18,3036.TW,3036,文曄,68,neutral,-0.0113636363636363,-1.1363636363636354,bearish_cluster_5_rep_3,bearish,5,2020-03-13,1519.TW,1.0487934346644827,0.48809215369423675,False,0.8542909355546086,47
2021-05-12,2376.TW,2376,技嘉,70,neutral,0.0240384615384614,2.4038461538461453,bearish_cluster_5_rep_3,bearish,5,2020-03-13,1519.TW,1.0570950449449992,0.48612240958790365,False,0.8542909355546086,48
2024-10-04,2609.TW,2609,陽明,77,neutral,-0.024960975229462,-2.4960975229462057,bearish_cluster_5_rep_3,bearish,5,2020-03-13,1519.TW,1.05825626561732,0.4858481505460527,False,0.8542909355546086,49
2022-04-27,6531.TW,6531,愛普*,95,bullish,0.0929752066115703,9.297520661157034,bearish_cluster_5_rep_3,bearish,5,2020-03-13,1519.TW,1.0681462572101197,0.4835247973946371,False,0.8542909355546086,50
2018-10-12,2609.TW,2609,陽明,77,neutral,0.0242261519965647,2.422615199656475,bearish_cluster_5_rep_3,bearish,5,2020-03-13,1519.TW,1.0742009056471282,0.48211337545820365,False,0.8542909355546086,51
2021-05-17,2313.TW,2313,華通,60,bullish,0.066165436479382,6.6165436479382,bearish_cluster_5_rep_3,bearish,5,2020-03-13,1519.TW,1.0752460210909867,0.4818705781564567,False,0.8542909355546086,52
2022-09-26,6415.TW,6415,矽力*-KY,92,neutral,-0.0327102803738317,-3.2710280373831724,bearish_cluster_5_rep_3,bearish,5,2020-03-13,1519.TW,1.0777048644987697,0.4813003122275705,False,0.8542909355546086,53
2020-01-30,3533.TW,3533,嘉澤,82,neutral,0.0157233428926126,1.572334289261268,bearish_cluster_5_rep_3,bearish,5,2020-03-13,1519.TW,1.077921449041519,0.48125014564976415,False,0.8542909355546086,54
2025-03-31,1519.TW,1519,華城,66,bearish,-0.1179088214432939,-11.790882144329396,bearish_cluster_5_rep_3,bearish,5,2020-03-13,1519.TW,1.0815665223924287,0.48040741876010745,True,0.8542909355546086,55
2022-10-11,2379.TW,2379,瑞昱,53,neutral,-0.0040485829959514,-0.4048582995951455,bearish_cluster_5_rep_3,bearish,5,2020-03-13,1519.TW,1.0819768308075373,0.48031274181477296,False,0.8542909355546086,56
2020-03-13,2207.TW,2207,和泰車,63,bearish,-0.2366803236207599,-23.668032362076,bearish_cluster_5_rep_3,bearish,5,2020-03-13,1519.TW,1.0819898253717422,0.4803097439832342,True,0.8542909355546086,57
2025-04-08,5871.TW,5871,中租-KY,78,neutral,0.0334928149709172,3.3492814970917277,bearish_cluster_5_rep_3,bearish,5,2020-03-13,1519.TW,1.0834118239033024,0.4799819164539853,False,0.8542909355546086,58
2024-08-05,2449.TW,2449,京元電子,57,bullish,0.1045890537912845,10.458905379128458,bearish_cluster_5_rep_3,bearish,5,2020-03-13,1519.TW,1.0862123631733862,0.4793375869362008,False,0.8542909355546086,59
2018-03-23,3532.TW,3532,台勝科,98,neutral,-0.0120481927710843,-1.2048192771084376,bearish_cluster_5_rep_3,bearish,5,2020-03-13,1519.TW,1.0946883971853594,0.47739797544288864,False,0.8542909355546086,60
2025-04-08,2356.TW,2356,英業達,71,bullish,0.0899182334729804,8.991823347298045,bearish_cluster_5_rep_3,bearish,5,2020-03-13,1519.TW,1.0953032438988135,0.4772578875691809,False,0.8542909355546086,61
2025-04-08,3702.TW,3702,大聯大,90,bullish,0.0623885934972805,6.238859349728054,bearish_cluster_5_rep_3,bearish,5,2020-03-13,1519.TW,1.0979326445509947,0.4766597262296868,False,0.8542909355546086,62
2020-05-18,2449.TW,2449,京元電子,57,neutral,0.0093749642092735,0.9374964209273527,bearish_cluster_5_rep_3,bearish,5,2020-03-13,1519.TW,1.0981732694323647,0.4766050614449673,False,0.8542909355546086,63
2020-01-30,2492.TW,2492,華新科,100,bullish,0.1291866028708133,12.91866028708133,bearish_cluster_5_rep_3,bearish,5,2020-03-13,1519.TW,1.0996291034471464,0.47627459457397114,False,0.8542909355546086,64
2020-03-17,2618.TW,2618,長榮航,72,bearish,-0.1629629622154228,-16.296296221542285,bearish_cluster_5_rep_3,bearish,5,2020-03-13,1519.TW,1.1007900945297802,0.47601138381406444,True,0.8542909355546086,65
2025-03-31,6531.TW,6531,愛普*,95,bearish,-0.0556660039761431,-5.566600397614319,bearish_cluster_5_rep_3,bearish,5,2020-03-13,1519.TW,1.1054414463148388,0.4749597770815728,True,0.8542909355546086,66
2025-04-08,4938.TW,4938,和碩,69,bullish,0.0568335163940612,5.68335163940612,bearish_cluster_5_rep_3,bearish,5,2020-03-13,1519.TW,1.1100014051150924,0.4739333336820475,False,0.8542909355546086,67
2018-10-25,2337.TW,2337,旺宏,67,bearish,-0.0791788556131426,-7.917885561314264,bearish_cluster_5_rep_3,bearish,5,2020-03-13,1519.TW,1.1101842420021013,0.47389226973433357,True,0.8542909355546086,68
2022-08-29,6415.TW,6415,矽力*-KY,92,neutral,-0.0407407407407407,-4.074074074074074,bearish_cluster_5_rep_3,bearish,5,2020-03-13,1519.TW,1.113831586854391,0.47307458466362856,False,0.8542909355546086,69
2020-03-13,2492.TW,2492,華新科,100,bearish,-0.1398809523809523,-13.988095238095234,bearish_cluster_5_rep_3,bearish,5,2020-03-13,1519.TW,1.1162784342154153,0.4725276144349777,True,0.8542909355546086,70
2020-03-19,2801.TW,2801,彰銀,61,neutral,0.0294118244900711,2.941182449007118,bearish_cluster_5_rep_3,bearish,5,2020-03-13,1519.TW,1.1167129324276504,0.472430618569096,False,0.8542909355546086,71
2020-03-17,3044.TW,3044,健鼎,65,neutral,-0.0276497861923785,-2.7649786192378567,bearish_cluster_5_rep_3,bearish,5,2020-03-13,1519.TW,1.1179193234951446,0.4721615166859743,False,0.8542909355546086,72
2018-02-09,2609.TW,2609,陽明,77,neutral,0.0357142266309653,3.571422663096535,bearish_cluster_5_rep_3,bearish,5,2020-03-13,1519.TW,1.1179647062836433,0.47215139942283696,False,0.8542909355546086,73
2018-10-11,1519.TW,1519,華城,66,neutral,-0.0154639698022583,-1.5463969802258393,bearish_cluster_5_rep_3,bearish,5,2020-03-13,1519.TW,1.120631528590192,0.47155764050382,False,0.8542909355546086,74
2021-11-23,6415.TW,6415,矽力*-KY,92,bearish,-0.055260361317747,-5.526036131774703,bearish_cluster_5_rep_3,bearish,5,2020-03-13,1519.TW,1.1220526580432677,0.47124184039904743,True,0.8542909355546086,75
2020-03-13,2834.TW,2834,臺企銀,87,bearish,-0.0796116992407168,-7.961169924071687,bearish_cluster_5_rep_3,bearish,5,2020-03-13,1519.TW,1.1223687768274537,0.4711716507132252,True,0.8542909355546086,76
2018-02-09,2492.TW,2492,華新科,100,neutral,0.0178147274865347,1.7814727486534787,bearish_cluster_5_rep_3,bearish,5,2020-03-13,1519.TW,1.1249658016850044,0.47059580874527207,False,0.8542909355546086,77
2022-04-27,3481.TW,3481,群創,52,bullish,0.0839694555581014,8.396945555810142,bearish_cluster_5_rep_3,bearish,5,2020-03-13,1519.TW,1.1307788222452035,0.4693119668545884,False,0.8542909355546086,78
2025-02-03,2376.TW,2376,技嘉,70,bullish,0.0550847457627119,5.508474576271194,bearish_cluster_5_rep_3,bearish,5,2020-03-13,1519.TW,1.1349097490252436,0.46840387536596323,False,0.8542909355546086,79
2020-03-13,3044.TW,3044,健鼎,65,bearish,-0.0980392141424564,-9.803921414245645,bearish_cluster_5_rep_3,bearish,5,2020-03-13,1519.TW,1.1362128214954634,0.4681181528064917,True,0.8542909355546086,80
2025-04-08,2379.TW,2379,瑞昱,53,bullish,0.1342952275249722,13.429522752497224,bearish_cluster_5_rep_3,bearish,5,2020-03-13,1519.TW,1.1370883191261711,0.4679263795746577,False,0.8542909355546086,81
2024-09-04,6805.TW,6805,富世達,93,bullish,0.060734463276836,6.073446327683607,bearish_cluster_5_rep_3,bearish,5,2020-03-13,1519.TW,1.1374642952401697,0.4678440721685309,False,0.8542909355546086,82
2024-07-08,2615.TW,2615,萬海,59,neutral,-0.0089743198492587,-0.8974319849258783,bearish_cluster_5_rep_3,bearish,5,2020-03-13,1519.TW,1.1381385982783534,0.46769652856237104,False,0.8542909355546086,83
2024-09-04,1519.TW,1519,華城,66,bearish,-0.0800000246175131,-8.00000246175131,bearish_cluster_5_rep_3,bearish,5,2020-03-13,1519.TW,1.1409708375448018,0.4670778239776347,True,0.8542909355546086,84
2018-10-11,3481.TW,3481,群創,52,neutral,0.0252470095076553,2.524700950765535,bearish_cluster_5_rep_3,bearish,5,2020-03-13,1519.TW,1.1467155436379175,0.46582790298585935,False,0.8542909355546086,85
2022-07-01,5871.TW,5871,中租-KY,78,neutral,0.0079365364185504,0.7936536418550411,bearish_cluster_5_rep_3,bearish,5,2020-03-13,1519.TW,1.1486978504484833,0.46539814790212436,False,0.8542909355546086,86
2020-03-13,2379.TW,2379,瑞昱,53,bearish,-0.1066997518610421,-10.66997518610422,bearish_cluster_5_rep_3,bearish,5,2020-03-13,1519.TW,1.1516949691840515,0.46474988988760435,True,0.8542909355546086,87
2020-03-17,5871.TW,5871,中租-KY,78,neutral,-0.0217639474515587,-2.176394745155874,bearish_cluster_5_rep_3,bearish,5,2020-03-13,1519.TW,1.1524528913214314,0.4645862420645505,False,0.8542909355546086,88
2025-03-31,6213.TW,6213,聯茂,81,bearish,-0.0556438778234369,-5.564387782343694,bearish_cluster_5_rep_3,bearish,5,2020-03-13,1519.TW,1.1528770970267181,0.4644946993867293,True,0.8542909355546086,89
2025-03-31,6770.TW,6770,力積電,55,bearish,-0.0592105019620907,-5.921050196209077,bearish_cluster_5_rep_3,bearish,5,2020-03-13,1519.TW,1.1590251353064598,0.46317200464553937,True,0.8542909355546086,90
2025-02-03,2449.TW,2449,京元電子,57,neutral,0.0390243971062727,3.90243971062727,bearish_cluster_5_rep_3,bearish,5,2020-03-13,1519.TW,1.1602073466943927,0.46291852563608155,False,0.8542909355546086,91
2021-03-05,2337.TW,2337,旺宏,67,neutral,0.0396530941592114,3.965309415921148,bearish_cluster_5_rep_3,bearish,5,2020-03-13,1519.TW,1.1606094851680173,0.4628323659896532,False,0.8542909355546086,92
2020-03-13,4938.TW,4938,和碩,69,bearish,-0.090415914448135,-9.041591444813502,bearish_cluster_5_rep_3,bearish,5,2020-03-13,1519.TW,1.1649668921107892,0.46190082797295096,True,0.8542909355546086,93
2020-03-02,2409.TW,2409,友達,80,neutral,0.0332261347558731,3.3226134755873105,bearish_cluster_5_rep_3,bearish,5,2020-03-13,1519.TW,1.1652349071369719,0.461843653408614,False,0.8542909355546086,94
2018-10-11,3533.TW,3533,嘉澤,82,bullish,0.0805369944339193,8.053699443391938,bearish_cluster_5_rep_3,bearish,5,2020-03-13,1519.TW,1.1678420920968442,0.4612882108183214,False,0.8542909355546086,95
2022-09-30,1402.TW,1402,遠東新,94,neutral,-0.018547094356158,-1.854709435615809,bearish_cluster_6_rep_1,bearish,6,2022-09-21,4938.TW,0.1984779469303195,0.8343916569856924,False,0.0,1
2024-10-22,6770.TW,6770,力積電,55,neutral,-0.0374064852139094,-3.740648521390944,bearish_cluster_6_rep_1,bearish,6,2022-09-21,4938.TW,0.21487549559955543,0.8231296158512839,False,0.0,2
2024-08-30,1402.TW,1402,遠東新,94,neutral,-0.0344827586206896,-3.4482758620689613,bearish_cluster_6_rep_1,bearish,6,2022-09-21,4938.TW,0.22933089509116292,0.8134506372475439,False,0.0,3
2021-03-04,5876.TW,5876,上海商銀,75,neutral,0.0201765617722087,2.0176561772208723,bearish_cluster_6_rep_1,bearish,6,2022-09-21,4938.TW,0.23977215280819578,0.8065998237941624,False,0.0,4
2018-04-20,3034.TW,3034,聯詠,58,neutral,-0.0118110236220472,-1.1811023622047223,bearish_cluster_6_rep_1,bearish,6,2022-09-21,4938.TW,0.24948229245361242,0.8003314701133514,False,0.0,5
2022-12-12,6239.TW,6239,力成,76,neutral,0.0133171730561922,1.3317173056192289,bearish_cluster_6_rep_1,bearish,6,2022-09-21,4938.TW,0.24994540627560458,0.8000349415096828,False,0.0,6
2018-09-10,1326.TW,1326,台化,51,neutral,0.0168776371308017,1.6877637130801704,bearish_cluster_6_rep_1,bearish,6,2022-09-21,4938.TW,0.25104744870358064,0.799330194099566,False,0.0,7
2021-04-27,2347.TW,2347,聯強,99,neutral,0.0072201750932225,0.7220175093222592,bearish_cluster_6_rep_1,bearish,6,2022-09-21,4938.TW,0.25379003376211184,0.797581710710691,False,0.0,8
2022-04-28,4938.TW,4938,和碩,69,neutral,0.0158501217569988,1.5850121756998847,bearish_cluster_6_rep_1,bearish,6,2022-09-21,4938.TW,0.2539489520944148,0.7974806297574912,False,0.0,9
2022-05-12,2801.TW,2801,彰銀,61,neutral,-0.0028168686917611,-0.2816868691761121,bearish_cluster_6_rep_1,bearish,6,2022-09-21,4938.TW,0.25493437379057526,0.7968544179561066,False,0.0,10
2018-09-11,1326.TW,1326,台化,51,neutral,0.0253164556962024,2.5316455696202445,bearish_cluster_6_rep_1,bearish,6,2022-09-21,4938.TW,0.25681544227567443,0.795661770505726,False,0.0,11
2018-11-27,1605.TW,1605,華新,88,bullish,0.0917159036343231,9.171590363432314,bearish_cluster_6_rep_1,bearish,6,2022-09-21,4938.TW,0.25923481011342914,0.7941330655478958,False,0.0,12
2018-10-26,2618.TW,2618,長榮航,72,neutral,0.0253622631541374,2.536226315413748,bearish_cluster_6_rep_1,bearish,6,2022-09-21,4938.TW,0.25944930989099413,0.7939978148755747,False,0.0,13
2021-06-11,2404.TW,2404,漢唐,79,bearish,-0.1101694915254237,-11.016949152542376,bearish_cluster_6_rep_1,bearish,6,2022-09-21,4938.TW,0.2645819849997579,0.79077514298149,True,0.0,14
2025-05-22,5876.TW,5876,上海商銀,75,neutral,0.0149572688272785,1.4957268827278547,bearish_cluster_6_rep_1,bearish,6,2022-09-21,4938.TW,0.2654110741933642,0.7902570321959997,False,0.0,15
2021-06-30,6139.TW,6139,亞翔,85,neutral,0.0255536887753509,2.555368877535092,bearish_cluster_6_rep_1,bearish,6,2022-09-21,4938.TW,0.2664727895704793,0.7895945402341784,False,0.0,16
2019-04-18,2618.TW,2618,長榮航,72,neutral,-0.0097719611276481,-0.977196112764811,bearish_cluster_6_rep_1,bearish,6,2022-09-21,4938.TW,0.2676968099657393,0.7888321498789809,False,0.0,17
2023-11-29,1802.TW,1802,台玻,86,neutral,0.0132275134944919,1.3227513494491916,bearish_cluster_6_rep_1,bearish,6,2022-09-21,4938.TW,0.26874844912559853,0.788178303342309,False,0.0,18
2019-08-16,2834.TW,2834,臺企銀,87,neutral,-0.0159999937708156,-1.5999993770815624,bearish_cluster_6_rep_1,bearish,6,2022-09-21,4938.TW,0.26897118466747194,0.7880399587340081,False,0.0,19
2020-06-29,2801.TW,2801,彰銀,61,neutral,0.0129870331913586,1.2987033191358632,bearish_cluster_6_rep_1,bearish,6,2022-09-21,4938.TW,0.2708492805063505,0.7868753717211574,False,0.0,20
2024-10-28,2492.TW,2492,華新科,100,neutral,-0.0285714285714285,-2.857142857142858,bearish_cluster_6_rep_1,bearish,6,2022-09-21,4938.TW,0.27250289330519256,0.7858528300887435,False,0.0,21
2019-12-26,1802.TW,1802,台玻,86,neutral,-0.0043668289578839,-0.4366828957883983,bearish_cluster_6_rep_1,bearish,6,2022-09-21,4938.TW,0.2728270513878558,0.7856526924923755,False,0.0,22
2018-04-09,3481.TW,3481,群創,52,neutral,-0.0233462707294155,-2.334627072941553,bearish_cluster_6_rep_1,bearish,6,2022-09-21,4938.TW,0.2737901686452152,0.7850586577093663,False,0.0,23
2024-10-23,2379.TW,2379,瑞昱,53,neutral,0.0200633579725448,2.006335797254488,bearish_cluster_6_rep_1,bearish,6,2022-09-21,4938.TW,0.27411025914136045,0.7848614300256189,False,0.0,24
2025-12-18,1101.TW,1101,台泥,83,neutral,0.020270218023688,2.0270218023688003,bearish_cluster_6_rep_1,bearish,6,2022-09-21,4938.TW,0.2744475669813977,0.7846537008725729,False,0.0,25
2023-07-05,2379.TW,2379,瑞昱,53,neutral,-0.0219354838709677,-2.1935483870967776,bearish_cluster_6_rep_1,bearish,6,2022-09-21,4938.TW,0.27487146170448506,0.7843928035403775,False,0.0,26
2023-01-16,2356.TW,2356,英業達,71,neutral,-0.0288461538461538,-2.884615384615385,bearish_cluster_6_rep_1,bearish,6,2022-09-21,4938.TW,0.2748807437780493,0.7843870925813397,False,0.0,27
2025-10-30,2376.TW,2376,技嘉,70,bearish,-0.0515097690941385,-5.150976909413851,bearish_cluster_6_rep_1,bearish,6,2022-09-21,4938.TW,0.2756367402307523,0.7839222315116984,True,0.0,28
2020-05-25,1326.TW,1326,台化,51,neutral,0.0013907993323909,0.1390799332390946,bearish_cluster_6_rep_1,bearish,6,2022-09-21,4938.TW,0.2765684082341045,0.7833501076399928,False,0.0,29
2018-02-08,2801.TW,2801,彰銀,61,neutral,0.0030030949005728,0.3003094900572822,bearish_cluster_6_rep_1,bearish,6,2022-09-21,4938.TW,0.27807624039856915,0.7824259370381138,False,0.0,30
2025-03-14,3034.TW,3034,聯詠,58,neutral,0.0018552875695732,0.1855287569573205,bearish_cluster_6_rep_1,bearish,6,2022-09-21,4938.TW,0.2798148269321503,0.781363037023961,False,0.0,31
2022-08-23,5876.TW,5876,上海商銀,75,neutral,-0.0039526301438859,-0.3952630143885915,bearish_cluster_6_rep_1,bearish,6,2022-09-21,4938.TW,0.2799562972132149,0.7812766749749583,False,0.0,32
2020-07-23,4938.TW,4938,和碩,69,neutral,-0.025723509151011,-2.572350915101107,bearish_cluster_6_rep_1,bearish,6,2022-09-21,4938.TW,0.2799828003566499,0.7812604979702568,False,0.0,33
2021-10-01,1402.TW,1402,遠東新,94,neutral,0.0034305448637519,0.3430544863751938,bearish_cluster_6_rep_1,bearish,6,2022-09-21,4938.TW,0.28126586547557375,0.7804781403653683,False,0.0,34
2018-08-21,3481.TW,3481,群創,52,neutral,-0.0044444381733607,-0.4444438173360709,bearish_cluster_6_rep_1,bearish,6,2022-09-21,4938.TW,0.28152441089154184,0.7803206802001622,False,0.0,35
2023-04-13,2615.TW,2615,萬海,59,neutral,0.0072992700729928,0.7299270072992803,bearish_cluster_6_rep_1,bearish,6,2022-09-21,4938.TW,0.28188760699153276,0.7800995926209974,False,0.0,36
2025-05-28,1402.TW,1402,遠東新,94,neutral,0.0,0.0,bearish_cluster_6_rep_1,bearish,6,2022-09-21,4938.TW,0.28340100301628934,0.7791796933692342,False,0.0,37
2018-10-01,2347.TW,2347,聯強,99,neutral,-0.0428571824903614,-4.285718249036141,bearish_cluster_6_rep_1,bearish,6,2022-09-21,4938.TW,0.2835108497512233,0.7791130088178259,False,0.0,38
2023-09-20,3481.TW,3481,群創,52,neutral,-0.0036629926277186,-0.3662992627718631,bearish_cluster_6_rep_1,bearish,6,2022-09-21,4938.TW,0.28373785627911413,0.7789752363449637,False,0.0,39
2023-11-08,2609.TW,2609,陽明,77,neutral,-0.0107398746193724,-1.0739874619372425,bearish_cluster_6_rep_1,bearish,6,2022-09-21,4938.TW,0.28375958427763637,0.7789620519660571,False,0.0,40
2024-01-03,2449.TW,2449,京元電子,57,neutral,-0.0227544996351939,-2.2754499635193937,bearish_cluster_6_rep_1,bearish,6,2022-09-21,4938.TW,0.2845985957383044,0.7784532875230683,False,0.0,41
2025-05-21,1101.TW,1101,台泥,83,neutral,-0.0148514477531873,-1.4851447753187363,bearish_cluster_6_rep_1,bearish,6,2022-09-21,4938.TW,0.2848172612517057,0.7783208010653371,False,0.0,42
2018-11-14,2324.TW,2324,仁寶,84,neutral,0.0201729322060151,2.0172932206015126,bearish_cluster_6_rep_1,bearish,6,2022-09-21,4938.TW,0.28488561687611935,0.778279394574633,False,0.0,43
2024-07-08,1504.TW,1504,東元,89,neutral,-0.0247148151097406,-2.4714815109740607,bearish_cluster_6_rep_1,bearish,6,2022-09-21,4938.TW,0.28491964115826685,0.7782587859724587,False,0.0,44
2021-01-04,6239.TW,6239,力成,76,neutral,0.0147991707025438,1.4799170702543885,bearish_cluster_6_rep_1,bearish,6,2022-09-21,4938.TW,0.28515666863481637,0.7781152480516405,False,0.0,45
2020-01-03,2409.TW,2409,友達,80,neutral,0.0298507462686568,2.9850746268656803,bearish_cluster_6_rep_1,bearish,6,2022-09-21,4938.TW,0.28519819504441934,0.7780901061454087,False,0.0,46
2025-08-18,2615.TW,2615,萬海,59,neutral,-0.0305430376813545,-3.054303768135458,bearish_cluster_6_rep_1,bearish,6,2022-09-21,4938.TW,0.2854841921142575,0.7779169951170564,False,0.0,47
2024-01-22,5871.TW,5871,中租-KY,78,neutral,-0.0027777444891353,-0.277774448913537,bearish_cluster_6_rep_1,bearish,6,2022-09-21,4938.TW,0.2857646364552315,0.7777473198803586,False,0.0,48
2022-07-18,2347.TW,2347,聯強,99,neutral,0.02835538670573,2.835538670573001,bearish_cluster_6_rep_1,bearish,6,2022-09-21,4938.TW,0.2859155089227052,0.7776560692061057,False,0.0,49
2024-02-01,5871.TW,5871,中租-KY,78,neutral,-0.0285713650201034,-2.857136502010349,bearish_cluster_6_rep_1,bearish,6,2022-09-21,4938.TW,0.2865515692270636,0.7772716025683927,False,0.0,50
2024-12-31,2376.TW,2376,技嘉,70,neutral,0.0495412844036697,4.954128440366978,bearish_cluster_6_rep_1,bearish,6,2022-09-21,4938.TW,0.2869052543548858,0.7770579820200448,False,0.0,51
2023-03-01,6770.TW,6770,力積電,55,bullish,0.0558913103958227,5.5891310395822735,bearish_cluster_6_rep_1,bearish,6,2022-09-21,4938.TW,0.28743172833969505,0.7767402169663984,False,0.0,52
2021-08-16,2347.TW,2347,聯強,99,neutral,-0.0342205188075457,-3.422051880754573,bearish_cluster_6_rep_1,bearish,6,2022-09-21,4938.TW,0.28750578029771706,0.7766955421114805,False,0.0,53
2023-12-28,6919.TW,6919,康霈*,97,neutral,-0.0142671659648646,-1.426716596486466,bearish_cluster_6_rep_1,bearish,6,2022-09-21,4938.TW,0.28821517115534095,0.776267833504201,False,0.0,54
2019-01-16,1101.TW,1101,台泥,83,neutral,0.0182584298493282,1.825842984932824,bearish_cluster_6_rep_1,bearish,6,2022-09-21,4938.TW,0.28835280326528606,0.7761849063901862,False,0.0,55
2024-10-01,4904.TW,4904,遠傳,54,neutral,-0.0296702961345295,-2.967029613452954,bearish_cluster_6_rep_1,bearish,6,2022-09-21,4938.TW,0.28851119087347377,0.7760894954448213,False,0.0,56
2021-05-19,4904.TW,4904,遠傳,54,neutral,0.0031249523162841,0.3124952316284179,bearish_cluster_6_rep_1,bearish,6,2022-09-21,4938.TW,0.28887779048818774,0.7758687498379737,False,0.0,57
2023-10-04,5871.TW,5871,中租-KY,78,neutral,0.036723181184548,3.672318118454809,bearish_cluster_6_rep_1,bearish,6,2022-09-21,4938.TW,0.2897850416026219,0.7753229939443632,False,0.0,58
2021-02-25,2404.TW,2404,漢唐,79,neutral,-0.0146443514644351,-1.46443514644351,bearish_cluster_6_rep_1,bearish,6,2022-09-21,4938.TW,0.29026691216640477,0.775033437322642,False,0.0,59
2024-10-25,3034.TW,3034,聯詠,58,neutral,-0.0214007782101167,-2.1400778210116767,bearish_cluster_6_rep_1,bearish,6,2022-09-21,4938.TW,0.2909428253853671,0.7746276444903624,False,0.0,60
2023-03-28,1802.TW,1802,台玻,86,neutral,0.0073529226144699,0.7352922614469959,bearish_cluster_6_rep_1,bearish,6,2022-09-21,4938.TW,0.29195078399607804,0.774023292827721,False,0.0,61
2023-04-14,2449.TW,2449,京元電子,57,neutral,-0.0294426645331317,-2.9442664533131717,bearish_cluster_6_rep_1,bearish,6,2022-09-21,4938.TW,0.2928240739650912,0.7735004476927787,False,0.0,62
2023-05-02,5871.TW,5871,中租-KY,78,neutral,-0.019999998529493,-1.999999852949308,bearish_cluster_6_rep_1,bearish,6,2022-09-21,4938.TW,0.29283703064466926,0.7734926957509509,False,0.0,63
2021-07-28,2207.TW,2207,和泰車,63,neutral,0.025423709140637,2.5423709140637074,bearish_cluster_6_rep_1,bearish,6,2022-09-21,4938.TW,0.2930236879878098,0.7733810364728814,False,0.0,64
2019-03-21,1802.TW,1802,台玻,86,neutral,-0.0036900509248001,-0.3690050924800125,bearish_cluster_6_rep_1,bearish,6,2022-09-21,4938.TW,0.2937902966552936,0.7729227855435303,False,0.0,65
2023-06-19,3034.TW,3034,聯詠,58,neutral,-0.0109890109890109,-1.098901098901095,bearish_cluster_6_rep_1,bearish,6,2022-09-21,4938.TW,0.29407245968108336,0.7727542553887935,False,0.0,66
2021-10-05,2347.TW,2347,聯強,99,neutral,0.0275590855689924,2.7559085568992447,bearish_cluster_6_rep_1,bearish,6,2022-09-21,4938.TW,0.2940801539548988,0.7727496607871261,False,0.0,67
2025-09-01,2002.TW,2002,中鋼,62,neutral,-0.0050125502579174,-0.501255025791747,bearish_cluster_6_rep_1,bearish,6,2022-09-21,4938.TW,0.2941673841971768,0.7726975754533789,False,0.0,68
2025-10-30,3034.TW,3034,聯詠,58,neutral,-0.0136986301369863,-1.3698630136986356,bearish_cluster_6_rep_1,bearish,6,2022-09-21,4938.TW,0.29418413718460656,0.7726875730183338,False,0.0,69
2018-03-26,1590.TW,1590,亞德客-KY,64,bullish,0.085774078846657,8.5774078846657,bearish_cluster_6_rep_1,bearish,6,2022-09-21,4938.TW,0.2943249073845552,0.7726035358623377,False,0.0,70
2023-02-02,1326.TW,1326,台化,51,neutral,-0.009722179836697,-0.9722179836697098,bearish_cluster_6_rep_1,bearish,6,2022-09-21,4938.TW,0.2944257905699921,0.7725433217455103,False,0.0,71
2025-07-21,2615.TW,2615,萬海,59,neutral,0.0054764510765301,0.5476451076530164,bearish_cluster_6_rep_1,bearish,6,2022-09-21,4938.TW,0.294507124002971,0.7724947831169331,False,0.0,72
2020-08-03,5871.TW,5871,中租-KY,78,neutral,0.0371900605327397,3.7190060532739766,bearish_cluster_6_rep_1,bearish,6,2022-09-21,4938.TW,0.2951266728333456,0.7721252453339581,False,0.0,73
2022-10-17,2324.TW,2324,仁寶,84,neutral,-0.0094118006089154,-0.9411800608915444,bearish_cluster_6_rep_1,bearish,6,2022-09-21,4938.TW,0.2955704113018292,0.7718607890984244,False,0.0,74
2024-09-02,5876.TW,5876,上海商銀,75,neutral,-0.0437499157190274,-4.374991571902742,bearish_cluster_6_rep_1,bearish,6,2022-09-21,4938.TW,0.2956396649796462,0.7718195321040202,False,0.0,75
2019-06-14,2409.TW,2409,友達,80,neutral,0.0,0.0,bearish_cluster_6_rep_1,bearish,6,2022-09-21,4938.TW,0.2959149852847916,0.7716555571585114,False,0.0,76
2024-09-24,5876.TW,5876,上海商銀,75,neutral,0.0077121265650446,0.7712126565044608,bearish_cluster_6_rep_1,bearish,6,2022-09-21,4938.TW,0.2962748551963266,0.7714413312819722,False,0.0,77
2020-11-06,2912.TW,2912,統一超,74,neutral,0.0425531914893617,4.255319148936176,bearish_cluster_6_rep_1,bearish,6,2022-09-21,4938.TW,0.29628909645136203,0.7714328560947831,False,0.0,78
2018-09-12,1326.TW,1326,台化,51,neutral,0.0254237288135592,2.542372881355925,bearish_cluster_6_rep_1,bearish,6,2022-09-21,4938.TW,0.29682339403110936,0.7711150219858011,False,0.0,79
2021-07-14,2207.TW,2207,和泰車,63,neutral,-0.0279605605034287,-2.7960560503428766,bearish_cluster_6_rep_1,bearish,6,2022-09-21,4938.TW,0.2968891648167311,0.7710759154513518,False,0.0,80
2018-11-20,2324.TW,2324,仁寶,84,neutral,0.0,0.0,bearish_cluster_6_rep_1,bearish,6,2022-09-21,4938.TW,0.29725115973527655,0.7708607485107702,False,0.0,81
2021-06-24,1326.TW,1326,台化,51,neutral,0.0023696320453365,0.2369632045336578,bearish_cluster_6_rep_1,bearish,6,2022-09-21,4938.TW,0.297431902850999,0.770753361161062,False,0.0,82
2024-10-28,2409.TW,2409,友達,80,neutral,-0.0438596481443784,-4.385964814437848,bearish_cluster_6_rep_1,bearish,6,2022-09-21,4938.TW,0.29753700173928327,0.7706909310944892,False,0.0,83
2024-01-18,2379.TW,2379,瑞昱,53,neutral,0.0159090909090908,1.5909090909090873,bearish_cluster_6_rep_1,bearish,6,2022-09-21,4938.TW,0.29758196783235996,0.7706642237565329,False,0.0,84
2021-09-08,2324.TW,2324,仁寶,84,neutral,0.0043859817901741,0.4385981790174131,bearish_cluster_6_rep_1,bearish,6,2022-09-21,4938.TW,0.29764734873976934,0.7706253944657351,False,0.0,85
2023-07-19,6770.TW,6770,力積電,55,neutral,-0.0166112954705413,-1.66112954705413,bearish_cluster_6_rep_1,bearish,6,2022-09-21,4938.TW,0.29769989557182197,0.7705941900838,False,0.0,86
2021-10-01,1101.TW,1101,台泥,83,neutral,-0.0059760554907738,-0.5976055490773846,bearish_cluster_6_rep_1,bearish,6,2022-09-21,4938.TW,0.29777852880817396,0.7705474992858439,False,0.0,87
2020-04-21,1326.TW,1326,台化,51,neutral,-0.0087082505200777,-0.8708250520077732,bearish_cluster_6_rep_1,bearish,6,2022-09-21,4938.TW,0.2980513749579288,0.7703855327239348,False,0.0,88
2024-06-04,2618.TW,2618,長榮航,72,neutral,0.0438473300894917,4.384733008949171,bearish_cluster_6_rep_1,bearish,6,2022-09-21,4938.TW,0.2981680445090549,0.7703162962836472,False,0.0,89
2023-10-26,3034.TW,3034,聯詠,58,bullish,0.0582072176949941,5.820721769499415,bearish_cluster_6_rep_1,bearish,6,2022-09-21,4938.TW,0.2986011820982628,0.7700593637102756,False,0.0,90
2022-02-25,3481.TW,3481,群創,52,neutral,0.0149253949940315,1.492539499403156,bearish_cluster_6_rep_1,bearish,6,2022-09-21,4938.TW,0.2987672194722904,0.7699609175586645,False,0.0,91
2023-06-05,2615.TW,2615,萬海,59,bullish,0.0603448275862068,6.034482758620685,bearish_cluster_6_rep_1,bearish,6,2022-09-21,4938.TW,0.299051978358372,0.7697921381588689,False,0.0,92
2021-11-18,6213.TW,6213,聯茂,81,neutral,0.0,0.0,bearish_cluster_6_rep_1,bearish,6,2022-09-21,4938.TW,0.2990808540804959,0.7697750273656456,False,0.0,93
2022-06-17,5876.TW,5876,上海商銀,75,neutral,0.0134099823114293,1.3409982311429314,bearish_cluster_6_rep_1,bearish,6,2022-09-21,4938.TW,0.2991450937189776,0.7697369638193109,False,0.0,94
2022-09-05,6213.TW,6213,聯茂,81,neutral,0.0,0.0,bearish_cluster_6_rep_1,bearish,6,2022-09-21,4938.TW,0.2994643196427293,0.7695478705217061,False,0.0,95
2024-02-27,2409.TW,2409,友達,80,neutral,0.0028985064962636,0.2898506496263664,bearish_cluster_6_rep_2,bearish,6,2018-10-05,6239.TW,0.1370876565602434,0.8794396757634837,False,0.16408583170427052,1
2022-09-02,2449.TW,2449,京元電子,57,neutral,-0.0274724246885172,-2.7472424688517294,bearish_cluster_6_rep_2,bearish,6,2018-10-05,6239.TW,0.16588950041566144,0.8577142170364183,False,0.16408583170427052,2
2024-03-27,6770.TW,6770,力積電,55,neutral,0.0097276261703662,0.9727626170366266,bearish_cluster_6_rep_2,bearish,6,2018-10-05,6239.TW,0.16610425157772835,0.857556259354178,False,0.16408583170427052,3
2021-08-16,1402.TW,1402,遠東新,94,neutral,-0.0258175566160837,-2.581755661608376,bearish_cluster_6_rep_2,bearish,6,2018-10-05,6239.TW,0.1705324212968166,0.854312090640013,False,0.16408583170427052,4
2021-08-02,2404.TW,2404,漢唐,79,neutral,0.0026041666666667,0.260416666666674,bearish_cluster_6_rep_2,bearish,6,2018-10-05,6239.TW,0.17670381566447865,0.8498315265811431,False,0.16408583170427052,5
2019-09-27,2615.TW,2615,萬海,59,neutral,-0.0027397464924722,-0.2739746492472217,bearish_cluster_6_rep_2,bearish,6,2018-10-05,6239.TW,0.18647409479354976,0.8428334039387545,False,0.16408583170427052,6
2020-09-25,2404.TW,2404,漢唐,79,neutral,0.0182767624020887,1.8276762402088755,bearish_cluster_6_rep_2,bearish,6,2018-10-05,6239.TW,0.18804203720466928,0.8417210575754446,False,0.16408583170427052,7
2025-10-30,1101.TW,1101,台泥,83,bearish,-0.0538116097150591,-5.381160971505916,bearish_cluster_6_rep_2,bearish,6,2018-10-05,6239.TW,0.19011713845206382,0.8402534235417016,True,0.16408583170427052,8
2018-10-05,2409.TW,2409,友達,80,bearish,-0.0887096774193548,-8.870967741935488,bearish_cluster_6_rep_2,bearish,6,2018-10-05,6239.TW,0.20281954441361702,0.8313799061915867,True,0.16408583170427052,9
2018-06-26,2449.TW,2449,京元電子,57,neutral,0.0018050472348167,0.1805047234816781,bearish_cluster_6_rep_2,bearish,6,2018-10-05,6239.TW,0.20806511391964774,0.8277699508724604,False,0.16408583170427052,10
2023-03-13,5876.TW,5876,上海商銀,75,neutral,-0.0154015435112847,-1.5401543511284754,bearish_cluster_6_rep_2,bearish,6,2018-10-05,6239.TW,0.2084298562736593,0.8275201037184085,False,0.16408583170427052,11
2023-03-16,6239.TW,6239,力成,76,neutral,0.0263157366385429,2.631573663854292,bearish_cluster_6_rep_2,bearish,6,2018-10-05,6239.TW,0.20974679930233525,0.8266192566714813,False,0.16408583170427052,12
2021-07-30,2404.TW,2404,漢唐,79,neutral,-0.0051150895140664,-0.5115089514066473,bearish_cluster_6_rep_2,bearish,6,2018-10-05,6239.TW,0.21105770354457495,0.8257244861852229,False,0.16408583170427052,13
2022-09-06,2449.TW,2449,京元電子,57,neutral,0.0111887685665785,1.1188768566578575,bearish_cluster_6_rep_2,bearish,6,2018-10-05,6239.TW,0.21253996131191089,0.8247150872603384,False,0.16408583170427052,14
2021-05-04,4938.TW,4938,和碩,69,neutral,-0.0055944269353692,-0.5594426935369268,bearish_cluster_6_rep_2,bearish,6,2018-10-05,6239.TW,0.2127190668915006,0.8245932857007416,False,0.16408583170427052,15
2021-03-22,1519.TW,1519,華城,66,neutral,-0.0215419477637269,-2.1541947763726976,bearish_cluster_6_rep_2,bearish,6,2018-10-05,6239.TW,0.21357316985230265,0.824012943629682,False,0.16408583170427052,16
2023-12-13,5871.TW,5871,中租-KY,78,bullish,0.0626780489869562,6.267804898695628,bearish_cluster_6_rep_2,bearish,6,2018-10-05,6239.TW,0.21500199076765805,0.8230439189389177,False,0.16408583170427052,17
2022-09-23,4904.TW,4904,遠傳,54,neutral,0.0284495008987057,2.8449500898705797,bearish_cluster_6_rep_2,bearish,6,2018-10-05,6239.TW,0.21501908762480237,0.8230323376687558,False,0.16408583170427052,18
2023-01-16,2609.TW,2609,陽明,77,neutral,0.0229132825015025,2.29132825015026,bearish_cluster_6_rep_2,bearish,6,2018-10-05,6239.TW,0.2180129071397986,0.8210093621653419,False,0.16408583170427052,19
2021-06-23,2324.TW,2324,仁寶,84,neutral,-0.0045249040607969,-0.4524904060796975,bearish_cluster_6_rep_2,bearish,6,2018-10-05,6239.TW,0.22644133542079006,0.8153671693207417,False,0.16408583170427052,20
2025-08-25,2609.TW,2609,陽明,77,neutral,-0.0067567824446602,-0.675678244466027,bearish_cluster_6_rep_2,bearish,6,2018-10-05,6239.TW,0.2285126970863363,0.8139924010323215,False,0.16408583170427052,21
2021-08-20,1326.TW,1326,台化,51,neutral,0.0316055631887011,3.160556318870112,bearish_cluster_6_rep_2,bearish,6,2018-10-05,6239.TW,0.23209728937398763,0.8116242188212968,False,0.16408583170427052,22
2023-01-12,2356.TW,2356,英業達,71,neutral,0.0039062648429533,0.3906264842953311,bearish_cluster_6_rep_2,bearish,6,2018-10-05,6239.TW,0.23423359952227255,0.8102193947621131,False,0.16408583170427052,23
2020-05-25,5876.TW,5876,上海商銀,75,neutral,0.0107784932694712,1.0778493269471223,bearish_cluster_6_rep_2,bearish,6,2018-10-05,6239.TW,0.23483075551616553,0.8098275780165477,False,0.16408583170427052,24
2021-05-06,4938.TW,4938,和碩,69,neutral,-0.0057387936011159,-0.5738793601115955,bearish_cluster_6_rep_2,bearish,6,2018-10-05,6239.TW,0.2355662006639174,0.8093455449515059,False,0.16408583170427052,25
2025-08-29,1101.TW,1101,台泥,83,neutral,-0.004454359825003,-0.4454359825003084,bearish_cluster_6_rep_2,bearish,6,2018-10-05,6239.TW,0.23601689287565344,0.8090504310774033,False,0.16408583170427052,26
2018-08-15,3702.TW,3702,大聯大,90,neutral,-0.031645579179918,-3.164557917991806,bearish_cluster_6_rep_2,bearish,6,2018-10-05,6239.TW,0.2367056159155944,0.8085998697916889,False,0.16408583170427052,27
2018-10-02,2347.TW,2347,聯強,99,neutral,-0.0225165158707574,-2.2516515870757425,bearish_cluster_6_rep_2,bearish,6,2018-10-05,6239.TW,0.23709584425030056,0.8083448058189991,False,0.16408583170427052,28
2024-03-11,2347.TW,2347,聯強,99,neutral,0.0391892098091744,3.91892098091744,bearish_cluster_6_rep_2,bearish,6,2018-10-05,6239.TW,0.23797437719882525,0.8077711610338076,False,0.16408583170427052,29
2024-10-24,1605.TW,1605,華新,88,neutral,-0.024311182843631,-2.4311182843631096,bearish_cluster_6_rep_2,bearish,6,2018-10-05,6239.TW,0.23824555681985468,0.8075942566418466,False,0.16408583170427052,30
2022-02-24,6239.TW,6239,力成,76,neutral,0.0377562040477108,3.775620404771085,bearish_cluster_6_rep_2,bearish,6,2018-10-05,6239.TW,0.23826188349269223,0.8075836083877177,False,0.16408583170427052,31
2025-09-16,1590.TW,1590,亞德客-KY,64,neutral,0.0091743119266054,0.917431192660545,bearish_cluster_6_rep_2,bearish,6,2018-10-05,6239.TW,0.23870905262957404,0.8072920738547649,False,0.16408583170427052,32
2024-05-24,1326.TW,1326,台化,51,neutral,-0.0055350411962665,-0.5535041196266577,bearish_cluster_6_rep_2,bearish,6,2018-10-05,6239.TW,0.23986007976862975,0.8065426222825159,False,0.16408583170427052,33
2018-08-16,1504.TW,1504,東元,89,neutral,0.0287081527474168,2.8708152747416893,bearish_cluster_6_rep_2,bearish,6,2018-10-05,6239.TW,0.24023966231249422,0.8062957752338331,False,0.16408583170427052,34
2025-06-02,4938.TW,4938,和碩,69,neutral,0.0266344384779375,2.663443847793756,bearish_cluster_6_rep_2,bearish,6,2018-10-05,6239.TW,0.2406759452527886,0.8060122418156896,False,0.16408583170427052,35
2025-10-29,1101.TW,1101,台泥,83,neutral,-0.0465631606468035,-4.656316064680355,bearish_cluster_6_rep_2,bearish,6,2018-10-05,6239.TW,0.24067913881149877,0.8060101671073022,False,0.16408583170427052,36
2021-05-11,4938.TW,4938,和碩,69,neutral,0.0187589518775685,1.87589518775686,bearish_cluster_6_rep_2,bearish,6,2018-10-05,6239.TW,0.24070510816766288,0.8059932964061471,False,0.16408583170427052,37
2018-09-07,2449.TW,2449,京元電子,57,bearish,-0.0522565234789682,-5.225652347896825,bearish_cluster_6_rep_2,bearish,6,2018-10-05,6239.TW,0.24112953534441114,0.8057176721062413,True,0.16408583170427052,38
2025-03-19,1504.TW,1504,東元,89,neutral,-0.0457143147786459,-4.571431477864596,bearish_cluster_6_rep_2,bearish,6,2018-10-05,6239.TW,0.2413152752735772,0.8055971113217849,False,0.16408583170427052,39
2023-08-17,1101.TW,1101,台泥,83,neutral,-0.0070126224207457,-0.701262242074574,bearish_cluster_6_rep_2,bearish,6,2018-10-05,6239.TW,0.24146869125182346,0.8054975586953056,False,0.16408583170427052,40
2023-07-25,3036.TW,3036,文曄,68,neutral,0.0329835436468251,3.2983543646825098,bearish_cluster_6_rep_2,bearish,6,2018-10-05,6239.TW,0.24196469238883786,0.8051758686284112,False,0.16408583170427052,41
2020-03-06,2615.TW,2615,萬海,59,neutral,-0.0236686023050199,-2.3668602305019992,bearish_cluster_6_rep_2,bearish,6,2018-10-05,6239.TW,0.24211997975883895,0.8050752071423509,False,0.16408583170427052,42
2022-01-07,1802.TW,1802,台玻,86,neutral,-0.0117646759631586,-1.1764675963158666,bearish_cluster_6_rep_2,bearish,6,2018-10-05,6239.TW,0.2422197662607107,0.8050105361068013,False,0.16408583170427052,43
2024-04-17,1326.TW,1326,台化,51,neutral,0.0279850754235417,2.7985075423541783,bearish_cluster_6_rep_2,bearish,6,2018-10-05,6239.TW,0.2430605584750968,0.8044660360125437,False,0.16408583170427052,44
2018-04-17,4938.TW,4938,和碩,69,neutral,0.0217391304347827,2.1739130434782705,bearish_cluster_6_rep_2,bearish,6,2018-10-05,6239.TW,0.24320203343919192,0.8043744887012465,False,0.16408583170427052,45
2023-01-30,2609.TW,2609,陽明,77,neutral,0.0358890830394886,3.588908303948868,bearish_cluster_6_rep_2,bearish,6,2018-10-05,6239.TW,0.2432533950364485,0.8043412581798604,False,0.16408583170427052,46
2019-01-11,2618.TW,2618,長榮航,72,neutral,-0.0130719457710675,-1.3071945771067517,bearish_cluster_6_rep_2,bearish,6,2018-10-05,6239.TW,0.24489633801104543,0.8032797345983739,False,0.16408583170427052,47
2018-09-10,3702.TW,3702,大聯大,90,neutral,0.0053619469433712,0.5361946943371221,bearish_cluster_6_rep_2,bearish,6,2018-10-05,6239.TW,0.24527925140436868,0.8030327325154145,False,0.16408583170427052,48
2023-11-21,3532.TW,3532,台勝科,98,neutral,0.0032362459546926,0.3236245954692629,bearish_cluster_6_rep_2,bearish,6,2018-10-05,6239.TW,0.24688843569320967,0.8019963706248092,False,0.16408583170427052,49
2022-01-12,1802.TW,1802,台玻,86,neutral,-0.0079365379716014,-0.7936537971601432,bearish_cluster_6_rep_2,bearish,6,2018-10-05,6239.TW,0.2479573823134671,0.8013094150268153,False,0.16408583170427052,50
2019-08-02,2618.TW,2618,長榮航,72,neutral,-0.0212766772553186,-2.127667725531868,bearish_cluster_6_rep_2,bearish,6,2018-10-05,6239.TW,0.24815256632432928,0.8011841076006349,False,0.16408583170427052,51
2022-09-05,2449.TW,2449,京元電子,57,neutral,-0.0055248410938769,-0.5524841093876964,bearish_cluster_6_rep_2,bearish,6,2018-10-05,6239.TW,0.24858058110283096,0.8009094608188863,False,0.16408583170427052,52
2023-04-21,2337.TW,2337,旺宏,67,bearish,-0.0563798659603703,-5.637986596037036,bearish_cluster_6_rep_2,bearish,6,2018-10-05,6239.TW,0.24865735095193964,0.800860219368932,True,0.16408583170427052,53
2023-09-28,1326.TW,1326,台化,51,neutral,-0.0211381989765943,-2.1138198976594302,bearish_cluster_6_rep_2,bearish,6,2018-10-05,6239.TW,0.24912488918769551,0.8005604632938655,False,0.16408583170427052,54
2018-06-12,2379.TW,2379,瑞昱,53,neutral,0.018018018018018,1.8018018018018056,bearish_cluster_6_rep_2,bearish,6,2018-10-05,6239.TW,0.24934072749284786,0.800422157057811,False,0.16408583170427052,55
2021-01-20,1101.TW,1101,台泥,83,neutral,-0.001220958934343,-0.1220958934343041,bearish_cluster_6_rep_2,bearish,6,2018-10-05,6239.TW,0.24974524850180393,0.8001630741935616,False,0.16408583170427052,56
2023-08-11,6770.TW,6770,力積電,55,neutral,-0.047535225338133,-4.753522533813303,bearish_cluster_6_rep_2,bearish,6,2018-10-05,6239.TW,0.25013928107022,0.7999108700463515,False,0.16408583170427052,57
2024-04-16,1326.TW,1326,台化,51,neutral,-0.0278293127557669,-2.7829312755766944,bearish_cluster_6_rep_2,bearish,6,2018-10-05,6239.TW,0.25165232673314475,0.7989439068994775,False,0.16408583170427052,58
2018-04-11,3481.TW,3481,群創,52,neutral,-0.0476189821740621,-4.7618982174062126,bearish_cluster_6_rep_2,bearish,6,2018-10-05,6239.TW,0.2518119373168682,0.7988420386399242,False,0.16408583170427052,59
2020-12-18,2449.TW,2449,京元電子,57,neutral,-0.0132353031264048,-1.3235303126404865,bearish_cluster_6_rep_2,bearish,6,2018-10-05,6239.TW,0.25215671817494756,0.7986220777999157,False,0.16408583170427052,60
2022-09-05,2337.TW,2337,旺宏,67,neutral,0.0173501332436418,1.7350133243641874,bearish_cluster_6_rep_2,bearish,6,2018-10-05,6239.TW,0.25222185693881355,0.7985805346383299,False,0.16408583170427052,61
2022-06-20,2801.TW,2801,彰銀,61,neutral,0.0262390814093189,2.6239081409318965,bearish_cluster_6_rep_2,bearish,6,2018-10-05,6239.TW,0.2542130090692183,0.7973127313853363,False,0.16408583170427052,62
2025-06-20,2324.TW,2324,仁寶,84,neutral,0.0328467018635143,3.284670186351435,bearish_cluster_6_rep_2,bearish,6,2018-10-05,6239.TW,0.25427928656534576,0.7972706005042536,False,0.16408583170427052,63
2024-12-13,2002.TW,2002,中鋼,62,neutral,-0.0098765808858989,-0.9876580885898932,bearish_cluster_6_rep_2,bearish,6,2018-10-05,6239.TW,0.25602587986663605,0.7961619390407618,False,0.16408583170427052,64
2019-08-21,2404.TW,2404,漢唐,79,neutral,0.0033670033670034,0.3367003367003462,bearish_cluster_6_rep_2,bearish,6,2018-10-05,6239.TW,0.2561604600218236,0.796076641341367,False,0.16408583170427052,65
2021-08-13,4938.TW,4938,和碩,69,neutral,-0.0243530981497847,-2.43530981497847,bearish_cluster_6_rep_2,bearish,6,2018-10-05,6239.TW,0.2565267701545207,0.7958445643597594,False,0.16408583170427052,66
2019-05-02,1605.TW,1605,華新,88,neutral,-0.0087209341680651,-0.8720934168065186,bearish_cluster_6_rep_2,bearish,6,2018-10-05,6239.TW,0.2568179306378953,0.7956601951823301,False,0.16408583170427052,67
2020-03-12,1101.TW,1101,台泥,83,bearish,-0.0773006203951751,-7.730062039517516,bearish_cluster_6_rep_2,bearish,6,2018-10-05,6239.TW,0.2569335399228444,0.7955870125491155,True,0.16408583170427052,68
2025-10-31,1101.TW,1101,台泥,83,neutral,-0.0452488679972364,-4.524886799723649,bearish_cluster_6_rep_2,bearish,6,2018-10-05,6239.TW,0.2572419424337283,0.7953918543826436,False,0.16408583170427052,69
2018-02-02,2347.TW,2347,聯強,99,neutral,-0.0385571942199935,-3.85571942199936,bearish_cluster_6_rep_2,bearish,6,2018-10-05,6239.TW,0.25734060116460405,0.7953294430115087,False,0.16408583170427052,70
2021-01-20,2356.TW,2356,英業達,71,neutral,0.0196506886653096,1.9650688665309608,bearish_cluster_6_rep_2,bearish,6,2018-10-05,6239.TW,0.2576172737052254,0.7951544725954451,False,0.16408583170427052,71
2018-08-16,3702.TW,3702,大聯大,90,neutral,-0.0127714310071556,-1.277143100715561,bearish_cluster_6_rep_2,bearish,6,2018-10-05,6239.TW,0.25784246223520735,0.7950121179905019,False,0.16408583170427052,72
2018-10-04,6239.TW,6239,力成,76,bearish,-0.0567901046187789,-5.679010461877898,bearish_cluster_6_rep_2,bearish,6,2018-10-05,6239.TW,0.2581346011140667,0.7948275161612353,True,0.16408583170427052,73
2018-08-20,3702.TW,3702,大聯大,90,neutral,-0.003921489108876,-0.3921489108876019,bearish_cluster_6_rep_2,bearish,6,2018-10-05,6239.TW,0.2587696756980882,0.7944265097150678,False,0.16408583170427052,74
2024-03-14,1802.TW,1802,台玻,86,neutral,-0.011494187354914,-1.1494187354914032,bearish_cluster_6_rep_2,bearish,6,2018-10-05,6239.TW,0.25970210118132026,0.7938384790040618,False,0.16408583170427052,75
2022-05-12,4938.TW,4938,和碩,69,neutral,-0.0472673130353114,-4.72673130353114,bearish_cluster_6_rep_2,bearish,6,2018-10-05,6239.TW,0.2603277064271965,0.7934444310796127,False,0.16408583170427052,76
2018-05-10,4904.TW,4904,遠傳,54,neutral,0.0067204299696967,0.6720429969696795,bearish_cluster_6_rep_2,bearish,6,2018-10-05,6239.TW,0.2605056325097457,0.7933324328023329,False,0.16408583170427052,77
2020-04-21,1326.TW,1326,台化,51,neutral,-0.0087082505200777,-0.8708250520077732,bearish_cluster_6_rep_2,bearish,6,2018-10-05,6239.TW,0.26055060490612897,0.7933041292495102,False,0.16408583170427052,78
2023-08-15,2834.TW,2834,臺企銀,87,neutral,-0.0108694621067374,-1.0869462106737449,bearish_cluster_6_rep_2,bearish,6,2018-10-05,6239.TW,0.2612323596065828,0.7928753115024187,False,0.16408583170427052,79
2024-12-11,6239.TW,6239,力成,76,neutral,-0.0254237288135593,-2.5423728813559365,bearish_cluster_6_rep_2,bearish,6,2018-10-05,6239.TW,0.26157577398273946,0.7926594823892693,False,0.16408583170427052,80
2024-12-13,2376.TW,2376,技嘉,70,neutral,0.0149253731343284,1.49253731343284,bearish_cluster_6_rep_2,bearish,6,2018-10-05,6239.TW,0.2616245512459442,0.7926288363780085,False,0.16408583170427052,81
2025-08-13,4938.TW,4938,和碩,69,bearish,-0.094871814434345,-9.4871814434345,bearish_cluster_6_rep_2,bearish,6,2018-10-05,6239.TW,0.2617409497813367,0.7925557145254759,True,0.16408583170427052,82
2021-01-15,1402.TW,1402,遠東新,94,neutral,-0.0434782879113695,-4.347828791136954,bearish_cluster_6_rep_2,bearish,6,2018-10-05,6239.TW,0.2621094247749222,0.7923243265363734,False,0.16408583170427052,83
2021-10-13,6770.TW,6770,力積電,55,neutral,0.0145631316664998,1.456313166649981,bearish_cluster_6_rep_2,bearish,6,2018-10-05,6239.TW,0.26266821504224513,0.7919736856340706,False,0.16408583170427052,84
2023-12-18,2618.TW,2618,長榮航,72,neutral,0.0097244484068383,0.9724448406838392,bearish_cluster_6_rep_2,bearish,6,2018-10-05,6239.TW,0.2627578610988377,0.7919174616183432,False,0.16408583170427052,85
2024-12-16,1101.TW,1101,台泥,83,neutral,-0.0077041600653988,-0.7704160065398868,bearish_cluster_6_rep_2,bearish,6,2018-10-05,6239.TW,0.2635907020051392,0.7913955036335277,False,0.16408583170427052,86
2021-04-14,3036.TW,3036,文曄,68,neutral,0.0442968587964542,4.429685879645429,bearish_cluster_6_rep_2,bearish,6,2018-10-05,6239.TW,0.26365918377830755,0.7913526153547402,False,0.16408583170427052,87
2022-09-06,6239.TW,6239,力成,76,neutral,-0.004860285674927,-0.4860285674927023,bearish_cluster_6_rep_2,bearish,6,2018-10-05,6239.TW,0.26445800164485694,0.7908526805154149,False,0.16408583170427052,88
2019-07-24,1605.TW,1605,華新,88,bullish,0.0758122414913828,7.581224149138288,bearish_cluster_6_rep_2,bearish,6,2018-10-05,6239.TW,0.26452375586814925,0.7908115568089565,False,0.16408583170427052,89
2025-12-12,2376.TW,2376,技嘉,70,neutral,-0.0125523012552301,-1.2552301255230105,bearish_cluster_6_rep_2,bearish,6,2018-10-05,6239.TW,0.26481659067888297,0.7906284653202216,False,0.16408583170427052,90
2018-03-15,2207.TW,2207,和泰車,63,neutral,-0.0401928650578163,-4.019286505781638,bearish_cluster_6_rep_2,bearish,6,2018-10-05,6239.TW,0.2649290324686925,0.7905581849507832,False,0.16408583170427052,91
2022-09-28,2801.TW,2801,彰銀,61,neutral,0.0059171601434533,0.5917160143453337,bearish_cluster_6_rep_2,bearish,6,2018-10-05,6239.TW,0.2649673252187781,0.7905342533863856,False,0.16408583170427052,92
2023-07-24,3036.TW,3036,文曄,68,neutral,0.004457662238132,0.4457662238132043,bearish_cluster_6_rep_2,bearish,6,2018-10-05,6239.TW,0.2651613372556779,0.7904130252424152,False,0.16408583170427052,93
2019-08-05,2356.TW,2356,英業達,71,neutral,-0.0022321088353586,-0.2232108835358626,bearish_cluster_6_rep_2,bearish,6,2018-10-05,6239.TW,0.26524297556901966,0.7903620247725688,False,0.16408583170427052,94
2019-01-14,2618.TW,2618,長榮航,72,neutral,0.0,0.0,bearish_cluster_6_rep_2,bearish,6,2018-10-05,6239.TW,0.2653027688308656,0.7903246753533906,False,0.16408583170427052,95
2023-01-30,2609.TW,2609,陽明,77,neutral,0.0358890830394886,3.588908303948868,bearish_cluster_6_rep_3,bearish,6,2023-04-21,2337.TW,0.16554964826162147,0.8579643102217626,False,0.19351906810434186,1
2018-09-14,1504.TW,1504,東元,89,neutral,0.0213269595950347,2.132695959503472,bearish_cluster_6_rep_3,bearish,6,2023-04-21,2337.TW,0.18493561942500555,0.8439277067941072,False,0.19351906810434186,2
2019-05-13,2324.TW,2324,仁寶,84,neutral,-0.0234375388051056,-2.3437538805105684,bearish_cluster_6_rep_3,bearish,6,2023-04-21,2337.TW,0.19801627495370855,0.834713201236469,False,0.19351906810434186,3
2021-01-20,1101.TW,1101,台泥,83,neutral,-0.001220958934343,-0.1220958934343041,bearish_cluster_6_rep_3,bearish,6,2023-04-21,2337.TW,0.20021659839574074,0.8331829449256422,False,0.19351906810434186,4
2023-03-16,6239.TW,6239,力成,76,neutral,0.0263157366385429,2.631573663854292,bearish_cluster_6_rep_3,bearish,6,2023-04-21,2337.TW,0.2018614064929079,0.8320426919423682,False,0.19351906810434186,5
2020-03-06,2615.TW,2615,萬海,59,neutral,-0.0236686023050199,-2.3668602305019992,bearish_cluster_6_rep_3,bearish,6,2023-04-21,2337.TW,0.20419530305323613,0.8304300784636021,False,0.19351906810434186,6
2018-10-04,6239.TW,6239,力成,76,bearish,-0.0567901046187789,-5.679010461877898,bearish_cluster_6_rep_3,bearish,6,2023-04-21,2337.TW,0.20788585766801454,0.827892796038389,True,0.19351906810434186,7
2022-05-12,4938.TW,4938,和碩,69,neutral,-0.0472673130353114,-4.72673130353114,bearish_cluster_6_rep_3,bearish,6,2023-04-21,2337.TW,0.20899404202184774,0.8271339355218502,False,0.19351906810434186,8
2023-07-25,2912.TW,2912,統一超,74,neutral,0.0,0.0,bearish_cluster_6_rep_3,bearish,6,2023-04-21,2337.TW,0.21116536995711918,0.8256510834977098,False,0.19351906810434186,9
2022-09-28,2801.TW,2801,彰銀,61,neutral,0.0059171601434533,0.5917160143453337,bearish_cluster_6_rep_3,bearish,6,2023-04-21,2337.TW,0.21135084028251455,0.8255246677888771,False,0.19351906810434186,10
2021-01-26,1101.TW,1101,台泥,83,neutral,-0.0049566653141367,-0.4956665314136743,bearish_cluster_6_rep_3,bearish,6,2023-04-21,2337.TW,0.21316688399619887,0.8242889030287224,False,0.19351906810434186,11
2025-10-30,1101.TW,1101,台泥,83,bearish,-0.0538116097150591,-5.381160971505916,bearish_cluster_6_rep_3,bearish,6,2023-04-21,2337.TW,0.21403507982807954,0.8236994273193579,True,0.19351906810434186,12
2021-08-19,5876.TW,5876,上海商銀,75,neutral,0.0172626651830267,1.726266518302677,bearish_cluster_6_rep_3,bearish,6,2023-04-21,2337.TW,0.21435101129429673,0.8234851296695227,False,0.19351906810434186,13
2025-01-07,4904.TW,4904,遠傳,54,neutral,-0.0192525993078419,-1.925259930784196,bearish_cluster_6_rep_3,bearish,6,2023-04-21,2337.TW,0.21617212166838898,0.8222520333948815,False,0.19351906810434186,14
2018-09-10,1326.TW,1326,台化,51,neutral,0.0168776371308017,1.6877637130801704,bearish_cluster_6_rep_3,bearish,6,2023-04-21,2337.TW,0.21715800159102064,0.8215860214473715,False,0.19351906810434186,15
2025-02-27,4938.TW,4938,和碩,69,neutral,-0.0021052310341284,-0.2105231034128407,bearish_cluster_6_rep_3,bearish,6,2023-04-21,2337.TW,0.21943470092675527,0.8200521104082182,False,0.19351906810434186,16
2021-12-16,1605.TW,1605,華新,88,neutral,0.0135659738270044,1.3565973827004418,bearish_cluster_6_rep_3,bearish,6,2023-04-21,2337.TW,0.2215050740482593,0.8186621744319433,False,0.19351906810434186,17
2025-12-22,2912.TW,2912,統一超,74,neutral,0.0067720090293452,0.6772009029345272,bearish_cluster_6_rep_3,bearish,6,2023-04-21,2337.TW,0.22201337110779212,0.8183216514999911,False,0.19351906810434186,18
2022-10-27,2912.TW,2912,統一超,74,neutral,0.0169491525423728,1.6949152542372836,bearish_cluster_6_rep_3,bearish,6,2023-04-21,2337.TW,0.22223601679252047,0.8181725839042707,False,0.19351906810434186,19
2023-12-13,5871.TW,5871,中租-KY,78,bullish,0.0626780489869562,6.267804898695628,bearish_cluster_6_rep_3,bearish,6,2023-04-21,2337.TW,0.22361581298793642,0.8172499810689019,False,0.19351906810434186,20
2022-09-06,2449.TW,2449,京元電子,57,neutral,0.0111887685665785,1.1188768566578575,bearish_cluster_6_rep_3,bearish,6,2023-04-21,2337.TW,0.22367495100224,0.8172104848440013,False,0.19351906810434186,21
2024-12-16,1101.TW,1101,台泥,83,neutral,-0.0077041600653988,-0.7704160065398868,bearish_cluster_6_rep_3,bearish,6,2023-04-21,2337.TW,0.22981487650554588,0.8131305118388609,False,0.19351906810434186,22
2019-04-22,1101.TW,1101,台泥,83,neutral,0.0195122787009078,1.951227870090788,bearish_cluster_6_rep_3,bearish,6,2023-04-21,2337.TW,0.23044832832318515,0.8127119010050324,False,0.19351906810434186,23
2021-01-20,2834.TW,2834,臺企銀,87,neutral,0.001069582411771,0.1069582411771019,bearish_cluster_6_rep_3,bearish,6,2023-04-21,2337.TW,0.23210756133222674,0.8116174523908786,False,0.19351906810434186,24
2025-03-17,1504.TW,1504,東元,89,neutral,-0.0188323922549142,-1.8832392254914287,bearish_cluster_6_rep_3,bearish,6,2023-04-21,2337.TW,0.23215674305603579,0.81158505655682,False,0.19351906810434186,25
2025-05-19,1101.TW,1101,台泥,83,neutral,0.0067114351697943,0.6711435169794333,bearish_cluster_6_rep_3,bearish,6,2023-04-21,2337.TW,0.23237811136926706,0.8114392740138194,False,0.19351906810434186,26
2023-03-16,1101.TW,1101,台泥,83,neutral,0.0192572432551219,1.9257243255121903,bearish_cluster_6_rep_3,bearish,6,2023-04-21,2337.TW,0.23247386137092346,0.8113762338843157,False,0.19351906810434186,27
2025-05-19,3481.TW,3481,群創,52,bearish,-0.0971222636578857,-9.71222636578858,bearish_cluster_6_rep_3,bearish,6,2023-04-21,2337.TW,0.23269840204848255,0.8112284386336615,True,0.19351906810434186,28
2024-11-27,2002.TW,2002,中鋼,62,neutral,-0.0252873212441631,-2.528732124416311,bearish_cluster_6_rep_3,bearish,6,2023-04-21,2337.TW,0.23318973299589535,0.8109052267006901,False,0.19351906810434186,29
2022-06-20,2801.TW,2801,彰銀,61,neutral,0.0262390814093189,2.6239081409318965,bearish_cluster_6_rep_3,bearish,6,2023-04-21,2337.TW,0.2336633431322705,0.8105939157282573,False,0.19351906810434186,30
2019-01-11,2618.TW,2618,長榮航,72,neutral,-0.0130719457710675,-1.3071945771067517,bearish_cluster_6_rep_3,bearish,6,2023-04-21,2337.TW,0.2342016673115349,0.8102403573787927,False,0.19351906810434186,31
2022-04-20,2002.TW,2002,中鋼,62,neutral,-0.0443864437807736,-4.4386443780773615,bearish_cluster_6_rep_3,bearish,6,2023-04-21,2337.TW,0.23499006106959514,0.809723115612707,False,0.19351906810434186,32
2021-01-20,2356.TW,2356,英業達,71,neutral,0.0196506886653096,1.9650688665309608,bearish_cluster_6_rep_3,bearish,6,2023-04-21,2337.TW,0.23538507234612918,0.8094642086785883,False,0.19351906810434186,33
2025-10-29,1101.TW,1101,台泥,83,neutral,-0.0465631606468035,-4.656316064680355,bearish_cluster_6_rep_3,bearish,6,2023-04-21,2337.TW,0.23584308847907112,0.8091642129347352,False,0.19351906810434186,34
2023-04-06,2609.TW,2609,陽明,77,neutral,0.024999976158142,2.499997615814209,bearish_cluster_6_rep_3,bearish,6,2023-04-21,2337.TW,0.236171705709473,0.8089491090771023,False,0.19351906810434186,35
2023-12-07,1802.TW,1802,台玻,86,neutral,-0.002673857880705,-0.2673857880705066,bearish_cluster_6_rep_3,bearish,6,2023-04-21,2337.TW,0.23641337939794377,0.8087909890516857,False,0.19351906810434186,36
2025-10-08,3702.TW,3702,大聯大,90,bearish,-0.0572754959077036,-5.727549590770364,bearish_cluster_6_rep_3,bearish,6,2023-04-21,2337.TW,0.23716624245534634,0.8082988087480844,True,0.19351906810434186,37
2025-06-17,2207.TW,2207,和泰車,63,bearish,-0.0570934256055363,-5.709342560553631,bearish_cluster_6_rep_3,bearish,6,2023-04-21,2337.TW,0.23756825787096292,0.8080362385185438,True,0.19351906810434186,38
2023-04-27,5876.TW,5876,上海商銀,75,neutral,-0.0108696271250947,-1.086962712509476,bearish_cluster_6_rep_3,bearish,6,2023-04-21,2337.TW,0.2376177196303764,0.8080039451104961,False,0.19351906810434186,39
2024-12-20,1101.TW,1101,台泥,83,neutral,0.012558857574237,1.2558857574237026,bearish_cluster_6_rep_3,bearish,6,2023-04-21,2337.TW,0.2379333726780274,0.8077979171340175,False,0.19351906810434186,40
2025-06-20,2002.TW,2002,中鋼,62,neutral,0.0053619508587208,0.5361950858720821,bearish_cluster_6_rep_3,bearish,6,2023-04-21,2337.TW,0.23831020927903418,0.8075520919610423,False,0.19351906810434186,41
2018-05-04,2207.TW,2207,和泰車,63,neutral,0.019298223578259,1.9298223578259053,bearish_cluster_6_rep_3,bearish,6,2023-04-21,2337.TW,0.23836900158562324,0.8075137529440639,False,0.19351906810434186,42
2021-11-23,2356.TW,2356,英業達,71,neutral,0.0,0.0,bearish_cluster_6_rep_3,bearish,6,2023-04-21,2337.TW,0.23840527918582052,0.807490097795321,False,0.19351906810434186,43
2025-11-17,5871.TW,5871,中租-KY,78,neutral,0.009950251838116,0.9950251838116042,bearish_cluster_6_rep_3,bearish,6,2023-04-21,2337.TW,0.23872572472490056,0.8072812084548276,False,0.19351906810434186,44
2023-08-14,2834.TW,2834,臺企銀,87,neutral,-0.0215053477860288,-2.150534778602886,bearish_cluster_6_rep_3,bearish,6,2023-04-21,2337.TW,0.23908639863280592,0.8070462246243594,False,0.19351906810434186,45
2024-01-17,4938.TW,4938,和碩,69,neutral,0.0272276839746272,2.722768397462727,bearish_cluster_6_rep_3,bearish,6,2023-04-21,2337.TW,0.23992602022175508,0.8064997295735068,False,0.19351906810434186,46
2019-09-27,2615.TW,2615,萬海,59,neutral,-0.0027397464924722,-0.2739746492472217,bearish_cluster_6_rep_3,bearish,6,2023-04-21,2337.TW,0.24030727332561022,0.8062518228396103,False,0.19351906810434186,47
2024-02-27,4904.TW,4904,遠傳,54,neutral,-0.0139771094888926,-1.3977109488892636,bearish_cluster_6_rep_3,bearish,6,2023-04-21,2337.TW,0.24067766354620854,0.8060111255180629,False,0.19351906810434186,48
2025-04-02,2834.TW,2834,臺企銀,87,bearish,-0.1130137168979488,-11.30137168979488,bearish_cluster_6_rep_3,bearish,6,2023-04-21,2337.TW,0.24116348756092787,0.8056956315764249,True,0.19351906810434186,49
2024-03-27,6770.TW,6770,力積電,55,neutral,0.0097276261703662,0.9727626170366266,bearish_cluster_6_rep_3,bearish,6,2023-04-21,2337.TW,0.24226182997360646,0.8049832779787225,False,0.19351906810434186,50
2023-05-16,2313.TW,2313,華通,60,neutral,0.0406698754537824,4.066987545378242,bearish_cluster_6_rep_3,bearish,6,2023-04-21,2337.TW,0.24235572241986775,0.8049224404522355,False,0.19351906810434186,51
2018-06-15,1802.TW,1802,台玻,86,neutral,-0.0254956864202069,-2.549568642020694,bearish_cluster_6_rep_3,bearish,6,2023-04-21,2337.TW,0.2438698818451809,0.8039426105539113,False,0.19351906810434186,52
2025-06-19,1101.TW,1101,台泥,83,neutral,-0.0115162858290508,-1.1516285829050843,bearish_cluster_6_rep_3,bearish,6,2023-04-21,2337.TW,0.24452631955737625,0.8035185630751919,False,0.19351906810434186,53
2024-07-04,2376.TW,2376,技嘉,70,neutral,0.0361842105263157,3.6184210526315703,bearish_cluster_6_rep_3,bearish,6,2023-04-21,2337.TW,0.24513652084736268,0.8031247845171725,False,0.19351906810434186,54
2025-12-09,4938.TW,4938,和碩,69,neutral,-0.0157142639160156,-1.5714263916015605,bearish_cluster_6_rep_3,bearish,6,2023-04-21,2337.TW,0.24539759712600312,0.8029564231597156,False,0.19351906810434186,55
2025-12-12,2376.TW,2376,技嘉,70,neutral,-0.0125523012552301,-1.2552301255230105,bearish_cluster_6_rep_3,bearish,6,2023-04-21,2337.TW,0.2459829225812152,0.8025792182836425,False,0.19351906810434186,56
2019-02-13,2912.TW,2912,統一超,74,neutral,0.0047846889952152,0.4784688995215225,bearish_cluster_6_rep_3,bearish,6,2023-04-21,2337.TW,0.24599424146881949,0.8025719274762994,False,0.19351906810434186,57
2019-05-09,2324.TW,2324,仁寶,84,neutral,-0.0129198963861214,-1.2919896386121454,bearish_cluster_6_rep_3,bearish,6,2023-04-21,2337.TW,0.24629620509459574,0.8023774732781911,False,0.19351906810434186,58
2024-09-02,6770.TW,6770,力積電,55,neutral,-0.0378250237110946,-3.782502371109464,bearish_cluster_6_rep_3,bearish,6,2023-04-21,2337.TW,0.24707022960929523,0.8018794581547328,False,0.19351906810434186,59
2022-10-18,2324.TW,2324,仁寶,84,neutral,-0.014184361346168,-1.4184361346168073,bearish_cluster_6_rep_3,bearish,6,2023-04-21,2337.TW,0.24783542136066938,0.8013877334156586,False,0.19351906810434186,60
2025-11-18,2801.TW,2801,彰銀,61,neutral,0.0025124621028287,0.2512462102828738,bearish_cluster_6_rep_3,bearish,6,2023-04-21,2337.TW,0.2479127695471722,0.8013380617644198,False,0.19351906810434186,61
2023-03-17,1402.TW,1402,遠東新,94,neutral,-0.0064516375141758,-0.6451637514175879,bearish_cluster_6_rep_3,bearish,6,2023-04-21,2337.TW,0.24795602039025907,0.8013102895142742,False,0.19351906810434186,62
2018-10-05,6239.TW,6239,力成,76,bearish,-0.1292345773746036,-12.923457737460364,bearish_cluster_6_rep_3,bearish,6,2023-04-21,2337.TW,0.24865735095193964,0.800860219368932,True,0.19351906810434186,63
2023-08-16,5876.TW,5876,上海商銀,75,neutral,0.0070837745681358,0.7083774568135803,bearish_cluster_6_rep_3,bearish,6,2023-04-21,2337.TW,0.24871532261358642,0.8008230393993884,False,0.19351906810434186,64
2018-03-15,2207.TW,2207,和泰車,63,neutral,-0.0401928650578163,-4.019286505781638,bearish_cluster_6_rep_3,bearish,6,2023-04-21,2337.TW,0.24937428706468756,0.8004006568355316,False,0.19351906810434186,65
2020-03-03,1402.TW,1402,遠東新,94,neutral,0.0035714421953474,0.357144219534744,bearish_cluster_6_rep_3,bearish,6,2023-04-21,2337.TW,0.2497933689881258,0.8001322657117578,False,0.19351906810434186,66
2021-05-03,4904.TW,4904,遠傳,54,neutral,0.0093167462718146,0.9316746271814668,bearish_cluster_6_rep_3,bearish,6,2023-04-21,2337.TW,0.25004220875190003,0.7999729873109215,False,0.19351906810434186,67
2020-09-22,1402.TW,1402,遠東新,94,neutral,-0.0214424657013724,-2.144246570137242,bearish_cluster_6_rep_3,bearish,6,2023-04-21,2337.TW,0.2505364882455955,0.7996567948232535,False,0.19351906810434186,68
2022-01-06,6770.TW,6770,力積電,55,neutral,-0.021897810218978,-2.1897810218978075,bearish_cluster_6_rep_3,bearish,6,2023-04-21,2337.TW,0.2506887568534073,0.7995594383656953,False,0.19351906810434186,69
2018-05-23,2207.TW,2207,和泰車,63,neutral,-0.0054151358823998,-0.5415135882399835,bearish_cluster_6_rep_3,bearish,6,2023-04-21,2337.TW,0.2516347643682742,0.798955117313892,False,0.19351906810434186,70
2023-05-31,1802.TW,1802,台玻,86,neutral,0.0381470758059327,3.81470758059328,bearish_cluster_6_rep_3,bearish,6,2023-04-21,2337.TW,0.2519242554285396,0.798770369424383,False,0.19351906810434186,71
2025-05-29,4938.TW,4938,和碩,69,neutral,0.0107270740108544,1.0727074010854487,bearish_cluster_6_rep_3,bearish,6,2023-04-21,2337.TW,0.25261480011755144,0.7983300212532657,False,0.19351906810434186,72
2022-08-25,2356.TW,2356,英業達,71,neutral,-0.0336134143993926,-3.3613414399392694,bearish_cluster_6_rep_3,bearish,6,2023-04-21,2337.TW,0.2528680951989921,0.7981686211278057,False,0.19351906810434186,73
2022-01-21,2002.TW,2002,中鋼,62,neutral,-0.0059083296087911,-0.5908329608791174,bearish_cluster_6_rep_3,bearish,6,2023-04-21,2337.TW,0.2531736858229416,0.7979739850213292,False,0.19351906810434186,74
2025-03-31,1101.TW,1101,台泥,83,bearish,-0.0702028097834787,-7.02028097834787,bearish_cluster_6_rep_3,bearish,6,2023-04-21,2337.TW,0.25377895655565985,0.7975887573892347,True,0.19351906810434186,75
2025-08-26,2609.TW,2609,陽明,77,neutral,-0.0220338853739076,-2.20338853739076,bearish_cluster_6_rep_3,bearish,6,2023-04-21,2337.TW,0.2538400767953046,0.7975498777770004,False,0.19351906810434186,76
2025-11-04,2002.TW,2002,中鋼,62,neutral,0.0027548840473874,0.275488404738744,bearish_cluster_6_rep_3,bearish,6,2023-04-21,2337.TW,0.25400991855221544,0.7974418584779009,False,0.19351906810434186,77
2022-02-24,6239.TW,6239,力成,76,neutral,0.0377562040477108,3.775620404771085,bearish_cluster_6_rep_3,bearish,6,2023-04-21,2337.TW,0.2541583208472086,0.7973474986192176,False,0.19351906810434186,78
2024-09-03,3034.TW,3034,聯詠,58,neutral,-0.0112781954887217,-1.1278195488721776,bearish_cluster_6_rep_3,bearish,6,2023-04-21,2337.TW,0.25422064795376714,0.7973078753180133,False,0.19351906810434186,79
2025-09-15,1590.TW,1590,亞德客-KY,64,neutral,0.0,0.0,bearish_cluster_6_rep_3,bearish,6,2023-04-21,2337.TW,0.25438237185867074,0.7972050807109624,False,0.19351906810434186,80
2021-01-22,1101.TW,1101,台泥,83,neutral,-0.0061576283405924,-0.6157628340592414,bearish_cluster_6_rep_3,bearish,6,2023-04-21,2337.TW,0.25443701286756226,0.797170355898591,False,0.19351906810434186,81
2020-09-24,4904.TW,4904,遠傳,54,neutral,0.0200000127156576,2.0000012715657656,bearish_cluster_6_rep_3,bearish,6,2023-04-21,2337.TW,0.25445460281852555,0.7971591779831542,False,0.19351906810434186,82
2024-01-09,2002.TW,2002,中鋼,62,neutral,-0.0076923370361328,-0.7692337036132812,bearish_cluster_6_rep_3,bearish,6,2023-04-21,2337.TW,0.25519851473124483,0.7966867298389958,False,0.19351906810434186,83
2024-12-12,2376.TW,2376,技嘉,70,neutral,-0.012891344383057,-1.2891344383057055,bearish_cluster_6_rep_3,bearish,6,2023-04-21,2337.TW,0.25560575093288673,0.7964283368860191,False,0.19351906810434186,84
2022-09-02,2449.TW,2449,京元電子,57,neutral,-0.0274724246885172,-2.7472424688517294,bearish_cluster_6_rep_3,bearish,6,2023-04-21,2337.TW,0.2556219309477073,0.7964180740656774,False,0.19351906810434186,85
2019-04-18,2409.TW,2409,友達,80,neutral,-0.0044247787610619,-0.4424778761061954,bearish_cluster_6_rep_3,bearish,6,2023-04-21,2337.TW,0.2557016083253302,0.7963675393660223,False,0.19351906810434186,86
2023-09-08,1101.TW,1101,台泥,83,neutral,0.03519063978405,3.519063978405001,bearish_cluster_6_rep_3,bearish,6,2023-04-21,2337.TW,0.2558957362807478,0.796244442203008,False,0.19351906810434186,87
2021-08-20,1326.TW,1326,台化,51,neutral,0.0316055631887011,3.160556318870112,bearish_cluster_6_rep_3,bearish,6,2023-04-21,2337.TW,0.2559785340202875,0.7961919514651891,False,0.19351906810434186,88
2021-07-22,1504.TW,1504,東元,89,neutral,-0.0015823146773915,-0.158231467739156,bearish_cluster_6_rep_3,bearish,6,2023-04-21,2337.TW,0.2562079470490328,0.7960465481444432,False,0.19351906810434186,89
2023-11-10,2609.TW,2609,陽明,77,neutral,0.0193704419331479,1.9370441933147964,bearish_cluster_6_rep_3,bearish,6,2023-04-21,2337.TW,0.25641212427860177,0.7959171840801627,False,0.19351906810434186,90
2019-12-13,2615.TW,2615,萬海,59,neutral,0.0364145686660499,3.641456866604997,bearish_cluster_6_rep_3,bearish,6,2023-04-21,2337.TW,0.25658822023832434,0.7958056457113215,False,0.19351906810434186,91
2022-06-06,3044.TW,3044,健鼎,65,neutral,0.0262008733624454,2.620087336244548,bearish_cluster_6_rep_3,bearish,6,2023-04-21,2337.TW,0.2574277593901884,0.7952743149912386,False,0.19351906810434186,92
2019-08-02,2618.TW,2618,長榮航,72,neutral,-0.0212766772553186,-2.127667725531868,bearish_cluster_6_rep_3,bearish,6,2023-04-21,2337.TW,0.25752088931165307,0.7952154182881082,False,0.19351906810434186,93
2025-10-08,2347.TW,2347,聯強,99,neutral,-0.0263591807035898,-2.635918070358989,bearish_cluster_6_rep_3,bearish,6,2023-04-21,2337.TW,0.2576019501751998,0.7951641613315623,False,0.19351906810434186,94
2024-01-16,1504.TW,1504,東元,89,neutral,-0.0200892349667077,-2.008923496670778,bearish_cluster_6_rep_3,bearish,6,2023-04-21,2337.TW,0.2582466525194292,0.7947567339024243,False,0.19351906810434186,95
2019-05-30,3044.TW,3044,健鼎,65,neutral,-0.0147783251231526,-1.4778325123152691,bearish_cluster_7_rep_1,bearish,7,2019-07-17,3481.TW,0.3472851811266222,0.7422333549039584,False,0.0,1
2024-12-04,2492.TW,2492,華新科,100,neutral,-0.0431372698615578,-4.313726986155785,bearish_cluster_7_rep_1,bearish,7,2019-07-17,3481.TW,0.36251928642925435,0.7339345651544453,False,0.0,2
2020-12-02,6239.TW,6239,力成,76,neutral,0.0110663828695687,1.1066382869568736,bearish_cluster_7_rep_1,bearish,7,2019-07-17,3481.TW,0.36307102804522967,0.7336374843459866,False,0.0,3
2023-01-31,6213.TW,6213,聯茂,81,neutral,0.009864402796667,0.9864402796667004,bearish_cluster_7_rep_1,bearish,7,2019-07-17,3481.TW,0.364363248106218,0.7329426392773578,False,0.0,4
2021-11-09,6770.TW,6770,力積電,55,neutral,-0.0172643160567237,-1.726431605672374,bearish_cluster_7_rep_1,bearish,7,2019-07-17,3481.TW,0.37311913935176494,0.7282689253549327,False,0.0,5
2023-06-19,2409.TW,2409,友達,80,neutral,-0.0247524743126416,-2.4752474312641604,bearish_cluster_7_rep_1,bearish,7,2019-07-17,3481.TW,0.37407811208803715,0.7277606645523294,False,0.0,6
2023-11-16,2618.TW,2618,長榮航,72,neutral,-0.0187500119209288,-1.8750011920928844,bearish_cluster_7_rep_1,bearish,7,2019-07-17,3481.TW,0.39833296543451485,0.7151372560892622,False,0.0,7
2023-08-09,3036.TW,3036,文曄,68,neutral,-0.0364865655436531,-3.648656554365315,bearish_cluster_7_rep_1,bearish,7,2019-07-17,3481.TW,0.41383580824053123,0.7072957087177363,False,0.0,8
2021-01-25,6770.TW,6770,力積電,55,bearish,-0.0517577582735905,-5.175775827359052,bearish_cluster_7_rep_1,bearish,7,2019-07-17,3481.TW,0.4205446177617956,0.7039553615539342,True,0.0,9
2021-06-16,2313.TW,2313,華通,60,neutral,-0.040194829277658,-4.0194829277658055,bearish_cluster_7_rep_1,bearish,7,2019-07-17,3481.TW,0.4233466650642554,0.7025695317555376,False,0.0,10
2024-05-21,6919.TW,6919,康霈*,97,neutral,0.0085469711257697,0.8546971125769742,bearish_cluster_7_rep_1,bearish,7,2019-07-17,3481.TW,0.42723765374025563,0.7006541604191666,False,0.0,11
2018-07-24,1101.TW,1101,台泥,83,neutral,-0.0075824236947662,-0.7582423694766249,bearish_cluster_7_rep_1,bearish,7,2019-07-17,3481.TW,0.4289298541575375,0.6998244155165866,False,0.0,12
2023-03-01,6139.TW,6139,亞翔,85,neutral,0.0330672987706506,3.306729877065062,bearish_cluster_7_rep_1,bearish,7,2019-07-17,3481.TW,0.42940327774103837,0.699592631115519,False,0.0,13
2021-09-27,3481.TW,3481,群創,52,neutral,-0.0313390273565876,-3.1339027356587668,bearish_cluster_7_rep_1,bearish,7,2019-07-17,3481.TW,0.43521181335591713,0.6967612659637513,False,0.0,14
2022-11-29,2618.TW,2618,長榮航,72,neutral,-0.0247349425604976,-2.4734942560497686,bearish_cluster_7_rep_1,bearish,7,2019-07-17,3481.TW,0.437151645237833,0.6958207947738951,False,0.0,15
2021-06-09,6213.TW,6213,聯茂,81,bullish,0.0606060713305305,6.060607133053053,bearish_cluster_7_rep_1,bearish,7,2019-07-17,3481.TW,0.44596045435596215,0.6915818458156969,False,0.0,16
2022-03-09,2404.TW,2404,漢唐,79,neutral,0.0271739130434782,2.717391304347827,bearish_cluster_7_rep_1,bearish,7,2019-07-17,3481.TW,0.4520513530438828,0.6886808775073527,False,0.0,17
2024-01-19,6919.TW,6919,康霈*,97,bullish,0.0895705895921203,8.957058959212038,bearish_cluster_7_rep_1,bearish,7,2019-07-17,3481.TW,0.45386598646648885,0.687821304926752,False,0.0,18
2021-09-01,6213.TW,6213,聯茂,81,neutral,-0.031578947368421,-3.157894736842104,bearish_cluster_7_rep_1,bearish,7,2019-07-17,3481.TW,0.4681893482151073,0.6811110577908157,False,0.0,19
2018-02-02,3034.TW,3034,聯詠,58,bearish,-0.0689655172413793,-6.896551724137934,bearish_cluster_7_rep_1,bearish,7,2019-07-17,3481.TW,0.4700109743812973,0.6802670302654598,True,0.0,20
2019-04-22,2404.TW,2404,漢唐,79,bullish,0.1680672268907563,16.806722689075638,bearish_cluster_7_rep_1,bearish,7,2019-07-17,3481.TW,0.4725083936773691,0.6791132765652017,False,0.0,21
2020-05-12,2376.TW,2376,技嘉,70,bullish,0.1182796125279308,11.827961252793084,bearish_cluster_7_rep_1,bearish,7,2019-07-17,3481.TW,0.47361551366534255,0.6786030621465753,False,0.0,22
2019-09-27,2492.TW,2492,華新科,100,neutral,0.0286532951289397,2.865329512893977,bearish_cluster_7_rep_1,bearish,7,2019-07-17,3481.TW,0.47385155985650707,0.6784943797850029,False,0.0,23
2024-07-12,2409.TW,2409,友達,80,neutral,-0.027848062635977,-2.7848062635977056,bearish_cluster_7_rep_1,bearish,7,2019-07-17,3481.TW,0.4827207532784723,0.6744358287215451,False,0.0,24
2023-03-08,3532.TW,3532,台勝科,98,bearish,-0.0574018126888217,-5.740181268882171,bearish_cluster_7_rep_1,bearish,7,2019-07-17,3481.TW,0.48283668716932804,0.6743830987274515,True,0.0,25
2025-02-13,2002.TW,2002,中鋼,62,neutral,0.0228310506259978,2.2831050625997884,bearish_cluster_7_rep_1,bearish,7,2019-07-17,3481.TW,0.4830106055061046,0.6743040112371493,False,0.0,26
2024-04-02,6515.TW,6515,穎崴,73,bullish,0.0652741514360313,6.5274151436031325,bearish_cluster_7_rep_1,bearish,7,2019-07-17,3481.TW,0.4871824801078485,0.6724124398826171,False,0.0,27
2024-02-19,3034.TW,3034,聯詠,58,bullish,0.0618181818181817,6.181818181818177,bearish_cluster_7_rep_1,bearish,7,2019-07-17,3481.TW,0.4891070550147397,0.6715433901359776,False,0.0,28
2021-04-08,2002.TW,2002,中鋼,62,bullish,0.0728241979463375,7.282419794633754,bearish_cluster_7_rep_1,bearish,7,2019-07-17,3481.TW,0.4907461365228907,0.670805025416643,False,0.0,29
2025-01-02,5871.TW,5871,中租-KY,78,neutral,-0.0331950035271366,-3.319500352713667,bearish_cluster_7_rep_1,bearish,7,2019-07-17,3481.TW,0.4920521290040029,0.6702178701139182,False,0.0,30
2022-10-03,1802.TW,1802,台玻,86,neutral,0.0218580077899039,2.185800778990399,bearish_cluster_7_rep_1,bearish,7,2019-07-17,3481.TW,0.49223321221441163,0.6701365388564445,False,0.0,31
2023-07-17,2313.TW,2313,華通,60,bearish,-0.0628865822074339,-6.288658220743393,bearish_cluster_7_rep_1,bearish,7,2019-07-17,3481.TW,0.4927657977989134,0.6698974490670286,True,0.0,32
2024-02-16,2449.TW,2449,京元電子,57,neutral,-0.0277777604703551,-2.7777760470355184,bearish_cluster_7_rep_1,bearish,7,2019-07-17,3481.TW,0.4943685342073568,0.6691789723278805,False,0.0,33
2024-09-27,2002.TW,2002,中鋼,62,neutral,0.0259740420589358,2.597404205893583,bearish_cluster_7_rep_1,bearish,7,2019-07-17,3481.TW,0.4963796494899521,0.6682796042707841,False,0.0,34
2021-02-22,2618.TW,2618,長榮航,72,bullish,0.1045296139460012,10.452961394600123,bearish_cluster_7_rep_1,bearish,7,2019-07-17,3481.TW,0.4972198435342598,0.6679045861691572,False,0.0,35
2022-08-26,2618.TW,2618,長榮航,72,neutral,-0.0117130749050123,-1.1713074905012388,bearish_cluster_7_rep_1,bearish,7,2019-07-17,3481.TW,0.49757709626186725,0.6677452549829457,False,0.0,36
2024-05-20,1605.TW,1605,華新,88,neutral,-0.0449871447649117,-4.498714476491172,bearish_cluster_7_rep_1,bearish,7,2019-07-17,3481.TW,0.49920955519047827,0.6670181606953189,False,0.0,37
2021-02-25,1402.TW,1402,遠東新,94,neutral,-0.0050847328315346,-0.5084732831534655,bearish_cluster_7_rep_1,bearish,7,2019-07-17,3481.TW,0.5002646206315912,0.6665490782412863,False,0.0,38
2020-11-24,6515.TW,6515,穎崴,73,neutral,0.0058411214953271,0.5841121495327117,bearish_cluster_7_rep_1,bearish,7,2019-07-17,3481.TW,0.5004601871546251,0.6664622017704681,False,0.0,39
2025-09-17,2409.TW,2409,友達,80,neutral,0.0,0.0,bearish_cluster_7_rep_1,bearish,7,2019-07-17,3481.TW,0.5009938904596128,0.666225230066589,False,0.0,40
2021-12-29,3036.TW,3036,文曄,68,bullish,0.0503496529295768,5.034965292957683,bearish_cluster_7_rep_1,bearish,7,2019-07-17,3481.TW,0.5031278311229287,0.66527941223265,False,0.0,41
2019-07-12,3533.TW,3533,嘉澤,82,neutral,0.0243363131709768,2.433631317097684,bearish_cluster_7_rep_1,bearish,7,2019-07-17,3481.TW,0.5037183095928298,0.6650181710368185,False,0.0,42
2018-04-09,1605.TW,1605,華新,88,neutral,0.0476189645050546,4.761896450505465,bearish_cluster_7_rep_1,bearish,7,2019-07-17,3481.TW,0.5068938409752107,0.663616754417706,False,0.0,43
2018-03-12,5871.TW,5871,中租-KY,78,neutral,-0.0284359947861676,-2.843599478616765,bearish_cluster_7_rep_1,bearish,7,2019-07-17,3481.TW,0.5074741570331809,0.6633612890373345,False,0.0,44
2019-03-21,2404.TW,2404,漢唐,79,neutral,-0.0313901345291479,-3.139013452914796,bearish_cluster_7_rep_1,bearish,7,2019-07-17,3481.TW,0.5097458173354938,0.6623631531332014,False,0.0,45
2022-04-06,1519.TW,1519,華城,66,neutral,-0.02466368453234,-2.4663684532340024,bearish_cluster_7_rep_1,bearish,7,2019-07-17,3481.TW,0.5101090125616997,0.6622038486503916,False,0.0,46
2023-12-12,2404.TW,2404,漢唐,79,neutral,0.011111111111111,1.1111111111111072,bearish_cluster_7_rep_1,bearish,7,2019-07-17,3481.TW,0.5111387746892481,0.6617525913234811,False,0.0,47
2025-12-15,2313.TW,2313,華通,60,neutral,0.0043956211635045,0.4395621163504559,bearish_cluster_7_rep_1,bearish,7,2019-07-17,3481.TW,0.5111955594069022,0.6617277252935214,False,0.0,48
2023-02-08,3481.TW,3481,群創,52,neutral,-0.0421455566517787,-4.214555665177877,bearish_cluster_7_rep_1,bearish,7,2019-07-17,3481.TW,0.5118160730094372,0.6614561240967556,False,0.0,49
2024-11-07,2324.TW,2324,仁寶,84,neutral,-0.0340760943581081,-3.40760943581081,bearish_cluster_7_rep_1,bearish,7,2019-07-17,3481.TW,0.5161603024488791,0.6595608646294295,False,0.0,50
2025-02-04,2379.TW,2379,瑞昱,53,neutral,-0.0281195079086116,-2.811950790861162,bearish_cluster_7_rep_1,bearish,7,2019-07-17,3481.TW,0.5162118842397604,0.6595384262545912,False,0.0,51
2019-08-30,2492.TW,2492,華新科,100,neutral,0.018987341772152,1.8987341772152,bearish_cluster_7_rep_1,bearish,7,2019-07-17,3481.TW,0.5170368137400936,0.6591797845265244,False,0.0,52
2021-08-11,2404.TW,2404,漢唐,79,bearish,-0.0679611650485436,-6.796116504854366,bearish_cluster_7_rep_1,bearish,7,2019-07-17,3481.TW,0.5182420839078004,0.658656488711011,True,0.0,53
2025-06-18,3044.TW,3044,健鼎,65,neutral,-0.0041152263374485,-0.4115226337448541,bearish_cluster_7_rep_1,bearish,7,2019-07-17,3481.TW,0.5194790418224777,0.658120298125725,False,0.0,54
2018-11-29,2379.TW,2379,瑞昱,53,neutral,0.0,0.0,bearish_cluster_7_rep_1,bearish,7,2019-07-17,3481.TW,0.5205549528441892,0.6576546267726174,False,0.0,55
2025-06-12,1519.TW,1519,華城,66,bullish,0.0761718248529368,7.617182485293683,bearish_cluster_7_rep_1,bearish,7,2019-07-17,3481.TW,0.5219664425995508,0.6570447100607415,False,0.0,56
2019-12-24,2492.TW,2492,華新科,100,bullish,0.0528846153846154,5.288461538461542,bearish_cluster_7_rep_1,bearish,7,2019-07-17,3481.TW,0.5220495275193489,0.6570088436148394,False,0.0,57
2020-01-08,3481.TW,3481,群創,52,bullish,0.0710194736493672,7.101947364936723,bearish_cluster_7_rep_1,bearish,7,2019-07-17,3481.TW,0.5221809800398778,0.6569521056384519,False,0.0,58
2023-07-27,1802.TW,1802,台玻,86,bullish,0.1088083142219629,10.880831422196293,bearish_cluster_7_rep_1,bearish,7,2019-07-17,3481.TW,0.5222692524877991,0.6569140106887988,False,0.0,59
2020-01-02,6415.TW,6415,矽力*-KY,92,bearish,-0.0682926829268292,-6.829268292682922,bearish_cluster_7_rep_1,bearish,7,2019-07-17,3481.TW,0.5225894776998901,0.6567758510394126,True,0.0,60
2022-11-21,1519.TW,1519,華城,66,neutral,0.0049382674260394,0.4938267426039422,bearish_cluster_7_rep_1,bearish,7,2019-07-17,3481.TW,0.5232661122276254,0.6564841113268116,False,0.0,61
2024-05-29,6239.TW,6239,力成,76,neutral,-0.037037037037037,-3.703703703703709,bearish_cluster_7_rep_1,bearish,7,2019-07-17,3481.TW,0.5239170163243679,0.6562037101022491,False,0.0,62
2019-03-29,2313.TW,2313,華通,60,bullish,0.1223628491634949,12.236284916349494,bearish_cluster_7_rep_1,bearish,7,2019-07-17,3481.TW,0.524207218544518,0.6560787718581407,False,0.0,63
2024-12-18,6789.TW,6789,采鈺,96,neutral,0.0034843205574912,0.348432055749126,bearish_cluster_7_rep_1,bearish,7,2019-07-17,3481.TW,0.5245130438878959,0.6559471590021597,False,0.0,64
2019-11-01,1590.TW,1590,亞德客-KY,64,neutral,-0.0157657580915785,-1.576575809157854,bearish_cluster_7_rep_1,bearish,7,2019-07-17,3481.TW,0.5251876361419808,0.6556570328156721,False,0.0,65
2019-11-29,2409.TW,2409,友達,80,neutral,-0.0341685637326403,-3.416856373264032,bearish_cluster_7_rep_1,bearish,7,2019-07-17,3481.TW,0.5255624177605118,0.6554959589709711,False,0.0,66
2023-07-17,6213.TW,6213,聯茂,81,neutral,0.0291005902386334,2.910059023863343,bearish_cluster_7_rep_1,bearish,7,2019-07-17,3481.TW,0.5265209917695525,0.6550843423651803,False,0.0,67
2019-06-19,3532.TW,3532,台勝科,98,bullish,0.0909090909090908,9.090909090909085,bearish_cluster_7_rep_1,bearish,7,2019-07-17,3481.TW,0.5266053579617399,0.655048139838287,False,0.0,68
2023-12-04,2615.TW,2615,萬海,59,neutral,-0.0457143147786459,-4.571431477864596,bearish_cluster_7_rep_1,bearish,7,2019-07-17,3481.TW,0.5279797895439761,0.6544589181369008,False,0.0,69
2021-06-15,2492.TW,2492,華新科,100,neutral,-0.0206422018348624,-2.064220183486243,bearish_cluster_7_rep_1,bearish,7,2019-07-17,3481.TW,0.528395575265057,0.6542808787094128,False,0.0,70
2021-02-02,1504.TW,1504,東元,89,neutral,-0.0206185695396688,-2.0618569539668896,bearish_cluster_7_rep_1,bearish,7,2019-07-17,3481.TW,0.5298752067186229,0.6536480855486677,False,0.0,71
2025-10-30,2609.TW,2609,陽明,77,bearish,-0.0799999872843424,-7.999998728434243,bearish_cluster_7_rep_1,bearish,7,2019-07-17,3481.TW,0.5316493101864919,0.6528909675010667,True,0.0,72
2022-11-14,1101.TW,1101,台泥,83,neutral,0.0029282128741725,0.2928212874172553,bearish_cluster_7_rep_1,bearish,7,2019-07-17,3481.TW,0.5337601790504283,0.6519924129332355,False,0.0,73
2019-02-19,2313.TW,2313,華通,60,neutral,-0.0021691643694354,-0.2169164369435483,bearish_cluster_7_rep_1,bearish,7,2019-07-17,3481.TW,0.5349713695791433,0.6514779492429092,False,0.0,74
2023-11-03,2618.TW,2618,長榮航,72,neutral,-0.025,-2.500000000000002,bearish_cluster_7_rep_1,bearish,7,2019-07-17,3481.TW,0.536794802564705,0.6507049596544274,False,0.0,75
2020-04-29,2618.TW,2618,長榮航,72,neutral,-0.0221238934318762,-2.2123893431876263,bearish_cluster_7_rep_1,bearish,7,2019-07-17,3481.TW,0.5371276136718119,0.6505640723031779,False,0.0,76
2021-06-23,2207.TW,2207,和泰車,63,neutral,0.0016447629459677,0.1644762945967715,bearish_cluster_7_rep_1,bearish,7,2019-07-17,3481.TW,0.5380611491348352,0.6501692085275697,False,0.0,77
2024-11-07,2313.TW,2313,華通,60,bearish,-0.0752212693106381,-7.522126931063811,bearish_cluster_7_rep_1,bearish,7,2019-07-17,3481.TW,0.539266286766178,0.6496601716009031,True,0.0,78
2024-01-02,2618.TW,2618,長榮航,72,neutral,-0.0253730887797341,-2.53730887797341,bearish_cluster_7_rep_1,bearish,7,2019-07-17,3481.TW,0.5399800473308339,0.6493590626276277,False,0.0,79
2023-11-01,3034.TW,3034,聯詠,58,bullish,0.0553191489361701,5.531914893617018,bearish_cluster_7_rep_1,bearish,7,2019-07-17,3481.TW,0.5405262258399172,0.649128838721837,False,0.0,80
2025-07-17,6139.TW,6139,亞翔,85,neutral,-0.0102189781021897,-1.0218978102189746,bearish_cluster_7_rep_1,bearish,7,2019-07-17,3481.TW,0.5407141101397149,0.6490496798976664,False,0.0,81
2019-09-20,2207.TW,2207,和泰車,63,neutral,-0.0341261266411694,-3.412612664116943,bearish_cluster_7_rep_1,bearish,7,2019-07-17,3481.TW,0.5412254749783694,0.6488343310144382,False,0.0,82
2020-04-24,2337.TW,2337,旺宏,67,neutral,0.0292825755583701,2.9282575558370105,bearish_cluster_7_rep_1,bearish,7,2019-07-17,3481.TW,0.5414159010788743,0.6487541741979408,False,0.0,83
2020-12-28,2337.TW,2337,旺宏,67,neutral,-0.0342465759389969,-3.4246575938996937,bearish_cluster_7_rep_1,bearish,7,2019-07-17,3481.TW,0.5424437962135583,0.6483218399625535,False,0.0,84
2023-10-12,2492.TW,2492,華新科,100,neutral,-0.0092592592592593,-0.92592592592593,bearish_cluster_7_rep_1,bearish,7,2019-07-17,3481.TW,0.5425582063715696,0.6482737545134301,False,0.0,85
2024-12-04,2337.TW,2337,旺宏,67,neutral,0.0136986826317264,1.3698682631726466,bearish_cluster_7_rep_1,bearish,7,2019-07-17,3481.TW,0.5426629827378141,0.6482297243078118,False,0.0,86
2024-10-23,6213.TW,6213,聯茂,81,neutral,-0.0038023199740929,-0.3802319974092971,bearish_cluster_7_rep_1,bearish,7,2019-07-17,3481.TW,0.5430254880932884,0.6480774346998615,False,0.0,87
2019-01-16,3533.TW,3533,嘉澤,82,neutral,-0.006992995953259,-0.6992995953259085,bearish_cluster_7_rep_1,bearish,7,2019-07-17,3481.TW,0.5434723548698096,0.6478898030437021,False,0.0,88
2023-12-04,2609.TW,2609,陽明,77,neutral,-0.0321151874625817,-3.21151874625818,bearish_cluster_7_rep_1,bearish,7,2019-07-17,3481.TW,0.5451626925264819,0.6471810410882421,False,0.0,89
2021-11-18,2313.TW,2313,華通,60,neutral,-0.0410958737080869,-4.109587370808699,bearish_cluster_7_rep_1,bearish,7,2019-07-17,3481.TW,0.5454184765884279,0.6470739253794475,False,0.0,90
2019-02-21,2449.TW,2449,京元電子,57,bullish,0.0524193173919822,5.2419317391982245,bearish_cluster_7_rep_1,bearish,7,2019-07-17,3481.TW,0.5485670491067789,0.6457582838126414,False,0.0,91
2020-05-08,6213.TW,6213,聯茂,81,neutral,-0.0327869270946772,-3.278692709467723,bearish_cluster_7_rep_1,bearish,7,2019-07-17,3481.TW,0.5505774689629103,0.6449210181474138,False,0.0,92
2021-10-26,6770.TW,6770,力積電,55,neutral,-0.0059880465210304,-0.5988046521030466,bearish_cluster_7_rep_1,bearish,7,2019-07-17,3481.TW,0.5508109355469224,0.6448239286159866,False,0.0,93
2019-11-27,3481.TW,3481,群創,52,neutral,0.0330688324302583,3.3068832430258377,bearish_cluster_7_rep_1,bearish,7,2019-07-17,3481.TW,0.5516632417355866,0.6444697361532306,False,0.0,94
2018-11-06,3481.TW,3481,群創,52,neutral,0.0049751893857263,0.4975189385726386,bearish_cluster_7_rep_1,bearish,7,2019-07-17,3481.TW,0.5521038870032726,0.6442867699601937,False,0.0,95
2022-08-15,1605.TW,1605,華新,88,neutral,0.0394558030731824,3.9455803073182416,bearish_cluster_7_rep_2,bearish,7,2024-12-25,6515.TW,0.4732458413087956,0.6787733397649536,False,0.0,1
2025-09-25,1802.TW,1802,台玻,86,neutral,-0.0261324034865002,-2.613240348650025,bearish_cluster_7_rep_2,bearish,7,2024-12-25,6515.TW,0.4895210457467658,0.671356744408169,False,0.0,2
2023-08-22,2449.TW,2449,京元電子,57,bullish,0.1505065161598027,15.050651615980271,bearish_cluster_7_rep_2,bearish,7,2024-12-25,6515.TW,0.4900101275656364,0.6711363778673035,False,0.0,3
2024-03-22,2356.TW,2356,英業達,71,neutral,-0.0392798325878543,-3.927983258785439,bearish_cluster_7_rep_2,bearish,7,2024-12-25,6515.TW,0.503429856716713,0.6651457635568475,False,0.0,4
2019-01-16,3533.TW,3533,嘉澤,82,neutral,-0.006992995953259,-0.6992995953259085,bearish_cluster_7_rep_2,bearish,7,2024-12-25,6515.TW,0.5096687960991486,0.6623969459949838,False,0.0,5
2022-02-08,2618.TW,2618,長榮航,72,bullish,0.1023765703110415,10.237657031104153,bearish_cluster_7_rep_2,bearish,7,2024-12-25,6515.TW,0.5158304353795734,0.6597043948056062,False,0.0,6
2021-09-16,6213.TW,6213,聯茂,81,bullish,0.1023102310231023,10.231023102310232,bearish_cluster_7_rep_2,bearish,7,2024-12-25,6515.TW,0.518085144797213,0.6587245803881315,False,0.0,7
2022-12-16,2615.TW,2615,萬海,59,neutral,0.0126903548384784,1.2690354838478468,bearish_cluster_7_rep_2,bearish,7,2024-12-25,6515.TW,0.5214814060893214,0.6572541708349298,False,0.0,8
2024-01-22,2356.TW,2356,英業達,71,neutral,0.0035714421953474,0.357144219534744,bearish_cluster_7_rep_2,bearish,7,2024-12-25,6515.TW,0.5293864623702471,0.6538569711478924,False,0.0,9
2023-04-07,1519.TW,1519,華城,66,bullish,0.2268694780066238,22.68694780066238,bearish_cluster_7_rep_2,bearish,7,2024-12-25,6515.TW,0.5301995383155033,0.6535095423573547,False,0.0,10
2023-07-27,2409.TW,2409,友達,80,neutral,-0.0210279842809515,-2.102798428095154,bearish_cluster_7_rep_2,bearish,7,2024-12-25,6515.TW,0.5478100558858745,0.6460741072183172,False,0.0,11
2021-04-26,2449.TW,2449,京元電子,57,neutral,0.0248447086500085,2.484470865000854,bearish_cluster_7_rep_2,bearish,7,2024-12-25,6515.TW,0.550571809607856,0.6449233720126144,False,0.0,12
2021-04-13,2618.TW,2618,長榮航,72,neutral,-0.0171920419078907,-1.7192041907890698,bearish_cluster_7_rep_2,bearish,7,2024-12-25,6515.TW,0.5510574824209239,0.6447214312387562,False,0.0,13
2020-05-08,6213.TW,6213,聯茂,81,neutral,-0.0327869270946772,-3.278692709467723,bearish_cluster_7_rep_2,bearish,7,2024-12-25,6515.TW,0.5674975627683096,0.637959524628498,False,0.0,14
2023-05-19,3044.TW,3044,健鼎,65,neutral,0.0040983606557376,0.4098360655737654,bearish_cluster_7_rep_2,bearish,7,2024-12-25,6515.TW,0.5683229476921092,0.6376237760670186,False,0.0,15
2023-06-16,1802.TW,1802,台玻,86,neutral,-0.0248756214184429,-2.4875621418442906,bearish_cluster_7_rep_2,bearish,7,2024-12-25,6515.TW,0.5705619054173398,0.6367147939541253,False,0.0,16
2018-04-09,1590.TW,1590,亞德客-KY,64,bullish,0.0748175408666766,7.481754086667669,bearish_cluster_7_rep_2,bearish,7,2024-12-25,6515.TW,0.575549681832841,0.6346991221734738,False,0.0,17
2022-10-03,1802.TW,1802,台玻,86,neutral,0.0218580077899039,2.185800778990399,bearish_cluster_7_rep_2,bearish,7,2024-12-25,6515.TW,0.5794435864035271,0.633134357319498,False,0.0,18
2024-04-12,1504.TW,1504,東元,89,neutral,0.0049341980398853,0.4934198039885373,bearish_cluster_7_rep_2,bearish,7,2024-12-25,6515.TW,0.5818553202546995,0.6321690657771324,False,0.0,19
2023-12-04,2615.TW,2615,萬海,59,neutral,-0.0457143147786459,-4.571431477864596,bearish_cluster_7_rep_2,bearish,7,2024-12-25,6515.TW,0.5837639373171005,0.631407229598877,False,0.0,20
2025-02-13,2002.TW,2002,中鋼,62,neutral,0.0228310506259978,2.2831050625997884,bearish_cluster_7_rep_2,bearish,7,2024-12-25,6515.TW,0.5905788705086621,0.6287019264126168,False,0.0,21
2025-09-22,7750.TW,7750,新代,91,bearish,-0.0778688524590164,-7.786885245901642,bearish_cluster_7_rep_2,bearish,7,2024-12-25,6515.TW,0.5912256828485759,0.6284463673372986,True,0.0,22
2021-06-18,2376.TW,2376,技嘉,70,bearish,-0.1159999999999999,-11.6,bearish_cluster_7_rep_2,bearish,7,2024-12-25,6515.TW,0.5937146690827169,0.6274648902965566,True,0.0,23
2024-12-02,3533.TW,3533,嘉澤,82,neutral,0.0338541666666667,3.385416666666674,bearish_cluster_7_rep_2,bearish,7,2024-12-25,6515.TW,0.5965857685413382,0.6263365361909828,False,0.0,24
2025-07-11,6531.TW,6531,愛普*,95,neutral,-0.0030864197530864,-0.3086419753086433,bearish_cluster_7_rep_2,bearish,7,2024-12-25,6515.TW,0.6035188396422662,0.6236284696368725,False,0.0,25
2025-02-06,1802.TW,1802,台玻,86,bearish,-0.0672269320613117,-6.7226932061311695,bearish_cluster_7_rep_2,bearish,7,2024-12-25,6515.TW,0.6060696620733595,0.6226379985965538,True,0.0,26
2024-09-30,7750.TW,7750,新代,91,neutral,-0.0272727272727272,-2.727272727272722,bearish_cluster_7_rep_2,bearish,7,2024-12-25,6515.TW,0.6081994012380525,0.6218134388249134,False,0.0,27
2022-04-06,1519.TW,1519,華城,66,neutral,-0.02466368453234,-2.4663684532340024,bearish_cluster_7_rep_2,bearish,7,2024-12-25,6515.TW,0.609829085250891,0.6211839562111965,False,0.0,28
2021-07-23,6515.TW,6515,穎崴,73,neutral,-0.0439189189189189,-4.3918918918918965,bearish_cluster_7_rep_2,bearish,7,2024-12-25,6515.TW,0.6110575775508045,0.6207102799641965,False,0.0,29
2019-04-30,2207.TW,2207,和泰車,63,neutral,-0.006424018123787,-0.6424018123787012,bearish_cluster_7_rep_2,bearish,7,2024-12-25,6515.TW,0.6126714023357527,0.6200891257522302,False,0.0,30
2024-11-22,1802.TW,1802,台玻,86,neutral,-0.0338982502916213,-3.38982502916213,bearish_cluster_7_rep_2,bearish,7,2024-12-25,6515.TW,0.6235347604626662,0.6159399997786468,False,0.0,31
2024-11-05,2376.TW,2376,技嘉,70,neutral,0.0391156462585033,3.911564625850339,bearish_cluster_7_rep_2,bearish,7,2024-12-25,6515.TW,0.62507885553765,0.6153547543815371,False,0.0,32
2025-07-18,1326.TW,1326,台化,51,bullish,0.0551180960455179,5.511809604551798,bearish_cluster_7_rep_2,bearish,7,2024-12-25,6515.TW,0.6258834375935816,0.6150502409201414,False,0.0,33
2022-11-29,2618.TW,2618,長榮航,72,neutral,-0.0247349425604976,-2.4734942560497686,bearish_cluster_7_rep_2,bearish,7,2024-12-25,6515.TW,0.6268065408131748,0.614701241304415,False,0.0,34
2019-12-10,2409.TW,2409,友達,80,neutral,0.0213219609267647,2.132196092676475,bearish_cluster_7_rep_2,bearish,7,2024-12-25,6515.TW,0.63273549546765,0.6124690758398554,False,0.0,35
2021-11-18,2409.TW,2409,友達,80,neutral,-0.0209302325581395,-2.0930232558139528,bearish_cluster_7_rep_2,bearish,7,2024-12-25,6515.TW,0.6347039858629219,0.611731548126203,False,0.0,36
2024-06-17,1802.TW,1802,台玻,86,neutral,-0.0246913580246913,-2.469135802469136,bearish_cluster_7_rep_2,bearish,7,2024-12-25,6515.TW,0.6367860028394623,0.6109534161858794,False,0.0,37
2023-03-01,6139.TW,6139,亞翔,85,neutral,0.0330672987706506,3.306729877065062,bearish_cluster_7_rep_2,bearish,7,2024-12-25,6515.TW,0.6386242787969023,0.610268023572928,False,0.0,38
2022-01-04,6805.TW,6805,富世達,93,neutral,-0.0132450331125827,-1.3245033112582738,bearish_cluster_7_rep_2,bearish,7,2024-12-25,6515.TW,0.6417759804712849,0.6090964978747843,False,0.0,39
2025-09-17,3533.TW,3533,嘉澤,82,neutral,-0.0497076023391812,-4.970760233918126,bearish_cluster_7_rep_2,bearish,7,2024-12-25,6515.TW,0.6426593018677877,0.6087689631458871,False,0.0,40
2020-04-09,2618.TW,2618,長榮航,72,neutral,-0.0096618722496634,-0.9661872249663416,bearish_cluster_7_rep_2,bearish,7,2024-12-25,6515.TW,0.647877300212341,0.6068412981179744,False,0.0,41
2024-01-31,6805.TW,6805,富世達,93,bullish,0.263063063063063,26.306306306306304,bearish_cluster_7_rep_2,bearish,7,2024-12-25,6515.TW,0.6485176361584797,0.6066055819277054,False,0.0,42
2025-04-28,7750.TW,7750,新代,91,bullish,0.1310782241014798,13.107822410147984,bearish_cluster_7_rep_2,bearish,7,2024-12-25,6515.TW,0.6513504892999459,0.6055649642396196,False,0.0,43
2020-04-29,2618.TW,2618,長榮航,72,neutral,-0.0221238934318762,-2.2123893431876263,bearish_cluster_7_rep_2,bearish,7,2024-12-25,6515.TW,0.6540707130131841,0.6045690744250722,False,0.0,44
2023-12-12,6239.TW,6239,力成,76,bullish,0.1641221374045802,16.412213740458025,bearish_cluster_7_rep_2,bearish,7,2024-12-25,6515.TW,0.6573689748395848,0.6033659463770215,False,0.0,45
2025-02-17,3532.TW,3532,台勝科,98,neutral,0.0240838015890869,2.408380158908696,bearish_cluster_7_rep_2,bearish,7,2024-12-25,6515.TW,0.6612010621491771,0.6019740913879811,False,0.0,46
2022-05-31,6515.TW,6515,穎崴,73,neutral,0.0227272727272727,2.2727272727272707,bearish_cluster_7_rep_2,bearish,7,2024-12-25,6515.TW,0.6620707095988555,0.6016591196901317,False,0.0,47
2021-07-30,6770.TW,6770,力積電,55,neutral,0.0481752270329607,4.817522703296073,bearish_cluster_7_rep_2,bearish,7,2024-12-25,6515.TW,0.6623441734674613,0.6015601437782366,False,0.0,48
2025-12-04,7750.TW,7750,新代,91,neutral,-0.03690036900369,-3.690036900369009,bearish_cluster_7_rep_2,bearish,7,2024-12-25,6515.TW,0.6624988894127756,0.601504161216744,False,0.0,49
2025-07-16,3661.TW,3661,世芯-KY,56,bullish,0.05,5.000000000000004,bearish_cluster_7_rep_2,bearish,7,2024-12-25,6515.TW,0.6640678018084584,0.6009370525126623,False,0.0,50
2019-11-27,3481.TW,3481,群創,52,neutral,0.0330688324302583,3.3068832430258377,bearish_cluster_7_rep_2,bearish,7,2024-12-25,6515.TW,0.664193591434681,0.600891630124541,False,0.0,51
2023-03-20,3533.TW,3533,嘉澤,82,neutral,-0.0011261261261261,-0.112612612612617,bearish_cluster_7_rep_2,bearish,7,2024-12-25,6515.TW,0.6644316146600316,0.6008056991901436,False,0.0,52
2024-06-11,1519.TW,1519,華城,66,bullish,0.1616161274251712,16.16161274251713,bearish_cluster_7_rep_2,bearish,7,2024-12-25,6515.TW,0.6649246297799828,0.6006277894586426,False,0.0,53
2020-11-04,3532.TW,3532,台勝科,98,neutral,0.0,0.0,bearish_cluster_7_rep_2,bearish,7,2024-12-25,6515.TW,0.6653398795460708,0.6004780239049908,False,0.0,54
2023-07-27,1802.TW,1802,台玻,86,bullish,0.1088083142219629,10.880831422196293,bearish_cluster_7_rep_2,bearish,7,2024-12-25,6515.TW,0.6668317306266395,0.599940582858987,False,0.0,55
2023-01-09,1590.TW,1590,亞德客-KY,64,neutral,0.012084592145015,1.2084592145015003,bearish_cluster_7_rep_2,bearish,7,2024-12-25,6515.TW,0.6704380607955045,0.5986453634346519,False,0.0,56
2021-01-14,4938.TW,4938,和碩,69,neutral,0.0141206476582118,1.412064765821186,bearish_cluster_7_rep_2,bearish,7,2024-12-25,6515.TW,0.6713321990522857,0.5983250969298869,False,0.0,57
2021-11-04,6789.TW,6789,采鈺,96,neutral,-0.0011173184357542,-0.1117318435754244,bearish_cluster_7_rep_2,bearish,7,2024-12-25,6515.TW,0.6721124073189614,0.5980459182187303,False,0.0,58
2023-12-07,2376.TW,2376,技嘉,70,neutral,-0.0346820809248554,-3.4682080924855474,bearish_cluster_7_rep_2,bearish,7,2024-12-25,6515.TW,0.672326422401161,0.5979693836112325,False,0.0,59
2025-10-16,2449.TW,2449,京元電子,57,neutral,0.0193906417124165,1.939064171241656,bearish_cluster_7_rep_2,bearish,7,2024-12-25,6515.TW,0.6728259688744682,0.5977908154264443,False,0.0,60
2023-08-30,1802.TW,1802,台玻,86,neutral,0.0417690597315034,4.176905973150347,bearish_cluster_7_rep_2,bearish,7,2024-12-25,6515.TW,0.6742532095336946,0.5972812202513355,False,0.0,61
2023-09-05,6515.TW,6515,穎崴,73,neutral,-0.0109546165884194,-1.0954616588419452,bearish_cluster_7_rep_2,bearish,7,2024-12-25,6515.TW,0.6751341938372916,0.5969670989219457,False,0.0,62
2025-10-08,2313.TW,2313,華通,60,neutral,0.0,0.0,bearish_cluster_7_rep_2,bearish,7,2024-12-25,6515.TW,0.6782545762266795,0.5958571566945224,False,0.0,63
2023-11-17,6515.TW,6515,穎崴,73,neutral,0.0450204638472033,4.502046384720337,bearish_cluster_7_rep_2,bearish,7,2024-12-25,6515.TW,0.6812404248901919,0.594798926551694,False,0.0,64
2021-11-15,3533.TW,3533,嘉澤,82,neutral,0.0104948267936566,1.0494826793656653,bearish_cluster_7_rep_2,bearish,7,2024-12-25,6515.TW,0.6817701620274506,0.5946115721273437,False,0.0,65
2018-07-25,2376.TW,2376,技嘉,70,bearish,-0.0904977909279023,-9.049779092790232,bearish_cluster_7_rep_2,bearish,7,2024-12-25,6515.TW,0.6826581635247186,0.5942977734142195,True,0.0,66
2023-07-27,6531.TW,6531,愛普*,95,bullish,0.1202898550724638,12.028985507246382,bearish_cluster_7_rep_2,bearish,7,2024-12-25,6515.TW,0.6847258068133144,0.5935683990568862,False,0.0,67
2025-06-05,6531.TW,6531,愛普*,95,neutral,0.0402010050251255,4.020100502512558,bearish_cluster_7_rep_2,bearish,7,2024-12-25,6515.TW,0.686104758610217,0.5930829593436748,False,0.0,68
2021-07-05,3036.TW,3036,文曄,68,neutral,0.0269814000600259,2.698140006002592,bearish_cluster_7_rep_2,bearish,7,2024-12-25,6515.TW,0.6863575749068198,0.5929940452013893,False,0.0,69
2023-11-20,6139.TW,6139,亞翔,85,neutral,-0.0139372960324545,-1.3937296032454527,bearish_cluster_7_rep_2,bearish,7,2024-12-25,6515.TW,0.6864185777379813,0.5929725948235907,False,0.0,70
2025-09-19,2492.TW,2492,華新科,100,bullish,0.1442006634464294,14.420066344642946,bearish_cluster_7_rep_2,bearish,7,2024-12-25,6515.TW,0.6870669732922774,0.5927446958721029,False,0.0,71
2023-03-08,6919.TW,6919,康霈*,97,neutral,-0.0081966474867506,-0.8196647486750641,bearish_cluster_7_rep_2,bearish,7,2024-12-25,6515.TW,0.6872871509067202,0.5926673473822263,False,0.0,72
2023-12-20,6415.TW,6415,矽力*-KY,92,neutral,0.0011587485515642,0.1158748551564281,bearish_cluster_7_rep_2,bearish,7,2024-12-25,6515.TW,0.6874534436142474,0.5926089420625227,False,0.0,73
2022-05-30,6805.TW,6805,富世達,93,neutral,-0.037037037037037,-3.703703703703709,bearish_cluster_7_rep_2,bearish,7,2024-12-25,6515.TW,0.6880535261902656,0.5923982767636996,False,0.0,74
2023-11-10,3044.TW,3044,健鼎,65,neutral,0.0025510204081633,0.2551020408163351,bearish_cluster_7_rep_2,bearish,7,2024-12-25,6515.TW,0.6904682503564836,0.591552074278308,False,0.0,75
2020-08-17,1519.TW,1519,華城,66,bearish,-0.0626631997430297,-6.26631997430297,bearish_cluster_7_rep_2,bearish,7,2024-12-25,6515.TW,0.6905220420812833,0.5915332513315542,True,0.0,76
2020-09-14,6531.TW,6531,愛普*,95,neutral,0.0071022727272727,0.7102272727272707,bearish_cluster_7_rep_2,bearish,7,2024-12-25,6515.TW,0.6926087092155513,0.5908040024581083,False,0.0,77
2020-09-07,2337.TW,2337,旺宏,67,neutral,-0.0153139349657822,-1.531393496578226,bearish_cluster_7_rep_2,bearish,7,2024-12-25,6515.TW,0.6926305455098822,0.5907963806116729,False,0.0,78
2025-02-13,2337.TW,2337,旺宏,67,bullish,0.0598086135318265,5.980861353182654,bearish_cluster_7_rep_2,bearish,7,2024-12-25,6515.TW,0.6933099579222552,0.5905593334058176,False,0.0,79
2019-06-20,1590.TW,1590,亞德客-KY,64,bearish,-0.0885714699056717,-8.857146990567177,bearish_cluster_7_rep_2,bearish,7,2024-12-25,6515.TW,0.6935454727643474,0.5904772065952949,True,0.0,80
2024-12-25,7750.TW,7750,新代,91,neutral,-0.0132827324478178,-1.3282732447817858,bearish_cluster_7_rep_2,bearish,7,2024-12-25,6515.TW,0.6949526374905691,0.5899869871765453,False,0.0,81
2025-12-09,2337.TW,2337,旺宏,67,neutral,-0.0167742329259074,-1.6774232925907406,bearish_cluster_7_rep_2,bearish,7,2024-12-25,6515.TW,0.6963160425850384,0.5895127882396766,False,0.0,82
2025-02-14,2002.TW,2002,中鋼,62,neutral,-0.0387096610120547,-3.8709661012054752,bearish_cluster_7_rep_2,bearish,7,2024-12-25,6515.TW,0.6971646126569083,0.5892180360952152,False,0.0,83
2024-01-05,6805.TW,6805,富世達,93,bullish,0.1211401425178146,12.11401425178147,bearish_cluster_7_rep_2,bearish,7,2024-12-25,6515.TW,0.6980806439409056,0.588900181842483,False,0.0,84
2021-07-19,6805.TW,6805,富世達,93,neutral,0.0060980773584167,0.609807735841672,bearish_cluster_7_rep_2,bearish,7,2024-12-25,6515.TW,0.6983919496819916,0.5887922397343209,False,0.0,85
2022-11-21,1519.TW,1519,華城,66,neutral,0.0049382674260394,0.4938267426039422,bearish_cluster_7_rep_2,bearish,7,2024-12-25,6515.TW,0.6987548244378451,0.5886664665284596,False,0.0,86
2025-10-30,2615.TW,2615,萬海,59,bearish,-0.0606407661238826,-6.06407661238827,bearish_cluster_7_rep_2,bearish,7,2024-12-25,6515.TW,0.6989884917331284,0.5885855053555459,True,0.0,87
2018-11-29,2379.TW,2379,瑞昱,53,neutral,0.0,0.0,bearish_cluster_7_rep_2,bearish,7,2024-12-25,6515.TW,0.6991985561107007,0.588512741141272,False,0.0,88
2019-05-03,6415.TW,6415,矽力*-KY,92,bearish,-0.0706521739130434,-7.065217391304346,bearish_cluster_7_rep_2,bearish,7,2024-12-25,6515.TW,0.7002276967255887,0.5881565168746906,True,0.0,89
2018-05-10,2376.TW,2376,技嘉,70,neutral,0.0407894536068564,4.0789453606856485,bearish_cluster_7_rep_2,bearish,7,2024-12-25,6515.TW,0.704410961663439,0.5867129597805677,False,0.0,90
2025-12-15,2313.TW,2313,華通,60,neutral,0.0043956211635045,0.4395621163504559,bearish_cluster_7_rep_2,bearish,7,2024-12-25,6515.TW,0.7044792749532683,0.5866894450960203,False,0.0,91
2020-04-29,2207.TW,2207,和泰車,63,neutral,-0.0478822059577364,-4.78822059577364,bearish_cluster_7_rep_2,bearish,7,2024-12-25,6515.TW,0.7056486890667372,0.5862872034610832,False,0.0,92
2025-07-16,2449.TW,2449,京元電子,57,neutral,0.0456621462224897,4.566214622248976,bearish_cluster_7_rep_2,bearish,7,2024-12-25,6515.TW,0.7071701665650192,0.5857646880112077,False,0.0,93
2018-07-25,1605.TW,1605,華新,88,bearish,-0.0514540786846982,-5.14540786846982,bearish_cluster_7_rep_2,bearish,7,2024-12-25,6515.TW,0.708028716790495,0.585470250101573,True,0.0,94
2019-01-16,6213.TW,6213,聯茂,81,neutral,-0.0050675951044292,-0.5067595104429223,bearish_cluster_7_rep_2,bearish,7,2024-12-25,6515.TW,0.7084499326985556,0.5853259032416979,False,0.0,95
2019-12-12,6415.TW,6415,矽力*-KY,92,neutral,-0.015,-1.500000000000001,bearish_cluster_7_rep_3,bearish,7,2023-12-14,2449.TW,0.34197404984274477,0.7451708921772235,False,0.0,1
2019-02-15,3034.TW,3034,聯詠,58,neutral,0.0028653295128939,0.2865329512893977,bearish_cluster_7_rep_3,bearish,7,2023-12-14,2449.TW,0.3862241894019749,0.7213840356020664,False,0.0,2
2024-03-19,1504.TW,1504,東元,89,neutral,0.0163636641068891,1.6363664106889164,bearish_cluster_7_rep_3,bearish,7,2023-12-14,2449.TW,0.43640273024109577,0.6961835834384366,False,0.0,3
2018-11-29,2379.TW,2379,瑞昱,53,neutral,0.0,0.0,bearish_cluster_7_rep_3,bearish,7,2023-12-14,2449.TW,0.4439851889137203,0.6925278788713054,False,0.0,4
2023-12-22,3481.TW,3481,群創,52,bullish,0.063197086331227,6.3197086331227,bearish_cluster_7_rep_3,bearish,7,2023-12-14,2449.TW,0.45904172297709533,0.6853813597321633,False,0.0,5
2018-03-09,2337.TW,2337,旺宏,67,bullish,0.0610932607299825,6.109326072998256,bearish_cluster_7_rep_3,bearish,7,2023-12-14,2449.TW,0.4601334995409719,0.6848688837797189,False,0.0,6
2023-02-08,3481.TW,3481,群創,52,neutral,-0.0421455566517787,-4.214555665177877,bearish_cluster_7_rep_3,bearish,7,2023-12-14,2449.TW,0.48057424361509465,0.6754136135438341,False,0.0,7
2018-08-22,1402.TW,1402,遠東新,94,neutral,0.0142045451466701,1.4204545146670131,bearish_cluster_7_rep_3,bearish,7,2023-12-14,2449.TW,0.4838041444945813,0.6739433932101757,False,0.0,8
2025-10-03,1590.TW,1590,亞德客-KY,64,bullish,0.0728395061728395,7.283950617283952,bearish_cluster_7_rep_3,bearish,7,2023-12-14,2449.TW,0.4892397995597893,0.6714835315948408,False,0.0,9
2020-04-30,1519.TW,1519,華城,66,bullish,0.056390881286886,5.639088128688607,bearish_cluster_7_rep_3,bearish,7,2023-12-14,2449.TW,0.4893250513302759,0.6714450946130214,False,0.0,10
2019-02-27,3044.TW,3044,健鼎,65,neutral,0.0180275386344275,1.802753863442752,bearish_cluster_7_rep_3,bearish,7,2023-12-14,2449.TW,0.5003545581790716,0.6665091224927963,False,0.0,11
2021-11-18,2492.TW,2492,華新科,100,neutral,0.0285714285714284,2.857142857142847,bearish_cluster_7_rep_3,bearish,7,2023-12-14,2449.TW,0.5037540820277985,0.6650023510835689,False,0.0,12
2018-03-12,2337.TW,2337,旺宏,67,neutral,0.0020554792237839,0.2055479223783907,bearish_cluster_7_rep_3,bearish,7,2023-12-14,2449.TW,0.5115271159135465,0.6615825739888322,False,0.0,13
2023-02-08,3034.TW,3034,聯詠,58,neutral,-0.0243589743589743,-2.4358974358974383,bearish_cluster_7_rep_3,bearish,7,2023-12-14,2449.TW,0.5148656708517153,0.6601245372718505,False,0.0,14
2020-04-29,2618.TW,2618,長榮航,72,neutral,-0.0221238934318762,-2.2123893431876263,bearish_cluster_7_rep_3,bearish,7,2023-12-14,2449.TW,0.5154422643784404,0.6598733739355954,False,0.0,15
2023-12-13,2404.TW,2404,漢唐,79,neutral,-0.0108695652173913,-1.0869565217391353,bearish_cluster_7_rep_3,bearish,7,2023-12-14,2449.TW,0.5221101450539123,0.6569826784543116,False,0.0,16
2018-04-11,1802.TW,1802,台玻,86,neutral,0.0051546589400035,0.5154658940003554,bearish_cluster_7_rep_3,bearish,7,2023-12-14,2449.TW,0.5278868299595045,0.654498736680978,False,0.0,17
2025-10-30,2609.TW,2609,陽明,77,bearish,-0.0799999872843424,-7.999998728434243,bearish_cluster_7_rep_3,bearish,7,2023-12-14,2449.TW,0.5396196846370823,0.649511051318962,True,0.0,18
2023-09-15,2615.TW,2615,萬海,59,neutral,0.0138340075898908,1.383400758989084,bearish_cluster_7_rep_3,bearish,7,2023-12-14,2449.TW,0.5406942817615802,0.6490580330165386,False,0.0,19
2023-02-02,3661.TW,3661,世芯-KY,56,neutral,0.0248380129589633,2.4838012958963374,bearish_cluster_7_rep_3,bearish,7,2023-12-14,2449.TW,0.5473445300890581,0.6462684816176294,False,0.0,20
2024-01-19,6919.TW,6919,康霈*,97,bullish,0.0895705895921203,8.957058959212038,bearish_cluster_7_rep_3,bearish,7,2023-12-14,2449.TW,0.5487457207451495,0.6456837856629357,False,0.0,21
2019-02-21,2207.TW,2207,和泰車,63,bullish,0.0966666448771158,9.666664487711586,bearish_cluster_7_rep_3,bearish,7,2023-12-14,2449.TW,0.5493459736662147,0.6454336326402951,False,0.0,22
2024-09-27,2002.TW,2002,中鋼,62,neutral,0.0259740420589358,2.597404205893583,bearish_cluster_7_rep_3,bearish,7,2023-12-14,2449.TW,0.5555042363746542,0.6428783519938566,False,0.0,23
2025-10-16,1519.TW,1519,華城,66,neutral,0.0084032788494576,0.8403278849457685,bearish_cluster_7_rep_3,bearish,7,2023-12-14,2449.TW,0.5570178248958373,0.6422534052022808,False,0.0,24
2021-04-08,1519.TW,1519,華城,66,neutral,0.0041279109553331,0.4127910955333158,bearish_cluster_7_rep_3,bearish,7,2023-12-14,2449.TW,0.5600615892582981,0.6410003341441354,False,0.0,25
2024-09-25,5871.TW,5871,中租-KY,78,bullish,0.0514469187478465,5.144691874784657,bearish_cluster_7_rep_3,bearish,7,2023-12-14,2449.TW,0.5628943625649312,0.6398385098522322,False,0.0,26
2023-01-09,6139.TW,6139,亞翔,85,neutral,0.0060976140988753,0.6097614098875326,bearish_cluster_7_rep_3,bearish,7,2023-12-14,2449.TW,0.5652942337302145,0.6388575249631658,False,0.0,27
2023-11-03,2618.TW,2618,長榮航,72,neutral,-0.025,-2.500000000000002,bearish_cluster_7_rep_3,bearish,7,2023-12-14,2449.TW,0.566253183940215,0.6384663796719667,False,0.0,28
2022-11-15,6515.TW,6515,穎崴,73,neutral,-0.0154711673699015,-1.5471167369901506,bearish_cluster_7_rep_3,bearish,7,2023-12-14,2449.TW,0.5664141736985577,0.638400760661427,False,0.0,29
2025-05-13,6770.TW,6770,力積電,55,neutral,-0.043749988079071,-4.3749988079071045,bearish_cluster_7_rep_3,bearish,7,2023-12-14,2449.TW,0.5672249263363264,0.6380705048749334,False,0.0,30
2019-08-29,3034.TW,3034,聯詠,58,neutral,0.0414364640883977,4.143646408839774,bearish_cluster_7_rep_3,bearish,7,2023-12-14,2449.TW,0.5697731635333413,0.637034715098033,False,0.0,31
2025-08-12,3661.TW,3661,世芯-KY,56,bullish,0.0564417177914109,5.644171779141094,bearish_cluster_7_rep_3,bearish,7,2023-12-14,2449.TW,0.5709063109802889,0.6365752005770302,False,0.0,32
2020-04-15,2615.TW,2615,萬海,59,neutral,0.0,0.0,bearish_cluster_7_rep_3,bearish,7,2023-12-14,2449.TW,0.5741081793765581,0.635280353092416,False,0.0,33
2019-06-19,3532.TW,3532,台勝科,98,bullish,0.0909090909090908,9.090909090909085,bearish_cluster_7_rep_3,bearish,7,2023-12-14,2449.TW,0.5751984660788063,0.634840638519242,False,0.0,34
2023-05-17,2376.TW,2376,技嘉,70,bullish,0.080267558528428,8.026755852842804,bearish_cluster_7_rep_3,bearish,7,2023-12-14,2449.TW,0.5769948875151166,0.6341174647532992,False,0.0,35
2020-04-09,2609.TW,2609,陽明,77,neutral,-0.0055045383524952,-0.5504538352495203,bearish_cluster_7_rep_3,bearish,7,2023-12-14,2449.TW,0.5770816884411342,0.6340825635915218,False,0.0,36
2022-07-19,2376.TW,2376,技嘉,70,neutral,0.0159914706950736,1.5991470695073673,bearish_cluster_7_rep_3,bearish,7,2023-12-14,2449.TW,0.5801565765427764,0.6328486776847769,False,0.0,37
2020-04-30,5871.TW,5871,中租-KY,78,neutral,-0.0131003987016643,-1.310039870166435,bearish_cluster_7_rep_3,bearish,7,2023-12-14,2449.TW,0.5805467071917229,0.6326924699218638,False,0.0,38
2019-08-30,2409.TW,2409,友達,80,neutral,-0.0171149324406881,-1.711493244068818,bearish_cluster_7_rep_3,bearish,7,2023-12-14,2449.TW,0.5815083581292374,0.6323077553525532,False,0.0,39
2019-04-30,2207.TW,2207,和泰車,63,neutral,-0.006424018123787,-0.6424018123787012,bearish_cluster_7_rep_3,bearish,7,2023-12-14,2449.TW,0.584687222797154,0.6310393531380191,False,0.0,40
2019-09-24,2449.TW,2449,京元電子,57,bearish,-0.0694258552213192,-6.942585522131928,bearish_cluster_7_rep_3,bearish,7,2023-12-14,2449.TW,0.5853334954454998,0.6307821053884859,True,0.0,41
2023-10-25,6515.TW,6515,穎崴,73,neutral,-0.0148588410104011,-1.4858841010401136,bearish_cluster_7_rep_3,bearish,7,2023-12-14,2449.TW,0.5867942673510542,0.6302014196644216,False,0.0,42
2025-10-08,1590.TW,1590,亞德客-KY,64,neutral,-0.0079726651480638,-0.7972665148063829,bearish_cluster_7_rep_3,bearish,7,2023-12-14,2449.TW,0.5870561611262697,0.6300974247126455,False,0.0,43
2019-03-29,2313.TW,2313,華通,60,bullish,0.1223628491634949,12.236284916349494,bearish_cluster_7_rep_3,bearish,7,2023-12-14,2449.TW,0.5900653637327339,0.6289049637886993,False,0.0,44
2023-11-16,2618.TW,2618,長榮航,72,neutral,-0.0187500119209288,-1.8750011920928844,bearish_cluster_7_rep_3,bearish,7,2023-12-14,2449.TW,0.5947517894770508,0.6270568289049664,False,0.0,45
2023-11-01,3702.TW,3702,大聯大,90,neutral,-0.0161942911329651,-1.619429113296511,bearish_cluster_7_rep_3,bearish,7,2023-12-14,2449.TW,0.5987694485923689,0.625481054119746,False,0.0,46
2020-06-04,2492.TW,2492,華新科,100,neutral,-0.04126213592233,-4.126213592233007,bearish_cluster_7_rep_3,bearish,7,2023-12-14,2449.TW,0.5991955840853573,0.6253143830258506,False,0.0,47
2023-08-09,3036.TW,3036,文曄,68,neutral,-0.0364865655436531,-3.648656554365315,bearish_cluster_7_rep_3,bearish,7,2023-12-14,2449.TW,0.600500295035586,0.6248046333398306,False,0.0,48
2023-05-18,6531.TW,6531,愛普*,95,neutral,0.0180623973727422,1.806239737274229,bearish_cluster_7_rep_3,bearish,7,2023-12-14,2449.TW,0.6019719760215422,0.6242306450849879,False,0.0,49
2024-11-06,2376.TW,2376,技嘉,70,neutral,0.0,0.0,bearish_cluster_7_rep_3,bearish,7,2023-12-14,2449.TW,0.6026430982862816,0.6239692424778215,False,0.0,50
2019-06-20,2492.TW,2492,華新科,100,neutral,-0.0181268882175226,-1.8126888217522616,bearish_cluster_7_rep_3,bearish,7,2023-12-14,2449.TW,0.60325660985332,0.6237304707519583,False,0.0,51
2023-07-17,6213.TW,6213,聯茂,81,neutral,0.0291005902386334,2.910059023863343,bearish_cluster_7_rep_3,bearish,7,2023-12-14,2449.TW,0.6037179740285795,0.6235510334076851,False,0.0,52
2025-06-26,3532.TW,3532,台勝科,98,neutral,0.0,0.0,bearish_cluster_7_rep_3,bearish,7,2023-12-14,2449.TW,0.604398497014126,0.6232865474887037,False,0.0,53
2019-02-21,2449.TW,2449,京元電子,57,bullish,0.0524193173919822,5.2419317391982245,bearish_cluster_7_rep_3,bearish,7,2023-12-14,2449.TW,0.6056474657102495,0.6228017179086416,False,0.0,54
2023-08-29,3533.TW,3533,嘉澤,82,neutral,-0.0045924225028702,-0.4592422502870286,bearish_cluster_7_rep_3,bearish,7,2023-12-14,2449.TW,0.6069513590245076,0.6222963715635086,False,0.0,55
2022-08-11,2409.TW,2409,友達,80,neutral,0.0359477124183007,3.594771241830075,bearish_cluster_7_rep_3,bearish,7,2023-12-14,2449.TW,0.6099853965532069,0.6211236463019383,False,0.0,56
2020-04-30,1326.TW,1326,台化,51,neutral,-0.0434783002030987,-4.347830020309873,bearish_cluster_7_rep_3,bearish,7,2023-12-14,2449.TW,0.6106354257793898,0.6208729697573229,False,0.0,57
2020-04-24,2337.TW,2337,旺宏,67,neutral,0.0292825755583701,2.9282575558370105,bearish_cluster_7_rep_3,bearish,7,2023-12-14,2449.TW,0.6109931292655059,0.6207351116735838,False,0.0,58
2019-03-14,6213.TW,6213,聯茂,81,neutral,0.0398458063175974,3.9845806317597487,bearish_cluster_7_rep_3,bearish,7,2023-12-14,2449.TW,0.6126071346032462,0.6201138383565644,False,0.0,59
2024-12-06,2379.TW,2379,瑞昱,53,neutral,0.0057251908396946,0.5725190839694694,bearish_cluster_7_rep_3,bearish,7,2023-12-14,2449.TW,0.6130030440757043,0.6199616322317778,False,0.0,60
2020-08-25,2615.TW,2615,萬海,59,neutral,-0.0482757825031113,-4.827578250311138,bearish_cluster_7_rep_3,bearish,7,2023-12-14,2449.TW,0.6131920770348038,0.6198889854691653,False,0.0,61
2023-02-08,2409.TW,2409,友達,80,bearish,-0.0649718348197361,-6.497183481973612,bearish_cluster_7_rep_3,bearish,7,2023-12-14,2449.TW,0.6151670173481403,0.6191310181914491,True,0.0,62
2023-12-29,6139.TW,6139,亞翔,85,bearish,-0.0529411839131027,-5.294118391310276,bearish_cluster_7_rep_3,bearish,7,2023-12-14,2449.TW,0.6151969393337748,0.6191195486121173,True,0.0,63
2022-11-07,2376.TW,2376,技嘉,70,neutral,-0.0147058823529411,-1.4705882352941124,bearish_cluster_7_rep_3,bearish,7,2023-12-14,2449.TW,0.6158516254951211,0.618868703179096,False,0.0,64
2022-03-23,2313.TW,2313,華通,60,bullish,0.068825862472909,6.8825862472909005,bearish_cluster_7_rep_3,bearish,7,2023-12-14,2449.TW,0.6165435156876237,0.6186038237112554,False,0.0,65
2021-06-11,6515.TW,6515,穎崴,73,neutral,-0.0412371134020618,-4.123711340206182,bearish_cluster_7_rep_3,bearish,7,2023-12-14,2449.TW,0.6172397119439622,0.6183375244959668,False,0.0,66
2019-01-25,3532.TW,3532,台勝科,98,neutral,-0.0161290322580645,-1.6129032258064502,bearish_cluster_7_rep_3,bearish,7,2023-12-14,2449.TW,0.6195491177638328,0.61745580237834,False,0.0,67
2019-06-27,2376.TW,2376,技嘉,70,neutral,0.0149812586929019,1.49812586929019,bearish_cluster_7_rep_3,bearish,7,2023-12-14,2449.TW,0.6201806942884387,0.6172151066391928,False,0.0,68
2024-08-28,2313.TW,2313,華通,60,neutral,0.0038313590123997,0.3831359012399726,bearish_cluster_7_rep_3,bearish,7,2023-12-14,2449.TW,0.6217146160369073,0.6166313049849468,False,0.0,69
2023-01-09,6531.TW,6531,愛普*,95,neutral,-0.002680965147453,-0.2680965147453085,bearish_cluster_7_rep_3,bearish,7,2023-12-14,2449.TW,0.62335730209938,0.6160073316618384,False,0.0,70
2025-09-09,6531.TW,6531,愛普*,95,neutral,-0.0449775112443777,-4.497751124437777,bearish_cluster_7_rep_3,bearish,7,2023-12-14,2449.TW,0.623588568628385,0.6159195866011822,False,0.0,71
2025-06-18,3044.TW,3044,健鼎,65,neutral,-0.0041152263374485,-0.4115226337448541,bearish_cluster_7_rep_3,bearish,7,2023-12-14,2449.TW,0.6249958896883749,0.6153861719562687,False,0.0,72
2021-06-25,2207.TW,2207,和泰車,63,neutral,-0.0080775722105125,-0.8077572210512529,bearish_cluster_7_rep_3,bearish,7,2023-12-14,2449.TW,0.6254790853787171,0.6152032400755326,False,0.0,73
2023-07-17,2313.TW,2313,華通,60,bearish,-0.0628865822074339,-6.288658220743393,bearish_cluster_7_rep_3,bearish,7,2023-12-14,2449.TW,0.6256956017206228,0.6151213049611552,True,0.0,74
2023-01-31,6213.TW,6213,聯茂,81,neutral,0.009864402796667,0.9864402796667004,bearish_cluster_7_rep_3,bearish,7,2023-12-14,2449.TW,0.6260068886105665,0.6150035445756976,False,0.0,75
2024-12-04,2492.TW,2492,華新科,100,neutral,-0.0431372698615578,-4.313726986155785,bearish_cluster_7_rep_3,bearish,7,2023-12-14,2449.TW,0.6284044430487845,0.6140980542448947,False,0.0,76
2020-06-19,3044.TW,3044,健鼎,65,neutral,-0.0185873605947954,-1.8587360594795488,bearish_cluster_7_rep_3,bearish,7,2023-12-14,2449.TW,0.6297457992400052,0.6135926231356615,False,0.0,77
2024-01-08,2409.TW,2409,友達,80,neutral,-0.0468750776102114,-4.687507761021148,bearish_cluster_7_rep_3,bearish,7,2023-12-14,2449.TW,0.6298371946388421,0.6135582150716541,False,0.0,78
2018-03-05,2492.TW,2492,華新科,100,neutral,0.0021321635579463,0.213216355794632,bearish_cluster_7_rep_3,bearish,7,2023-12-14,2449.TW,0.6302827441985832,0.6133905321383877,False,0.0,79
2019-06-11,5871.TW,5871,中租-KY,78,neutral,-0.0240000106283952,-2.4000010628395296,bearish_cluster_7_rep_3,bearish,7,2023-12-14,2449.TW,0.6311162243157746,0.6130770972004052,False,0.0,80
2022-07-20,2376.TW,2376,技嘉,70,neutral,-0.028925650449212,-2.8925650449212026,bearish_cluster_7_rep_3,bearish,7,2023-12-14,2449.TW,0.6315109153346249,0.6129287831303897,False,0.0,81
2019-08-30,2492.TW,2492,華新科,100,neutral,0.018987341772152,1.8987341772152,bearish_cluster_7_rep_3,bearish,7,2023-12-14,2449.TW,0.6316169394377291,0.6128889544040954,False,0.0,82
2025-10-07,1590.TW,1590,亞德客-KY,64,neutral,0.0201421800947867,2.0142180094786744,bearish_cluster_7_rep_3,bearish,7,2023-12-14,2449.TW,0.6335038295119884,0.6121809951916375,False,0.0,83
2025-12-09,6139.TW,6139,亞翔,85,bullish,0.1373346897253307,13.73346897253307,bearish_cluster_7_rep_3,bearish,7,2023-12-14,2449.TW,0.6356660963571837,0.6113717232552016,False,0.0,84
2020-08-05,1605.TW,1605,華新,88,neutral,0.0290322726028777,2.9032272602877773,bearish_cluster_7_rep_3,bearish,7,2023-12-14,2449.TW,0.6360591452079016,0.6112248465644103,False,0.0,85
2020-04-08,2449.TW,2449,京元電子,57,neutral,0.0136156817575714,1.361568175757144,bearish_cluster_7_rep_3,bearish,7,2023-12-14,2449.TW,0.6377548462538254,0.6105919956746788,False,0.0,86
2020-05-07,3533.TW,3533,嘉澤,82,neutral,-0.00571427666746,-0.571427666746005,bearish_cluster_7_rep_3,bearish,7,2023-12-14,2449.TW,0.6390420275852541,0.6101124822731158,False,0.0,87
2021-12-29,3036.TW,3036,文曄,68,bullish,0.0503496529295768,5.034965292957683,bearish_cluster_7_rep_3,bearish,7,2023-12-14,2449.TW,0.6390445581100198,0.6101115403190129,False,0.0,88
2024-02-16,2449.TW,2449,京元電子,57,neutral,-0.0277777604703551,-2.7777760470355184,bearish_cluster_7_rep_3,bearish,7,2023-12-14,2449.TW,0.6401145768067825,0.6097135005939328,False,0.0,89
2023-12-04,2609.TW,2609,陽明,77,neutral,-0.0321151874625817,-3.21151874625818,bearish_cluster_7_rep_3,bearish,7,2023-12-14,2449.TW,0.6403621454575977,0.6096214807011647,False,0.0,90
2020-04-15,6139.TW,6139,亞翔,85,neutral,0.0379241735787614,3.7924173578761433,bearish_cluster_7_rep_3,bearish,7,2023-12-14,2449.TW,0.6406686366664588,0.6095075980923355,False,0.0,91
2018-05-07,2376.TW,2376,技嘉,70,bullish,0.0614525365872631,6.145253658726313,bearish_cluster_7_rep_3,bearish,7,2023-12-14,2449.TW,0.64148537210529,0.6092043322429661,False,0.0,92
2025-12-05,2356.TW,2356,英業達,71,bearish,-0.0552016679055658,-5.52016679055658,bearish_cluster_7_rep_3,bearish,7,2023-12-14,2449.TW,0.6421519024430986,0.6089570632974074,True,0.0,93
2018-05-16,2337.TW,2337,旺宏,67,neutral,0.0267857235913921,2.67857235913922,bearish_cluster_7_rep_3,bearish,7,2023-12-14,2449.TW,0.642256084160649,0.6089184321768528,False,0.0,94
2024-12-03,2618.TW,2618,長榮航,72,neutral,0.0089686443848424,0.8968644384842461,bearish_cluster_7_rep_3,bearish,7,2023-12-14,2449.TW,0.6431850672414471,0.6085741770272926,False,0.0,95
2019-10-22,3034.TW,3034,聯詠,58,neutral,0.0425531914893617,4.255319148936176,bearish_cluster_8_rep_1,bearish,8,2025-03-26,2618.TW,0.1942664811510499,0.8373340588410274,False,0.023402221971316438,1
2018-07-26,3044.TW,3044,健鼎,65,neutral,0.0156438396585849,1.5643839658584957,bearish_cluster_8_rep_1,bearish,8,2025-03-26,2618.TW,0.2157199898867203,0.8225578326578138,False,0.023402221971316438,2
2020-10-23,2409.TW,2409,友達,80,neutral,-0.0086580086580086,-0.8658008658008698,bearish_cluster_8_rep_1,bearish,8,2025-03-26,2618.TW,0.2177095049323213,0.8212139233121768,False,0.023402221971316438,3
2021-08-04,1504.TW,1504,東元,89,neutral,-0.0192000122070311,-1.920001220703116,bearish_cluster_8_rep_1,bearish,8,2025-03-26,2618.TW,0.2232222351688213,0.8175129353023789,False,0.023402221971316438,4
2018-07-18,2404.TW,2404,漢唐,79,neutral,0.0069324090121316,0.6932409012131657,bearish_cluster_8_rep_1,bearish,8,2025-03-26,2618.TW,0.22844292056979706,0.8140386364359226,False,0.023402221971316438,5
2025-12-01,2609.TW,2609,陽明,77,neutral,0.001908367771167,0.1908367771167096,bearish_cluster_8_rep_1,bearish,8,2025-03-26,2618.TW,0.22885146058742362,0.8137680037601724,False,0.023402221971316438,6
2025-05-08,2609.TW,2609,陽明,77,bullish,0.1063829787234043,10.63829787234043,bearish_cluster_8_rep_1,bearish,8,2025-03-26,2618.TW,0.23016370919036988,0.8128999356176327,False,0.023402221971316438,7
2018-11-06,2347.TW,2347,聯強,99,neutral,-0.0014684064076608,-0.1468406407660882,bearish_cluster_8_rep_1,bearish,8,2025-03-26,2618.TW,0.23074699455350844,0.8125146796420015,False,0.023402221971316438,8
2025-01-20,1402.TW,1402,遠東新,94,neutral,-0.0064516375141758,-0.6451637514175879,bearish_cluster_8_rep_1,bearish,8,2025-03-26,2618.TW,0.23100129979776998,0.8123468270620681,False,0.023402221971316438,9
2022-03-18,2449.TW,2449,京元電子,57,neutral,0.0129564647724353,1.2956464772435394,bearish_cluster_8_rep_1,bearish,8,2025-03-26,2618.TW,0.2313379492681978,0.8121247303344421,False,0.023402221971316438,10
2022-03-14,2834.TW,2834,臺企銀,87,neutral,0.0177777706944664,1.77777706944664,bearish_cluster_8_rep_1,bearish,8,2025-03-26,2618.TW,0.23198579718223897,0.8116976691510325,False,0.023402221971316438,11
2018-08-23,3481.TW,3481,群創,52,neutral,-0.0088105603650908,-0.8810560365090869,bearish_cluster_8_rep_1,bearish,8,2025-03-26,2618.TW,0.23254030244448284,0.8113324959976658,False,0.023402221971316438,12
2019-10-24,2337.TW,2337,旺宏,67,bearish,-0.0591805984154245,-5.918059841542456,bearish_cluster_8_rep_1,bearish,8,2025-03-26,2618.TW,0.23529228468574664,0.8095250107179257,True,0.023402221971316438,13
2019-11-22,3481.TW,3481,群創,52,bullish,0.0940665410235233,9.40665410235233,bearish_cluster_8_rep_1,bearish,8,2025-03-26,2618.TW,0.2390009593659097,0.807101877073425,False,0.023402221971316438,14
2019-12-11,2379.TW,2379,瑞昱,53,neutral,0.0235546038543896,2.355460385438968,bearish_cluster_8_rep_1,bearish,8,2025-03-26,2618.TW,0.23980979952465245,0.8065753314608447,False,0.023402221971316438,15
2025-06-18,2409.TW,2409,友達,80,bearish,-0.0549019458247166,-5.490194582471664,bearish_cluster_8_rep_1,bearish,8,2025-03-26,2618.TW,0.24054180767825864,0.8060993944827658,True,0.023402221971316438,16
2020-04-10,4904.TW,4904,遠傳,54,neutral,0.0312012487926571,3.1201248792657177,bearish_cluster_8_rep_1,bearish,8,2025-03-26,2618.TW,0.24452547570056626,0.8035191079050282,False,0.023402221971316438,17
2022-10-07,2002.TW,2002,中鋼,62,neutral,-0.0235934532316024,-2.3593453231602446,bearish_cluster_8_rep_1,bearish,8,2025-03-26,2618.TW,0.2453980002505044,0.802956163249705,False,0.023402221971316438,18
2021-12-09,3036.TW,3036,文曄,68,neutral,-0.0107362395727566,-1.07362395727566,bearish_cluster_8_rep_1,bearish,8,2025-03-26,2618.TW,0.24591422992112136,0.8026234679599974,False,0.023402221971316438,19
2025-05-09,2347.TW,2347,聯強,99,neutral,0.0068587104188537,0.6858710418853775,bearish_cluster_8_rep_1,bearish,8,2025-03-26,2618.TW,0.24730741902392211,0.8017269718338947,False,0.023402221971316438,20
2022-03-15,1504.TW,1504,東元,89,neutral,0.016863406625055,1.6863406625055033,bearish_cluster_8_rep_1,bearish,8,2025-03-26,2618.TW,0.247760487963129,0.8014358602045666,False,0.023402221971316438,21
2025-02-10,2609.TW,2609,陽明,77,neutral,0.0339232347911178,3.3923234791117807,bearish_cluster_8_rep_1,bearish,8,2025-03-26,2618.TW,0.24791937942593742,0.8013338173015758,False,0.023402221971316438,22
2022-03-15,2834.TW,2834,臺企銀,87,neutral,0.0398230519771216,3.982305197712166,bearish_cluster_8_rep_1,bearish,8,2025-03-26,2618.TW,0.24853317589133003,0.800939870329115,False,0.023402221971316438,23
2018-11-20,2912.TW,2912,統一超,74,neutral,-0.0062208398133748,-0.6220839813374845,bearish_cluster_8_rep_1,bearish,8,2025-03-26,2618.TW,0.24950179559725214,0.8003189779507343,False,0.023402221971316438,24
2025-10-08,3044.TW,3044,健鼎,65,neutral,-0.0065040650406503,-0.6504065040650375,bearish_cluster_8_rep_1,bearish,8,2025-03-26,2618.TW,0.24963552641289535,0.8002333311301741,False,0.023402221971316438,25
2018-02-26,6239.TW,6239,力成,76,neutral,-0.0318331676668767,-3.183316766687672,bearish_cluster_8_rep_1,bearish,8,2025-03-26,2618.TW,0.25182278379327305,0.7988351170361353,False,0.023402221971316438,26
2018-02-23,2801.TW,2801,彰銀,61,neutral,-0.0118342476542007,-1.1834247654200714,bearish_cluster_8_rep_1,bearish,8,2025-03-26,2618.TW,0.2520408362748697,0.7986959937946168,False,0.023402221971316438,27
2023-05-08,1101.TW,1101,台泥,83,neutral,-0.0353534789173424,-3.535347891734242,bearish_cluster_8_rep_1,bearish,8,2025-03-26,2618.TW,0.25317389277373276,0.7979738532428519,False,0.023402221971316438,28
2025-12-01,2324.TW,2324,仁寶,84,neutral,0.0322580248210493,3.2258024821049336,bearish_cluster_8_rep_1,bearish,8,2025-03-26,2618.TW,0.25337314823614215,0.7978469950527413,False,0.023402221971316438,29
2025-08-18,2379.TW,2379,瑞昱,53,neutral,-0.0277777777777777,-2.777777777777779,bearish_cluster_8_rep_1,bearish,8,2025-03-26,2618.TW,0.25433848629065736,0.7972329725425314,False,0.023402221971316438,30
2018-11-01,1802.TW,1802,台玻,86,neutral,-0.0074626440777747,-0.7462644077774749,bearish_cluster_8_rep_1,bearish,8,2025-03-26,2618.TW,0.25439939527248645,0.797194261866473,False,0.023402221971316438,31
2023-03-23,2313.TW,2313,華通,60,neutral,0.0190156254947051,1.9015625494705144,bearish_cluster_8_rep_1,bearish,8,2025-03-26,2618.TW,0.2550783155850818,0.796763028714928,False,0.023402221971316438,32
2021-03-31,1519.TW,1519,華城,66,bullish,0.0719026323762019,7.190263237620198,bearish_cluster_8_rep_1,bearish,8,2025-03-26,2618.TW,0.25508748685753047,0.7967572065464419,False,0.023402221971316438,33
2018-08-23,2409.TW,2409,友達,80,neutral,-0.0076335877862595,-0.7633587786259555,bearish_cluster_8_rep_1,bearish,8,2025-03-26,2618.TW,0.2552362556568351,0.7966627760259554,False,0.023402221971316438,34
2022-03-16,1504.TW,1504,東元,89,neutral,0.0169204742101285,1.6920474210128544,bearish_cluster_8_rep_1,bearish,8,2025-03-26,2618.TW,0.25714440559298013,0.7954535656771362,False,0.023402221971316438,35
2022-10-27,2834.TW,2834,臺企銀,87,neutral,-0.0082304426358316,-0.8230442635831614,bearish_cluster_8_rep_1,bearish,8,2025-03-26,2618.TW,0.2578770139766286,0.7949902803602547,False,0.023402221971316438,36
2022-03-22,2337.TW,2337,旺宏,67,neutral,-0.0236686390532544,-2.3668639053254448,bearish_cluster_8_rep_1,bearish,8,2025-03-26,2618.TW,0.2591395864767098,0.7941931226212757,False,0.023402221971316438,37
2018-11-19,3702.TW,3702,大聯大,90,neutral,-0.0147452881584533,-1.474528815845333,bearish_cluster_8_rep_1,bearish,8,2025-03-26,2618.TW,0.25926852276376217,0.7941118053243036,False,0.023402221971316438,38
2020-08-25,1101.TW,1101,台泥,83,neutral,-0.0136053515626041,-1.3605351562604118,bearish_cluster_8_rep_1,bearish,8,2025-03-26,2618.TW,0.26085516080681287,0.7931125089420316,False,0.023402221971316438,39
2018-08-22,3481.TW,3481,群創,52,neutral,0.0089285587741705,0.8928558774170536,bearish_cluster_8_rep_1,bearish,8,2025-03-26,2618.TW,0.2617025167116701,0.7925798567845169,False,0.023402221971316438,40
2023-05-04,2313.TW,2313,華通,60,neutral,0.0092272558237276,0.9227255823727633,bearish_cluster_8_rep_1,bearish,8,2025-03-26,2618.TW,0.26275515273180616,0.7919191601290483,False,0.023402221971316438,41
2023-05-03,2449.TW,2449,京元電子,57,neutral,-0.0129310716913662,-1.2931071691366205,bearish_cluster_8_rep_1,bearish,8,2025-03-26,2618.TW,0.26364339322627506,0.7913625041372209,False,0.023402221971316438,42
2023-12-28,3034.TW,3034,聯詠,58,neutral,-0.0205882352941176,-2.0588235294117685,bearish_cluster_8_rep_1,bearish,8,2025-03-26,2618.TW,0.26393726613735974,0.7911785076612528,False,0.023402221971316438,43
2019-09-20,2492.TW,2492,華新科,100,neutral,-0.0246913580246913,-2.469135802469136,bearish_cluster_8_rep_1,bearish,8,2025-03-26,2618.TW,0.2651417404510926,0.7904252685896245,False,0.023402221971316438,44
2021-12-09,2207.TW,2207,和泰車,63,neutral,-0.0159743967297572,-1.59743967297572,bearish_cluster_8_rep_1,bearish,8,2025-03-26,2618.TW,0.2664807748530414,0.7895895617649917,False,0.023402221971316438,45
2023-05-03,2313.TW,2313,華通,60,neutral,0.0115606936416186,1.1560693641618602,bearish_cluster_8_rep_1,bearish,8,2025-03-26,2618.TW,0.26770760257585435,0.7888254341680216,False,0.023402221971316438,46
2019-05-24,1605.TW,1605,華新,88,neutral,-0.0192307787991492,-1.923077879914925,bearish_cluster_8_rep_1,bearish,8,2025-03-26,2618.TW,0.2679602647761948,0.7886682475625592,False,0.023402221971316438,47
2025-05-21,1326.TW,1326,台化,51,neutral,-0.0426356010329254,-4.263560103292541,bearish_cluster_8_rep_1,bearish,8,2025-03-26,2618.TW,0.26817350256115163,0.7885356364728018,False,0.023402221971316438,48
2024-12-06,5871.TW,5871,中租-KY,78,neutral,-0.0081301253724794,-0.813012537247948,bearish_cluster_8_rep_1,bearish,8,2025-03-26,2618.TW,0.2683989132124977,0.788395503641107,False,0.023402221971316438,49
2023-04-12,2337.TW,2337,旺宏,67,neutral,-0.0142045451466702,-1.4204545146670244,bearish_cluster_8_rep_1,bearish,8,2025-03-26,2618.TW,0.26855569551672576,0.7882980649049597,False,0.023402221971316438,50
2024-12-25,2356.TW,2356,英業達,71,neutral,-0.001980167804378,-0.1980167804378041,bearish_cluster_8_rep_1,bearish,8,2025-03-26,2618.TW,0.2702343565267555,0.7872563002738594,False,0.023402221971316438,51
2022-12-15,2337.TW,2337,旺宏,67,neutral,-0.0141843971631205,-1.4184397163120588,bearish_cluster_8_rep_1,bearish,8,2025-03-26,2618.TW,0.27048274009912704,0.7871023890666763,False,0.023402221971316438,52
2025-04-29,2409.TW,2409,友達,80,bullish,0.0642570444169414,6.425704441694147,bearish_cluster_8_rep_1,bearish,8,2025-03-26,2618.TW,0.27053136082442075,0.7870722682131367,False,0.023402221971316438,53
2024-04-26,1802.TW,1802,台玻,86,neutral,0.008823506972369,0.8823506972369,bearish_cluster_8_rep_1,bearish,8,2025-03-26,2618.TW,0.27096098139772534,0.7868062156402795,False,0.023402221971316438,54
2023-03-17,5871.TW,5871,中租-KY,78,neutral,0.0173912949660468,1.7391294966046855,bearish_cluster_8_rep_1,bearish,8,2025-03-26,2618.TW,0.27120613905555685,0.7866544766240277,False,0.023402221971316438,55
2019-01-10,2313.TW,2313,華通,60,neutral,0.0074813731464709,0.7481373146470904,bearish_cluster_8_rep_1,bearish,8,2025-03-26,2618.TW,0.27139778332695313,0.7865359001832077,False,0.023402221971316438,56
2025-05-07,2609.TW,2609,陽明,77,neutral,0.0211267605633802,2.1126760563380254,bearish_cluster_8_rep_1,bearish,8,2025-03-26,2618.TW,0.2721336972138487,0.7860808987216834,False,0.023402221971316438,57
2024-10-24,5871.TW,5871,中租-KY,78,neutral,-0.0226537160298039,-2.2653716029803928,bearish_cluster_8_rep_1,bearish,8,2025-03-26,2618.TW,0.2739058664226126,0.7849873576673321,False,0.023402221971316438,58
2023-01-03,2492.TW,2492,華新科,100,neutral,0.0404040997593464,4.040409975934645,bearish_cluster_8_rep_1,bearish,8,2025-03-26,2618.TW,0.2739845071945653,0.784938901809799,False,0.023402221971316438,59
2024-12-26,4938.TW,4938,和碩,69,neutral,-0.0202558791477915,-2.025587914779159,bearish_cluster_8_rep_1,bearish,8,2025-03-26,2618.TW,0.2741203684747783,0.7848552026501847,False,0.023402221971316438,60
2022-06-24,2801.TW,2801,彰銀,61,neutral,0.0,0.0,bearish_cluster_8_rep_1,bearish,8,2025-03-26,2618.TW,0.2744661590562198,0.7846422542443416,False,0.023402221971316438,61
2024-09-16,2609.TW,2609,陽明,77,neutral,0.0307941278393448,3.079412783934488,bearish_cluster_8_rep_1,bearish,8,2025-03-26,2618.TW,0.2745090972665219,0.7846158196475256,False,0.023402221971316438,62
2024-02-01,2618.TW,2618,長榮航,72,neutral,-0.0218408384478645,-2.1840838447864552,bearish_cluster_8_rep_1,bearish,8,2025-03-26,2618.TW,0.2745969329172341,0.7845617498162731,False,0.023402221971316438,63
2021-12-03,1590.TW,1590,亞德客-KY,64,bullish,0.0659599528857479,6.595995288574796,bearish_cluster_8_rep_1,bearish,8,2025-03-26,2618.TW,0.27490371663977076,0.7843729584816592,False,0.023402221971316438,64
2018-06-29,1402.TW,1402,遠東新,94,bullish,0.0657439323048301,6.574393230483011,bearish_cluster_8_rep_1,bearish,8,2025-03-26,2618.TW,0.2749584727982327,0.7843392716981881,False,0.023402221971316438,65
2019-10-23,2337.TW,2337,旺宏,67,bearish,-0.0620272098149334,-6.202720981493348,bearish_cluster_8_rep_1,bearish,8,2025-03-26,2618.TW,0.27526088782915276,0.7841532736899639,True,0.023402221971316438,66
2024-12-26,2615.TW,2615,萬海,59,neutral,-0.0145808570247809,-1.4580857024780958,bearish_cluster_8_rep_1,bearish,8,2025-03-26,2618.TW,0.2762414920849108,0.7835507669997208,False,0.023402221971316438,67
2021-12-30,2379.TW,2379,瑞昱,53,neutral,-0.0293103448275862,-2.931034482758621,bearish_cluster_8_rep_1,bearish,8,2025-03-26,2618.TW,0.27630483527221483,0.7835118792656743,False,0.023402221971316438,68
2024-03-26,1402.TW,1402,遠東新,94,neutral,0.0153374240307684,1.5337424030768432,bearish_cluster_8_rep_1,bearish,8,2025-03-26,2618.TW,0.27645632637699474,0.783418891297543,False,0.023402221971316438,69
2025-01-22,7750.TW,7750,新代,91,neutral,0.0039761431411531,0.3976143141153132,bearish_cluster_8_rep_1,bearish,8,2025-03-26,2618.TW,0.27677338030995535,0.7832243493024857,False,0.023402221971316438,70
2020-08-17,2449.TW,2449,京元電子,57,bearish,-0.1288088776357075,-12.880887763570758,bearish_cluster_8_rep_1,bearish,8,2025-03-26,2618.TW,0.2771501394002134,0.782993298242624,True,0.023402221971316438,71
2020-12-09,1326.TW,1326,台化,51,neutral,-0.0088272957212856,-0.88272957212856,bearish_cluster_8_rep_1,bearish,8,2025-03-26,2618.TW,0.2774947646681688,0.7827820728954232,False,0.023402221971316438,72
2022-09-08,1402.TW,1402,遠東新,94,neutral,0.0110063615476587,1.1006361547658772,bearish_cluster_8_rep_1,bearish,8,2025-03-26,2618.TW,0.2774994132398174,0.7827792245038596,False,0.023402221971316438,73
2025-09-22,2379.TW,2379,瑞昱,53,neutral,-0.005524861878453,-0.5524861878453025,bearish_cluster_8_rep_1,bearish,8,2025-03-26,2618.TW,0.2780757631980743,0.7824262291757593,False,0.023402221971316438,74
2021-03-24,4938.TW,4938,和碩,69,neutral,-0.0080862331374436,-0.808623313744361,bearish_cluster_8_rep_1,bearish,8,2025-03-26,2618.TW,0.27844727632640187,0.7821988583475138,False,0.023402221971316438,75
2018-10-03,2912.TW,2912,統一超,74,neutral,-0.047887323943662,-4.7887323943662015,bearish_cluster_8_rep_1,bearish,8,2025-03-26,2618.TW,0.27900779199088716,0.7818560655079457,False,0.023402221971316438,76
2025-05-08,2324.TW,2324,仁寶,84,neutral,0.0234234096767667,2.3423409676766704,bearish_cluster_8_rep_1,bearish,8,2025-03-26,2618.TW,0.279354596761207,0.7816441215997375,False,0.023402221971316438,77
2025-09-19,2379.TW,2379,瑞昱,53,neutral,0.0036764705882352,0.3676470588235281,bearish_cluster_8_rep_1,bearish,8,2025-03-26,2618.TW,0.27936116690885543,0.781640107473453,False,0.023402221971316438,78
2022-10-25,6239.TW,6239,力成,76,neutral,0.011126500770314,1.1126500770314074,bearish_cluster_8_rep_1,bearish,8,2025-03-26,2618.TW,0.2797893943651221,0.7813785646317846,False,0.023402221971316438,79
2020-01-16,2409.TW,2409,友達,80,bearish,-0.0533980582524271,-5.339805825242716,bearish_cluster_8_rep_1,bearish,8,2025-03-26,2618.TW,0.27994023382585204,0.7812864800811156,True,0.023402221971316438,80
2020-12-09,2912.TW,2912,統一超,74,neutral,-0.0018726591760299,-0.1872659176029967,bearish_cluster_8_rep_1,bearish,8,2025-03-26,2618.TW,0.2801779095675296,0.7811414277081382,False,0.023402221971316438,81
2018-03-05,2324.TW,2324,仁寶,84,neutral,0.0124378107092215,1.2437810709221564,bearish_cluster_8_rep_1,bearish,8,2025-03-26,2618.TW,0.2825063588899576,0.7797232294937904,False,0.023402221971316438,82
2022-09-15,1802.TW,1802,台玻,86,neutral,-0.014836794916333,-1.4836794916333051,bearish_cluster_8_rep_1,bearish,8,2025-03-26,2618.TW,0.2825104764621778,0.7797207261483846,False,0.023402221971316438,83
2024-04-10,2379.TW,2379,瑞昱,53,neutral,-0.0175131348511383,-1.7513134851138368,bearish_cluster_8_rep_1,bearish,8,2025-03-26,2618.TW,0.2828257256862575,0.7795291129393607,False,0.023402221971316438,84
2022-05-24,1402.TW,1402,遠東新,94,neutral,0.0031746152847531,0.3174615284753157,bearish_cluster_8_rep_1,bearish,8,2025-03-26,2618.TW,0.28286574902127964,0.7795047928927226,False,0.023402221971316438,85
2021-08-05,1504.TW,1504,東元,89,neutral,-0.0285714164612784,-2.857141646127848,bearish_cluster_8_rep_1,bearish,8,2025-03-26,2618.TW,0.28303561187610654,0.7794015931777292,False,0.023402221971316438,86
2025-09-23,2379.TW,2379,瑞昱,53,neutral,-0.0018518518518518,-0.1851851851851882,bearish_cluster_8_rep_1,bearish,8,2025-03-26,2618.TW,0.2830452861338513,0.7793957164312257,False,0.023402221971316438,87
2018-06-08,1101.TW,1101,台泥,83,neutral,0.0099999573587159,0.999995735871595,bearish_cluster_8_rep_1,bearish,8,2025-03-26,2618.TW,0.2831402850658558,0.7793380128725957,False,0.023402221971316438,88
2025-12-23,1101.TW,1101,台泥,83,neutral,0.0286975553853208,2.8697555385320817,bearish_cluster_8_rep_1,bearish,8,2025-03-26,2618.TW,0.2833822546625648,0.7791910760546759,False,0.023402221971316438,89
2024-10-29,2379.TW,2379,瑞昱,53,neutral,-0.003099173553719,-0.3099173553719025,bearish_cluster_8_rep_1,bearish,8,2025-03-26,2618.TW,0.28416948875280285,0.7787134087504362,False,0.023402221971316438,90
2020-10-07,5871.TW,5871,中租-KY,78,neutral,0.0074906474495792,0.749064744957928,bearish_cluster_8_rep_1,bearish,8,2025-03-26,2618.TW,0.2843977215846347,0.778575034192869,False,0.023402221971316438,91
2024-07-31,2618.TW,2618,長榮航,72,bearish,-0.1088534083295047,-10.885340832950474,bearish_cluster_8_rep_1,bearish,8,2025-03-26,2618.TW,0.2847282043634441,0.778374753978005,True,0.023402221971316438,92
2024-04-25,1802.TW,1802,台玻,86,neutral,0.0117993419816304,1.1799341981630462,bearish_cluster_8_rep_1,bearish,8,2025-03-26,2618.TW,0.28533852118101666,0.7780051585796736,False,0.023402221971316438,93
2020-02-10,2002.TW,2002,中鋼,62,neutral,-0.0021322448947719,-0.2132244894771928,bearish_cluster_8_rep_1,bearish,8,2025-03-26,2618.TW,0.28539161308281547,0.7779730238021803,False,0.023402221971316438,94
2020-09-10,1326.TW,1326,台化,51,neutral,-0.0173409971266287,-1.7340997126628732,bearish_cluster_8_rep_1,bearish,8,2025-03-26,2618.TW,0.2863256521847039,0.7774081145793784,False,0.023402221971316438,95
2022-11-28,1504.TW,1504,東元,89,neutral,0.0107527293373124,1.0752729337312417,bearish_cluster_8_rep_2,bearish,8,2018-09-06,1101.TW,0.18747629239086322,0.8421220755376946,False,0.0,1
2020-02-06,2002.TW,2002,中鋼,62,neutral,0.0042826715133197,0.4282671513319736,bearish_cluster_8_rep_2,bearish,8,2018-09-06,1101.TW,0.19046934498452478,0.840004830206694,False,0.0,2
2020-12-04,1504.TW,1504,東元,89,neutral,-0.0271647240639775,-2.716472406397752,bearish_cluster_8_rep_2,bearish,8,2018-09-06,1101.TW,0.20256169877450847,0.8315581653889921,False,0.0,3
2023-08-16,2912.TW,2912,統一超,74,neutral,-0.0147058823529411,-1.4705882352941124,bearish_cluster_8_rep_2,bearish,8,2018-09-06,1101.TW,0.2046688384980795,0.8301036501008441,False,0.0,4
2025-06-27,2609.TW,2609,陽明,77,neutral,0.0068870524863471,0.6887052486347134,bearish_cluster_8_rep_2,bearish,8,2018-09-06,1101.TW,0.2078635925440592,0.8279080569799714,False,0.0,5
2018-07-04,2356.TW,2356,英業達,71,neutral,0.0125260637788693,1.2526063778869334,bearish_cluster_8_rep_2,bearish,8,2018-09-06,1101.TW,0.2081078362312195,0.8277406784476897,False,0.0,6
2021-02-02,2801.TW,2801,彰銀,61,neutral,0.0029673537842913,0.296735378429136,bearish_cluster_8_rep_2,bearish,8,2018-09-06,1101.TW,0.21094885308313832,0.8257987093789704,False,0.0,7
2019-08-23,2207.TW,2207,和泰車,63,neutral,-0.0441860955015002,-4.4186095501500215,bearish_cluster_8_rep_2,bearish,8,2018-09-06,1101.TW,0.21557450802350217,0.8226562776690491,False,0.0,8
2020-10-26,2207.TW,2207,和泰車,63,neutral,-0.0422535101490691,-4.22535101490692,bearish_cluster_8_rep_2,bearish,8,2018-09-06,1101.TW,0.21861336163412795,0.8206048214168822,False,0.0,9
2023-06-28,5871.TW,5871,中租-KY,78,neutral,0.0123152336014473,1.2315233601447373,bearish_cluster_8_rep_2,bearish,8,2018-09-06,1101.TW,0.2197905995367615,0.8198128435977199,False,0.0,10
2022-04-12,2207.TW,2207,和泰車,63,neutral,-0.0017270356779851,-0.1727035677985156,bearish_cluster_8_rep_2,bearish,8,2018-09-06,1101.TW,0.22022738392703212,0.8195193889041574,False,0.0,11
2023-10-06,6770.TW,6770,力積電,55,neutral,0.0452830476580925,4.528304765809255,bearish_cluster_8_rep_2,bearish,8,2018-09-06,1101.TW,0.22296297173711588,0.8176862448906235,False,0.0,12
2023-03-13,2002.TW,2002,中鋼,62,neutral,-0.0129032135009765,-1.2903213500976562,bearish_cluster_8_rep_2,bearish,8,2018-09-06,1101.TW,0.22353498814024636,0.817303967351178,False,0.0,13
2024-06-27,2404.TW,2404,漢唐,79,neutral,0.0054945054945054,0.5494505494505475,bearish_cluster_8_rep_2,bearish,8,2018-09-06,1101.TW,0.22370062335596552,0.8171933403592844,False,0.0,14
2023-06-14,1605.TW,1605,華新,88,neutral,0.0365447985696278,3.654479856962789,bearish_cluster_8_rep_2,bearish,8,2018-09-06,1101.TW,0.224451199370871,0.8166924092310128,False,0.0,15
2020-09-02,4938.TW,4938,和碩,69,neutral,-0.012558857574237,-1.2558857574237026,bearish_cluster_8_rep_2,bearish,8,2018-09-06,1101.TW,0.22590035011787052,0.8157269878451784,False,0.0,16
2020-04-27,2834.TW,2834,臺企銀,87,bullish,0.0533980703757159,5.339807037571598,bearish_cluster_8_rep_2,bearish,8,2018-09-06,1101.TW,0.22590720756642868,0.8157224248523007,False,0.0,17
2025-09-09,3702.TW,3702,大聯大,90,neutral,-0.0076219513968014,-0.7621951396801441,bearish_cluster_8_rep_2,bearish,8,2018-09-06,1101.TW,0.22600088999615842,0.8156600930388667,False,0.0,18
2022-03-14,1504.TW,1504,東元,89,neutral,0.0084175082012778,0.8417508201277846,bearish_cluster_8_rep_2,bearish,8,2018-09-06,1101.TW,0.2260896450061953,0.8156010484820195,False,0.0,19
2018-07-06,2356.TW,2356,英業達,71,neutral,-0.0250000158945717,-2.500001589457179,bearish_cluster_8_rep_2,bearish,8,2018-09-06,1101.TW,0.23207409797933817,0.8116394960660638,False,0.0,20
2018-07-23,1101.TW,1101,台泥,83,neutral,0.0148886118914584,1.4888611891458403,bearish_cluster_8_rep_2,bearish,8,2018-09-06,1101.TW,0.2326320987097546,0.811272074649638,False,0.0,21
2019-08-21,1605.TW,1605,華新,88,neutral,0.0,0.0,bearish_cluster_8_rep_2,bearish,8,2018-09-06,1101.TW,0.23307622344761172,0.8109798737372911,False,0.0,22
2020-07-01,2618.TW,2618,長榮航,72,neutral,0.0,0.0,bearish_cluster_8_rep_2,bearish,8,2018-09-06,1101.TW,0.23307895982034071,0.8109780740608045,False,0.0,23
2025-08-06,2207.TW,2207,和泰車,63,neutral,-0.0018050541516245,-0.1805054151624574,bearish_cluster_8_rep_2,bearish,8,2018-09-06,1101.TW,0.23312544165561178,0.8109475047870115,False,0.0,24
2018-08-16,6239.TW,6239,力成,76,neutral,0.0058685448111428,0.5868544811142851,bearish_cluster_8_rep_2,bearish,8,2018-09-06,1101.TW,0.23423048407522268,0.8102214399195256,False,0.0,25
2025-12-19,2409.TW,2409,友達,80,neutral,0.0177777608235676,1.7777760823567634,bearish_cluster_8_rep_2,bearish,8,2018-09-06,1101.TW,0.23429600855793847,0.8101784280809002,False,0.0,26
2021-03-11,6239.TW,6239,力成,76,neutral,0.0098522167487684,0.985221674876846,bearish_cluster_8_rep_2,bearish,8,2018-09-06,1101.TW,0.23492599110034282,0.8097651253651086,False,0.0,27
2023-02-16,6770.TW,6770,力積電,55,neutral,0.0119403440560867,1.1940344056086794,bearish_cluster_8_rep_2,bearish,8,2018-09-06,1101.TW,0.23533272270615063,0.8094985113074437,False,0.0,28
2018-02-23,4904.TW,4904,遠傳,54,neutral,-0.0054200746522784,-0.542007465227845,bearish_cluster_8_rep_2,bearish,8,2018-09-06,1101.TW,0.23664086071028867,0.8086422111474066,False,0.0,29
2018-02-22,2801.TW,2801,彰銀,61,neutral,0.0059879871499834,0.5987987149983498,bearish_cluster_8_rep_2,bearish,8,2018-09-06,1101.TW,0.2384026472954535,0.8074918138974422,False,0.0,30
2019-10-21,3034.TW,3034,聯詠,58,bullish,0.1152815013404826,11.528150134048264,bearish_cluster_8_rep_2,bearish,8,2018-09-06,1101.TW,0.23926412366736005,0.8069304847143444,False,0.0,31
2018-10-18,2002.TW,2002,中鋼,62,neutral,-0.0041237270709164,-0.4123727070916461,bearish_cluster_8_rep_2,bearish,8,2018-09-06,1101.TW,0.23935691263504616,0.8068700709256224,False,0.0,32
2018-08-21,1504.TW,1504,東元,89,neutral,0.0162790875102198,1.6279087510219892,bearish_cluster_8_rep_2,bearish,8,2018-09-06,1101.TW,0.23992858095224198,0.8064980639707641,False,0.0,33
2023-09-01,2404.TW,2404,漢唐,79,neutral,0.0344036697247707,3.440366972477072,bearish_cluster_8_rep_2,bearish,8,2018-09-06,1101.TW,0.24065067413829658,0.8060286596745354,False,0.0,34
2020-12-24,1504.TW,1504,東元,89,neutral,-0.0090744104146361,-0.9074410414636191,bearish_cluster_8_rep_2,bearish,8,2018-09-06,1101.TW,0.243183370293573,0.8043865642796153,False,0.0,35
2025-07-14,2615.TW,2615,萬海,59,neutral,0.0255555894639756,2.5555589463975625,bearish_cluster_8_rep_2,bearish,8,2018-09-06,1101.TW,0.2447140889037137,0.803397349571863,False,0.0,36
2019-05-20,6239.TW,6239,力成,76,neutral,-0.0040377259681783,-0.4037725968178307,bearish_cluster_8_rep_2,bearish,8,2018-09-06,1101.TW,0.2451690886469388,0.8031037785291061,False,0.0,37
2024-11-11,4904.TW,4904,遠傳,54,neutral,0.0033860390172064,0.3386039017206466,bearish_cluster_8_rep_2,bearish,8,2018-09-06,1101.TW,0.24550544067294955,0.8028868982376325,False,0.0,38
2023-10-05,6770.TW,6770,力積電,55,neutral,0.0435605922404287,4.356059224042874,bearish_cluster_8_rep_2,bearish,8,2018-09-06,1101.TW,0.24580962796285347,0.8026908586628914,False,0.0,39
2022-05-20,2002.TW,2002,中鋼,62,neutral,0.0149925044340852,1.4992504434085283,bearish_cluster_8_rep_2,bearish,8,2018-09-06,1101.TW,0.24609253977693324,0.8025086163977941,False,0.0,40
2019-01-08,2609.TW,2609,陽明,77,neutral,0.00795451060307,0.7954510603070064,bearish_cluster_8_rep_2,bearish,8,2018-09-06,1101.TW,0.24620435250084946,0.8024366132193543,False,0.0,41
2023-08-07,2002.TW,2002,中鋼,62,neutral,-0.0210526449638499,-2.105264496384996,bearish_cluster_8_rep_2,bearish,8,2018-09-06,1101.TW,0.24634952963584808,0.8023431438949352,False,0.0,42
2019-03-14,5871.TW,5871,中租-KY,78,neutral,0.0216450026058445,2.1645002605844565,bearish_cluster_8_rep_2,bearish,8,2018-09-06,1101.TW,0.24645668833274137,0.802274165929984,False,0.0,43
2021-02-05,2002.TW,2002,中鋼,62,bullish,0.0512820847223081,5.128208472230811,bearish_cluster_8_rep_2,bearish,8,2018-09-06,1101.TW,0.24650736765529244,0.8022415478225546,False,0.0,44
2022-08-18,4938.TW,4938,和碩,69,neutral,0.0190475706070187,1.9047570607018784,bearish_cluster_8_rep_2,bearish,8,2018-09-06,1101.TW,0.24661026969974,0.802175326408037,False,0.0,45
2020-09-29,2347.TW,2347,聯強,99,neutral,-0.0012225684570251,-0.1222568457025174,bearish_cluster_8_rep_2,bearish,8,2018-09-06,1101.TW,0.2469922842154668,0.8019295810071033,False,0.0,46
2024-05-07,1504.TW,1504,東元,89,neutral,-0.0367133262379076,-3.671332623790768,bearish_cluster_8_rep_2,bearish,8,2018-09-06,1101.TW,0.24710114354420673,0.8018595806576232,False,0.0,47
2022-09-29,1402.TW,1402,遠東新,94,neutral,-0.0168195481415367,-1.6819548141536744,bearish_cluster_8_rep_2,bearish,8,2018-09-06,1101.TW,0.24741786829656678,0.8016559850674316,False,0.0,48
2024-12-13,1504.TW,1504,東元,89,neutral,0.0116504558081764,1.1650455808176474,bearish_cluster_8_rep_2,bearish,8,2018-09-06,1101.TW,0.24794764797446192,0.8013156654632871,False,0.0,49
2020-07-01,2801.TW,2801,彰銀,61,neutral,0.0180411703949534,1.8041170394953452,bearish_cluster_8_rep_2,bearish,8,2018-09-06,1101.TW,0.24826865687565366,0.8011095964733617,False,0.0,50
2024-05-27,2337.TW,2337,旺宏,67,neutral,-0.0055865778919613,-0.5586577891961375,bearish_cluster_8_rep_2,bearish,8,2018-09-06,1101.TW,0.24832586707692741,0.8010728819884139,False,0.0,51
2023-07-14,6770.TW,6770,力積電,55,neutral,0.0,0.0,bearish_cluster_8_rep_2,bearish,8,2018-09-06,1101.TW,0.24859599688537148,0.8008995723953182,False,0.0,52
2024-01-23,1802.TW,1802,台玻,86,neutral,0.0110193260133877,1.1019326013387731,bearish_cluster_8_rep_2,bearish,8,2018-09-06,1101.TW,0.24902949587996695,0.8006216052531885,False,0.0,53
2023-07-28,1605.TW,1605,華新,88,neutral,0.0209876166449651,2.098761664496518,bearish_cluster_8_rep_2,bearish,8,2018-09-06,1101.TW,0.24964005403348521,0.8002304317729593,False,0.0,54
2018-07-19,1101.TW,1101,台泥,83,bullish,0.0643274413955286,6.43274413955286,bearish_cluster_8_rep_2,bearish,8,2018-09-06,1101.TW,0.24994739917903105,0.800033665942105,False,0.0,55
2022-02-25,2449.TW,2449,京元電子,57,neutral,0.0137931434549716,1.3793143454971624,bearish_cluster_8_rep_2,bearish,8,2018-09-06,1101.TW,0.25001877184188004,0.7999879862016137,False,0.0,56
2018-04-09,2207.TW,2207,和泰車,63,neutral,0.0050762228747207,0.5076222874720759,bearish_cluster_8_rep_2,bearish,8,2018-09-06,1101.TW,0.25002413621942715,0.7999845531178301,False,0.0,57
2024-11-18,2002.TW,2002,中鋼,62,neutral,-0.0178174393000124,-1.781743930001245,bearish_cluster_8_rep_2,bearish,8,2018-09-06,1101.TW,0.2503486681320964,0.7997769146216681,False,0.0,58
2024-12-25,4938.TW,4938,和碩,69,neutral,-0.0086207222569982,-0.8620722256998281,bearish_cluster_8_rep_2,bearish,8,2018-09-06,1101.TW,0.2505842515412289,0.7996262537030935,False,0.0,59
2020-09-30,2834.TW,2834,臺企銀,87,neutral,0.0314466111576772,3.144661115767722,bearish_cluster_8_rep_2,bearish,8,2018-09-06,1101.TW,0.25106004500956464,0.799322146038446,False,0.0,60
2025-04-02,3702.TW,3702,大聯大,90,bearish,-0.1796875,-17.96875,bearish_cluster_8_rep_2,bearish,8,2018-09-06,1101.TW,0.2515416879483492,0.7990145351364993,True,0.0,61
2020-10-06,2618.TW,2618,長榮航,72,neutral,-0.0092166246962087,-0.9216624696208764,bearish_cluster_8_rep_2,bearish,8,2018-09-06,1101.TW,0.2517840180793437,0.798859855659713,False,0.0,62
2021-11-22,1519.TW,1519,華城,66,neutral,-0.0110041171329959,-1.1004117132995983,bearish_cluster_8_rep_2,bearish,8,2018-09-06,1101.TW,0.2518294467303214,0.7988308651884808,False,0.0,63
2020-12-03,1504.TW,1504,東元,89,neutral,-0.0188033927200187,-1.880339272001874,bearish_cluster_8_rep_2,bearish,8,2018-09-06,1101.TW,0.2520215189288403,0.7987083168151488,False,0.0,64
2024-11-07,1402.TW,1402,遠東新,94,neutral,-0.0437756089608545,-4.377560896085453,bearish_cluster_8_rep_2,bearish,8,2018-09-06,1101.TW,0.25229833474896396,0.7985317653564238,False,0.0,65
2019-06-03,2912.TW,2912,統一超,74,neutral,-0.0098684210526315,-0.9868421052631526,bearish_cluster_8_rep_2,bearish,8,2018-09-06,1101.TW,0.25261858159077594,0.7983276112110995,False,0.0,66
2023-03-17,2347.TW,2347,聯強,99,neutral,0.0048780363749683,0.4878036374968308,bearish_cluster_8_rep_2,bearish,8,2018-09-06,1101.TW,0.25276398451256793,0.7982349527625391,False,0.0,67
2023-08-04,2002.TW,2002,中鋼,62,neutral,-0.0053003400202865,-0.5300340020286565,bearish_cluster_8_rep_2,bearish,8,2018-09-06,1101.TW,0.2527665703149276,0.7982333051468753,False,0.0,68
2018-07-03,2356.TW,2356,英業達,71,neutral,0.0105263157894737,1.0526315789473717,bearish_cluster_8_rep_2,bearish,8,2018-09-06,1101.TW,0.25342189026597217,0.7978159690412006,False,0.0,69
2023-06-13,1605.TW,1605,華新,88,neutral,0.049272046429093,4.9272046429093,bearish_cluster_8_rep_2,bearish,8,2018-09-06,1101.TW,0.253433474381295,0.7978085957003886,False,0.0,70
2024-05-13,1605.TW,1605,華新,88,neutral,0.0041667090521917,0.4166709052191741,bearish_cluster_8_rep_2,bearish,8,2018-09-06,1101.TW,0.25361664277546064,0.797692026316783,False,0.0,71
2020-10-22,2207.TW,2207,和泰車,63,neutral,-0.0015698835678645,-0.1569883567864582,bearish_cluster_8_rep_2,bearish,8,2018-09-06,1101.TW,0.2538424187832926,0.7975483880744624,False,0.0,72
2020-06-23,2801.TW,2801,彰銀,61,neutral,-0.0102302423157408,-1.0230242315740878,bearish_cluster_8_rep_2,bearish,8,2018-09-06,1101.TW,0.25393868071615044,0.7974871621544359,False,0.0,73
2023-05-18,1101.TW,1101,台泥,83,neutral,0.0013210846439533,0.1321084643953307,bearish_cluster_8_rep_2,bearish,8,2018-09-06,1101.TW,0.25400884766618914,0.7974425394693826,False,0.0,74
2019-08-28,3532.TW,3532,台勝科,98,neutral,0.0098039215686274,0.9803921568627416,bearish_cluster_8_rep_2,bearish,8,2018-09-06,1101.TW,0.2541701768719118,0.7973399610682418,False,0.0,75
2025-08-11,2207.TW,2207,和泰車,63,neutral,0.0126582278481013,1.265822784810133,bearish_cluster_8_rep_2,bearish,8,2018-09-06,1101.TW,0.25455295023084046,0.7970966867647936,False,0.0,76
2023-04-10,5871.TW,5871,中租-KY,78,neutral,0.0245535864300818,2.4553586430081875,bearish_cluster_8_rep_2,bearish,8,2018-09-06,1101.TW,0.2546075849140837,0.7970619754131971,False,0.0,77
2024-12-25,2492.TW,2492,華新科,100,neutral,-0.0064377520790511,-0.6437752079051173,bearish_cluster_8_rep_2,bearish,8,2018-09-06,1101.TW,0.2548002046562066,0.7969396213750082,False,0.0,78
2022-11-02,3702.TW,3702,大聯大,90,neutral,0.0156950849078085,1.5695084907808576,bearish_cluster_8_rep_2,bearish,8,2018-09-06,1101.TW,0.25504739965606116,0.7967826555985411,False,0.0,79
2018-12-28,1605.TW,1605,華新,88,neutral,-0.0388059881317539,-3.880598813175396,bearish_cluster_8_rep_2,bearish,8,2018-09-06,1101.TW,0.2554274666974929,0.7965414382963786,False,0.0,80
2023-03-07,2002.TW,2002,中鋼,62,neutral,-0.0160771702208053,-1.6077170220805348,bearish_cluster_8_rep_2,bearish,8,2018-09-06,1101.TW,0.25571956576210064,0.7963561508998996,False,0.0,81
2019-08-22,2609.TW,2609,陽明,77,neutral,-0.0162702930322571,-1.6270293032257133,bearish_cluster_8_rep_2,bearish,8,2018-09-06,1101.TW,0.25621852915717297,0.7960398424236935,False,0.0,82
2022-11-02,1101.TW,1101,台泥,83,neutral,0.0081300813008129,0.8130081300812941,bearish_cluster_8_rep_2,bearish,8,2018-09-06,1101.TW,0.25628868582047715,0.7959953880718936,False,0.0,83
2019-03-12,1402.TW,1402,遠東新,94,neutral,-0.0132013078746556,-1.3201307874655677,bearish_cluster_8_rep_2,bearish,8,2018-09-06,1101.TW,0.25646965642009456,0.7958807400484129,False,0.0,84
2019-02-26,3481.TW,3481,群創,52,neutral,0.0140562339185894,1.4056233918589456,bearish_cluster_8_rep_2,bearish,8,2018-09-06,1101.TW,0.25659107887254556,0.7958038353234471,False,0.0,85
2025-08-11,2002.TW,2002,中鋼,62,neutral,0.0258397927722429,2.583979277224291,bearish_cluster_8_rep_2,bearish,8,2018-09-06,1101.TW,0.2567099264291556,0.7957285758388358,False,0.0,86
2024-08-22,2002.TW,2002,中鋼,62,neutral,0.0044843221924213,0.4484322192421341,bearish_cluster_8_rep_2,bearish,8,2018-09-06,1101.TW,0.25705175884487735,0.795512191891696,False,0.0,87
2022-11-01,3702.TW,3702,大聯大,90,neutral,0.0259887350481109,2.5988735048110945,bearish_cluster_8_rep_2,bearish,8,2018-09-06,1101.TW,0.2572234465037761,0.7954035559716205,False,0.0,88
2020-08-28,1326.TW,1326,台化,51,neutral,-0.0329041917246065,-3.290419172460657,bearish_cluster_8_rep_2,bearish,8,2018-09-06,1101.TW,0.2573569929716548,0.7953190745267867,False,0.0,89
2024-03-22,2207.TW,2207,和泰車,63,neutral,0.0,0.0,bearish_cluster_8_rep_2,bearish,8,2018-09-06,1101.TW,0.2574208854692884,0.7952786625035141,False,0.0,90
2020-08-04,1504.TW,1504,東元,89,neutral,0.0307414247087394,3.0741424708739418,bearish_cluster_8_rep_2,bearish,8,2018-09-06,1101.TW,0.2574598220606992,0.795254037112073,False,0.0,91
2025-10-07,3034.TW,3034,聯詠,58,neutral,-0.0258823529411764,-2.5882352941176467,bearish_cluster_8_rep_2,bearish,8,2018-09-06,1101.TW,0.2577733776874438,0.795055784881225,False,0.0,92
2023-09-22,1326.TW,1326,台化,51,neutral,-0.0374414628441931,-3.744146284419314,bearish_cluster_8_rep_2,bearish,8,2018-09-06,1101.TW,0.25791326083615784,0.7949673726591305,False,0.0,93
2020-06-16,2834.TW,2834,臺企銀,87,neutral,-0.0136986562289905,-1.369865622899058,bearish_cluster_8_rep_2,bearish,8,2018-09-06,1101.TW,0.25794638809178716,0.7949464376752391,False,0.0,94
2022-03-14,1326.TW,1326,台化,51,neutral,0.0125944581962516,1.25944581962516,bearish_cluster_8_rep_2,bearish,8,2018-09-06,1101.TW,0.25796136660492935,0.7949369722687646,False,0.0,95
2022-09-08,1402.TW,1402,遠東新,94,neutral,0.0110063615476587,1.1006361547658772,bearish_cluster_8_rep_3,bearish,8,2025-06-18,2409.TW,0.20476024373254578,0.83004067008539,False,0.0,1
2025-12-01,2609.TW,2609,陽明,77,neutral,0.001908367771167,0.1908367771167096,bearish_cluster_8_rep_3,bearish,8,2025-06-18,2409.TW,0.22415826704209244,0.8168878378906664,False,0.0,2
2024-03-12,1605.TW,1605,華新,88,neutral,0.0407303602553104,4.0730360255310405,bearish_cluster_8_rep_3,bearish,8,2025-06-18,2409.TW,0.22731631886675005,0.8147858743729214,False,0.0,3
2021-08-04,1504.TW,1504,東元,89,neutral,-0.0192000122070311,-1.920001220703116,bearish_cluster_8_rep_3,bearish,8,2025-06-18,2409.TW,0.2280971232829028,0.814267846607146,False,0.0,4
2025-07-09,2409.TW,2409,友達,80,neutral,-0.024000015258789,-2.400001525878903,bearish_cluster_8_rep_3,bearish,8,2025-06-18,2409.TW,0.23172124814772554,0.8118720055400601,False,0.0,5
2025-08-18,2379.TW,2379,瑞昱,53,neutral,-0.0277777777777777,-2.777777777777779,bearish_cluster_8_rep_3,bearish,8,2025-06-18,2409.TW,0.23527671990236826,0.8095352109275049,False,0.0,6
2020-05-21,5871.TW,5871,中租-KY,78,neutral,0.0307017481828359,3.0701748182836,bearish_cluster_8_rep_3,bearish,8,2025-06-18,2409.TW,0.23620015946151895,0.8089304894084416,False,0.0,7
2022-09-21,5871.TW,5871,中租-KY,78,bearish,-0.0607594612259544,-6.075946122595443,bearish_cluster_8_rep_3,bearish,8,2025-06-18,2409.TW,0.23919848784584888,0.8069732248772691,True,0.0,8
2025-03-26,2618.TW,2618,長榮航,72,bearish,-0.0773606704631945,-7.73606704631945,bearish_cluster_8_rep_3,bearish,8,2025-06-18,2409.TW,0.24054180767825864,0.8060993944827658,True,0.0,9
2022-11-01,2002.TW,2002,中鋼,62,neutral,-0.0092592592592593,-0.92592592592593,bearish_cluster_8_rep_3,bearish,8,2025-06-18,2409.TW,0.24595356775795513,0.8025981271512878,False,0.0,10
2020-07-20,2618.TW,2618,長榮航,72,neutral,-0.013333299424913,-1.3333299424913014,bearish_cluster_8_rep_3,bearish,8,2025-06-18,2409.TW,0.24743878613734394,0.8016425423939795,False,0.0,11
2025-05-20,1326.TW,1326,台化,51,neutral,-0.0292397665167284,-2.923976651672844,bearish_cluster_8_rep_3,bearish,8,2025-06-18,2409.TW,0.24807483033478636,0.8012340091272875,False,0.0,12
2024-09-03,5871.TW,5871,中租-KY,78,neutral,-0.0222373394112653,-2.2237339411265378,bearish_cluster_8_rep_3,bearish,8,2025-06-18,2409.TW,0.2492637998370914,0.8004714457670219,False,0.0,13
2022-06-08,2912.TW,2912,統一超,74,neutral,-0.0131332082551595,-1.3133208255159512,bearish_cluster_8_rep_3,bearish,8,2025-06-18,2409.TW,0.2500098541962851,0.799993693364095,False,0.0,14
2018-03-05,2324.TW,2324,仁寶,84,neutral,0.0124378107092215,1.2437810709221564,bearish_cluster_8_rep_3,bearish,8,2025-06-18,2409.TW,0.2543189080628364,0.7972454162748728,False,0.0,15
2023-01-03,2492.TW,2492,華新科,100,neutral,0.0404040997593464,4.040409975934645,bearish_cluster_8_rep_3,bearish,8,2025-06-18,2409.TW,0.2557384854591473,0.796344152528192,False,0.0,16
2020-08-31,1504.TW,1504,東元,89,neutral,0.0290102526826891,2.90102526826892,bearish_cluster_8_rep_3,bearish,8,2025-06-18,2409.TW,0.25588815826045574,0.7962492467363581,False,0.0,17
2022-08-10,1802.TW,1802,台玻,86,neutral,0.0492753844330275,4.927538443302759,bearish_cluster_8_rep_3,bearish,8,2025-06-18,2409.TW,0.25631276085271243,0.7959801342153509,False,0.0,18
2018-11-20,2912.TW,2912,統一超,74,neutral,-0.0062208398133748,-0.6220839813374845,bearish_cluster_8_rep_3,bearish,8,2025-06-18,2409.TW,0.2572905383906918,0.7953611114261475,False,0.0,19
2018-12-21,3044.TW,3044,健鼎,65,neutral,-0.0212766526304271,-2.12766526304271,bearish_cluster_8_rep_3,bearish,8,2025-06-18,2409.TW,0.2574298103447534,0.795273017844095,False,0.0,20
2022-07-12,1402.TW,1402,遠東新,94,neutral,0.0063492305695065,0.6349230569506537,bearish_cluster_8_rep_3,bearish,8,2025-06-18,2409.TW,0.25807831317491176,0.794863077701721,False,0.0,21
2018-11-19,2912.TW,2912,統一超,74,neutral,0.003125,0.3125000000000044,bearish_cluster_8_rep_3,bearish,8,2025-06-18,2409.TW,0.25829531329446065,0.7947259990834795,False,0.0,22
2025-07-30,1590.TW,1590,亞德客-KY,64,bearish,-0.0704387990762124,-7.043879907621243,bearish_cluster_8_rep_3,bearish,8,2025-06-18,2409.TW,0.26080708450353707,0.7931427514097178,True,0.0,23
2025-03-19,2002.TW,2002,中鋼,62,neutral,-0.0165974942821092,-1.6597494282109215,bearish_cluster_8_rep_3,bearish,8,2025-06-18,2409.TW,0.26092011527745407,0.7930716529016265,False,0.0,24
2022-08-09,1802.TW,1802,台玻,86,neutral,0.0434782608695651,4.347826086956519,bearish_cluster_8_rep_3,bearish,8,2025-06-18,2409.TW,0.2610822839654198,0.7929696679708658,False,0.0,25
2025-05-21,1326.TW,1326,台化,51,neutral,-0.0426356010329254,-4.263560103292541,bearish_cluster_8_rep_3,bearish,8,2025-06-18,2409.TW,0.26321976210545106,0.7916278940516781,False,0.0,26
2022-08-31,2337.TW,2337,旺宏,67,neutral,-0.0379362661929264,-3.793626619292645,bearish_cluster_8_rep_3,bearish,8,2025-06-18,2409.TW,0.2632732449314845,0.7915943791354787,False,0.0,27
2021-03-29,3044.TW,3044,健鼎,65,neutral,0.0071428571428571,0.7142857142857117,bearish_cluster_8_rep_3,bearish,8,2025-06-18,2409.TW,0.2650691757815551,0.7904706075714821,False,0.0,28
2025-05-09,2347.TW,2347,聯強,99,neutral,0.0068587104188537,0.6858710418853775,bearish_cluster_8_rep_3,bearish,8,2025-06-18,2409.TW,0.2654478385673445,0.7902340732843902,False,0.0,29
2022-06-07,2912.TW,2912,統一超,74,neutral,-0.0093808630393996,-0.9380863039399668,bearish_cluster_8_rep_3,bearish,8,2025-06-18,2409.TW,0.26567681988509234,0.7900911072154956,False,0.0,30
2023-07-26,2207.TW,2207,和泰車,63,neutral,-0.0219354311122021,-2.19354311122022,bearish_cluster_8_rep_3,bearish,8,2025-06-18,2409.TW,0.26576398732032525,0.7900366972179714,False,0.0,31
2018-03-06,1326.TW,1326,台化,51,neutral,-0.0047169811320755,-0.4716981132075526,bearish_cluster_8_rep_3,bearish,8,2025-06-18,2409.TW,0.26613589694109013,0.7898046350442643,False,0.0,32
2020-04-22,2609.TW,2609,陽明,77,bullish,0.0537036956910081,5.370369569100819,bearish_cluster_8_rep_3,bearish,8,2025-06-18,2409.TW,0.2672955975800868,0.7890818857964232,False,0.0,33
2018-06-29,1402.TW,1402,遠東新,94,bullish,0.0657439323048301,6.574393230483011,bearish_cluster_8_rep_3,bearish,8,2025-06-18,2409.TW,0.26825338151453604,0.7884859717904396,False,0.0,34
2022-03-30,3481.TW,3481,群創,52,neutral,-0.0176471182437225,-1.764711824372256,bearish_cluster_8_rep_3,bearish,8,2025-06-18,2409.TW,0.26877372966891705,0.7881625987487518,False,0.0,35
2019-09-17,3034.TW,3034,聯詠,58,neutral,-0.0080428954423592,-0.8042895442359255,bearish_cluster_8_rep_3,bearish,8,2025-06-18,2409.TW,0.26933892642257673,0.7878116546999278,False,0.0,36
2024-03-04,3532.TW,3532,台勝科,98,neutral,0.0125786163522012,1.2578616352201255,bearish_cluster_8_rep_3,bearish,8,2025-06-18,2409.TW,0.2693407109318244,0.787810547150811,False,0.0,37
2025-07-30,2207.TW,2207,和泰車,63,neutral,-0.0230496453900709,-2.3049645390070927,bearish_cluster_8_rep_3,bearish,8,2025-06-18,2409.TW,0.2694752695183316,0.7877270428272488,False,0.0,38
2018-07-25,2347.TW,2347,聯強,99,neutral,0.026963603048967,2.696360304896705,bearish_cluster_8_rep_3,bearish,8,2025-06-18,2409.TW,0.2707538268989158,0.7869344784428862,False,0.0,39
2019-11-22,3481.TW,3481,群創,52,bullish,0.0940665410235233,9.40665410235233,bearish_cluster_8_rep_3,bearish,8,2025-06-18,2409.TW,0.27086551275090504,0.7868653212843963,False,0.0,40
2020-10-23,2409.TW,2409,友達,80,neutral,-0.0086580086580086,-0.8658008658008698,bearish_cluster_8_rep_3,bearish,8,2025-06-18,2409.TW,0.27251469700835224,0.7858455406063073,False,0.0,41
2021-07-30,2207.TW,2207,和泰車,63,neutral,0.0237287670596875,2.372876705968752,bearish_cluster_8_rep_3,bearish,8,2025-06-18,2409.TW,0.27294717687947023,0.7855785520114207,False,0.0,42
2024-10-25,1590.TW,1590,亞德客-KY,64,neutral,-0.025081788440567,-2.508178844056708,bearish_cluster_8_rep_3,bearish,8,2025-06-18,2409.TW,0.2738511861874469,0.7850210533562673,False,0.0,43
2022-02-21,6213.TW,6213,聯茂,81,neutral,-0.0154440154440154,-1.544401544401541,bearish_cluster_8_rep_3,bearish,8,2025-06-18,2409.TW,0.2743391330311545,0.7847204673228476,False,0.0,44
2024-06-12,3044.TW,3044,健鼎,65,neutral,-0.0069930069930069,-0.6993006993006978,bearish_cluster_8_rep_3,bearish,8,2025-06-18,2409.TW,0.27489222104878513,0.7843800311036127,False,0.0,45
2020-08-28,5876.TW,5876,上海商銀,75,neutral,-0.0165877027093016,-1.6587702709301655,bearish_cluster_8_rep_3,bearish,8,2025-06-18,2409.TW,0.27498481372880096,0.784323067406125,False,0.0,46
2022-01-24,2834.TW,2834,臺企銀,87,neutral,0.0144927482432766,1.449274824327662,bearish_cluster_8_rep_3,bearish,8,2025-06-18,2409.TW,0.2754889327430398,0.7840130747739386,False,0.0,47
2021-07-02,5871.TW,5871,中租-KY,78,neutral,0.0421835934056167,4.218359340561673,bearish_cluster_8_rep_3,bearish,8,2025-06-18,2409.TW,0.27566203470456674,0.7839066875041022,False,0.0,48
2022-10-03,1402.TW,1402,遠東新,94,neutral,0.0,0.0,bearish_cluster_8_rep_3,bearish,8,2025-06-18,2409.TW,0.27646111019492725,0.7834159552634478,False,0.0,49
2023-02-20,2615.TW,2615,萬海,59,bullish,0.0702702290302998,7.027022903029989,bearish_cluster_8_rep_3,bearish,8,2025-06-18,2409.TW,0.2767615917938064,0.7832315809210976,False,0.0,50
2018-04-18,1504.TW,1504,東元,89,neutral,0.0061349535316841,0.613495353168414,bearish_cluster_8_rep_3,bearish,8,2025-06-18,2409.TW,0.27692141047159663,0.7831335521507755,False,0.0,51
2022-10-18,1504.TW,1504,東元,89,neutral,-0.0217391439556848,-2.173914395568488,bearish_cluster_8_rep_3,bearish,8,2025-06-18,2409.TW,0.2773843151583313,0.7828497564384532,False,0.0,52
2022-03-14,2834.TW,2834,臺企銀,87,neutral,0.0177777706944664,1.77777706944664,bearish_cluster_8_rep_3,bearish,8,2025-06-18,2409.TW,0.2775011681064295,0.7827781492225527,False,0.0,53
2022-10-26,2002.TW,2002,中鋼,62,neutral,-0.0164834750244217,-1.6483475024421712,bearish_cluster_8_rep_3,bearish,8,2025-06-18,2409.TW,0.278059976572303,0.7824358937222595,False,0.0,54
2023-03-16,6213.TW,6213,聯茂,81,neutral,0.0174029866782798,1.7402986678279886,bearish_cluster_8_rep_3,bearish,8,2025-06-18,2409.TW,0.2785259106547434,0.7821507500680155,False,0.0,55
2019-11-04,3533.TW,3533,嘉澤,82,neutral,-0.0052816815531694,-0.5281681553169437,bearish_cluster_8_rep_3,bearish,8,2025-06-18,2409.TW,0.2787285567150392,0.7820267990017579,False,0.0,56
2018-05-15,3481.TW,3481,群創,52,neutral,-0.0043478200855647,-0.434782008556478,bearish_cluster_8_rep_3,bearish,8,2025-06-18,2409.TW,0.27880467294625666,0.7819802516799423,False,0.0,57
2020-07-27,2347.TW,2347,聯強,99,neutral,0.0114810564583087,1.148105645830877,bearish_cluster_8_rep_3,bearish,8,2025-06-18,2409.TW,0.27889739717200124,0.7819235555653478,False,0.0,58
2023-03-21,6213.TW,6213,聯茂,81,neutral,0.019736842105263,1.9736842105263053,bearish_cluster_8_rep_3,bearish,8,2025-06-18,2409.TW,0.27923155143809747,0.781719305528238,False,0.0,59
2018-08-23,2409.TW,2409,友達,80,neutral,-0.0076335877862595,-0.7633587786259555,bearish_cluster_8_rep_3,bearish,8,2025-06-18,2409.TW,0.27941768507912984,0.7816055785864423,False,0.0,60
2025-01-15,1504.TW,1504,東元,89,neutral,-0.0018867636626621,-0.1886763662662161,bearish_cluster_8_rep_3,bearish,8,2025-06-18,2409.TW,0.2794549628488479,0.7815828059890357,False,0.0,61
2020-02-10,1326.TW,1326,台化,51,neutral,0.0178784263732978,1.787842637329784,bearish_cluster_8_rep_3,bearish,8,2025-06-18,2409.TW,0.2795069146742973,0.7815510713785813,False,0.0,62
2021-03-09,6239.TW,6239,力成,76,neutral,0.0049999999999998,0.4999999999999893,bearish_cluster_8_rep_3,bearish,8,2025-06-18,2409.TW,0.2802773246009429,0.7810807711615886,False,0.0,63
2018-10-03,2912.TW,2912,統一超,74,neutral,-0.047887323943662,-4.7887323943662015,bearish_cluster_8_rep_3,bearish,8,2025-06-18,2409.TW,0.28058373148880467,0.7808938809783266,False,0.0,64
2024-11-29,3034.TW,3034,聯詠,58,neutral,0.0,0.0,bearish_cluster_8_rep_3,bearish,8,2025-06-18,2409.TW,0.28059343443121243,0.780887964214934,False,0.0,65
2023-05-16,2409.TW,2409,友達,80,neutral,0.0205278825296926,2.052788252969262,bearish_cluster_8_rep_3,bearish,8,2025-06-18,2409.TW,0.2809050645852881,0.7806979827375145,False,0.0,66
2021-08-05,3036.TW,3036,文曄,68,bullish,0.0991869795623712,9.91869795623712,bearish_cluster_8_rep_3,bearish,8,2025-06-18,2409.TW,0.28096532638412186,0.7806612555413783,False,0.0,67
2024-12-06,5871.TW,5871,中租-KY,78,neutral,-0.0081301253724794,-0.813012537247948,bearish_cluster_8_rep_3,bearish,8,2025-06-18,2409.TW,0.28143343974118346,0.7803760764991229,False,0.0,68
2023-02-14,2376.TW,2376,技嘉,70,neutral,-0.0126050420168066,-1.2605042016806678,bearish_cluster_8_rep_3,bearish,8,2025-06-18,2409.TW,0.2814527202635964,0.7803643350917377,False,0.0,69
2025-03-18,2002.TW,2002,中鋼,62,neutral,-0.0144927696479619,-1.4492769647961978,bearish_cluster_8_rep_3,bearish,8,2025-06-18,2409.TW,0.2822729134208655,0.7798651827809309,False,0.0,70
2023-05-17,2409.TW,2409,友達,80,neutral,0.0318840137426403,3.1884013742640382,bearish_cluster_8_rep_3,bearish,8,2025-06-18,2409.TW,0.2823707558881256,0.7798056805400514,False,0.0,71
2020-05-22,2404.TW,2404,漢唐,79,bullish,0.0558375634517767,5.583756345177671,bearish_cluster_8_rep_3,bearish,8,2025-06-18,2409.TW,0.2824422306286554,0.7797622193943179,False,0.0,72
2021-08-05,1504.TW,1504,東元,89,neutral,-0.0285714164612784,-2.857141646127848,bearish_cluster_8_rep_3,bearish,8,2025-06-18,2409.TW,0.28263918397793475,0.7796424844114251,False,0.0,73
2024-12-06,4904.TW,4904,遠傳,54,neutral,0.0067113922134263,0.6711392213426315,bearish_cluster_8_rep_3,bearish,8,2025-06-18,2409.TW,0.28272123025984625,0.7795926163921257,False,0.0,74
2022-07-11,1402.TW,1402,遠東新,94,neutral,0.0142857385060144,1.4285738506014445,bearish_cluster_8_rep_3,bearish,8,2025-06-18,2409.TW,0.28299826762202995,0.7794242792341782,False,0.0,75
2023-12-21,6213.TW,6213,聯茂,81,neutral,-0.0024155141336371,-0.2415514133637164,bearish_cluster_8_rep_3,bearish,8,2025-06-18,2409.TW,0.2830842597503417,0.7793720423275838,False,0.0,76
2019-04-16,6239.TW,6239,力成,76,neutral,-0.0079575392835391,-0.795753928353915,bearish_cluster_8_rep_3,bearish,8,2025-06-18,2409.TW,0.2832473507346144,0.7792729900650368,False,0.0,77
2024-04-25,1802.TW,1802,台玻,86,neutral,0.0117993419816304,1.1799341981630462,bearish_cluster_8_rep_3,bearish,8,2025-06-18,2409.TW,0.28395980936431137,0.778840577957888,False,0.0,78
2020-12-09,1326.TW,1326,台化,51,neutral,-0.0088272957212856,-0.88272957212856,bearish_cluster_8_rep_3,bearish,8,2025-06-18,2409.TW,0.2840571838631744,0.7787815157822108,False,0.0,79
2021-07-29,2207.TW,2207,和泰車,63,neutral,0.0270727673057074,2.70727673057074,bearish_cluster_8_rep_3,bearish,8,2025-06-18,2409.TW,0.28407005406779545,0.7787737100729886,False,0.0,80
2020-05-20,5871.TW,5871,中租-KY,78,neutral,0.0221239127455228,2.212391274552284,bearish_cluster_8_rep_3,bearish,8,2025-06-18,2409.TW,0.2845204646932595,0.7785006369974787,False,0.0,81
2018-11-08,2609.TW,2609,陽明,77,neutral,-0.0236127276221792,-2.3612727622179253,bearish_cluster_8_rep_3,bearish,8,2025-06-18,2409.TW,0.28458274845096254,0.7784628909316027,False,0.0,82
2024-03-25,1402.TW,1402,遠東新,94,neutral,0.0200616568077154,2.006165680771544,bearish_cluster_8_rep_3,bearish,8,2025-06-18,2409.TW,0.2851694607297668,0.778107502984208,False,0.0,83
2022-03-23,3481.TW,3481,群創,52,neutral,-0.0201729228871847,-2.017292288718475,bearish_cluster_8_rep_3,bearish,8,2025-06-18,2409.TW,0.2859646508094942,0.7776263518367444,False,0.0,84
2023-05-19,2409.TW,2409,友達,80,neutral,0.0143678164069476,1.436781640694762,bearish_cluster_8_rep_3,bearish,8,2025-06-18,2409.TW,0.2860538166799693,0.7775724367286311,False,0.0,85
2022-03-18,2449.TW,2449,京元電子,57,neutral,0.0129564647724353,1.2956464772435394,bearish_cluster_8_rep_3,bearish,8,2025-06-18,2409.TW,0.2864489854185375,0.7773335836357761,False,0.0,86
2020-07-20,6239.TW,6239,力成,76,neutral,-0.0403587443946188,-4.035874439461884,bearish_cluster_8_rep_3,bearish,8,2025-06-18,2409.TW,0.28688622235778893,0.7770694740734998,False,0.0,87
2020-12-10,1326.TW,1326,台化,51,neutral,-0.0126103399939003,-1.2610339993900377,bearish_cluster_8_rep_3,bearish,8,2025-06-18,2409.TW,0.2875309405357514,0.7766803643444036,False,0.0,88
2020-09-11,5871.TW,5871,中租-KY,78,neutral,0.030769276096632,3.0769276096632048,bearish_cluster_8_rep_3,bearish,8,2025-06-18,2409.TW,0.2876946345784615,0.7765816313487701,False,0.0,89
2021-08-24,2347.TW,2347,聯強,99,neutral,0.001919429784015,0.1919429784015047,bearish_cluster_8_rep_3,bearish,8,2025-06-18,2409.TW,0.2877854246530749,0.7765268816188043,False,0.0,90
2022-03-28,2337.TW,2337,旺宏,67,neutral,-0.0266990841856451,-2.669908418564515,bearish_cluster_8_rep_3,bearish,8,2025-06-18,2409.TW,0.28813166113253347,0.7763181592173534,False,0.0,91
2025-06-17,2409.TW,2409,友達,80,bearish,-0.0553359549702866,-5.533595497028665,bearish_cluster_8_rep_3,bearish,8,2025-06-18,2409.TW,0.28817275453593477,0.7762933942507197,True,0.0,92
2022-12-27,2492.TW,2492,華新科,100,neutral,-0.0112640989823686,-1.1264098982368689,bearish_cluster_8_rep_3,bearish,8,2025-06-18,2409.TW,0.28835882186936146,0.7761812804208043,False,0.0,93
2022-03-22,3481.TW,3481,群創,52,neutral,-0.0029070145474897,-0.2907014547489761,bearish_cluster_8_rep_3,bearish,8,2025-06-18,2409.TW,0.28865171022094643,0.7760048677765262,False,0.0,94
2018-07-12,1101.TW,1101,台泥,83,neutral,-0.0128805408703712,-1.288054087037127,bearish_cluster_8_rep_3,bearish,8,2025-06-18,2409.TW,0.28913998573011357,0.7757109476622455,False,0.0,95
2022-04-21,3532.TW,3532,台勝科,98,bearish,-0.1233766233766233,-12.337662337662335,bearish_cluster_9_rep_1,bearish,9,2018-09-14,3533.TW,0.4822779116839031,0.6746373214615173,True,0.0,1
2021-01-11,3481.TW,3481,群創,52,neutral,0.0260222134959005,2.6022213495900504,bearish_cluster_9_rep_1,bearish,9,2018-09-14,3533.TW,0.5208698716886343,0.657518449549988,False,0.0,2
2019-05-07,1590.TW,1590,亞德客-KY,64,bearish,-0.0540880618431561,-5.408806184315617,bearish_cluster_9_rep_1,bearish,9,2018-09-14,3533.TW,0.5239351905683957,0.65619588430596,True,0.0,3
2020-03-05,2492.TW,2492,華新科,100,neutral,-0.0373831775700934,-3.738317757009346,bearish_cluster_9_rep_1,bearish,9,2018-09-14,3533.TW,0.5249472079152026,0.6557604058747238,False,0.0,4
2025-09-30,6919.TW,6919,康霈*,97,neutral,-0.0377358490566037,-3.773584905660377,bearish_cluster_9_rep_1,bearish,9,2018-09-14,3533.TW,0.5353144824591354,0.651332356611582,False,0.0,5
2025-07-02,7750.TW,7750,新代,91,neutral,-0.0408450704225351,-4.084507042253516,bearish_cluster_9_rep_1,bearish,9,2018-09-14,3533.TW,0.5555247120408906,0.6428698896644162,False,0.0,6
2018-12-21,2492.TW,2492,華新科,100,bearish,-0.065625,-6.562500000000004,bearish_cluster_9_rep_1,bearish,9,2018-09-14,3533.TW,0.5670018098568739,0.6381613561067537,True,0.0,7
2021-01-22,1802.TW,1802,台玻,86,neutral,-0.031791864815943,-3.1791864815943094,bearish_cluster_9_rep_1,bearish,9,2018-09-14,3533.TW,0.577751794498122,0.6338132547129169,False,0.0,8
2018-04-30,3532.TW,3532,台勝科,98,neutral,-0.0085106382978723,-0.8510638297872353,bearish_cluster_9_rep_1,bearish,9,2018-09-14,3533.TW,0.5783291380733283,0.6335814095282454,False,0.0,9
2019-05-22,2379.TW,2379,瑞昱,53,bearish,-0.1042654028436018,-10.426540284360186,bearish_cluster_9_rep_1,bearish,9,2018-09-14,3533.TW,0.5873267893161461,0.6299899974792342,True,0.0,10
2019-05-10,3661.TW,3661,世芯-KY,56,neutral,0.0114212418988517,1.1421241898851742,bearish_cluster_9_rep_1,bearish,9,2018-09-14,3533.TW,0.5927014103109359,0.6278640764214396,False,0.0,11
2022-10-14,1590.TW,1590,亞德客-KY,64,bullish,0.0609579100145138,6.095791001451389,bearish_cluster_9_rep_1,bearish,9,2018-09-14,3533.TW,0.6006572293747074,0.6247433751888575,False,0.0,12
2021-08-25,6805.TW,6805,富世達,93,neutral,-0.0221729490022173,-2.217294900221733,bearish_cluster_9_rep_1,bearish,9,2018-09-14,3533.TW,0.6117942313498265,0.620426590782951,False,0.0,13
2025-11-27,2337.TW,2337,旺宏,67,neutral,-0.0059347406056856,-0.5934740605685662,bearish_cluster_9_rep_1,bearish,9,2018-09-14,3533.TW,0.6140938046486918,0.6195426790685504,False,0.0,14
2021-09-09,2609.TW,2609,陽明,77,neutral,-0.0329218106995884,-3.292181069958844,bearish_cluster_9_rep_1,bearish,9,2018-09-14,3533.TW,0.6148859219604004,0.6192387873355438,False,0.0,15
2023-10-24,3661.TW,3661,世芯-KY,56,neutral,0.0155642023346302,1.5564202334630295,bearish_cluster_9_rep_1,bearish,9,2018-09-14,3533.TW,0.6149555009832102,0.619212107944265,False,0.0,16
2025-03-21,6805.TW,6805,富世達,93,bearish,-0.0677506775067751,-6.77506775067751,bearish_cluster_9_rep_1,bearish,9,2018-09-14,3533.TW,0.6175611665075509,0.618214643566823,True,0.0,17
2018-09-11,1590.TW,1590,亞德客-KY,64,neutral,0.026365334602276,2.636533460227608,bearish_cluster_9_rep_1,bearish,9,2018-09-14,3533.TW,0.6184830268297131,0.6178625190520542,False,0.0,18
2022-06-27,3532.TW,3532,台勝科,98,bearish,-0.0902061855670103,-9.020618556701033,bearish_cluster_9_rep_1,bearish,9,2018-09-14,3533.TW,0.6204641265592631,0.617107150729281,True,0.0,19
2023-10-25,6805.TW,6805,富世達,93,neutral,-0.0218579234972677,-2.1857923497267784,bearish_cluster_9_rep_1,bearish,9,2018-09-14,3533.TW,0.6225234817470601,0.6163238999310168,False,0.0,20
2020-05-19,2492.TW,2492,華新科,100,neutral,-0.0341207349081364,-3.4120734908136496,bearish_cluster_9_rep_1,bearish,9,2018-09-14,3533.TW,0.6232454760299125,0.6160497686682432,False,0.0,21
2022-05-11,6415.TW,6415,矽力*-KY,92,bullish,0.075098814229249,7.509881422924902,bearish_cluster_9_rep_1,bearish,9,2018-09-14,3533.TW,0.6234295051815295,0.6159799343354804,False,0.0,22
2022-10-19,2615.TW,2615,萬海,59,neutral,0.0088365016294207,0.8836501629420734,bearish_cluster_9_rep_1,bearish,9,2018-09-14,3533.TW,0.6248478613965727,0.6154422353982669,False,0.0,23
2020-08-21,3034.TW,3034,聯詠,58,neutral,-0.0342205323193915,-3.4220532319391594,bearish_cluster_9_rep_1,bearish,9,2018-09-14,3533.TW,0.6256461135791322,0.6151400305681121,False,0.0,24
2018-10-17,1402.TW,1402,遠東新,94,neutral,0.0206022675625099,2.060226756250993,bearish_cluster_9_rep_1,bearish,9,2018-09-14,3533.TW,0.6324094834723187,0.6125913933511875,False,0.0,25
2024-05-08,2449.TW,2449,京元電子,57,neutral,-0.0251141502402801,-2.511415024028018,bearish_cluster_9_rep_1,bearish,9,2018-09-14,3533.TW,0.6334050615214438,0.6122180122721946,False,0.0,26
2024-02-29,2376.TW,2376,技嘉,70,neutral,0.0478260869565216,4.7826086956521685,bearish_cluster_9_rep_1,bearish,9,2018-09-14,3533.TW,0.6382512102894422,0.6104069960206667,False,0.0,27
2018-10-18,1402.TW,1402,遠東新,94,neutral,-0.0265210138644312,-2.6521013864431286,bearish_cluster_9_rep_1,bearish,9,2018-09-14,3533.TW,0.6413815097816761,0.6092428810977726,False,0.0,28
2022-08-09,3661.TW,3661,世芯-KY,56,bullish,0.1336477987421382,13.364779874213829,bearish_cluster_9_rep_1,bearish,9,2018-09-14,3533.TW,0.6437630662565647,0.6083601831238106,False,0.0,29
2018-09-10,1590.TW,1590,亞德客-KY,64,neutral,-0.0498084055506733,-4.980840555067334,bearish_cluster_9_rep_1,bearish,9,2018-09-14,3533.TW,0.6442860175639931,0.6081666992957212,False,0.0,30
2024-09-12,2313.TW,2313,華通,60,neutral,-0.0316803783843485,-3.168037838434856,bearish_cluster_9_rep_1,bearish,9,2018-09-14,3533.TW,0.6467034917979505,0.6072738686599564,False,0.0,31
2022-03-10,2615.TW,2615,萬海,59,neutral,-0.0226628599459295,-2.2662859945929537,bearish_cluster_9_rep_1,bearish,9,2018-09-14,3533.TW,0.6469758151219867,0.6071734574474811,False,0.0,32
2019-05-27,1590.TW,1590,亞德客-KY,64,neutral,-0.0140624449743522,-1.4062444974352273,bearish_cluster_9_rep_1,bearish,9,2018-09-14,3533.TW,0.6475539804431959,0.6069603860451345,False,0.0,33
2021-11-18,2615.TW,2615,萬海,59,neutral,-0.040498457013172,-4.049845701317201,bearish_cluster_9_rep_1,bearish,9,2018-09-14,3533.TW,0.6502768292615482,0.6059589411113961,False,0.0,34
2021-01-07,2337.TW,2337,旺宏,67,neutral,-0.0063211126377402,-0.6321112637740267,bearish_cluster_9_rep_1,bearish,9,2018-09-14,3533.TW,0.6522467426206631,0.6052364784292926,False,0.0,35
2020-09-30,1802.TW,1802,台玻,86,neutral,0.0246913744982615,2.469137449826153,bearish_cluster_9_rep_1,bearish,9,2018-09-14,3533.TW,0.6528751570517229,0.6050063707072265,False,0.0,36
2023-08-17,6919.TW,6919,康霈*,97,neutral,-0.0257967464463807,-2.5796746446380747,bearish_cluster_9_rep_1,bearish,9,2018-09-14,3533.TW,0.6545501151094001,0.6043939019241368,False,0.0,37
2024-07-15,2615.TW,2615,萬海,59,bearish,-0.0500642034593965,-5.006420345939655,bearish_cluster_9_rep_1,bearish,9,2018-09-14,3533.TW,0.6577204771537611,0.6032380089295629,True,0.0,38
2020-12-07,6531.TW,6531,愛普*,95,neutral,0.0157194679564691,1.5719467956469169,bearish_cluster_9_rep_1,bearish,9,2018-09-14,3533.TW,0.659383538692969,0.6026334338519838,False,0.0,39
2018-04-18,2376.TW,2376,技嘉,70,neutral,-0.0238805742406132,-2.388057424061329,bearish_cluster_9_rep_1,bearish,9,2018-09-14,3533.TW,0.6619162927464477,0.6017150228110594,False,0.0,40
2025-09-05,2404.TW,2404,漢唐,79,neutral,0.0193236714975846,1.932367149758463,bearish_cluster_9_rep_1,bearish,9,2018-09-14,3533.TW,0.6637707961256681,0.6010443279378658,False,0.0,41
2022-12-30,3661.TW,3661,世芯-KY,56,bullish,0.0875634517766497,8.75634517766497,bearish_cluster_9_rep_1,bearish,9,2018-09-14,3533.TW,0.6654203932459478,0.6004489941731612,False,0.0,42
2024-02-27,3661.TW,3661,世芯-KY,56,bullish,0.0606060606060605,6.060606060606055,bearish_cluster_9_rep_1,bearish,9,2018-09-14,3533.TW,0.6656551306244253,0.6003643741217412,False,0.0,43
2020-02-13,6415.TW,6415,矽力*-KY,92,bearish,-0.073394495412844,-7.339449541284404,bearish_cluster_9_rep_1,bearish,9,2018-09-14,3533.TW,0.6660043614191001,0.6002385246748103,True,0.0,44
2020-10-05,6531.TW,6531,愛普*,95,neutral,0.007462686567164,0.746268656716409,bearish_cluster_9_rep_1,bearish,9,2018-09-14,3533.TW,0.6677044224757013,0.5996266403824148,False,0.0,45
2022-10-19,3533.TW,3533,嘉澤,82,neutral,-0.009562824818065,-0.956282481806503,bearish_cluster_9_rep_1,bearish,9,2018-09-14,3533.TW,0.6713149940415627,0.5983312562653476,False,0.0,46
2023-09-13,6531.TW,6531,愛普*,95,bullish,0.1206636500754148,12.06636500754148,bearish_cluster_9_rep_1,bearish,9,2018-09-14,3533.TW,0.6726845378184928,0.5978413606334853,False,0.0,47
2022-04-29,6531.TW,6531,愛普*,95,neutral,0.0398406374501991,3.984063745019917,bearish_cluster_9_rep_1,bearish,9,2018-09-14,3533.TW,0.6741449869333149,0.597319830603078,False,0.0,48
2018-10-30,6213.TW,6213,聯茂,81,bullish,0.2332439649855915,23.324396498559157,bearish_cluster_9_rep_1,bearish,9,2018-09-14,3533.TW,0.6752347910310922,0.5969312512812063,False,0.0,49
2022-07-07,6770.TW,6770,力積電,55,bearish,-0.0507426478794723,-5.074264787947236,bearish_cluster_9_rep_1,bearish,9,2018-09-14,3533.TW,0.6759949165965523,0.5966605209225234,True,0.0,50
2021-05-05,1101.TW,1101,台泥,83,neutral,0.0413385527603857,4.133855276038578,bearish_cluster_9_rep_1,bearish,9,2018-09-14,3533.TW,0.6779669591726897,0.5959592914112225,False,0.0,51
2022-05-17,2618.TW,2618,長榮航,72,neutral,-0.0345911478148441,-3.459114781484418,bearish_cluster_9_rep_1,bearish,9,2018-09-14,3533.TW,0.6802940693463294,0.5951339222360176,False,0.0,52
2021-05-06,6213.TW,6213,聯茂,81,bearish,-0.0763636678678381,-7.63636678678381,bearish_cluster_9_rep_1,bearish,9,2018-09-14,3533.TW,0.6805353490446896,0.5950484770037453,True,0.0,53
2025-10-20,3661.TW,3661,世芯-KY,56,neutral,-0.026275115919629,-2.627511591962905,bearish_cluster_9_rep_1,bearish,9,2018-09-14,3533.TW,0.6836939995272608,0.5939321517334949,False,0.0,54
2020-09-29,2409.TW,2409,友達,80,neutral,0.0497737556561086,4.977375565610864,bearish_cluster_9_rep_1,bearish,9,2018-09-14,3533.TW,0.6839963644676724,0.5938255100189065,False,0.0,55
2022-05-12,6415.TW,6415,矽力*-KY,92,bullish,0.117063492063492,11.70634920634921,bearish_cluster_9_rep_1,bearish,9,2018-09-14,3533.TW,0.6850384733051526,0.5934582597621821,False,0.0,56
2021-05-14,1402.TW,1402,遠東新,94,neutral,-0.0048780363749681,-0.4878036374968197,bearish_cluster_9_rep_1,bearish,9,2018-09-14,3533.TW,0.6855269998596542,0.5932862541408505,False,0.0,57
2018-12-11,3532.TW,3532,台勝科,98,neutral,0.0112359550561798,1.1235955056179805,bearish_cluster_9_rep_1,bearish,9,2018-09-14,3533.TW,0.6861665979039164,0.593061208330841,False,0.0,58
2022-07-07,5871.TW,5871,中租-KY,78,neutral,-0.0208333225630179,-2.0833322563017957,bearish_cluster_9_rep_1,bearish,9,2018-09-14,3533.TW,0.6870198634213962,0.592761248211938,False,0.0,59
2020-12-08,3661.TW,3661,世芯-KY,56,neutral,-0.0307941653160453,-3.07941653160454,bearish_cluster_9_rep_1,bearish,9,2018-09-14,3533.TW,0.6871160700354981,0.5927274464162737,False,0.0,60
2024-08-01,6531.TW,6531,愛普*,95,bearish,-0.1975497702909647,-19.75497702909648,bearish_cluster_9_rep_1,bearish,9,2018-09-14,3533.TW,0.6876115095080978,0.5925534368342145,True,0.0,61
2024-07-23,2609.TW,2609,陽明,77,neutral,0.0246710529411597,2.467105294115979,bearish_cluster_9_rep_1,bearish,9,2018-09-14,3533.TW,0.6894402259970186,0.5919120337091848,False,0.0,62
2025-09-08,2404.TW,2404,漢唐,79,neutral,0.0236966824644548,2.369668246445489,bearish_cluster_9_rep_1,bearish,9,2018-09-14,3533.TW,0.6909162824021421,0.5913953342381826,False,0.0,63
2025-11-06,6415.TW,6415,矽力*-KY,92,neutral,-0.047945205479452,-4.794520547945202,bearish_cluster_9_rep_1,bearish,9,2018-09-14,3533.TW,0.6918701745166658,0.5910619000572431,False,0.0,64
2022-10-18,2379.TW,2379,瑞昱,53,neutral,0.0019841269841269,0.1984126984126977,bearish_cluster_9_rep_1,bearish,9,2018-09-14,3533.TW,0.6927664167458646,0.5907489598726663,False,0.0,65
2018-06-11,3532.TW,3532,台勝科,98,neutral,-0.0351437699680511,-3.514376996805113,bearish_cluster_9_rep_1,bearish,9,2018-09-14,3533.TW,0.6934421253639766,0.5905132422432606,False,0.0,66
2021-08-10,3661.TW,3661,世芯-KY,56,neutral,0.0348432055749128,3.4843205574912828,bearish_cluster_9_rep_1,bearish,9,2018-09-14,3533.TW,0.693914630031057,0.5903485230431391,False,0.0,67
2022-10-19,1605.TW,1605,華新,88,neutral,0.0183099021374339,1.8309902137434,bearish_cluster_9_rep_1,bearish,9,2018-09-14,3533.TW,0.695018324436845,0.5899641234452384,False,0.0,68
2022-07-07,1802.TW,1802,台玻,86,bearish,-0.0594900430455636,-5.94900430455636,bearish_cluster_9_rep_1,bearish,9,2018-09-14,3533.TW,0.6953634488594854,0.5898440246973152,True,0.0,69
2018-09-14,6531.TW,6531,愛普*,95,neutral,0.0033613573603268,0.3361357360326833,bearish_cluster_9_rep_1,bearish,9,2018-09-14,3533.TW,0.6975252936815846,0.589092842222813,False,0.0,70
2020-09-30,3661.TW,3661,世芯-KY,56,neutral,0.0338461538461538,3.384615384615386,bearish_cluster_9_rep_1,bearish,9,2018-09-14,3533.TW,0.6981006369630507,0.5888932482755787,False,0.0,71
2022-10-12,1590.TW,1590,亞德客-KY,64,neutral,-0.0155586987270155,-1.555869872701554,bearish_cluster_9_rep_1,bearish,9,2018-09-14,3533.TW,0.6985611741334299,0.5887335794721547,False,0.0,72
2019-05-28,1590.TW,1590,亞德客-KY,64,neutral,0.020344228820005,2.0344228820005084,bearish_cluster_9_rep_1,bearish,9,2018-09-14,3533.TW,0.6987733305258104,0.5886600537168054,False,0.0,73
2024-09-12,1519.TW,1519,華城,66,bullish,0.0855147973166652,8.551479731666522,bearish_cluster_9_rep_1,bearish,9,2018-09-14,3533.TW,0.6988721823266217,0.5886258015187996,False,0.0,74
2022-10-18,3533.TW,3533,嘉澤,82,neutral,-0.0084985934135509,-0.849859341355097,bearish_cluster_9_rep_1,bearish,9,2018-09-14,3533.TW,0.6991258904342599,0.5885379097745498,False,0.0,75
2024-04-25,2449.TW,2449,京元電子,57,neutral,-0.0062826987973637,-0.6282698797363762,bearish_cluster_9_rep_1,bearish,9,2018-09-14,3533.TW,0.699647221240171,0.5883573882292681,False,0.0,76
2023-04-28,2379.TW,2379,瑞昱,53,neutral,0.0403899721448468,4.038997214484685,bearish_cluster_9_rep_1,bearish,9,2018-09-14,3533.TW,0.6997047731682823,0.58833746647424,False,0.0,77
2022-01-26,6515.TW,6515,穎崴,73,neutral,0.0467032967032967,4.670329670329676,bearish_cluster_9_rep_1,bearish,9,2018-09-14,3533.TW,0.7002636199686858,0.5881440902784342,False,0.0,78
2023-08-11,6415.TW,6415,矽力*-KY,92,neutral,-0.0214521452145214,-2.1452145214521434,bearish_cluster_9_rep_1,bearish,9,2018-09-14,3533.TW,0.7024484880621532,0.5873892849106233,False,0.0,79
2022-11-16,6805.TW,6805,富世達,93,neutral,0.0265780730897009,2.657807308970095,bearish_cluster_9_rep_1,bearish,9,2018-09-14,3533.TW,0.7028342506371538,0.5872562168783176,False,0.0,80
2021-05-07,6770.TW,6770,力積電,55,bearish,-0.0959999999999999,-9.599999999999998,bearish_cluster_9_rep_1,bearish,9,2018-09-14,3533.TW,0.7034357101750225,0.5870488648481211,True,0.0,81
2025-03-10,3533.TW,3533,嘉澤,82,neutral,-0.0219435736677116,-2.19435736677116,bearish_cluster_9_rep_1,bearish,9,2018-09-14,3533.TW,0.7042630388982535,0.5867638839638657,False,0.0,82
2021-03-11,3532.TW,3532,台勝科,98,neutral,-0.0108695652173913,-1.0869565217391353,bearish_cluster_9_rep_1,bearish,9,2018-09-14,3533.TW,0.7053680447079845,0.58638368597509,False,0.0,83
2020-08-26,3532.TW,3532,台勝科,98,neutral,-0.041860465116279,-4.1860465116279055,bearish_cluster_9_rep_1,bearish,9,2018-09-14,3533.TW,0.7060490185534894,0.5861496294214755,False,0.0,84
2019-05-13,3661.TW,3661,世芯-KY,56,neutral,0.0151515735337834,1.5151573533783491,bearish_cluster_9_rep_1,bearish,9,2018-09-14,3533.TW,0.7077779769364735,0.5855562101777814,False,0.0,85
2022-03-21,2615.TW,2615,萬海,59,neutral,-0.0184049634536102,-1.84049634536102,bearish_cluster_9_rep_1,bearish,9,2018-09-14,3533.TW,0.708038547490133,0.5854668803988318,False,0.0,86
2018-04-24,2376.TW,2376,技嘉,70,neutral,-0.0303490129543411,-3.0349012954341115,bearish_cluster_9_rep_1,bearish,9,2018-09-14,3533.TW,0.7110973875269692,0.5844202716277238,False,0.0,87
2018-04-30,2379.TW,2379,瑞昱,53,neutral,-0.0265486725663717,-2.6548672566371723,bearish_cluster_9_rep_1,bearish,9,2018-09-14,3533.TW,0.7129927550005577,0.5837736307294974,False,0.0,88
2022-10-28,6415.TW,6415,矽力*-KY,92,bullish,0.0715268225584593,7.152682255845932,bearish_cluster_9_rep_1,bearish,9,2018-09-14,3533.TW,0.7132416633686433,0.5836888171594897,False,0.0,89
2020-05-20,2313.TW,2313,華通,60,neutral,0.0255427831679389,2.55427831679389,bearish_cluster_9_rep_1,bearish,9,2018-09-14,3533.TW,0.7132666097559496,0.5836803182328099,False,0.0,90
2020-11-04,3661.TW,3661,世芯-KY,56,bullish,0.2370062370062369,23.70062370062369,bearish_cluster_9_rep_1,bearish,9,2018-09-14,3533.TW,0.7138638126045803,0.5834769324409081,False,0.0,91
2022-12-29,3661.TW,3661,世芯-KY,56,bullish,0.1430429128738621,14.304291287386215,bearish_cluster_9_rep_1,bearish,9,2018-09-14,3533.TW,0.7160573285226686,0.5827311147354773,False,0.0,92
2024-04-24,6213.TW,6213,聯茂,81,neutral,-0.0135135135135134,-1.3513513513513489,bearish_cluster_9_rep_1,bearish,9,2018-09-14,3533.TW,0.7161343467640067,0.5827049623973959,False,0.0,93
2021-04-21,6531.TW,6531,愛普*,95,neutral,0.0137931034482758,1.379310344827589,bearish_cluster_9_rep_1,bearish,9,2018-09-14,3533.TW,0.7168469486128043,0.5824631023796212,False,0.0,94
2024-08-08,2337.TW,2337,旺宏,67,neutral,0.0314814956099898,3.1481495609989807,bearish_cluster_9_rep_1,bearish,9,2018-09-14,3533.TW,0.7176168520619521,0.5822020195013383,False,0.0,95
2021-01-21,1802.TW,1802,台玻,86,neutral,0.0119048078584582,1.1904807858458266,bearish_cluster_9_rep_2,bearish,9,2018-12-21,2492.TW,0.48422615314745726,0.6737517715069197,False,0.0,1
2025-07-02,7750.TW,7750,新代,91,neutral,-0.0408450704225351,-4.084507042253516,bearish_cluster_9_rep_2,bearish,9,2018-12-21,2492.TW,0.5599965665936074,0.6410270518630625,False,0.0,2
2018-09-14,3533.TW,3533,嘉澤,82,bearish,-0.0506912449036074,-5.069124490360744,bearish_cluster_9_rep_2,bearish,9,2018-12-21,2492.TW,0.5670018098568739,0.6381613561067537,True,0.0,3
2019-05-10,3661.TW,3661,世芯-KY,56,neutral,0.0114212418988517,1.1421241898851742,bearish_cluster_9_rep_2,bearish,9,2018-12-21,2492.TW,0.5792661837307957,0.6332054787861282,False,0.0,4
2023-07-28,6515.TW,6515,穎崴,73,bearish,-0.1176470588235294,-11.764705882352944,bearish_cluster_9_rep_2,bearish,9,2018-12-21,2492.TW,0.5876750330873668,0.6298518142314151,True,0.0,5
2025-10-03,2337.TW,2337,旺宏,67,bullish,0.0869565545170767,8.695655451707673,bearish_cluster_9_rep_2,bearish,9,2018-12-21,2492.TW,0.6030448990111329,0.623812845552154,False,0.0,6
2022-08-09,3661.TW,3661,世芯-KY,56,bullish,0.1336477987421382,13.364779874213829,bearish_cluster_9_rep_2,bearish,9,2018-12-21,2492.TW,0.6077474559083564,0.6219882334909452,False,0.0,7
2020-12-07,3661.TW,3661,世芯-KY,56,neutral,0.0278688524590164,2.786885245901649,bearish_cluster_9_rep_2,bearish,9,2018-12-21,2492.TW,0.6256890667829634,0.6151237776230332,False,0.0,8
2023-10-24,3661.TW,3661,世芯-KY,56,neutral,0.0155642023346302,1.5564202334630295,bearish_cluster_9_rep_2,bearish,9,2018-12-21,2492.TW,0.6312040312689735,0.6130440955458302,False,0.0,9
2018-10-24,3661.TW,3661,世芯-KY,56,bearish,-0.1073446604693284,-10.734466046932845,bearish_cluster_9_rep_2,bearish,9,2018-12-21,2492.TW,0.6353265968677887,0.6114986461513823,True,0.0,10
2025-10-20,3661.TW,3661,世芯-KY,56,neutral,-0.026275115919629,-2.627511591962905,bearish_cluster_9_rep_2,bearish,9,2018-12-21,2492.TW,0.636055613900763,0.6112261658488195,False,0.0,11
2022-07-07,1519.TW,1519,華城,66,neutral,0.0072253354489006,0.7225335448900694,bearish_cluster_9_rep_2,bearish,9,2018-12-21,2492.TW,0.6361925767433264,0.6111750011666705,False,0.0,12
2022-07-05,3481.TW,3481,群創,52,bearish,-0.0553191936194804,-5.531919361948045,bearish_cluster_9_rep_2,bearish,9,2018-12-21,2492.TW,0.6445242429579934,0.6080786004110876,True,0.0,13
2020-11-04,3661.TW,3661,世芯-KY,56,bullish,0.2370062370062369,23.70062370062369,bearish_cluster_9_rep_2,bearish,9,2018-12-21,2492.TW,0.6501709138074898,0.6059978343047323,False,0.0,14
2021-03-11,3532.TW,3532,台勝科,98,neutral,-0.0108695652173913,-1.0869565217391353,bearish_cluster_9_rep_2,bearish,9,2018-12-21,2492.TW,0.6508479255259216,0.6057493149657763,False,0.0,15
2021-05-07,6770.TW,6770,力積電,55,bearish,-0.0959999999999999,-9.599999999999998,bearish_cluster_9_rep_2,bearish,9,2018-12-21,2492.TW,0.6517549757267169,0.605416671779683,True,0.0,16
2022-07-15,3532.TW,3532,台勝科,98,neutral,0.0303030303030302,3.030303030303028,bearish_cluster_9_rep_2,bearish,9,2018-12-21,2492.TW,0.6541102595390997,0.6045546203665041,False,0.0,17
2019-05-07,1590.TW,1590,亞德客-KY,64,bearish,-0.0540880618431561,-5.408806184315617,bearish_cluster_9_rep_2,bearish,9,2018-12-21,2492.TW,0.6561738329590057,0.6038013523093457,True,0.0,18
2021-08-18,2618.TW,2618,長榮航,72,neutral,0.0324324530524176,3.24324530524176,bearish_cluster_9_rep_2,bearish,9,2018-12-21,2492.TW,0.6582876952695265,0.6030316710740997,False,0.0,19
2024-06-19,3661.TW,3661,世芯-KY,56,bearish,-0.068100358422939,-6.810035842293905,bearish_cluster_9_rep_2,bearish,9,2018-12-21,2492.TW,0.659800685983348,0.6024819777728616,True,0.0,20
2020-05-19,2492.TW,2492,華新科,100,neutral,-0.0341207349081364,-3.4120734908136496,bearish_cluster_9_rep_2,bearish,9,2018-12-21,2492.TW,0.660773244665875,0.6021291607459551,False,0.0,21
2019-05-27,1590.TW,1590,亞德客-KY,64,neutral,-0.0140624449743522,-1.4062444974352273,bearish_cluster_9_rep_2,bearish,9,2018-12-21,2492.TW,0.6610426671797642,0.6020314948910197,False,0.0,22
2025-10-07,7750.TW,7750,新代,91,neutral,0.0,0.0,bearish_cluster_9_rep_2,bearish,9,2018-12-21,2492.TW,0.6645673192483589,0.60075671823928,False,0.0,23
2018-04-23,2376.TW,2376,技嘉,70,neutral,-0.0290520104212393,-2.90520104212394,bearish_cluster_9_rep_2,bearish,9,2018-12-21,2492.TW,0.6653929719721403,0.6004588807744342,False,0.0,24
2022-10-26,2409.TW,2409,友達,80,neutral,-0.0145772597994625,-1.457725979946256,bearish_cluster_9_rep_2,bearish,9,2018-12-21,2492.TW,0.6665583330456625,0.6000390026387398,False,0.0,25
2022-05-16,1605.TW,1605,華新,88,neutral,-0.03520215267911,-3.520215267911009,bearish_cluster_9_rep_2,bearish,9,2018-12-21,2492.TW,0.6666018500489436,0.6000233348898735,False,0.0,26
2021-07-28,6213.TW,6213,聯茂,81,neutral,-0.0072992700729926,-0.7299270072992692,bearish_cluster_9_rep_2,bearish,9,2018-12-21,2492.TW,0.6686242861374636,0.5992960837905595,False,0.0,27
2020-03-04,2337.TW,2337,旺宏,67,neutral,0.0,0.0,bearish_cluster_9_rep_2,bearish,9,2018-12-21,2492.TW,0.6703055567152916,0.5986928535198862,False,0.0,28
2020-12-21,2409.TW,2409,友達,80,neutral,-0.0034129692832765,-0.3412969283276501,bearish_cluster_9_rep_2,bearish,9,2018-12-21,2492.TW,0.6746770460363278,0.597130057026116,False,0.0,29
2019-08-08,2615.TW,2615,萬海,59,neutral,-0.0163551491434912,-1.6355149143491232,bearish_cluster_9_rep_2,bearish,9,2018-12-21,2492.TW,0.6747032870735683,0.5971207005555192,False,0.0,30
2024-05-07,1519.TW,1519,華城,66,neutral,-0.023255883326227,-2.325588332622708,bearish_cluster_9_rep_2,bearish,9,2018-12-21,2492.TW,0.6759733719146555,0.5966681910092557,False,0.0,31
2022-07-12,3533.TW,3533,嘉澤,82,bullish,0.123397417625428,12.3397417625428,bearish_cluster_9_rep_2,bearish,9,2018-12-21,2492.TW,0.677375265140359,0.5961695160184219,False,0.0,32
2018-02-05,2313.TW,2313,華通,60,bearish,-0.0779570286667316,-7.79570286667316,bearish_cluster_9_rep_2,bearish,9,2018-12-21,2492.TW,0.680536242613583,0.595048160606636,True,0.0,33
2025-11-19,7750.TW,7750,新代,91,bearish,-0.0614152202937249,-6.141522029372492,bearish_cluster_9_rep_2,bearish,9,2018-12-21,2492.TW,0.6814797607437851,0.5947142649862526,True,0.0,34
2021-07-28,6415.TW,6415,矽力*-KY,92,neutral,0.0300957592339261,3.009575923392616,bearish_cluster_9_rep_2,bearish,9,2018-12-21,2492.TW,0.6830905796018638,0.5941450876853881,False,0.0,35
2021-01-22,1802.TW,1802,台玻,86,neutral,-0.031791864815943,-3.1791864815943094,bearish_cluster_9_rep_2,bearish,9,2018-12-21,2492.TW,0.6832156737736321,0.5941009316756668,False,0.0,36
2023-06-29,2376.TW,2376,技嘉,70,bullish,0.1695278969957081,16.952789699570815,bearish_cluster_9_rep_2,bearish,9,2018-12-21,2492.TW,0.6836414733416288,0.5939506812072272,False,0.0,37
2024-04-30,3036.TW,3036,文曄,68,neutral,0.0066666666666665,0.6666666666666599,bearish_cluster_9_rep_2,bearish,9,2018-12-21,2492.TW,0.6841854283056206,0.5937588481608304,False,0.0,38
2023-09-13,6531.TW,6531,愛普*,95,bullish,0.1206636500754148,12.06636500754148,bearish_cluster_9_rep_2,bearish,9,2018-12-21,2492.TW,0.6863329125570538,0.5930027176446793,False,0.0,39
2021-09-10,2615.TW,2615,萬海,59,neutral,-0.0307328718962409,-3.0732871896240965,bearish_cluster_9_rep_2,bearish,9,2018-12-21,2492.TW,0.6890405695213941,0.5920520904263179,False,0.0,40
2022-07-07,6770.TW,6770,力積電,55,bearish,-0.0507426478794723,-5.074264787947236,bearish_cluster_9_rep_2,bearish,9,2018-12-21,2492.TW,0.6891817732025681,0.5920025990477457,True,0.0,41
2025-11-27,2337.TW,2337,旺宏,67,neutral,-0.0059347406056856,-0.5934740605685662,bearish_cluster_9_rep_2,bearish,9,2018-12-21,2492.TW,0.6903006692547049,0.5916107223935044,False,0.0,42
2024-09-11,1590.TW,1590,亞德客-KY,64,neutral,-0.0127551020408163,-1.2755102040816313,bearish_cluster_9_rep_2,bearish,9,2018-12-21,2492.TW,0.6922482199264097,0.5909298578216183,False,0.0,43
2018-06-11,3532.TW,3532,台勝科,98,neutral,-0.0351437699680511,-3.514376996805113,bearish_cluster_9_rep_2,bearish,9,2018-12-21,2492.TW,0.6944370843007026,0.5901664979273644,False,0.0,44
2024-10-21,1590.TW,1590,亞德客-KY,64,neutral,-0.0268817204301075,-2.6881720430107503,bearish_cluster_9_rep_2,bearish,9,2018-12-21,2492.TW,0.698131509788325,0.5888825419208267,False,0.0,45
2018-12-21,3661.TW,3661,世芯-KY,56,neutral,-0.0482758620689655,-4.82758620689655,bearish_cluster_9_rep_2,bearish,9,2018-12-21,2492.TW,0.7015531930453722,0.5876983476550856,False,0.0,46
2022-10-12,1590.TW,1590,亞德客-KY,64,neutral,-0.0155586987270155,-1.555869872701554,bearish_cluster_9_rep_2,bearish,9,2018-12-21,2492.TW,0.7016548224912978,0.587663248023448,False,0.0,47
2025-09-30,3661.TW,3661,世芯-KY,56,neutral,-0.0447330447330447,-4.473304473304474,bearish_cluster_9_rep_2,bearish,9,2018-12-21,2492.TW,0.7018818716910202,0.5875848474761542,False,0.0,48
2024-10-16,1802.TW,1802,台玻,86,bullish,0.0535211697430677,5.352116974306775,bearish_cluster_9_rep_2,bearish,9,2018-12-21,2492.TW,0.7039891730373387,0.5868581889035791,False,0.0,49
2023-06-09,3533.TW,3533,嘉澤,82,neutral,0.0380952380952381,3.809523809523818,bearish_cluster_9_rep_2,bearish,9,2018-12-21,2492.TW,0.7064269495225389,0.5860198119115511,False,0.0,50
2025-11-10,6770.TW,6770,力積電,55,bullish,0.129952532106633,12.995253210663304,bearish_cluster_9_rep_2,bearish,9,2018-12-21,2492.TW,0.7066266927293361,0.5859512242837022,False,0.0,51
2025-09-30,6919.TW,6919,康霈*,97,neutral,-0.0377358490566037,-3.773584905660377,bearish_cluster_9_rep_2,bearish,9,2018-12-21,2492.TW,0.7066486713900043,0.5859436782530851,False,0.0,52
2024-03-05,3702.TW,3702,大聯大,90,bullish,0.1107306477922176,11.073064779221763,bearish_cluster_9_rep_2,bearish,9,2018-12-21,2492.TW,0.70788457173986,0.585519663651085,False,0.0,53
2024-04-24,6213.TW,6213,聯茂,81,neutral,-0.0135135135135134,-1.3513513513513489,bearish_cluster_9_rep_2,bearish,9,2018-12-21,2492.TW,0.7084656838952508,0.5853205068304502,False,0.0,54
2022-09-12,2609.TW,2609,陽明,77,neutral,0.0225351897763534,2.2535189776353493,bearish_cluster_9_rep_2,bearish,9,2018-12-21,2492.TW,0.7098658043385518,0.5848412182187842,False,0.0,55
2025-10-17,3661.TW,3661,世芯-KY,56,neutral,0.0437601296596434,4.376012965964349,bearish_cluster_9_rep_2,bearish,9,2018-12-21,2492.TW,0.7104407772841814,0.5846446210127128,False,0.0,56
2025-03-10,3533.TW,3533,嘉澤,82,neutral,-0.0219435736677116,-2.19435736677116,bearish_cluster_9_rep_2,bearish,9,2018-12-21,2492.TW,0.7112318416196514,0.5843743528366777,False,0.0,57
2025-09-10,6805.TW,6805,富世達,93,neutral,-0.0382775119617224,-3.827751196172247,bearish_cluster_9_rep_2,bearish,9,2018-12-21,2492.TW,0.7117692818263899,0.5841908781848449,False,0.0,58
2024-11-19,6415.TW,6415,矽力*-KY,92,neutral,-0.0124575311438278,-1.245753114382786,bearish_cluster_9_rep_2,bearish,9,2018-12-21,2492.TW,0.7123913112435291,0.5839786697316314,False,0.0,59
2022-01-26,6515.TW,6515,穎崴,73,neutral,0.0467032967032967,4.670329670329676,bearish_cluster_9_rep_2,bearish,9,2018-12-21,2492.TW,0.7127003846199734,0.5838732851232981,False,0.0,60
2018-10-24,1802.TW,1802,台玻,86,neutral,-0.022471923757491,-2.2471923757491075,bearish_cluster_9_rep_2,bearish,9,2018-12-21,2492.TW,0.7129303436806794,0.5837949007612523,False,0.0,61
2021-08-27,6805.TW,6805,富世達,93,neutral,-0.0022471910112359,-0.2247191011235938,bearish_cluster_9_rep_2,bearish,9,2018-12-21,2492.TW,0.7151092443484198,0.5830532389089338,False,0.0,62
2019-05-13,3661.TW,3661,世芯-KY,56,neutral,0.0151515735337834,1.5151573533783491,bearish_cluster_9_rep_2,bearish,9,2018-12-21,2492.TW,0.7164418400410915,0.5826005732743383,False,0.0,63
2019-05-10,2337.TW,2337,旺宏,67,neutral,0.0111856821357048,1.118568213570481,bearish_cluster_9_rep_2,bearish,9,2018-12-21,2492.TW,0.7165364035250295,0.582568477980676,False,0.0,64
2020-03-10,2313.TW,2313,華通,60,bearish,-0.1729032454952117,-17.290324549521173,bearish_cluster_9_rep_2,bearish,9,2018-12-21,2492.TW,0.7170361088195516,0.5823989343401124,True,0.0,65
2025-05-02,6415.TW,6415,矽力*-KY,92,neutral,0.0145808019441069,1.4580801944106936,bearish_cluster_9_rep_2,bearish,9,2018-12-21,2492.TW,0.7174783145544917,0.5822489818506947,False,0.0,66
2023-03-13,1605.TW,1605,華新,88,neutral,-0.0305927054963953,-3.0592705496395367,bearish_cluster_9_rep_2,bearish,9,2018-12-21,2492.TW,0.7177979656900731,0.5821406358449611,False,0.0,67
2024-06-04,1519.TW,1519,華城,66,bullish,0.0615164154958469,6.1516415495846966,bearish_cluster_9_rep_2,bearish,9,2018-12-21,2492.TW,0.7189080022490244,0.5817647010145959,False,0.0,68
2018-10-22,2409.TW,2409,友達,80,neutral,-0.0300429184549356,-3.0042918454935674,bearish_cluster_9_rep_2,bearish,9,2018-12-21,2492.TW,0.7189881307853327,0.5817375827622163,False,0.0,69
2022-03-23,6805.TW,6805,富世達,93,bullish,0.1153846153846154,11.538461538461542,bearish_cluster_9_rep_2,bearish,9,2018-12-21,2492.TW,0.7192880524802852,0.5816361013835795,False,0.0,70
2023-08-21,6531.TW,6531,愛普*,95,neutral,0.0201863354037266,2.0186335403726607,bearish_cluster_9_rep_2,bearish,9,2018-12-21,2492.TW,0.7196324953409888,0.5815195995128647,False,0.0,71
2022-07-18,3532.TW,3532,台勝科,98,bullish,0.0843373493975903,8.43373493975903,bearish_cluster_9_rep_2,bearish,9,2018-12-21,2492.TW,0.7200376364248833,0.5813826272304778,False,0.0,72
2022-09-08,3532.TW,3532,台勝科,98,neutral,0.0175438596491228,1.7543859649122862,bearish_cluster_9_rep_2,bearish,9,2018-12-21,2492.TW,0.721247612585199,0.5809739358174427,False,0.0,73
2023-10-25,6805.TW,6805,富世達,93,neutral,-0.0218579234972677,-2.1857923497267784,bearish_cluster_9_rep_2,bearish,9,2018-12-21,2492.TW,0.721353500737659,0.5809381975122865,False,0.0,74
2021-01-07,2337.TW,2337,旺宏,67,neutral,-0.0063211126377402,-0.6321112637740267,bearish_cluster_9_rep_2,bearish,9,2018-12-21,2492.TW,0.7222205823723781,0.5806457141642617,False,0.0,75
2021-09-09,2609.TW,2609,陽明,77,neutral,-0.0329218106995884,-3.292181069958844,bearish_cluster_9_rep_2,bearish,9,2018-12-21,2492.TW,0.7226409387091591,0.5805040258414724,False,0.0,76
2022-03-18,2376.TW,2376,技嘉,70,neutral,-0.0114942528735632,-1.1494252873563204,bearish_cluster_9_rep_2,bearish,9,2018-12-21,2492.TW,0.7228780158152973,0.5804241454243537,False,0.0,77
2019-07-11,2379.TW,2379,瑞昱,53,neutral,0.006787330316742,0.6787330316742057,bearish_cluster_9_rep_2,bearish,9,2018-12-21,2492.TW,0.7238767265051937,0.5800878825177336,False,0.0,78
2020-05-18,1519.TW,1519,華城,66,neutral,0.0251450215385229,2.514502153852294,bearish_cluster_9_rep_2,bearish,9,2018-12-21,2492.TW,0.7247582349891235,0.5797914047972678,False,0.0,79
2024-09-06,3661.TW,3661,世芯-KY,56,neutral,-0.0123456790123457,-1.2345679012345734,bearish_cluster_9_rep_2,bearish,9,2018-12-21,2492.TW,0.724922888194242,0.5797360605765183,False,0.0,80
2025-10-28,3661.TW,3661,世芯-KY,56,bullish,0.1402936378466557,14.029363784665572,bearish_cluster_9_rep_2,bearish,9,2018-12-21,2492.TW,0.7250568392555526,0.5796910439377462,False,0.0,81
2022-10-12,3532.TW,3532,台勝科,98,neutral,0.0373134328358208,3.731343283582089,bearish_cluster_9_rep_2,bearish,9,2018-12-21,2492.TW,0.7252330463995713,0.579631837036117,False,0.0,82
2025-06-02,6805.TW,6805,富世達,93,bullish,0.1362068965517242,13.620689655172423,bearish_cluster_9_rep_2,bearish,9,2018-12-21,2492.TW,0.7252742949171073,0.5796179789765233,False,0.0,83
2022-02-08,6531.TW,6531,愛普*,95,neutral,-0.0237203495630461,-2.372034956304614,bearish_cluster_9_rep_2,bearish,9,2018-12-21,2492.TW,0.7257840250747107,0.5794467821410673,False,0.0,84
2021-11-29,6789.TW,6789,采鈺,96,neutral,0.0162271805273834,1.6227180527383478,bearish_cluster_9_rep_2,bearish,9,2018-12-21,2492.TW,0.7259149438239634,0.5794028283829473,False,0.0,85
2022-01-25,6515.TW,6515,穎崴,73,bullish,0.0535211267605633,5.352112676056331,bearish_cluster_9_rep_2,bearish,9,2018-12-21,2492.TW,0.7259258174572687,0.5793991780441968,False,0.0,86
2022-03-18,6213.TW,6213,聯茂,81,neutral,0.0427350427350428,4.2735042735042805,bearish_cluster_9_rep_2,bearish,9,2018-12-21,2492.TW,0.7284710030716877,0.5785460087111021,False,0.0,87
2019-01-04,3532.TW,3532,台勝科,98,neutral,0.0442477876106195,4.424778761061954,bearish_cluster_9_rep_2,bearish,9,2018-12-21,2492.TW,0.7296438995955906,0.5781536883018584,False,0.0,88
2024-11-15,6415.TW,6415,矽力*-KY,92,bearish,-0.053763440860215,-5.376344086021501,bearish_cluster_9_rep_2,bearish,9,2018-12-21,2492.TW,0.7301565686709703,0.5779823734496791,True,0.0,89
2022-09-21,2609.TW,2609,陽明,77,bearish,-0.1059506950666167,-10.59506950666167,bearish_cluster_9_rep_2,bearish,9,2018-12-21,2492.TW,0.7327255350313756,0.5771254476156216,True,0.0,90
2024-07-22,3661.TW,3661,世芯-KY,56,bearish,-0.0958408679927667,-9.584086799276667,bearish_cluster_9_rep_2,bearish,9,2018-12-21,2492.TW,0.734141957650971,0.5766540597141061,True,0.0,91
2024-07-15,2615.TW,2615,萬海,59,bearish,-0.0500642034593965,-5.006420345939655,bearish_cluster_9_rep_2,bearish,9,2018-12-21,2492.TW,0.7343683538246668,0.5765787860432176,True,0.0,92
2023-11-09,6139.TW,6139,亞翔,85,neutral,0.019230698776961,1.923069877696104,bearish_cluster_9_rep_2,bearish,9,2018-12-21,2492.TW,0.7361287523765309,0.5759941471109975,False,0.0,93
2019-07-31,2379.TW,2379,瑞昱,53,neutral,-0.0286396181384248,-2.863961813842486,bearish_cluster_9_rep_2,bearish,9,2018-12-21,2492.TW,0.7363439132067864,0.5759227722076894,False,0.0,94
2024-08-06,2324.TW,2324,仁寶,84,neutral,0.0439932716742261,4.3993271674226175,bearish_cluster_9_rep_2,bearish,9,2018-12-21,2492.TW,0.7363684586005775,0.5759146309337753,False,0.0,95
2019-05-27,1590.TW,1590,亞德客-KY,64,neutral,-0.0140624449743522,-1.4062444974352273,bearish_cluster_9_rep_3,bearish,9,2019-05-07,1590.TW,0.43668240798732866,0.6960480579705267,False,0.0,1
2023-10-24,3661.TW,3661,世芯-KY,56,neutral,0.0155642023346302,1.5564202334630295,bearish_cluster_9_rep_3,bearish,9,2019-05-07,1590.TW,0.4378516519862389,0.6954820399021042,False,0.0,2
2021-01-07,2337.TW,2337,旺宏,67,neutral,-0.0063211126377402,-0.6321112637740267,bearish_cluster_9_rep_3,bearish,9,2019-05-07,1590.TW,0.46161520143918605,0.6841746028745086,False,0.0,3
2018-10-18,1402.TW,1402,遠東新,94,neutral,-0.0265210138644312,-2.6521013864431286,bearish_cluster_9_rep_3,bearish,9,2019-05-07,1590.TW,0.4838482882304222,0.6739233437352007,False,0.0,4
2022-10-12,3532.TW,3532,台勝科,98,neutral,0.0373134328358208,3.731343283582089,bearish_cluster_9_rep_3,bearish,9,2019-05-07,1590.TW,0.49521121084208786,0.6688018339809063,False,0.0,5
2023-08-17,6919.TW,6919,康霈*,97,neutral,-0.0257967464463807,-2.5796746446380747,bearish_cluster_9_rep_3,bearish,9,2019-05-07,1590.TW,0.495483179675114,0.6686802055622216,False,0.0,6
2019-05-10,3661.TW,3661,世芯-KY,56,neutral,0.0114212418988517,1.1421241898851742,bearish_cluster_9_rep_3,bearish,9,2019-05-07,1590.TW,0.49563291801517984,0.6686132592796079,False,0.0,7
2025-10-30,1504.TW,1504,東元,89,neutral,-0.0257510729613733,-2.575107296137336,bearish_cluster_9_rep_3,bearish,9,2019-05-07,1590.TW,0.4969405671072714,0.6680291936589221,False,0.0,8
2019-07-09,2379.TW,2379,瑞昱,53,neutral,-0.0066079295154185,-0.6607929515418554,bearish_cluster_9_rep_3,bearish,9,2019-05-07,1590.TW,0.49923924892927796,0.6670049498198349,False,0.0,9
2018-12-20,3661.TW,3661,世芯-KY,56,neutral,-0.008474662113743,-0.8474662113743037,bearish_cluster_9_rep_3,bearish,9,2019-05-07,1590.TW,0.50552749928135,0.6642190198965752,False,0.0,10
2021-03-11,3532.TW,3532,台勝科,98,neutral,-0.0108695652173913,-1.0869565217391353,bearish_cluster_9_rep_3,bearish,9,2019-05-07,1590.TW,0.5147342965389389,0.6601817904862454,False,0.0,11
2022-08-09,3661.TW,3661,世芯-KY,56,bullish,0.1336477987421382,13.364779874213829,bearish_cluster_9_rep_3,bearish,9,2019-05-07,1590.TW,0.5215551933433051,0.6572222975380244,False,0.0,12
2018-09-14,3533.TW,3533,嘉澤,82,bearish,-0.0506912449036074,-5.069124490360744,bearish_cluster_9_rep_3,bearish,9,2019-05-07,1590.TW,0.5239351905683957,0.65619588430596,True,0.0,13
2018-04-19,2376.TW,2376,技嘉,70,neutral,-0.0178837105146134,-1.788371051461346,bearish_cluster_9_rep_3,bearish,9,2019-05-07,1590.TW,0.5246358335251431,0.6558943309681228,False,0.0,14
2025-07-02,7750.TW,7750,新代,91,neutral,-0.0408450704225351,-4.084507042253516,bearish_cluster_9_rep_3,bearish,9,2019-05-07,1590.TW,0.5325277557202506,0.6525167301325805,False,0.0,15
2019-07-11,2379.TW,2379,瑞昱,53,neutral,0.006787330316742,0.6787330316742057,bearish_cluster_9_rep_3,bearish,9,2019-05-07,1590.TW,0.5353683485063155,0.6513095056133279,False,0.0,16
2021-01-11,3481.TW,3481,群創,52,neutral,0.0260222134959005,2.6022213495900504,bearish_cluster_9_rep_3,bearish,9,2019-05-07,1590.TW,0.5447413922459744,0.6473575480139439,False,0.0,17
2020-08-13,3034.TW,3034,聯詠,58,bearish,-0.0667838312829525,-6.678383128295251,bearish_cluster_9_rep_3,bearish,9,2019-05-07,1590.TW,0.548965042049206,0.6455923619018853,True,0.0,18
2018-04-18,2376.TW,2376,技嘉,70,neutral,-0.0238805742406132,-2.388057424061329,bearish_cluster_9_rep_3,bearish,9,2019-05-07,1590.TW,0.5533913507651175,0.6437527796890677,False,0.0,19
2022-10-12,1590.TW,1590,亞德客-KY,64,neutral,-0.0155586987270155,-1.555869872701554,bearish_cluster_9_rep_3,bearish,9,2019-05-07,1590.TW,0.5613367743458195,0.6404768121976678,False,0.0,20
2019-05-28,1590.TW,1590,亞德客-KY,64,neutral,0.020344228820005,2.0344228820005084,bearish_cluster_9_rep_3,bearish,9,2019-05-07,1590.TW,0.5643830093524278,0.6392296477407712,False,0.0,21
2025-06-03,3533.TW,3533,嘉澤,82,bullish,0.0796812749003983,7.968127490039834,bearish_cluster_9_rep_3,bearish,9,2019-05-07,1590.TW,0.5654165856258564,0.6388075922935225,False,0.0,22
2020-12-07,6531.TW,6531,愛普*,95,neutral,0.0157194679564691,1.5719467956469169,bearish_cluster_9_rep_3,bearish,9,2019-05-07,1590.TW,0.5669993663446365,0.6381623512284599,False,0.0,23
2022-03-23,6805.TW,6805,富世達,93,bullish,0.1153846153846154,11.538461538461542,bearish_cluster_9_rep_3,bearish,9,2019-05-07,1590.TW,0.5728915509406772,0.6357717411616484,False,0.0,24
2018-12-17,3532.TW,3532,台勝科,98,bearish,-0.0929368029739776,-9.293680297397769,bearish_cluster_9_rep_3,bearish,9,2019-05-07,1590.TW,0.5758794612012019,0.6345663006723609,True,0.0,25
2022-07-07,5871.TW,5871,中租-KY,78,neutral,-0.0208333225630179,-2.0833322563017957,bearish_cluster_9_rep_3,bearish,9,2019-05-07,1590.TW,0.5812612968874836,0.6324065491063215,False,0.0,26
2023-07-18,2618.TW,2618,長榮航,72,neutral,-0.0080214716448669,-0.8021471644866995,bearish_cluster_9_rep_3,bearish,9,2019-05-07,1590.TW,0.5816820923342356,0.6322383017716328,False,0.0,27
2019-01-24,1590.TW,1590,亞德客-KY,64,bullish,0.0633284379484271,6.332843794842713,bearish_cluster_9_rep_3,bearish,9,2019-05-07,1590.TW,0.582057100524765,0.6320884370534428,False,0.0,28
2023-10-24,6531.TW,6531,愛普*,95,neutral,-0.0189959294436906,-1.8995929443690664,bearish_cluster_9_rep_3,bearish,9,2019-05-07,1590.TW,0.5831924656851099,0.6316351433413754,False,0.0,29
2024-09-11,6415.TW,6415,矽力*-KY,92,bearish,-0.0506024096385542,-5.060240963855422,bearish_cluster_9_rep_3,bearish,9,2019-05-07,1590.TW,0.5838834084054909,0.6313596030447144,True,0.0,30
2021-01-08,2337.TW,2337,旺宏,67,neutral,-0.0124223602484472,-1.2422360248447228,bearish_cluster_9_rep_3,bearish,9,2019-05-07,1590.TW,0.584212405058787,0.6312284872954849,False,0.0,31
2023-08-28,2324.TW,2324,仁寶,84,neutral,-0.0333333448930218,-3.3333344893021866,bearish_cluster_9_rep_3,bearish,9,2019-05-07,1590.TW,0.584927850313864,0.6309435472422101,False,0.0,32
2025-11-07,6239.TW,6239,力成,76,neutral,-0.0117647058823529,-1.17647058823529,bearish_cluster_9_rep_3,bearish,9,2019-05-07,1590.TW,0.5851588789669319,0.6308515905053711,False,0.0,33
2022-06-09,3532.TW,3532,台勝科,98,neutral,-0.0447154471544715,-4.471544715447151,bearish_cluster_9_rep_3,bearish,9,2019-05-07,1590.TW,0.5859127874677056,0.6305516973583033,False,0.0,34
2018-09-10,1590.TW,1590,亞德客-KY,64,neutral,-0.0498084055506733,-4.980840555067334,bearish_cluster_9_rep_3,bearish,9,2019-05-07,1590.TW,0.5876194470243594,0.6298738667344231,False,0.0,35
2023-12-26,3533.TW,3533,嘉澤,82,neutral,0.0388349514563106,3.883495145631066,bearish_cluster_9_rep_3,bearish,9,2019-05-07,1590.TW,0.5876763351886308,0.6298512976709392,False,0.0,36
2022-11-17,6805.TW,6805,富世達,93,neutral,0.0357142857142858,3.571428571428581,bearish_cluster_9_rep_3,bearish,9,2019-05-07,1590.TW,0.5883787842169671,0.6295727504903538,False,0.0,37
2020-02-12,5871.TW,5871,中租-KY,78,neutral,0.0198412868669839,1.9841286866983945,bearish_cluster_9_rep_3,bearish,9,2019-05-07,1590.TW,0.5884133425825312,0.6295590531707219,False,0.0,38
2019-07-10,1590.TW,1590,亞德客-KY,64,neutral,0.0014598983633091,0.1459898363309175,bearish_cluster_9_rep_3,bearish,9,2019-05-07,1590.TW,0.5912795365120339,0.6284250988307971,False,0.0,39
2021-08-27,6805.TW,6805,富世達,93,neutral,-0.0022471910112359,-0.2247191011235938,bearish_cluster_9_rep_3,bearish,9,2019-05-07,1590.TW,0.5929623208049325,0.6277612388814662,False,0.0,40
2018-04-23,2376.TW,2376,技嘉,70,neutral,-0.0290520104212393,-2.90520104212394,bearish_cluster_9_rep_3,bearish,9,2019-05-07,1590.TW,0.5937473716018201,0.6274520151803826,False,0.0,41
2020-09-25,3532.TW,3532,台勝科,98,neutral,0.0194174757281553,1.941747572815533,bearish_cluster_9_rep_3,bearish,9,2019-05-07,1590.TW,0.5938755357177746,0.6274015615338917,False,0.0,42
2024-11-01,6415.TW,6415,矽力*-KY,92,neutral,-0.0119521912350597,-1.195219123505975,bearish_cluster_9_rep_3,bearish,9,2019-05-07,1590.TW,0.5950543410937085,0.6269378880937139,False,0.0,43
2019-11-21,6415.TW,6415,矽力*-KY,92,neutral,0.0067114093959732,0.6711409395973256,bearish_cluster_9_rep_3,bearish,9,2019-05-07,1590.TW,0.5952575824326442,0.6268580140362521,False,0.0,44
2022-10-19,2615.TW,2615,萬海,59,neutral,0.0088365016294207,0.8836501629420734,bearish_cluster_9_rep_3,bearish,9,2019-05-07,1590.TW,0.5958095139440357,0.626641207025082,False,0.0,45
2021-05-24,2379.TW,2379,瑞昱,53,bullish,0.081767955801105,8.176795580110507,bearish_cluster_9_rep_3,bearish,9,2019-05-07,1590.TW,0.5959760297007601,0.6265758265727189,False,0.0,46
2018-10-22,2409.TW,2409,友達,80,neutral,-0.0300429184549356,-3.0042918454935674,bearish_cluster_9_rep_3,bearish,9,2019-05-07,1590.TW,0.5966769098041116,0.6263007837463405,False,0.0,47
2022-07-08,5871.TW,5871,中租-KY,78,neutral,-0.0129869739239569,-1.298697392395698,bearish_cluster_9_rep_3,bearish,9,2019-05-07,1590.TW,0.5972161328948085,0.6260893434550973,False,0.0,48
2020-08-19,2379.TW,2379,瑞昱,53,neutral,-0.0236024844720497,-2.360248447204971,bearish_cluster_9_rep_3,bearish,9,2019-05-07,1590.TW,0.5975984512653997,0.6259395151566004,False,0.0,49
2023-07-25,2618.TW,2618,長榮航,72,neutral,0.0176151133957482,1.7615113395748283,bearish_cluster_9_rep_3,bearish,9,2019-05-07,1590.TW,0.5979499601385677,0.6258018241780764,False,0.0,50
2020-08-19,3034.TW,3034,聯詠,58,neutral,-0.0167597765363128,-1.6759776536312887,bearish_cluster_9_rep_3,bearish,9,2019-05-07,1590.TW,0.5982535128385706,0.6256829670431662,False,0.0,51
2021-08-25,6805.TW,6805,富世達,93,neutral,-0.0221729490022173,-2.217294900221733,bearish_cluster_9_rep_3,bearish,9,2019-05-07,1590.TW,0.6005223206907446,0.6247960350646191,False,0.0,52
2018-02-01,2313.TW,2313,華通,60,neutral,-0.0280504896829831,-2.805048968298318,bearish_cluster_9_rep_3,bearish,9,2019-05-07,1590.TW,0.6010310239349724,0.6245975156322867,False,0.0,53
2023-03-17,1519.TW,1519,華城,66,bullish,0.0539729672720248,5.397296727202483,bearish_cluster_9_rep_3,bearish,9,2019-05-07,1590.TW,0.6024363084645156,0.6240497639236711,False,0.0,54
2021-12-02,3533.TW,3533,嘉澤,82,neutral,-0.0044642910112071,-0.4464291011207155,bearish_cluster_9_rep_3,bearish,9,2019-05-07,1590.TW,0.6028039975606136,0.6239066046266102,False,0.0,55
2019-07-05,2379.TW,2379,瑞昱,53,neutral,-0.0478260869565216,-4.7826086956521685,bearish_cluster_9_rep_3,bearish,9,2019-05-07,1590.TW,0.6031788518895617,0.6237607231541045,False,0.0,56
2024-03-05,3702.TW,3702,大聯大,90,bullish,0.1107306477922176,11.073064779221763,bearish_cluster_9_rep_3,bearish,9,2019-05-07,1590.TW,0.6041591911961741,0.6233795283461422,False,0.0,57
2018-10-17,1402.TW,1402,遠東新,94,neutral,0.0206022675625099,2.060226756250993,bearish_cluster_9_rep_3,bearish,9,2019-05-07,1590.TW,0.6044756730430466,0.6232565671147892,False,0.0,58
2021-04-16,1590.TW,1590,亞德客-KY,64,neutral,-0.0416666190205778,-4.166661902057789,bearish_cluster_9_rep_3,bearish,9,2019-05-07,1590.TW,0.6074001163479955,0.6221226375620743,False,0.0,59
2025-09-30,6919.TW,6919,康霈*,97,neutral,-0.0377358490566037,-3.773584905660377,bearish_cluster_9_rep_3,bearish,9,2019-05-07,1590.TW,0.6082051975763909,0.621811197667454,False,0.0,60
2021-04-21,2376.TW,2376,技嘉,70,bullish,0.0985915492957747,9.859154929577477,bearish_cluster_9_rep_3,bearish,9,2019-05-07,1590.TW,0.6083959182168629,0.6217374644351518,False,0.0,61
2021-12-24,6805.TW,6805,富世達,93,neutral,0.0074074074074073,0.7407407407407307,bearish_cluster_9_rep_3,bearish,9,2019-05-07,1590.TW,0.610400115803062,0.6209636910646442,False,0.0,62
2025-09-01,1326.TW,1326,台化,51,neutral,-0.0429042663298318,-4.29042663298318,bearish_cluster_9_rep_3,bearish,9,2019-05-07,1590.TW,0.6120444179388123,0.6203303016170095,False,0.0,63
2024-03-28,4938.TW,4938,和碩,69,neutral,-0.0140420655901443,-1.4042065590144317,bearish_cluster_9_rep_3,bearish,9,2019-05-07,1590.TW,0.6134432425786385,0.6197924870302716,False,0.0,64
2019-04-30,3661.TW,3661,世芯-KY,56,neutral,0.0147966041950005,1.479660419500051,bearish_cluster_9_rep_3,bearish,9,2019-05-07,1590.TW,0.61431013859292,0.6194596540610402,False,0.0,65
2022-09-08,6770.TW,6770,力積電,55,neutral,0.0293159477577844,2.931594775778445,bearish_cluster_9_rep_3,bearish,9,2019-05-07,1590.TW,0.6144803058075736,0.6193943626334875,False,0.0,66
2022-11-16,6805.TW,6805,富世達,93,neutral,0.0265780730897009,2.657807308970095,bearish_cluster_9_rep_3,bearish,9,2019-05-07,1590.TW,0.614843449835165,0.6192550739838434,False,0.0,67
2021-04-19,1590.TW,1590,亞德客-KY,64,bearish,-0.0509258740446292,-5.092587404462923,bearish_cluster_9_rep_3,bearish,9,2019-05-07,1590.TW,0.6156543213687693,0.6189442795862472,True,0.0,68
2023-12-07,6531.TW,6531,愛普*,95,neutral,0.0172018348623852,1.7201834862385246,bearish_cluster_9_rep_3,bearish,9,2019-05-07,1590.TW,0.6157768886982532,0.6188973285820716,False,0.0,69
2024-04-23,2404.TW,2404,漢唐,79,neutral,0.0161892901618929,1.6189290161892966,bearish_cluster_9_rep_3,bearish,9,2019-05-07,1590.TW,0.6159837891472401,0.6188180888421556,False,0.0,70
2024-04-15,3533.TW,3533,嘉澤,82,neutral,0.0033898305084745,0.3389830508474523,bearish_cluster_9_rep_3,bearish,9,2019-05-07,1590.TW,0.6169637871253048,0.6184430399507186,False,0.0,71
2021-06-28,2376.TW,2376,技嘉,70,neutral,-0.0272727272727272,-2.727272727272722,bearish_cluster_9_rep_3,bearish,9,2019-05-07,1590.TW,0.618152882889534,0.6179885785663843,False,0.0,72
2025-05-06,2404.TW,2404,漢唐,79,neutral,0.043778801843318,4.377880184331806,bearish_cluster_9_rep_3,bearish,9,2019-05-07,1590.TW,0.6193305182933602,0.617539155041626,False,0.0,73
2025-12-04,1519.TW,1519,華城,66,neutral,0.0267228906606615,2.672289066066158,bearish_cluster_9_rep_3,bearish,9,2019-05-07,1590.TW,0.6219618293229646,0.61653732037419,False,0.0,74
2022-10-19,1605.TW,1605,華新,88,neutral,0.0183099021374339,1.8309902137434,bearish_cluster_9_rep_3,bearish,9,2019-05-07,1590.TW,0.6223033063582568,0.6164075460369972,False,0.0,75
2021-09-13,6415.TW,6415,矽力*-KY,92,neutral,-0.0145102781136639,-1.45102781136639,bearish_cluster_9_rep_3,bearish,9,2019-05-07,1590.TW,0.6230935063254592,0.6161074492029186,False,0.0,76
2018-04-24,2376.TW,2376,技嘉,70,neutral,-0.0303490129543411,-3.0349012954341115,bearish_cluster_9_rep_3,bearish,9,2019-05-07,1590.TW,0.6239112989495557,0.615797180946312,False,0.0,77
2022-03-21,6789.TW,6789,采鈺,96,bullish,0.0605726872246696,6.057268722466969,bearish_cluster_9_rep_3,bearish,9,2019-05-07,1590.TW,0.62392839674333,0.615790697425716,False,0.0,78
2021-12-27,6805.TW,6805,富世達,93,neutral,-0.0091911764705882,-0.9191176470588204,bearish_cluster_9_rep_3,bearish,9,2019-05-07,1590.TW,0.6240229390558069,0.6157548492396243,False,0.0,79
2024-07-30,3044.TW,3044,健鼎,65,neutral,-0.0199004975124378,-1.9900497512437831,bearish_cluster_9_rep_3,bearish,9,2019-05-07,1590.TW,0.6241242661815939,0.6157164330479806,False,0.0,80
2024-10-30,2449.TW,2449,京元電子,57,neutral,0.0358565640414327,3.585656404143278,bearish_cluster_9_rep_3,bearish,9,2019-05-07,1590.TW,0.6244128712997113,0.6156070403455302,False,0.0,81
2022-08-30,6805.TW,6805,富世達,93,neutral,-0.0176470588235294,-1.764705882352946,bearish_cluster_9_rep_3,bearish,9,2019-05-07,1590.TW,0.625512041571505,0.6151907672324745,False,0.0,82
2020-05-27,6213.TW,6213,聯茂,81,neutral,0.041509478310945,4.150947831094509,bearish_cluster_9_rep_3,bearish,9,2019-05-07,1590.TW,0.626405790016829,0.6148527053569163,False,0.0,83
2022-11-24,1605.TW,1605,華新,88,neutral,0.0353074984780314,3.5307498478031496,bearish_cluster_9_rep_3,bearish,9,2019-05-07,1590.TW,0.6266372556452815,0.6147652136513395,False,0.0,84
2018-09-14,6531.TW,6531,愛普*,95,neutral,0.0033613573603268,0.3361357360326833,bearish_cluster_9_rep_3,bearish,9,2019-05-07,1590.TW,0.6275068684884335,0.6144367310282149,False,0.0,85
2018-09-17,2379.TW,2379,瑞昱,53,neutral,0.0294117647058822,2.941176470588225,bearish_cluster_9_rep_3,bearish,9,2019-05-07,1590.TW,0.6280535140582648,0.6142304238558414,False,0.0,86
2020-11-23,2609.TW,2609,陽明,77,neutral,0.0423077069796049,4.230770697960495,bearish_cluster_9_rep_3,bearish,9,2019-05-07,1590.TW,0.6296306006340375,0.6136359980052729,False,0.0,87
2025-04-14,1101.TW,1101,台泥,83,neutral,-0.0183946235477439,-1.8394623547743905,bearish_cluster_9_rep_3,bearish,9,2019-05-07,1590.TW,0.6297047052753781,0.6136080952352811,False,0.0,88
2021-12-22,6805.TW,6805,富世達,93,neutral,-0.0109090909090908,-1.0909090909090868,bearish_cluster_9_rep_3,bearish,9,2019-05-07,1590.TW,0.6298068282191758,0.6135696468351772,False,0.0,89
2022-10-12,1605.TW,1605,華新,88,bearish,-0.0546666463216145,-5.466664632161455,bearish_cluster_9_rep_3,bearish,9,2019-05-07,1590.TW,0.6302863323427548,0.6133891821094885,True,0.0,90
2018-12-21,3661.TW,3661,世芯-KY,56,neutral,-0.0482758620689655,-4.82758620689655,bearish_cluster_9_rep_3,bearish,9,2019-05-07,1590.TW,0.6303203541620426,0.6133763817933705,False,0.0,91
2020-07-13,2313.TW,2313,華通,60,neutral,0.0011013047440548,0.1101304744054898,bearish_cluster_9_rep_3,bearish,9,2019-05-07,1590.TW,0.6312688723113722,0.6130197277552922,False,0.0,92
2019-05-28,6415.TW,6415,矽力*-KY,92,neutral,-0.026086956521739,-2.608695652173909,bearish_cluster_9_rep_3,bearish,9,2019-05-07,1590.TW,0.6318237514414801,0.6128112788630787,False,0.0,93
2020-08-25,2492.TW,2492,華新科,100,neutral,-0.0030581039755351,-0.3058103975535187,bearish_cluster_9_rep_3,bearish,9,2019-05-07,1590.TW,0.6318830513268711,0.6127890103319035,False,0.0,94
2023-05-11,6515.TW,6515,穎崴,73,neutral,0.0295489891135303,2.954898911353032,bearish_cluster_9_rep_3,bearish,9,2019-05-07,1590.TW,0.6323490433382866,0.6126140754522199,False,0.0,95
