date,ticker,stock_id,name,rank,target_3d,future_return_3d,future_return_3d_pct,pattern_id,direction,source_cluster_id,representative_date,representative_ticker,weighted_distance,similarity,is_direction_hit,pattern_score,match_rank
2021-08-09,1802.TW,1802,台玻,86,neutral,-0.0485313269942778,-4.853132699427787,bullish_cluster_0_rep_1,bullish,0,2020-11-06,1590.TW,0.4017598402121109,0.7133889638675069,False,0.6042952017134752,1
2025-10-01,6805.TW,6805,富世達,93,bullish,0.1034482758620689,10.344827586206897,bullish_cluster_0_rep_1,bullish,0,2020-11-06,1590.TW,0.4239793114641301,0.702257393734045,True,0.6042952017134752,2
2020-09-30,2609.TW,2609,陽明,77,bullish,0.0515463927661541,5.154639276615414,bullish_cluster_0_rep_1,bullish,0,2020-11-06,1590.TW,0.43491161271412415,0.696907036739711,True,0.6042952017134752,3
2025-04-22,6239.TW,6239,力成,76,neutral,0.0182648401826484,1.82648401826484,bullish_cluster_0_rep_1,bullish,0,2020-11-06,1590.TW,0.43702949282791165,0.6958799419155365,False,0.6042952017134752,4
2023-12-18,2376.TW,2376,技嘉,70,neutral,0.0254403131115459,2.544031311154593,bullish_cluster_0_rep_1,bullish,0,2020-11-06,1590.TW,0.4555767697497137,0.687012887799762,False,0.6042952017134752,5
2018-06-12,6213.TW,6213,聯茂,81,neutral,-0.0166666483555721,-1.666664835557219,bullish_cluster_0_rep_1,bullish,0,2020-11-06,1590.TW,0.45899145289086707,0.6854049747985742,False,0.6042952017134752,6
2023-03-08,6531.TW,6531,愛普*,95,neutral,0.0476190476190476,4.761904761904767,bullish_cluster_0_rep_1,bullish,0,2020-11-06,1590.TW,0.47090896843647856,0.67985172533346,False,0.6042952017134752,7
2022-08-22,3532.TW,3532,台勝科,98,neutral,0.0166666666666666,1.6666666666666607,bullish_cluster_0_rep_1,bullish,0,2020-11-06,1590.TW,0.4747894863496219,0.6780628755872039,False,0.6042952017134752,8
2023-02-21,6415.TW,6415,矽力*-KY,92,neutral,-0.0251256281407035,-2.5125628140703515,bullish_cluster_0_rep_1,bullish,0,2020-11-06,1590.TW,0.4749748079245729,0.6779776811287327,False,0.6042952017134752,9
2020-10-14,3533.TW,3533,嘉澤,82,neutral,-0.020920532811176,-2.0920532811176007,bullish_cluster_0_rep_1,bullish,0,2020-11-06,1590.TW,0.47569345132716057,0.6776475148687913,False,0.6042952017134752,10
2025-10-17,2337.TW,2337,旺宏,67,neutral,0.042990639945057,4.299063994505703,bullish_cluster_0_rep_1,bullish,0,2020-11-06,1590.TW,0.4781863119377087,0.6765047084552764,False,0.6042952017134752,11
2020-01-10,3661.TW,3661,世芯-KY,56,bullish,0.0723684210526316,7.236842105263164,bullish_cluster_0_rep_1,bullish,0,2020-11-06,1590.TW,0.4845315083123366,0.6736131866522875,True,0.6042952017134752,12
2024-06-05,6239.TW,6239,力成,76,neutral,0.0217391304347827,2.1739130434782705,bullish_cluster_0_rep_1,bullish,0,2020-11-06,1590.TW,0.4851681987594247,0.6733244092051726,False,0.6042952017134752,13
2023-03-16,1504.TW,1504,東元,89,neutral,0.0357142857142858,3.571428571428581,bullish_cluster_0_rep_1,bullish,0,2020-11-06,1590.TW,0.48549312328377625,0.6731771317725369,False,0.6042952017134752,14
2021-07-19,3532.TW,3532,台勝科,98,neutral,-0.0454545454545454,-4.545454545454541,bullish_cluster_0_rep_1,bullish,0,2020-11-06,1590.TW,0.4901233372274829,0.6710853893883681,False,0.6042952017134752,15
2025-02-18,6770.TW,6770,力積電,55,neutral,0.0108400459252318,1.08400459252318,bullish_cluster_0_rep_1,bullish,0,2020-11-06,1590.TW,0.4912462528621943,0.6705800588472022,False,0.6042952017134752,16
2018-03-19,3661.TW,3661,世芯-KY,56,neutral,-0.007380073800738,-0.7380073800738018,bullish_cluster_0_rep_1,bullish,0,2020-11-06,1590.TW,0.4916035330924655,0.6704194364079783,False,0.6042952017134752,17
2020-10-22,3661.TW,3661,世芯-KY,56,neutral,-0.025,-2.500000000000002,bullish_cluster_0_rep_1,bullish,0,2020-11-06,1590.TW,0.4923941182398061,0.670064286489847,False,0.6042952017134752,18
2022-10-25,1802.TW,1802,台玻,86,bullish,0.0565551892531057,5.655518925310576,bullish_cluster_0_rep_1,bullish,0,2020-11-06,1590.TW,0.5001227830068388,0.6666121009079037,True,0.6042952017134752,19
2025-08-26,6789.TW,6789,采鈺,96,bullish,0.0517928286852589,5.179282868525892,bullish_cluster_0_rep_1,bullish,0,2020-11-06,1590.TW,0.5001740727139143,0.6665893099931621,True,0.6042952017134752,20
2020-05-14,3661.TW,3661,世芯-KY,56,bullish,0.1277372262773721,12.773722627737216,bullish_cluster_0_rep_1,bullish,0,2020-11-06,1590.TW,0.500251042794271,0.6665551107616392,True,0.6042952017134752,21
2024-04-24,2404.TW,2404,漢唐,79,neutral,-0.0169696969696969,-1.6969696969696968,bullish_cluster_0_rep_1,bullish,0,2020-11-06,1590.TW,0.5019772774910137,0.6657890335534606,False,0.6042952017134752,22
2021-09-09,6415.TW,6415,矽力*-KY,92,bullish,0.084262701363073,8.426270136307302,bullish_cluster_0_rep_1,bullish,0,2020-11-06,1590.TW,0.5026620331428701,0.665485636785848,True,0.6042952017134752,23
2025-11-13,6213.TW,6213,聯茂,81,bearish,-0.0852017937219731,-8.520179372197312,bullish_cluster_0_rep_1,bullish,0,2020-11-06,1590.TW,0.5029663997901439,0.665350868881452,False,0.6042952017134752,24
2022-03-03,2615.TW,2615,萬海,59,bearish,-0.1119792302139081,-11.19792302139081,bullish_cluster_0_rep_1,bullish,0,2020-11-06,1590.TW,0.5106944387386626,0.6619472305961083,False,0.6042952017134752,25
2019-05-31,2379.TW,2379,瑞昱,53,neutral,0.0275,2.750000000000008,bullish_cluster_0_rep_1,bullish,0,2020-11-06,1590.TW,0.5126908141157034,0.6610736250055073,False,0.6042952017134752,26
2022-01-26,3661.TW,3661,世芯-KY,56,bullish,0.1497326203208555,14.973262032085554,bullish_cluster_0_rep_1,bullish,0,2020-11-06,1590.TW,0.5161912348380293,0.6595474086795043,True,0.6042952017134752,27
2022-09-13,6515.TW,6515,穎崴,73,neutral,-0.0442260442260442,-4.422604422604426,bullish_cluster_0_rep_1,bullish,0,2020-11-06,1590.TW,0.5205932396587003,0.6576380677744245,False,0.6042952017134752,28
2021-11-24,2609.TW,2609,陽明,77,neutral,-0.009009009009009,-0.9009009009009028,bullish_cluster_0_rep_1,bullish,0,2020-11-06,1590.TW,0.5207003528617786,0.6575917458808489,False,0.6042952017134752,29
2020-02-18,1590.TW,1590,亞德客-KY,64,neutral,-0.0386028668943219,-3.860286689432191,bullish_cluster_0_rep_1,bullish,0,2020-11-06,1590.TW,0.5249214261032276,0.6557714928010372,False,0.6042952017134752,30
2024-06-19,3661.TW,3661,世芯-KY,56,bearish,-0.068100358422939,-6.810035842293905,bullish_cluster_0_rep_1,bullish,0,2020-11-06,1590.TW,0.5252061439829516,0.6556490766478172,False,0.6042952017134752,31
2024-02-01,6789.TW,6789,采鈺,96,neutral,0.0410958904109588,4.109589041095885,bullish_cluster_0_rep_1,bullish,0,2020-11-06,1590.TW,0.5254882194214514,0.6555278416894329,False,0.6042952017134752,32
2020-08-28,1519.TW,1519,華城,66,bullish,0.0503875719817772,5.038757198177724,bullish_cluster_0_rep_1,bullish,0,2020-11-06,1590.TW,0.5280530612928369,0.6544275361445445,True,0.6042952017134752,33
2020-05-27,2313.TW,2313,華通,60,bullish,0.0549450539213736,5.494505392137361,bullish_cluster_0_rep_1,bullish,0,2020-11-06,1590.TW,0.5282948202405855,0.6543240131132415,True,0.6042952017134752,34
2019-09-27,6415.TW,6415,矽力*-KY,92,neutral,0.0403120936280885,4.031209362808852,bullish_cluster_0_rep_1,bullish,0,2020-11-06,1590.TW,0.529996659793478,0.653596198134826,False,0.6042952017134752,35
2025-10-02,6531.TW,6531,愛普*,95,bullish,0.1484149855907781,14.841498559077817,bullish_cluster_0_rep_1,bullish,0,2020-11-06,1590.TW,0.5334084826309337,0.6521419512981028,True,0.6042952017134752,36
2022-10-26,2492.TW,2492,華新科,100,neutral,0.0259740259740259,2.5974025974025983,bullish_cluster_0_rep_1,bullish,0,2020-11-06,1590.TW,0.5336525955959951,0.6520381492337829,False,0.6042952017134752,37
2024-01-24,6805.TW,6805,富世達,93,neutral,0.0121951219512195,1.2195121951219523,bullish_cluster_0_rep_1,bullish,0,2020-11-06,1590.TW,0.5360603570488884,0.6510160850197456,False,0.6042952017134752,38
2018-12-18,1590.TW,1590,亞德客-KY,64,bearish,-0.144079860117068,-14.407986011706807,bullish_cluster_0_rep_1,bullish,0,2020-11-06,1590.TW,0.536811590979046,0.6506978512329784,False,0.6042952017134752,39
2021-11-10,2492.TW,2492,華新科,100,neutral,0.0062893081761006,0.6289308176100628,bullish_cluster_0_rep_1,bullish,0,2020-11-06,1590.TW,0.5368942773310383,0.6506628430789619,False,0.6042952017134752,40
2021-12-07,6805.TW,6805,富世達,93,neutral,0.0232974910394265,2.3297491039426577,bullish_cluster_0_rep_1,bullish,0,2020-11-06,1590.TW,0.5369125294476239,0.6506551159156769,False,0.6042952017134752,41
2022-04-20,2313.TW,2313,華通,60,bearish,-0.059134093501415,-5.913409350141508,bullish_cluster_0_rep_1,bullish,0,2020-11-06,1590.TW,0.5370276820324232,0.650606369481708,False,0.6042952017134752,42
2024-06-03,6213.TW,6213,聯茂,81,neutral,0.0133333333333334,1.333333333333342,bullish_cluster_0_rep_1,bullish,0,2020-11-06,1590.TW,0.5377095333411877,0.6503178775429492,False,0.6042952017134752,43
2020-07-10,6239.TW,6239,力成,76,neutral,-0.013392857142857,-1.3392857142857095,bullish_cluster_0_rep_1,bullish,0,2020-11-06,1590.TW,0.539211072113181,0.6496834762415665,False,0.6042952017134752,44
2024-08-20,7750.TW,7750,新代,91,neutral,-0.0099009900990099,-0.990099009900991,bullish_cluster_0_rep_1,bullish,0,2020-11-06,1590.TW,0.5396708501379464,0.6494894671224082,False,0.6042952017134752,45
2018-02-08,1326.TW,1326,台化,51,neutral,0.0092165898617511,0.9216589861751112,bullish_cluster_0_rep_1,bullish,0,2020-11-06,1590.TW,0.5396822812279789,0.6494846451064219,False,0.6042952017134752,46
2024-03-29,2313.TW,2313,華通,60,neutral,-0.0062421973723449,-0.6242197372344993,bullish_cluster_0_rep_1,bullish,0,2020-11-06,1590.TW,0.5420772253740003,0.6484759540868453,False,0.6042952017134752,47
2023-12-22,3533.TW,3533,嘉澤,82,neutral,0.0095238095238094,0.952380952380949,bullish_cluster_0_rep_1,bullish,0,2020-11-06,1590.TW,0.5426995799243265,0.6482143464698763,False,0.6042952017134752,48
2022-02-09,6531.TW,6531,愛普*,95,bearish,-0.0792682926829267,-7.926829268292678,bullish_cluster_0_rep_1,bullish,0,2020-11-06,1590.TW,0.5432129878167913,0.6479986935664119,False,0.6042952017134752,49
2023-11-09,2376.TW,2376,技嘉,70,neutral,-0.0064935064935064,-0.649350649350644,bullish_cluster_0_rep_1,bullish,0,2020-11-06,1590.TW,0.5436460347379508,0.6478169071770135,False,0.6042952017134752,50
2019-01-25,3533.TW,3533,嘉澤,82,neutral,0.0142856912498161,1.4285691249816157,bullish_cluster_0_rep_1,bullish,0,2020-11-06,1590.TW,0.5457540641953866,0.6469334437885055,False,0.6042952017134752,51
2025-10-01,6531.TW,6531,愛普*,95,bullish,0.1688693098384728,16.886930983847282,bullish_cluster_0_rep_1,bullish,0,2020-11-06,1590.TW,0.5458773589068204,0.6468818462463012,True,0.6042952017134752,52
2025-12-10,2449.TW,2449,京元電子,57,neutral,-0.032751140586115,-3.2751140586115057,bullish_cluster_0_rep_1,bullish,0,2020-11-06,1590.TW,0.5469584807796053,0.646429760348862,False,0.6042952017134752,53
2021-11-03,6789.TW,6789,采鈺,96,bullish,0.0829326923076922,8.29326923076923,bullish_cluster_0_rep_1,bullish,0,2020-11-06,1590.TW,0.5473205062873377,0.6462785156253205,True,0.6042952017134752,54
2025-04-15,1402.TW,1402,遠東新,94,neutral,-0.0273556682108653,-2.7355668210865325,bullish_cluster_0_rep_1,bullish,0,2020-11-06,1590.TW,0.5484365264796088,0.6458127168270263,False,0.6042952017134752,55
2024-04-29,6515.TW,6515,穎崴,73,neutral,0.0023866348448686,0.2386634844868673,bullish_cluster_0_rep_1,bullish,0,2020-11-06,1590.TW,0.5504461578282879,0.6449756381096791,False,0.6042952017134752,56
2025-08-26,2449.TW,2449,京元電子,57,bullish,0.1182795167892778,11.827951678927784,bullish_cluster_0_rep_1,bullish,0,2020-11-06,1590.TW,0.5508429036373453,0.6448106366251547,True,0.6042952017134752,57
2018-08-27,2379.TW,2379,瑞昱,53,neutral,0.028169014084507,2.8169014084507005,bullish_cluster_0_rep_1,bullish,0,2020-11-06,1590.TW,0.5513353211192408,0.644605963898592,False,0.6042952017134752,58
2023-03-17,1504.TW,1504,東元,89,bullish,0.0767045654664351,7.670456546643511,bullish_cluster_0_rep_1,bullish,0,2020-11-06,1590.TW,0.5516133644809423,0.6444904528999901,True,0.6042952017134752,59
2020-12-02,3533.TW,3533,嘉澤,82,neutral,0.0044101364441964,0.4410136444196411,bullish_cluster_0_rep_1,bullish,0,2020-11-06,1590.TW,0.552056403081196,0.6443064813976899,False,0.6042952017134752,60
2024-08-21,7750.TW,7750,新代,91,neutral,-0.0134146341463414,-1.3414634146341475,bullish_cluster_0_rep_1,bullish,0,2020-11-06,1590.TW,0.5526555639586814,0.6440578472216852,False,0.6042952017134752,61
2021-11-23,2609.TW,2609,陽明,77,neutral,-0.0225225225225225,-2.2522522522522515,bullish_cluster_0_rep_1,bullish,0,2020-11-06,1590.TW,0.5534496243620084,0.6437286309884,False,0.6042952017134752,62
2018-03-02,3533.TW,3533,嘉澤,82,neutral,-0.0099255163446257,-0.9925516344625795,bullish_cluster_0_rep_1,bullish,0,2020-11-06,1590.TW,0.5539985175097706,0.6435012573901716,False,0.6042952017134752,63
2019-05-14,3661.TW,3661,世芯-KY,56,neutral,-0.0186799494768782,-1.8679949476878237,bullish_cluster_0_rep_1,bullish,0,2020-11-06,1590.TW,0.5544085977154172,0.643331490490817,False,0.6042952017134752,64
2023-09-14,2313.TW,2313,華通,60,bullish,0.1200787870163622,12.00787870163622,bullish_cluster_0_rep_1,bullish,0,2020-11-06,1590.TW,0.5546666465274307,0.643224708160841,True,0.6042952017134752,65
2018-05-28,3532.TW,3532,台勝科,98,bullish,0.0705128205128204,7.051282051282048,bullish_cluster_0_rep_1,bullish,0,2020-11-06,1590.TW,0.5579087244014157,0.6418861287167019,True,0.6042952017134752,66
2024-06-21,6415.TW,6415,矽力*-KY,92,bearish,-0.0609284332688587,-6.092843326885877,bullish_cluster_0_rep_1,bullish,0,2020-11-06,1590.TW,0.5579648761413567,0.6418629940340634,False,0.6042952017134752,67
2025-03-05,3036.TW,3036,文曄,68,bearish,-0.0588235294117647,-5.882352941176472,bullish_cluster_0_rep_1,bullish,0,2020-11-06,1590.TW,0.5586056573062836,0.6415991083519393,False,0.6042952017134752,68
2022-06-09,6531.TW,6531,愛普*,95,bearish,-0.1009933774834437,-10.099337748344372,bullish_cluster_0_rep_1,bullish,0,2020-11-06,1590.TW,0.5600258478170711,0.6410150199750152,False,0.6042952017134752,69
2025-06-16,1802.TW,1802,台玻,86,neutral,-0.0334347184741954,-3.3434718474195435,bullish_cluster_0_rep_1,bullish,0,2020-11-06,1590.TW,0.5603895297725161,0.640865617795953,False,0.6042952017134752,70
2024-10-22,3533.TW,3533,嘉澤,82,bullish,0.0507462686567163,5.074626865671639,bullish_cluster_0_rep_1,bullish,0,2020-11-06,1590.TW,0.5615675913238362,0.6403821426341455,True,0.6042952017134752,71
2023-12-21,6139.TW,6139,亞翔,85,neutral,0.0228758137119322,2.287581371193226,bullish_cluster_0_rep_1,bullish,0,2020-11-06,1590.TW,0.5627633107319232,0.6398921660962517,False,0.6042952017134752,72
2023-09-04,3661.TW,3661,世芯-KY,56,neutral,0.0201612903225807,2.016129032258074,bullish_cluster_0_rep_1,bullish,0,2020-11-06,1590.TW,0.5628998088589287,0.6398362801836279,False,0.6042952017134752,73
2022-12-07,2618.TW,2618,長榮航,72,neutral,0.0017856870378767,0.1785687037876737,bullish_cluster_0_rep_1,bullish,0,2020-11-06,1590.TW,0.5638520804050723,0.6394466666828093,False,0.6042952017134752,74
2024-04-24,1504.TW,1504,東元,89,neutral,-0.0438448314936263,-4.384483149362639,bullish_cluster_0_rep_1,bullish,0,2020-11-06,1590.TW,0.5643330516261285,0.6392500618461633,False,0.6042952017134752,75
2024-04-30,6515.TW,6515,穎崴,73,bullish,0.054958183990442,5.4958183990442055,bullish_cluster_0_rep_1,bullish,0,2020-11-06,1590.TW,0.5645922674748081,0.6391441532649025,True,0.6042952017134752,76
2020-04-22,2618.TW,2618,長榮航,72,neutral,0.0149999618530272,1.499996185302721,bullish_cluster_0_rep_1,bullish,0,2020-11-06,1590.TW,0.5652588095036284,0.6388719832965629,False,0.6042952017134752,77
2025-10-21,6415.TW,6415,矽力*-KY,92,neutral,-0.0416666666666666,-4.166666666666663,bullish_cluster_0_rep_1,bullish,0,2020-11-06,1590.TW,0.5653195585156345,0.6388471890993828,False,0.6042952017134752,78
2020-09-11,3481.TW,3481,群創,52,neutral,-0.0147059322858777,-1.47059322858778,bullish_cluster_0_rep_1,bullish,0,2020-11-06,1590.TW,0.5662686867825307,0.6384600601664492,False,0.6042952017134752,79
2025-10-03,2449.TW,2449,京元電子,57,neutral,0.0414201508791804,4.1420150879180495,bullish_cluster_0_rep_1,bullish,0,2020-11-06,1590.TW,0.5666311485386643,0.6383123436124634,False,0.6042952017134752,80
2021-05-20,6239.TW,6239,力成,76,neutral,0.0098039215686274,0.9803921568627416,bullish_cluster_0_rep_1,bullish,0,2020-11-06,1590.TW,0.5676357951422109,0.6379032700699994,False,0.6042952017134752,81
2020-05-29,2313.TW,2313,華通,60,neutral,0.0488095056442987,4.880950564429876,bullish_cluster_0_rep_1,bullish,0,2020-11-06,1590.TW,0.568270266977129,0.637645194872896,False,0.6042952017134752,82
2018-03-01,3533.TW,3533,嘉澤,82,neutral,-0.0049999788954568,-0.4999978895456891,bullish_cluster_0_rep_1,bullish,0,2020-11-06,1590.TW,0.5685600232189931,0.6375274042416328,False,0.6042952017134752,83
2023-10-24,1590.TW,1590,亞德客-KY,64,bullish,0.0628019323671498,6.2801932367149815,bullish_cluster_0_rep_1,bullish,0,2020-11-06,1590.TW,0.5691026042161513,0.6373069532311127,True,0.6042952017134752,84
2019-10-22,6213.TW,6213,聯茂,81,neutral,-0.0188679282830865,-1.8867928283086588,bullish_cluster_0_rep_1,bullish,0,2020-11-06,1590.TW,0.569818653723232,0.6370162551121689,False,0.6042952017134752,85
2021-11-16,3034.TW,3034,聯詠,58,neutral,0.0276595744680852,2.76595744680852,bullish_cluster_0_rep_1,bullish,0,2020-11-06,1590.TW,0.5701367944546659,0.6368871830351038,False,0.6042952017134752,86
2019-10-23,6213.TW,6213,聯茂,81,neutral,0.003184714017639,0.318471401763909,bullish_cluster_0_rep_1,bullish,0,2020-11-06,1590.TW,0.5707454845779348,0.6366403786089532,False,0.6042952017134752,87
2024-06-11,6213.TW,6213,聯茂,81,neutral,0.0224215246636771,2.2421524663677195,bullish_cluster_0_rep_1,bullish,0,2020-11-06,1590.TW,0.5711602503290917,0.6364723138779398,False,0.6042952017134752,88
2019-10-15,6213.TW,6213,聯茂,81,neutral,0.0031948888248645,0.3194888824864517,bullish_cluster_0_rep_1,bullish,0,2020-11-06,1590.TW,0.5711778996816892,0.6364651642583528,False,0.6042952017134752,89
2018-10-31,2313.TW,2313,華通,60,neutral,0.0050505245112613,0.5050524511261312,bullish_cluster_0_rep_1,bullish,0,2020-11-06,1590.TW,0.5712470948542823,0.6364371353652305,False,0.6042952017134752,90
2023-09-12,2492.TW,2492,華新科,100,neutral,0.0188679245283018,1.8867924528301885,bullish_cluster_0_rep_1,bullish,0,2020-11-06,1590.TW,0.5715108498428189,0.6363303187502772,False,0.6042952017134752,91
2022-06-10,6415.TW,6415,矽力*-KY,92,bearish,-0.1091234347048301,-10.91234347048301,bullish_cluster_0_rep_1,bullish,0,2020-11-06,1590.TW,0.5733571826524537,0.6355835858670972,False,0.6042952017134752,92
2022-03-24,6531.TW,6531,愛普*,95,neutral,-0.0462686567164178,-4.626865671641789,bullish_cluster_0_rep_1,bullish,0,2020-11-06,1590.TW,0.5736284843595572,0.6354740079625495,False,0.6042952017134752,93
2024-04-26,2404.TW,2404,漢唐,79,neutral,-0.042892156862745,-4.289215686274506,bullish_cluster_0_rep_1,bullish,0,2020-11-06,1590.TW,0.5737127093272546,0.6354399974487651,False,0.6042952017134752,94
2025-08-29,6789.TW,6789,采鈺,96,neutral,0.0227272727272727,2.2727272727272707,bullish_cluster_0_rep_1,bullish,0,2020-11-06,1590.TW,0.573993606712773,0.6353265958230051,False,0.6042952017134752,95
2024-05-06,3036.TW,3036,文曄,68,bearish,-0.1887417218543046,-18.87417218543046,bullish_cluster_0_rep_2,bullish,0,2021-06-22,6415.TW,0.3539675837817095,0.7385701193871587,False,0.2009759732211545,1
2024-11-25,3533.TW,3533,嘉澤,82,neutral,-0.0404624277456647,-4.046242774566478,bullish_cluster_0_rep_2,bullish,0,2021-06-22,6415.TW,0.3610208229738378,0.734742616071806,False,0.2009759732211545,2
2025-10-21,1326.TW,1326,台化,51,neutral,0.0389171423204848,3.891714232048482,bullish_cluster_0_rep_2,bullish,0,2021-06-22,6415.TW,0.37972283603776363,0.7247832491283268,False,0.2009759732211545,3
2025-10-20,1326.TW,1326,台化,51,neutral,0.0369127654238905,3.691276542389055,bullish_cluster_0_rep_2,bullish,0,2021-06-22,6415.TW,0.38915068245545026,0.7198643117911507,False,0.2009759732211545,4
2021-01-14,3532.TW,3532,台勝科,98,neutral,-0.0068728522336769,-0.6872852233676952,bullish_cluster_0_rep_2,bullish,0,2021-06-22,6415.TW,0.3947437086607562,0.716977602257986,False,0.2009759732211545,5
2020-07-28,2379.TW,2379,瑞昱,53,neutral,0.0345303867403314,3.4530386740331487,bullish_cluster_0_rep_2,bullish,0,2021-06-22,6415.TW,0.40134876341190734,0.7135982320099024,False,0.2009759732211545,6
2022-05-12,2615.TW,2615,萬海,59,neutral,-0.0370370326605293,-3.703703266052938,bullish_cluster_0_rep_2,bullish,0,2021-06-22,6415.TW,0.40940538376901886,0.7095190720258279,False,0.2009759732211545,7
2024-05-29,3661.TW,3661,世芯-KY,56,neutral,0.0017361111111111,0.173611111111116,bullish_cluster_0_rep_2,bullish,0,2021-06-22,6415.TW,0.4117739137864259,0.7083287134254846,False,0.2009759732211545,8
2020-04-29,3481.TW,3481,群創,52,neutral,-0.0248446411649543,-2.484464116495433,bullish_cluster_0_rep_2,bullish,0,2021-06-22,6415.TW,0.41303453801360984,0.7076967852503888,False,0.2009759732211545,9
2025-10-27,1326.TW,1326,台化,51,neutral,-0.0162866445463933,-1.6286644546393392,bullish_cluster_0_rep_2,bullish,0,2021-06-22,6415.TW,0.4131126888961031,0.7076576467381246,False,0.2009759732211545,10
2023-09-11,6139.TW,6139,亞翔,85,neutral,-0.0120746637974686,-1.2074663797468688,bullish_cluster_0_rep_2,bullish,0,2021-06-22,6415.TW,0.41338552773958376,0.7075210410561455,False,0.2009759732211545,11
2021-12-24,6531.TW,6531,愛普*,95,neutral,0.0100806451612902,1.0080645161290258,bullish_cluster_0_rep_2,bullish,0,2021-06-22,6415.TW,0.41655260151678086,0.705939192748116,False,0.2009759732211545,12
2023-07-26,6531.TW,6531,愛普*,95,bullish,0.2149681528662419,21.496815286624194,bullish_cluster_0_rep_2,bullish,0,2021-06-22,6415.TW,0.42345666540286914,0.7025152393501057,True,0.2009759732211545,13
2023-12-07,3036.TW,3036,文曄,68,neutral,0.017094017094017,1.709401709401703,bullish_cluster_0_rep_2,bullish,0,2021-06-22,6415.TW,0.42683357826546836,0.7008525838140499,False,0.2009759732211545,14
2023-10-03,6531.TW,6531,愛普*,95,neutral,-0.0219354838709677,-2.1935483870967776,bullish_cluster_0_rep_2,bullish,0,2021-06-22,6415.TW,0.43029169481155916,0.6991580833668687,False,0.2009759732211545,15
2019-10-07,2379.TW,2379,瑞昱,53,neutral,-0.04,-4.000000000000004,bullish_cluster_0_rep_2,bullish,0,2021-06-22,6415.TW,0.43873143157985595,0.6950567548954639,False,0.2009759732211545,16
2021-03-30,3661.TW,3661,世芯-KY,56,neutral,0.0279329608938547,2.793296089385477,bullish_cluster_0_rep_2,bullish,0,2021-06-22,6415.TW,0.43909750455897817,0.6948799486011598,False,0.2009759732211545,17
2021-06-10,2376.TW,2376,技嘉,70,neutral,-0.0175438596491228,-1.7543859649122862,bullish_cluster_0_rep_2,bullish,0,2021-06-22,6415.TW,0.4392072643557768,0.6948269542313794,False,0.2009759732211545,18
2020-08-06,6415.TW,6415,矽力*-KY,92,neutral,-0.0384615384615384,-3.846153846153844,bullish_cluster_0_rep_2,bullish,0,2021-06-22,6415.TW,0.4396994236800505,0.6945894285654959,False,0.2009759732211545,19
2022-11-28,2615.TW,2615,萬海,59,neutral,0.032921830941621,3.2921830941621044,bullish_cluster_0_rep_2,bullish,0,2021-06-22,6415.TW,0.4425609890516256,0.6932115921541897,False,0.2009759732211545,20
2024-03-06,6415.TW,6415,矽力*-KY,92,neutral,-0.0230582524271845,-2.305825242718451,bullish_cluster_0_rep_2,bullish,0,2021-06-22,6415.TW,0.444294827020272,0.6923794098626679,False,0.2009759732211545,21
2020-11-02,6531.TW,6531,愛普*,95,bullish,0.0552763819095476,5.5276381909547645,bullish_cluster_0_rep_2,bullish,0,2021-06-22,6415.TW,0.44871076924128783,0.6902689075223176,True,0.2009759732211545,22
2024-03-28,2313.TW,2313,華通,60,neutral,0.0255754485684152,2.5575448568415204,bullish_cluster_0_rep_2,bullish,0,2021-06-22,6415.TW,0.4491253981362333,0.6900714053360268,False,0.2009759732211545,23
2025-10-02,3481.TW,3481,群創,52,neutral,0.0445205206539069,4.452052065390699,bullish_cluster_0_rep_2,bullish,0,2021-06-22,6415.TW,0.4515041327200056,0.6889405117476848,False,0.2009759732211545,24
2020-12-24,3533.TW,3533,嘉澤,82,neutral,0.0,0.0,bullish_cluster_0_rep_2,bullish,0,2021-06-22,6415.TW,0.45169360675984105,0.6888505917112808,False,0.2009759732211545,25
2024-02-27,6415.TW,6415,矽力*-KY,92,neutral,0.0230862697448359,2.3086269744835963,bullish_cluster_0_rep_2,bullish,0,2021-06-22,6415.TW,0.45832584821117195,0.6857178052673423,False,0.2009759732211545,26
2024-06-03,3661.TW,3661,世芯-KY,56,neutral,0.0034662045060658,0.3466204506065828,bullish_cluster_0_rep_2,bullish,0,2021-06-22,6415.TW,0.45889538812109887,0.6854501070758013,False,0.2009759732211545,27
2022-05-04,2618.TW,2618,長榮航,72,neutral,-0.0196078640890711,-1.9607864089071116,bullish_cluster_0_rep_2,bullish,0,2021-06-22,6415.TW,0.4602320547056823,0.6848226600542305,False,0.2009759732211545,28
2020-12-16,3533.TW,3533,嘉澤,82,neutral,0.0370369774207957,3.70369774207957,bullish_cluster_0_rep_2,bullish,0,2021-06-22,6415.TW,0.4608649861193429,0.6845259551715388,False,0.2009759732211545,29
2024-10-28,6415.TW,6415,矽力*-KY,92,neutral,-0.0492424242424242,-4.92424242424242,bullish_cluster_0_rep_2,bullish,0,2021-06-22,6415.TW,0.461050089098345,0.6844392313867406,False,0.2009759732211545,30
2021-09-23,2609.TW,2609,陽明,77,neutral,-0.0205761316872428,-2.0576131687242816,bullish_cluster_0_rep_2,bullish,0,2021-06-22,6415.TW,0.46198369556512725,0.6840021561344785,False,0.2009759732211545,31
2021-09-06,3532.TW,3532,台勝科,98,neutral,-0.0402144772117962,-4.021447721179627,bullish_cluster_0_rep_2,bullish,0,2021-06-22,6415.TW,0.46295436387570904,0.6835483215968307,False,0.2009759732211545,32
2019-12-17,2337.TW,2337,旺宏,67,neutral,0.0026917488563609,0.269174885636092,bullish_cluster_0_rep_2,bullish,0,2021-06-22,6415.TW,0.4631398738268988,0.6834616552308573,False,0.2009759732211545,33
2020-12-25,1519.TW,1519,華城,66,neutral,-0.0100402284078809,-1.0040228407880991,bullish_cluster_0_rep_2,bullish,0,2021-06-22,6415.TW,0.4637513522683904,0.683176140845431,False,0.2009759732211545,34
2023-08-08,1590.TW,1590,亞德客-KY,64,neutral,-0.0010548523206751,-0.1054852320675148,bullish_cluster_0_rep_2,bullish,0,2021-06-22,6415.TW,0.4641313032574585,0.6829988524766594,False,0.2009759732211545,35
2018-08-29,1605.TW,1605,華新,88,neutral,-0.0069124454869513,-0.6912445486951357,bullish_cluster_0_rep_2,bullish,0,2021-06-22,6415.TW,0.4660827636079904,0.6820897324643712,False,0.2009759732211545,36
2025-05-28,6139.TW,6139,亞翔,85,bullish,0.0610997963340123,6.10997963340123,bullish_cluster_0_rep_2,bullish,0,2021-06-22,6415.TW,0.4682561758618034,0.6810800570363975,True,0.2009759732211545,37
2019-06-03,2492.TW,2492,華新科,100,bearish,-0.0668789808917197,-6.6878980891719735,bullish_cluster_0_rep_2,bullish,0,2021-06-22,6415.TW,0.4716325105297289,0.6795174697792182,False,0.2009759732211545,38
2025-12-04,6213.TW,6213,聯茂,81,bullish,0.0704225352112675,7.042253521126751,bullish_cluster_0_rep_2,bullish,0,2021-06-22,6415.TW,0.47169938968071784,0.6794865901364191,True,0.2009759732211545,39
2021-06-23,2002.TW,2002,中鋼,62,bullish,0.0579095804716818,5.790958047168182,bullish_cluster_0_rep_2,bullish,0,2021-06-22,6415.TW,0.47244062902470146,0.6791445307118215,True,0.2009759732211545,40
2025-09-12,6531.TW,6531,愛普*,95,neutral,0.0251177394034536,2.511773940345363,bullish_cluster_0_rep_2,bullish,0,2021-06-22,6415.TW,0.47268252561002905,0.6790329773117734,False,0.2009759732211545,41
2020-04-23,2313.TW,2313,華通,60,neutral,0.0311174635445499,3.111746354454992,bullish_cluster_0_rep_2,bullish,0,2021-06-22,6415.TW,0.47324025980983053,0.6787759113568362,False,0.2009759732211545,42
2021-01-25,3533.TW,3533,嘉澤,82,neutral,-0.0147329416220114,-1.4732941622011442,bullish_cluster_0_rep_2,bullish,0,2021-06-22,6415.TW,0.47379628848080374,0.6785198251725852,False,0.2009759732211545,43
2019-06-05,2404.TW,2404,漢唐,79,neutral,0.03886925795053,3.886925795053009,bullish_cluster_0_rep_2,bullish,0,2021-06-22,6415.TW,0.4758256670347004,0.6775868060414263,False,0.2009759732211545,44
2021-05-20,2347.TW,2347,聯強,99,neutral,0.0279232514855516,2.792325148555164,bullish_cluster_0_rep_2,bullish,0,2021-06-22,6415.TW,0.47674418513265654,0.6771653547497596,False,0.2009759732211545,45
2024-07-09,3532.TW,3532,台勝科,98,neutral,0.0,0.0,bullish_cluster_0_rep_2,bullish,0,2021-06-22,6415.TW,0.47747154798870867,0.6768319845896906,False,0.2009759732211545,46
2024-03-21,3044.TW,3044,健鼎,65,neutral,-0.0352112676056337,-3.521126760563376,bullish_cluster_0_rep_2,bullish,0,2021-06-22,6415.TW,0.47840005499159616,0.6764069012468242,False,0.2009759732211545,47
2020-08-06,3533.TW,3533,嘉澤,82,bearish,-0.0893246761608511,-8.932467616085116,bullish_cluster_0_rep_2,bullish,0,2021-06-22,6415.TW,0.4785481818539351,0.6763391361018153,False,0.2009759732211545,48
2025-07-29,2404.TW,2404,漢唐,79,bullish,0.0510855683269475,5.108556832694755,bullish_cluster_0_rep_2,bullish,0,2021-06-22,6415.TW,0.47997427381257907,0.6756874208521803,True,0.2009759732211545,49
2022-02-16,6531.TW,6531,愛普*,95,neutral,-0.0112079701120797,-1.1207970112079746,bullish_cluster_0_rep_2,bullish,0,2021-06-22,6415.TW,0.48031449391671843,0.675532127875159,False,0.2009759732211545,50
2025-12-10,3036.TW,3036,文曄,68,neutral,-0.0166112956810631,-1.661129568106312,bullish_cluster_0_rep_2,bullish,0,2021-06-22,6415.TW,0.48106004324946083,0.6751920724334646,False,0.2009759732211545,51
2025-02-06,6139.TW,6139,亞翔,85,neutral,0.0102459016393443,1.0245901639344357,bullish_cluster_0_rep_2,bullish,0,2021-06-22,6415.TW,0.4811863239113679,0.675134507966088,False,0.2009759732211545,52
2018-08-28,1605.TW,1605,華新,88,neutral,0.0023094698571475,0.2309469857147528,bullish_cluster_0_rep_2,bullish,0,2021-06-22,6415.TW,0.4812021898064505,0.6751272762637966,False,0.2009759732211545,53
2025-05-29,6805.TW,6805,富世達,93,bullish,0.0891938250428816,8.919382504288166,bullish_cluster_0_rep_2,bullish,0,2021-06-22,6415.TW,0.4814106706449209,0.6750322647295753,True,0.2009759732211545,54
2023-08-07,1590.TW,1590,亞德客-KY,64,neutral,-0.0021030494216613,-0.2103049421661396,bullish_cluster_0_rep_2,bullish,0,2021-06-22,6415.TW,0.48337234698135934,0.6741395725995466,False,0.2009759732211545,55
2024-01-22,6789.TW,6789,采鈺,96,neutral,0.0162748643761301,1.6274864376130127,bullish_cluster_0_rep_2,bullish,0,2021-06-22,6415.TW,0.4838277092439958,0.6739326902781024,False,0.2009759732211545,56
2025-03-21,3661.TW,3661,世芯-KY,56,neutral,0.0212014134275617,2.1201413427561766,bullish_cluster_0_rep_2,bullish,0,2021-06-22,6415.TW,0.4839919228008624,0.6738581151524168,False,0.2009759732211545,57
2021-10-27,1802.TW,1802,台玻,86,neutral,0.0054151485342541,0.5415148534254177,bullish_cluster_0_rep_2,bullish,0,2021-06-22,6415.TW,0.48400601620968636,0.6738517156110386,False,0.2009759732211545,58
2025-09-04,2313.TW,2313,華通,60,neutral,0.0264550269889836,2.645502698898361,bullish_cluster_0_rep_2,bullish,0,2021-06-22,6415.TW,0.48404754595287125,0.6738328584734959,False,0.2009759732211545,59
2021-11-03,1590.TW,1590,亞德客-KY,64,neutral,-0.0488095238095238,-4.880952380952386,bullish_cluster_0_rep_2,bullish,0,2021-06-22,6415.TW,0.48433688174419365,0.6737015109568214,False,0.2009759732211545,60
2024-12-25,6770.TW,6770,力積電,55,neutral,-0.0361446004627503,-3.614460046275037,bullish_cluster_0_rep_2,bullish,0,2021-06-22,6415.TW,0.48529830158742876,0.673265430204316,False,0.2009759732211545,61
2023-09-20,3044.TW,3044,健鼎,65,neutral,-0.0488997555012225,-4.88997555012225,bullish_cluster_0_rep_2,bullish,0,2021-06-22,6415.TW,0.48560832309149576,0.6731249310175088,False,0.2009759732211545,62
2020-07-30,3034.TW,3034,聯詠,58,bullish,0.0644007155635062,6.440071556350624,bullish_cluster_0_rep_2,bullish,0,2021-06-22,6415.TW,0.48598630064704285,0.6729537140178009,True,0.2009759732211545,63
2020-07-30,6139.TW,6139,亞翔,85,neutral,-0.0212121875191315,-2.1212187519131565,bullish_cluster_0_rep_2,bullish,0,2021-06-22,6415.TW,0.48632170074145964,0.6728018567589671,False,0.2009759732211545,64
2025-11-17,2615.TW,2615,萬海,59,neutral,0.0049140235673303,0.4914023567330394,bullish_cluster_0_rep_2,bullish,0,2021-06-22,6415.TW,0.48873773824334193,0.671709982431133,False,0.2009759732211545,65
2021-12-22,6531.TW,6531,愛普*,95,neutral,0.0266940451745378,2.6694045174537884,bullish_cluster_0_rep_2,bullish,0,2021-06-22,6415.TW,0.48991707428839143,0.6711782939178788,False,0.2009759732211545,66
2023-02-24,3034.TW,3034,聯詠,58,neutral,0.007361963190184,0.7361963190184007,bullish_cluster_0_rep_2,bullish,0,2021-06-22,6415.TW,0.4907018152342408,0.6708249696756862,False,0.2009759732211545,67
2019-03-29,1590.TW,1590,亞德客-KY,64,bullish,0.0877193348993521,8.771933489935213,bullish_cluster_0_rep_2,bullish,0,2021-06-22,6415.TW,0.49073274678687406,0.6708110505759,True,0.2009759732211545,68
2024-09-24,6789.TW,6789,采鈺,96,neutral,0.0333333333333334,3.333333333333344,bullish_cluster_0_rep_2,bullish,0,2021-06-22,6415.TW,0.4910559944372512,0.6706656247188196,False,0.2009759732211545,69
2023-05-09,6531.TW,6531,愛普*,95,neutral,0.0306306306306305,3.063063063063054,bullish_cluster_0_rep_2,bullish,0,2021-06-22,6415.TW,0.49152885474030467,0.670453003186528,False,0.2009759732211545,70
2024-02-20,6415.TW,6415,矽力*-KY,92,neutral,0.017348203221809,1.7348203221809078,bullish_cluster_0_rep_2,bullish,0,2021-06-22,6415.TW,0.49167538291915824,0.6703871441808162,False,0.2009759732211545,71
2018-07-03,3533.TW,3533,嘉澤,82,bullish,0.0700000171962942,7.000001719629423,bullish_cluster_0_rep_2,bullish,0,2021-06-22,6415.TW,0.49318628468591863,0.6697088034198916,True,0.2009759732211545,72
2025-02-04,1590.TW,1590,亞德客-KY,64,bullish,0.0835266821345708,8.352668213457083,bullish_cluster_0_rep_2,bullish,0,2021-06-22,6415.TW,0.4934897796809748,0.6695727105769753,True,0.2009759732211545,73
2024-07-04,6515.TW,6515,穎崴,73,neutral,0.0388349514563106,3.883495145631066,bullish_cluster_0_rep_2,bullish,0,2021-06-22,6415.TW,0.493761063792028,0.669451108506887,False,0.2009759732211545,74
2021-07-06,3661.TW,3661,世芯-KY,56,neutral,0.0015898251192367,0.1589825119236776,bullish_cluster_0_rep_2,bullish,0,2021-06-22,6415.TW,0.4938653517761424,0.6694043735675659,False,0.2009759732211545,75
2025-01-08,6415.TW,6415,矽力*-KY,92,bearish,-0.0917992656058751,-9.179926560587514,bullish_cluster_0_rep_2,bullish,0,2021-06-22,6415.TW,0.49409633503588746,0.6693008854586211,False,0.2009759732211545,76
2025-03-10,1519.TW,1519,華城,66,bearish,-0.0924092690786182,-9.240926907861825,bullish_cluster_0_rep_2,bullish,0,2021-06-22,6415.TW,0.4946171730862754,0.6690676502365305,False,0.2009759732211545,77
2018-05-18,3661.TW,3661,世芯-KY,56,neutral,0.0494296577946768,4.94296577946769,bullish_cluster_0_rep_2,bullish,0,2021-06-22,6415.TW,0.49646517433743287,0.6682414112595402,False,0.2009759732211545,78
2022-10-12,2609.TW,2609,陽明,77,neutral,-0.0259740018466602,-2.597400184666021,bullish_cluster_0_rep_2,bullish,0,2021-06-22,6415.TW,0.49649268853681083,0.6682291251136988,False,0.2009759732211545,79
2025-07-11,1519.TW,1519,華城,66,neutral,0.0483592554898648,4.835925548986486,bullish_cluster_0_rep_2,bullish,0,2021-06-22,6415.TW,0.49774891978284,0.6676686504604463,False,0.2009759732211545,80
2023-08-04,3481.TW,3481,群創,52,neutral,-0.0178571784496313,-1.7857178449631306,bullish_cluster_0_rep_2,bullish,0,2021-06-22,6415.TW,0.4995384092576474,0.6668718812578159,False,0.2009759732211545,81
2019-05-20,2313.TW,2313,華通,60,neutral,0.008510670763381,0.8510670763381079,bullish_cluster_0_rep_2,bullish,0,2021-06-22,6415.TW,0.49986395649175897,0.6667271359324077,False,0.2009759732211545,82
2025-11-07,6531.TW,6531,愛普*,95,neutral,0.0246913580246914,2.4691358024691468,bullish_cluster_0_rep_2,bullish,0,2021-06-22,6415.TW,0.5003056804153017,0.6665308363847484,False,0.2009759732211545,83
2021-04-29,3034.TW,3034,聯詠,58,bearish,-0.1458333333333333,-14.583333333333336,bullish_cluster_0_rep_2,bullish,0,2021-06-22,6415.TW,0.5016428900688116,0.6659372921575089,False,0.2009759732211545,84
2021-11-30,2615.TW,2615,萬海,59,bullish,0.0511181413664372,5.111814136643722,bullish_cluster_0_rep_2,bullish,0,2021-06-22,6415.TW,0.5028036056138934,0.665422944331772,True,0.2009759732211545,85
2024-04-25,6919.TW,6919,康霈*,97,neutral,-0.0179027359478155,-1.7902735947815551,bullish_cluster_0_rep_2,bullish,0,2021-06-22,6415.TW,0.5031371151998926,0.665275303156237,False,0.2009759732211545,86
2019-04-01,6213.TW,6213,聯茂,81,neutral,0.0091533381676633,0.9153338167663394,bullish_cluster_0_rep_2,bullish,0,2021-06-22,6415.TW,0.5032374424898409,0.6652309021412351,False,0.2009759732211545,87
2022-04-11,2615.TW,2615,萬海,59,neutral,0.0198019240053113,1.980192400531133,bullish_cluster_0_rep_2,bullish,0,2021-06-22,6415.TW,0.5034497039562222,0.6651369828791547,False,0.2009759732211545,88
2021-03-08,1519.TW,1519,華城,66,neutral,-0.0065216513083811,-0.6521651308381116,bullish_cluster_0_rep_2,bullish,0,2021-06-22,6415.TW,0.5035074406675899,0.6651114407228862,False,0.2009759732211545,89
2021-07-08,6531.TW,6531,愛普*,95,bullish,0.173015873015873,17.301587301587308,bullish_cluster_0_rep_2,bullish,0,2021-06-22,6415.TW,0.5038055347142464,0.6649795980369365,True,0.2009759732211545,90
2021-11-19,3034.TW,3034,聯詠,58,neutral,-0.0051759834368529,-0.5175983436852993,bullish_cluster_0_rep_2,bullish,0,2021-06-22,6415.TW,0.5041642715072103,0.6648210032259142,False,0.2009759732211545,91
2019-08-08,2449.TW,2449,京元電子,57,neutral,-0.0189274362251795,-1.892743622517956,bullish_cluster_0_rep_2,bullish,0,2021-06-22,6415.TW,0.5049956059801328,0.6644537671913979,False,0.2009759732211545,92
2024-02-05,6139.TW,6139,亞翔,85,neutral,-0.029673590504451,-2.9673590504451064,bullish_cluster_0_rep_2,bullish,0,2021-06-22,6415.TW,0.5052552397436775,0.6643391589656815,False,0.2009759732211545,93
2024-09-24,6805.TW,6805,富世達,93,neutral,0.0368956743002544,3.689567430025442,bullish_cluster_0_rep_2,bullish,0,2021-06-22,6415.TW,0.5059050359185534,0.6640524974338985,False,0.2009759732211545,94
2023-06-16,6531.TW,6531,愛普*,95,bearish,-0.1221719457013574,-12.217194570135748,bullish_cluster_0_rep_2,bullish,0,2021-06-22,6415.TW,0.5059515412832724,0.6640319907955777,False,0.2009759732211545,95
2023-09-19,3044.TW,3044,健鼎,65,bearish,-0.0919811320754716,-9.198113207547165,bullish_cluster_0_rep_3,bullish,0,2021-11-02,2615.TW,0.4368191598417114,0.6959818103415089,False,0.7643777316739493,1
2021-03-17,3034.TW,3034,聯詠,58,neutral,0.0374015748031495,3.740157480314954,bullish_cluster_0_rep_3,bullish,0,2021-11-02,2615.TW,0.45113872503904257,0.6891139921671481,False,0.7643777316739493,2
2022-12-07,2618.TW,2618,長榮航,72,neutral,0.0017856870378767,0.1785687037876737,bullish_cluster_0_rep_3,bullish,0,2021-11-02,2615.TW,0.4531231875856989,0.6881729013363668,False,0.7643777316739493,3
2022-12-08,1605.TW,1605,華新,88,neutral,-0.0125261434176405,-1.2526143417640578,bullish_cluster_0_rep_3,bullish,0,2021-11-02,2615.TW,0.46668857629172844,0.6818079967107463,False,0.7643777316739493,4
2021-11-03,3533.TW,3533,嘉澤,82,neutral,0.0017301766902488,0.1730176690248885,bullish_cluster_0_rep_3,bullish,0,2021-11-02,2615.TW,0.4846064336635465,0.6735791906359393,False,0.7643777316739493,5
2021-09-07,3532.TW,3532,台勝科,98,neutral,-0.0186666666666667,-1.866666666666672,bullish_cluster_0_rep_3,bullish,0,2021-11-02,2615.TW,0.48494351194666874,0.6734262899260471,False,0.7643777316739493,6
2025-05-08,6515.TW,6515,穎崴,73,bullish,0.0911136107986501,9.11136107986501,bullish_cluster_0_rep_3,bullish,0,2021-11-02,2615.TW,0.4900389979768662,0.6711233741920664,True,0.7643777316739493,7
2021-03-25,6770.TW,6770,力積電,55,neutral,0.0067385413055085,0.673854130550855,bullish_cluster_0_rep_3,bullish,0,2021-11-02,2615.TW,0.49407230666708096,0.6693116494681316,False,0.7643777316739493,8
2024-08-30,7750.TW,7750,新代,91,bullish,0.1710843373493975,17.108433734939755,bullish_cluster_0_rep_3,bullish,0,2021-11-02,2615.TW,0.49484622103455284,0.6689651322849252,True,0.7643777316739493,9
2018-08-30,3533.TW,3533,嘉澤,82,neutral,-0.0337552636854171,-3.3755263685417147,bullish_cluster_0_rep_3,bullish,0,2021-11-02,2615.TW,0.49614838499614705,0.6683829024101612,False,0.7643777316739493,10
2020-08-12,2313.TW,2313,華通,60,bearish,-0.0546138944353262,-5.461389443532627,bullish_cluster_0_rep_3,bullish,0,2021-11-02,2615.TW,0.5045086055842538,0.6646688468835077,False,0.7643777316739493,11
2023-12-28,6789.TW,6789,采鈺,96,neutral,-0.039426523297491,-3.942652329749108,bullish_cluster_0_rep_3,bullish,0,2021-11-02,2615.TW,0.5059444332600046,0.6640351250113806,False,0.7643777316739493,12
2025-01-16,1590.TW,1590,亞德客-KY,64,neutral,0.0352941176470589,3.529411764705892,bullish_cluster_0_rep_3,bullish,0,2021-11-02,2615.TW,0.5130307896008264,0.6609250828688185,False,0.7643777316739493,13
2025-07-11,1519.TW,1519,華城,66,neutral,0.0483592554898648,4.835925548986486,bullish_cluster_0_rep_3,bullish,0,2021-11-02,2615.TW,0.5132467823554132,0.6608307459563671,False,0.7643777316739493,14
2024-06-03,3661.TW,3661,世芯-KY,56,neutral,0.0034662045060658,0.3466204506065828,bullish_cluster_0_rep_3,bullish,0,2021-11-02,2615.TW,0.5142135960952114,0.6604088106055558,False,0.7643777316739493,15
2024-08-26,7750.TW,7750,新代,91,neutral,0.0135970333745365,1.359703337453655,bullish_cluster_0_rep_3,bullish,0,2021-11-02,2615.TW,0.5195047945188555,0.6581091442469884,False,0.7643777316739493,16
2025-01-22,2404.TW,2404,漢唐,79,neutral,-0.037109375,-3.7109375,bullish_cluster_0_rep_3,bullish,0,2021-11-02,2615.TW,0.5243041924927248,0.6560370331099596,False,0.7643777316739493,17
2024-03-25,2449.TW,2449,京元電子,57,neutral,-0.0230415338567541,-2.3041533856754115,bullish_cluster_0_rep_3,bullish,0,2021-11-02,2615.TW,0.5268885880541033,0.6549266317291818,False,0.7643777316739493,18
2025-10-27,6515.TW,6515,穎崴,73,neutral,0.0262626262626262,2.626262626262621,bullish_cluster_0_rep_3,bullish,0,2021-11-02,2615.TW,0.5288562602486055,0.6540837265089859,False,0.7643777316739493,19
2021-10-29,2615.TW,2615,萬海,59,bullish,0.0718750013709068,7.1875001370906855,bullish_cluster_0_rep_3,bullish,0,2021-11-02,2615.TW,0.5289406368369294,0.6540476300432427,True,0.7643777316739493,20
2021-03-11,2609.TW,2609,陽明,77,bullish,0.0693949761252219,6.939497612522194,bullish_cluster_0_rep_3,bullish,0,2021-11-02,2615.TW,0.531002916364994,0.653166619939735,True,0.7643777316739493,21
2023-05-08,6531.TW,6531,愛普*,95,neutral,-0.0176678445229682,-1.7667844522968212,bullish_cluster_0_rep_3,bullish,0,2021-11-02,2615.TW,0.5351575970431963,0.651398919515533,False,0.7643777316739493,22
2025-03-06,6139.TW,6139,亞翔,85,bearish,-0.0636363636363636,-6.36363636363636,bullish_cluster_0_rep_3,bullish,0,2021-11-02,2615.TW,0.536395090522571,0.6508742485371207,False,0.7643777316739493,23
2023-03-17,1590.TW,1590,亞德客-KY,64,neutral,0.0133928571428572,1.3392857142857206,bullish_cluster_0_rep_3,bullish,0,2021-11-02,2615.TW,0.5375999055747936,0.6503642438935862,False,0.7643777316739493,24
2021-12-01,2492.TW,2492,華新科,100,neutral,-0.0315186246418338,-3.151862464183386,bullish_cluster_0_rep_3,bullish,0,2021-11-02,2615.TW,0.5404128240053443,0.6491766261720829,False,0.7643777316739493,25
2024-03-08,2313.TW,2313,華通,60,bullish,0.0740740553855705,7.407405538557055,bullish_cluster_0_rep_3,bullish,0,2021-11-02,2615.TW,0.5454531467050934,0.6470594091655255,True,0.7643777316739493,26
2025-02-12,2615.TW,2615,萬海,59,bullish,0.0779054691746163,7.790546917461638,bullish_cluster_0_rep_3,bullish,0,2021-11-02,2615.TW,0.5470410021802959,0.6463952788521228,True,0.7643777316739493,27
2018-03-08,3532.TW,3532,台勝科,98,neutral,0.0220588235294116,2.2058823529411686,bullish_cluster_0_rep_3,bullish,0,2021-11-02,2615.TW,0.5490874596760313,0.6455413435527618,False,0.7643777316739493,28
2018-11-14,2379.TW,2379,瑞昱,53,neutral,-0.0231660231660231,-2.316602316602312,bullish_cluster_0_rep_3,bullish,0,2021-11-02,2615.TW,0.5505787289132298,0.6449204941053721,False,0.7643777316739493,29
2019-04-12,2492.TW,2492,華新科,100,bullish,0.0922330097087378,9.223300970873783,bullish_cluster_0_rep_3,bullish,0,2021-11-02,2615.TW,0.5538114050689694,0.6435787488351025,True,0.7643777316739493,30
2021-03-09,1802.TW,1802,台玻,86,neutral,0.0123762371563207,1.2376237156320746,bullish_cluster_0_rep_3,bullish,0,2021-11-02,2615.TW,0.5548825860820117,0.6431353781636959,False,0.7643777316739493,31
2020-09-11,3481.TW,3481,群創,52,neutral,-0.0147059322858777,-1.47059322858778,bullish_cluster_0_rep_3,bullish,0,2021-11-02,2615.TW,0.5564454631412978,0.6424895851999523,False,0.7643777316739493,32
2022-11-09,3532.TW,3532,台勝科,98,neutral,0.0477707006369427,4.777070063694278,bullish_cluster_0_rep_3,bullish,0,2021-11-02,2615.TW,0.5566413844433653,0.6424087204629902,False,0.7643777316739493,33
2021-11-18,6531.TW,6531,愛普*,95,neutral,-0.0409683426443202,-4.096834264432026,bullish_cluster_0_rep_3,bullish,0,2021-11-02,2615.TW,0.5571109009380552,0.6422150146130035,False,0.7643777316739493,34
2023-05-02,6515.TW,6515,穎崴,73,bearish,-0.0885200553250346,-8.85200553250346,bullish_cluster_0_rep_3,bullish,0,2021-11-02,2615.TW,0.5581541235796738,0.6417850358105904,False,0.7643777316739493,35
2023-12-01,6415.TW,6415,矽力*-KY,92,neutral,-0.0334128878281623,-3.341288782816232,bullish_cluster_0_rep_3,bullish,0,2021-11-02,2615.TW,0.5583859789932937,0.6416895515487074,False,0.7643777316739493,36
2020-12-18,3533.TW,3533,嘉澤,82,neutral,0.0117899063007915,1.1789906300791575,bullish_cluster_0_rep_3,bullish,0,2021-11-02,2615.TW,0.5589091203792009,0.6414742122727156,False,0.7643777316739493,37
2019-10-16,6415.TW,6415,矽力*-KY,92,bearish,-0.0686746987951807,-6.867469879518073,bullish_cluster_0_rep_3,bullish,0,2021-11-02,2615.TW,0.5594330851195821,0.6412586789020941,False,0.7643777316739493,38
2020-11-03,1519.TW,1519,華城,66,neutral,-0.0038986815882385,-0.3898681588238584,bullish_cluster_0_rep_3,bullish,0,2021-11-02,2615.TW,0.5598427665645763,0.6410902569381506,False,0.7643777316739493,39
2021-03-09,1519.TW,1519,華城,66,neutral,0.0120879162572229,1.208791625722294,bullish_cluster_0_rep_3,bullish,0,2021-11-02,2615.TW,0.5600424101316007,0.6410082145879885,False,0.7643777316739493,40
2021-06-23,6415.TW,6415,矽力*-KY,92,bullish,0.0719530102790013,7.195301027900136,bullish_cluster_0_rep_3,bullish,0,2021-11-02,2615.TW,0.56103703824363,0.6405997907167726,True,0.7643777316739493,41
2024-08-27,7750.TW,7750,新代,91,neutral,0.0060606060606061,0.60606060606061,bullish_cluster_0_rep_3,bullish,0,2021-11-02,2615.TW,0.5633798019752599,0.6396398359097035,False,0.7643777316739493,42
2021-03-08,1519.TW,1519,華城,66,neutral,-0.0065216513083811,-0.6521651308381116,bullish_cluster_0_rep_3,bullish,0,2021-11-02,2615.TW,0.5637245041117174,0.6394988358694652,False,0.7643777316739493,43
2020-12-18,3661.TW,3661,世芯-KY,56,neutral,-0.038095238095238,-3.809523809523807,bullish_cluster_0_rep_3,bullish,0,2021-11-02,2615.TW,0.5640706013210619,0.6393573277033463,False,0.7643777316739493,44
2019-04-29,6415.TW,6415,矽力*-KY,92,bullish,0.1129032258064515,11.290322580645151,bullish_cluster_0_rep_3,bullish,0,2021-11-02,2615.TW,0.5642135273341158,0.6392989080616742,True,0.7643777316739493,45
2021-04-28,6531.TW,6531,愛普*,95,bearish,-0.1502659574468084,-15.026595744680847,bullish_cluster_0_rep_3,bullish,0,2021-11-02,2615.TW,0.5645794989933204,0.6391493692991751,False,0.7643777316739493,46
2023-08-21,6515.TW,6515,穎崴,73,neutral,0.0301003344481605,3.0100334448160515,bullish_cluster_0_rep_3,bullish,0,2021-11-02,2615.TW,0.5666846059350623,0.6382905635325105,False,0.7643777316739493,47
2021-03-26,6770.TW,6770,力積電,55,neutral,-0.026560412099439,-2.6560412099439046,bullish_cluster_0_rep_3,bullish,0,2021-11-02,2615.TW,0.5673690080405562,0.6380118497112229,False,0.7643777316739493,48
2018-07-18,3661.TW,3661,世芯-KY,56,bearish,-0.0842105263157895,-8.421052631578952,bullish_cluster_0_rep_3,bullish,0,2021-11-02,2615.TW,0.5677311837858895,0.6378644568293371,False,0.7643777316739493,49
2021-12-09,6805.TW,6805,富世達,93,bearish,-0.0902777777777777,-9.02777777777778,bullish_cluster_0_rep_3,bullish,0,2021-11-02,2615.TW,0.5682340972128702,0.6376599015269729,False,0.7643777316739493,50
2021-01-22,3532.TW,3532,台勝科,98,bearish,-0.064625850340136,-6.4625850340136015,bullish_cluster_0_rep_3,bullish,0,2021-11-02,2615.TW,0.5686879220946168,0.6374754251086049,False,0.7643777316739493,51
2020-04-29,3481.TW,3481,群創,52,neutral,-0.0248446411649543,-2.484464116495433,bullish_cluster_0_rep_3,bullish,0,2021-11-02,2615.TW,0.5688221388261969,0.6374208874616001,False,0.7643777316739493,52
2021-01-05,6770.TW,6770,力積電,55,neutral,-0.0224490010608848,-2.244900106088488,bullish_cluster_0_rep_3,bullish,0,2021-11-02,2615.TW,0.5708592864123943,0.6365942568184125,False,0.7643777316739493,53
2021-04-14,2379.TW,2379,瑞昱,53,neutral,0.0050251256281406,0.5025125628140614,bullish_cluster_0_rep_3,bullish,0,2021-11-02,2615.TW,0.5714586087664887,0.6363514727154963,False,0.7643777316739493,54
2025-10-21,1326.TW,1326,台化,51,neutral,0.0389171423204848,3.891714232048482,bullish_cluster_0_rep_3,bullish,0,2021-11-02,2615.TW,0.5719453812357806,0.6361544185548309,False,0.7643777316739493,55
2021-07-12,3532.TW,3532,台勝科,98,bullish,0.06,6.000000000000005,bullish_cluster_0_rep_3,bullish,0,2021-11-02,2615.TW,0.5730931343489959,0.6356902704389699,True,0.7643777316739493,56
2021-12-23,6531.TW,6531,愛普*,95,neutral,0.006012024048096,0.6012024048096087,bullish_cluster_0_rep_3,bullish,0,2021-11-02,2615.TW,0.5734223510374334,0.6355572611134268,False,0.7643777316739493,57
2024-10-23,6139.TW,6139,亞翔,85,neutral,-0.0358649789029535,-3.5864978902953597,bullish_cluster_0_rep_3,bullish,0,2021-11-02,2615.TW,0.5742231681991915,0.6352339491635959,False,0.7643777316739493,58
2021-02-25,2615.TW,2615,萬海,59,neutral,0.0,0.0,bullish_cluster_0_rep_3,bullish,0,2021-11-02,2615.TW,0.5753079936952812,0.6347964994796024,False,0.7643777316739493,59
2019-09-19,2379.TW,2379,瑞昱,53,neutral,0.0200892857142858,2.008928571428581,bullish_cluster_0_rep_3,bullish,0,2021-11-02,2615.TW,0.5762873230794721,0.6344021076350322,False,0.7643777316739493,60
2024-05-28,3661.TW,3661,世芯-KY,56,neutral,-0.0221465076660988,-2.2146507666098825,bullish_cluster_0_rep_3,bullish,0,2021-11-02,2615.TW,0.5769956655589454,0.6341171518981716,False,0.7643777316739493,61
2024-06-19,3661.TW,3661,世芯-KY,56,bearish,-0.068100358422939,-6.810035842293905,bullish_cluster_0_rep_3,bullish,0,2021-11-02,2615.TW,0.5779232939392873,0.6337443675753711,False,0.7643777316739493,62
2023-09-06,1519.TW,1519,華城,66,neutral,-0.0431034434460286,-4.310344344602868,bullish_cluster_0_rep_3,bullish,0,2021-11-02,2615.TW,0.5784098850641095,0.6335489972931736,False,0.7643777316739493,63
2025-07-16,1326.TW,1326,台化,51,bullish,0.1220043199990692,12.200431999906924,bullish_cluster_0_rep_3,bullish,0,2021-11-02,2615.TW,0.5785393332530661,0.6334970430791814,True,0.7643777316739493,64
2024-02-16,3533.TW,3533,嘉澤,82,neutral,0.0148514851485148,1.4851485148514865,bullish_cluster_0_rep_3,bullish,0,2021-11-02,2615.TW,0.5787026307314881,0.6334315155582229,False,0.7643777316739493,65
2020-07-22,1590.TW,1590,亞德客-KY,64,neutral,-0.0491525689813244,-4.915256898132448,bullish_cluster_0_rep_3,bullish,0,2021-11-02,2615.TW,0.5789928273814473,0.6333150997641762,False,0.7643777316739493,66
2023-01-09,6805.TW,6805,富世達,93,neutral,-0.0451306413301663,-4.513064133016631,bullish_cluster_0_rep_3,bullish,0,2021-11-02,2615.TW,0.579025656013537,0.6333019328670281,False,0.7643777316739493,67
2019-02-19,3661.TW,3661,世芯-KY,56,neutral,0.0382318362522224,3.823183625222248,bullish_cluster_0_rep_3,bullish,0,2021-11-02,2615.TW,0.5812179447267874,0.6324238877600052,False,0.7643777316739493,68
2021-04-01,3034.TW,3034,聯詠,58,bullish,0.0719298245614035,7.192982456140351,bullish_cluster_0_rep_3,bullish,0,2021-11-02,2615.TW,0.5822658786616398,0.6320050337215452,True,0.7643777316739493,69
2025-02-17,3533.TW,3533,嘉澤,82,neutral,0.011204481792717,1.1204481792717047,bullish_cluster_0_rep_3,bullish,0,2021-11-02,2615.TW,0.5826054836161664,0.6318694142996745,False,0.7643777316739493,70
2020-12-29,3034.TW,3034,聯詠,58,neutral,0.0312056737588652,3.1205673758865293,bullish_cluster_0_rep_3,bullish,0,2021-11-02,2615.TW,0.5826886713914307,0.6318362025810444,False,0.7643777316739493,71
2025-10-27,3044.TW,3044,健鼎,65,neutral,0.0287443267776097,2.874432677760974,bullish_cluster_0_rep_3,bullish,0,2021-11-02,2615.TW,0.5828138893743682,0.6317862173898825,False,0.7643777316739493,72
2024-02-22,3533.TW,3533,嘉澤,82,neutral,-0.0382775119617224,-3.827751196172247,bullish_cluster_0_rep_3,bullish,0,2021-11-02,2615.TW,0.5829852470473124,0.6317178267234426,False,0.7643777316739493,73
2019-06-14,2379.TW,2379,瑞昱,53,neutral,0.0248306997742664,2.483069977426644,bullish_cluster_0_rep_3,bullish,0,2021-11-02,2615.TW,0.5829983207409841,0.6317126094814245,False,0.7643777316739493,74
2021-03-23,3034.TW,3034,聯詠,58,bullish,0.0675422138836772,6.7542213883677205,bullish_cluster_0_rep_3,bullish,0,2021-11-02,2615.TW,0.584652742194105,0.6310530839806602,True,0.7643777316739493,75
2025-02-13,6789.TW,6789,采鈺,96,bullish,0.0586370839936609,5.863708399366097,bullish_cluster_0_rep_3,bullish,0,2021-11-02,2615.TW,0.5848758454825579,0.6309642505123315,True,0.7643777316739493,76
2021-11-01,2615.TW,2615,萬海,59,bullish,0.10094646374177,10.094646374177008,bullish_cluster_0_rep_3,bullish,0,2021-11-02,2615.TW,0.5850267504630904,0.6309041785621816,True,0.7643777316739493,77
2021-11-22,2609.TW,2609,陽明,77,neutral,0.0361990950226245,3.619909502262453,bullish_cluster_0_rep_3,bullish,0,2021-11-02,2615.TW,0.5858477171309718,0.6305775700892295,False,0.7643777316739493,78
2021-07-09,3532.TW,3532,台勝科,98,bullish,0.146981627296588,14.698162729658804,bullish_cluster_0_rep_3,bullish,0,2021-11-02,2615.TW,0.58593379689534,0.6305433442162736,True,0.7643777316739493,79
2021-04-01,6415.TW,6415,矽力*-KY,92,bullish,0.0520833333333332,5.208333333333326,bullish_cluster_0_rep_3,bullish,0,2021-11-02,2615.TW,0.5862895404294014,0.6304019376748236,True,0.7643777316739493,80
2020-12-28,3034.TW,3034,聯詠,58,bullish,0.0588235294117647,5.882352941176472,bullish_cluster_0_rep_3,bullish,0,2021-11-02,2615.TW,0.5868945143043831,0.6301616087181139,True,0.7643777316739493,81
2021-06-22,6415.TW,6415,矽力*-KY,92,bullish,0.0860534124629079,8.605341246290799,bullish_cluster_0_rep_3,bullish,0,2021-11-02,2615.TW,0.5877879171899243,0.629807034789511,True,0.7643777316739493,82
2021-07-14,3661.TW,3661,世芯-KY,56,bullish,0.0798722044728434,7.987220447284349,bullish_cluster_0_rep_3,bullish,0,2021-11-02,2615.TW,0.5880129210425069,0.629717798104259,True,0.7643777316739493,83
2018-04-03,2376.TW,2376,技嘉,70,bullish,0.0686130941349223,6.861309413492234,bullish_cluster_0_rep_3,bullish,0,2021-11-02,2615.TW,0.5882986679868549,0.6296045071091605,True,0.7643777316739493,84
2020-10-14,3533.TW,3533,嘉澤,82,neutral,-0.020920532811176,-2.0920532811176007,bullish_cluster_0_rep_3,bullish,0,2021-11-02,2615.TW,0.5887420533819006,0.6294287973754672,False,0.7643777316739493,85
2023-03-28,1590.TW,1590,亞德客-KY,64,neutral,0.0304347826086957,3.04347826086957,bullish_cluster_0_rep_3,bullish,0,2021-11-02,2615.TW,0.5905233456632364,0.6287238742685713,False,0.7643777316739493,86
2019-06-18,6415.TW,6415,矽力*-KY,92,bullish,0.0942184154175589,9.421841541755892,bullish_cluster_0_rep_3,bullish,0,2021-11-02,2615.TW,0.5921338288761488,0.6280879043352011,True,0.7643777316739493,87
2025-10-21,6415.TW,6415,矽力*-KY,92,neutral,-0.0416666666666666,-4.166666666666663,bullish_cluster_0_rep_3,bullish,0,2021-11-02,2615.TW,0.5928638054287033,0.6278000646331845,False,0.7643777316739493,88
2024-04-29,6213.TW,6213,聯茂,81,neutral,-0.0228310502283105,-2.283105022831056,bullish_cluster_0_rep_3,bullish,0,2021-11-02,2615.TW,0.5935323935485659,0.6275366626047336,False,0.7643777316739493,89
2024-04-23,6919.TW,6919,康霈*,97,neutral,0.038461557920308,3.846155792030803,bullish_cluster_0_rep_3,bullish,0,2021-11-02,2615.TW,0.594301558996068,0.6272339096436061,False,0.7643777316739493,90
2025-05-14,3533.TW,3533,嘉澤,82,neutral,-0.026615969581749,-2.661596958174905,bullish_cluster_0_rep_3,bullish,0,2021-11-02,2615.TW,0.5946176549197483,0.627109575085149,False,0.7643777316739493,91
2025-03-26,3661.TW,3661,世芯-KY,56,bearish,-0.0519031141868512,-5.190311418685123,bullish_cluster_0_rep_3,bullish,0,2021-11-02,2615.TW,0.5953784702888631,0.6268105146354003,False,0.7643777316739493,92
2024-02-20,6415.TW,6415,矽力*-KY,92,neutral,0.017348203221809,1.7348203221809078,bullish_cluster_0_rep_3,bullish,0,2021-11-02,2615.TW,0.5957079285385944,0.6266811000405539,False,0.7643777316739493,93
2024-11-13,6919.TW,6919,康霈*,97,neutral,-0.0377358490566037,-3.773584905660377,bullish_cluster_0_rep_3,bullish,0,2021-11-02,2615.TW,0.5963359549876879,0.6264345527490877,False,0.7643777316739493,94
2020-12-16,2615.TW,2615,萬海,59,bullish,0.1585365839305199,15.853658393051994,bullish_cluster_0_rep_3,bullish,0,2021-11-02,2615.TW,0.5968733593630241,0.626223735361763,True,0.7643777316739493,95
2018-10-12,3533.TW,3533,嘉澤,82,neutral,0.0127794984615734,1.2779498461573446,bullish_cluster_10_rep_1,bullish,10,2020-03-20,5876.TW,0.7248647702557663,0.5797555943192683,False,0.7373502307171274,1
2025-07-10,6919.TW,6919,康霈*,97,bullish,0.1144067796610168,11.440677966101688,bullish_cluster_10_rep_1,bullish,10,2020-03-20,5876.TW,0.7768254252358112,0.5628014918051306,True,0.7373502307171274,2
2024-07-30,6213.TW,6213,聯茂,81,bearish,-0.051422368699917,-5.1422368699917005,bullish_cluster_10_rep_1,bullish,10,2020-03-20,5876.TW,0.7883632627739984,0.5591705112801646,False,0.7373502307171274,3
2022-07-08,6213.TW,6213,聯茂,81,neutral,0.0155367009421871,1.5536700942187176,bullish_cluster_10_rep_1,bullish,10,2020-03-20,5876.TW,0.8106167289629185,0.5522980010091799,False,0.7373502307171274,4
2018-02-08,3661.TW,3661,世芯-KY,56,bullish,0.1155778894472361,11.557788944723612,bullish_cluster_10_rep_1,bullish,10,2020-03-20,5876.TW,0.8147387679171944,0.5510434987553148,True,0.7373502307171274,5
2018-09-14,2337.TW,2337,旺宏,67,neutral,-0.0125673384802753,-1.2567338480275358,bullish_cluster_10_rep_1,bullish,10,2020-03-20,5876.TW,0.816548426125351,0.5504945453796534,False,0.7373502307171274,6
2023-10-24,6213.TW,6213,聯茂,81,neutral,-0.0349397774202278,-3.49397774202278,bullish_cluster_10_rep_1,bullish,10,2020-03-20,5876.TW,0.8175660825170527,0.5501863231377823,False,0.7373502307171274,7
2018-10-12,3532.TW,3532,台勝科,98,neutral,0.0341880341880342,3.418803418803429,bullish_cluster_10_rep_1,bullish,10,2020-03-20,5876.TW,0.842055249714866,0.5428718819127664,False,0.7373502307171274,8
2020-03-20,1802.TW,1802,台玻,86,neutral,0.0457143102373396,4.571431023733963,bullish_cluster_10_rep_1,bullish,10,2020-03-20,5876.TW,0.8512045151905795,0.5401888293779636,False,0.7373502307171274,9
2020-03-20,4938.TW,4938,和碩,69,bullish,0.059845604912682,5.984560491268209,bullish_cluster_10_rep_1,bullish,10,2020-03-20,5876.TW,0.8572093727947871,0.5384422535490269,True,0.7373502307171274,10
2021-08-23,1802.TW,1802,台玻,86,neutral,0.0144717803485121,1.447178034851215,bullish_cluster_10_rep_1,bullish,10,2020-03-20,5876.TW,0.8605001426718846,0.537489880846711,False,0.7373502307171274,11
2022-07-08,2404.TW,2404,漢唐,79,neutral,-0.0107142857142856,-1.0714285714285676,bullish_cluster_10_rep_1,bullish,10,2020-03-20,5876.TW,0.8630936298773163,0.5367416773712277,False,0.7373502307171274,12
2024-05-14,3661.TW,3661,世芯-KY,56,neutral,0.033210332103321,3.3210332103321027,bullish_cluster_10_rep_1,bullish,10,2020-03-20,5876.TW,0.863797909462248,0.5365388569882691,False,0.7373502307171274,13
2022-04-18,6415.TW,6415,矽力*-KY,92,neutral,0.0284697508896796,2.8469750889679624,bullish_cluster_10_rep_1,bullish,10,2020-03-20,5876.TW,0.8642465362936337,0.5364097400916357,False,0.7373502307171274,14
2023-09-20,1519.TW,1519,華城,66,neutral,-0.0443548535692832,-4.435485356928326,bullish_cluster_10_rep_1,bullish,10,2020-03-20,5876.TW,0.8706506147940763,0.5345733682663565,False,0.7373502307171274,15
2025-10-13,6919.TW,6919,康霈*,97,neutral,0.0,0.0,bullish_cluster_10_rep_1,bullish,10,2020-03-20,5876.TW,0.8709311632354112,0.5344932083287847,False,0.7373502307171274,16
2019-05-28,6213.TW,6213,聯茂,81,neutral,0.0271866904938402,2.718669049384026,bullish_cluster_10_rep_1,bullish,10,2020-03-20,5876.TW,0.8729616532239645,0.5339137607428753,False,0.7373502307171274,17
2024-07-30,3533.TW,3533,嘉澤,82,neutral,0.0107142857142856,1.0714285714285676,bullish_cluster_10_rep_1,bullish,10,2020-03-20,5876.TW,0.8742360677587135,0.5335507181845242,False,0.7373502307171274,18
2020-03-20,5871.TW,5871,中租-KY,78,bullish,0.0655737085915024,6.557370859150247,bullish_cluster_10_rep_1,bullish,10,2020-03-20,5876.TW,0.8745361721781475,0.5334652992254793,True,0.7373502307171274,19
2020-03-20,2404.TW,2404,漢唐,79,bullish,0.1232394366197182,12.323943661971825,bullish_cluster_10_rep_1,bullish,10,2020-03-20,5876.TW,0.8787928125116065,0.5322566668025416,True,0.7373502307171274,20
2018-06-25,1590.TW,1590,亞德客-KY,64,neutral,-0.039772742821693,-3.977274282169308,bullish_cluster_10_rep_1,bullish,10,2020-03-20,5876.TW,0.885299755723808,0.5304196305993144,False,0.7373502307171274,21
2023-04-26,3661.TW,3661,世芯-KY,56,bullish,0.0769230769230768,7.692307692307687,bullish_cluster_10_rep_1,bullish,10,2020-03-20,5876.TW,0.8910275541156221,0.5288130243388603,True,0.7373502307171274,22
2020-05-19,6213.TW,6213,聯茂,81,neutral,0.0038314107667547,0.383141076675475,bullish_cluster_10_rep_1,bullish,10,2020-03-20,5876.TW,0.8932395312433605,0.5281951826472073,False,0.7373502307171274,23
2019-04-30,2492.TW,2492,華新科,100,neutral,-0.0476190476190476,-4.761904761904767,bullish_cluster_10_rep_1,bullish,10,2020-03-20,5876.TW,0.8951445943962678,0.5276642230660863,False,0.7373502307171274,24
2018-12-11,3661.TW,3661,世芯-KY,56,bullish,0.0578279038911524,5.782790389115244,bullish_cluster_10_rep_1,bullish,10,2020-03-20,5876.TW,0.8980416875756735,0.5268588179837492,True,0.7373502307171274,25
2020-03-24,5876.TW,5876,上海商銀,75,neutral,0.0335916966072371,3.359169660723716,bullish_cluster_10_rep_1,bullish,10,2020-03-20,5876.TW,0.903106639714832,0.5254566292458753,False,0.7373502307171274,26
2018-09-11,6531.TW,6531,愛普*,95,neutral,-0.0050167097138461,-0.5016709713846157,bullish_cluster_10_rep_1,bullish,10,2020-03-20,5876.TW,0.9031681763965221,0.5254396392301022,False,0.7373502307171274,27
2022-09-30,6415.TW,6415,矽力*-KY,92,bullish,0.0700712589073633,7.007125890736332,bullish_cluster_10_rep_1,bullish,10,2020-03-20,5876.TW,0.9057526286625984,0.5247270736820501,True,0.7373502307171274,28
2018-12-24,1590.TW,1590,亞德客-KY,64,neutral,0.0,0.0,bullish_cluster_10_rep_1,bullish,10,2020-03-20,5876.TW,0.9085216445129357,0.5239657631733095,False,0.7373502307171274,29
2020-03-20,1326.TW,1326,台化,51,bullish,0.0522273672130806,5.222736721308063,bullish_cluster_10_rep_1,bullish,10,2020-03-20,5876.TW,0.9092114195419633,0.5237764606708192,True,0.7373502307171274,30
2018-07-06,3532.TW,3532,台勝科,98,bullish,0.1360294117647058,13.602941176470583,bullish_cluster_10_rep_1,bullish,10,2020-03-20,5876.TW,0.9095374758594171,0.5236870250739303,True,0.7373502307171274,31
2024-07-23,6805.TW,6805,富世達,93,neutral,0.0303030303030302,3.030303030303028,bullish_cluster_10_rep_1,bullish,10,2020-03-20,5876.TW,0.9109133043566969,0.5233099783857786,False,0.7373502307171274,32
2025-11-26,3661.TW,3661,世芯-KY,56,bullish,0.0578778135048232,5.787781350482324,bullish_cluster_10_rep_1,bullish,10,2020-03-20,5876.TW,0.9118049253413337,0.5230659188836747,True,0.7373502307171274,33
2018-10-16,3533.TW,3533,嘉澤,82,bearish,-0.068322980763358,-6.832298076335808,bullish_cluster_10_rep_1,bullish,10,2020-03-20,5876.TW,0.9162372701944569,0.5218560433794932,False,0.7373502307171274,34
2024-05-15,6139.TW,6139,亞翔,85,bearish,-0.0589519650655021,-5.895196506550215,bullish_cluster_10_rep_1,bullish,10,2020-03-20,5876.TW,0.9268222139939396,0.5189892418393851,False,0.7373502307171274,35
2021-03-10,6415.TW,6415,矽力*-KY,92,neutral,-0.0241935483870967,-2.4193548387096757,bullish_cluster_10_rep_1,bullish,10,2020-03-20,5876.TW,0.9271453741117868,0.5189022133116946,False,0.7373502307171274,36
2020-03-20,2356.TW,2356,英業達,71,neutral,0.0485436884214589,4.854368842145895,bullish_cluster_10_rep_1,bullish,10,2020-03-20,5876.TW,0.9273138443282221,0.5188568550694744,False,0.7373502307171274,37
2022-10-27,5871.TW,5871,中租-KY,78,neutral,0.0299999988971197,2.9999998897119795,bullish_cluster_10_rep_1,bullish,10,2020-03-20,5876.TW,0.9285255043474739,0.5185308660661736,False,0.7373502307171274,38
2021-08-05,1590.TW,1590,亞德客-KY,64,neutral,-0.0086206856398138,-0.8620685639813885,bullish_cluster_10_rep_1,bullish,10,2020-03-20,5876.TW,0.9292834656225281,0.5183271498557765,False,0.7373502307171274,39
2024-07-30,2449.TW,2449,京元電子,57,neutral,-0.0281690564616231,-2.8169056461623154,bullish_cluster_10_rep_1,bullish,10,2020-03-20,5876.TW,0.9293069339196771,0.5183208448685506,False,0.7373502307171274,40
2018-02-12,3661.TW,3661,世芯-KY,56,bullish,0.1435643564356434,14.356435643564346,bullish_cluster_10_rep_1,bullish,10,2020-03-20,5876.TW,0.9293725894387825,0.518303206686937,True,0.7373502307171274,41
2022-09-30,2615.TW,2615,萬海,59,bullish,0.0913173382551302,9.131733825513022,bullish_cluster_10_rep_1,bullish,10,2020-03-20,5876.TW,0.9336925049732215,0.5171453048652367,True,0.7373502307171274,42
2025-11-27,6770.TW,6770,力積電,55,neutral,-0.0105581379399071,-1.055813793990712,bullish_cluster_10_rep_1,bullish,10,2020-03-20,5876.TW,0.9385525255540582,0.5158488030723799,False,0.7373502307171274,43
2022-02-09,3532.TW,3532,台勝科,98,bullish,0.1636726546906188,16.367265469061888,bullish_cluster_10_rep_1,bullish,10,2020-03-20,5876.TW,0.9409357455236435,0.5152154069532121,True,0.7373502307171274,44
2021-07-29,1802.TW,1802,台玻,86,neutral,-0.0088607208638251,-0.8860720863825167,bullish_cluster_10_rep_1,bullish,10,2020-03-20,5876.TW,0.9413192490716952,0.5151136272296184,False,0.7373502307171274,45
2018-08-21,3532.TW,3532,台勝科,98,neutral,-0.0444444444444444,-4.444444444444439,bullish_cluster_10_rep_1,bullish,10,2020-03-20,5876.TW,0.9420512183423791,0.5149194782069348,False,0.7373502307171274,46
2021-08-18,6531.TW,6531,愛普*,95,neutral,-0.0237341772151898,-2.373417721518989,bullish_cluster_10_rep_1,bullish,10,2020-03-20,5876.TW,0.9500400186592036,0.5128099887342691,False,0.7373502307171274,47
2024-04-24,6515.TW,6515,穎崴,73,neutral,0.0219512195121951,2.195121951219514,bullish_cluster_10_rep_1,bullish,10,2020-03-20,5876.TW,0.9534245619739368,0.5119214836684041,False,0.7373502307171274,48
2022-07-07,2404.TW,2404,漢唐,79,neutral,0.0073800738007379,0.7380073800737907,bullish_cluster_10_rep_1,bullish,10,2020-03-20,5876.TW,0.9546019261282805,0.5116131252263844,False,0.7373502307171274,49
2022-09-29,2618.TW,2618,長榮航,72,neutral,-0.0312499875823651,-3.124998758236519,bullish_cluster_10_rep_1,bullish,10,2020-03-20,5876.TW,0.95550607391497,0.5113765757822353,False,0.7373502307171274,50
2022-04-18,3661.TW,3661,世芯-KY,56,neutral,-0.002125398512221,-0.2125398512221044,bullish_cluster_10_rep_1,bullish,10,2020-03-20,5876.TW,0.9591094158917519,0.5104360133682567,False,0.7373502307171274,51
2022-09-29,6415.TW,6415,矽力*-KY,92,bullish,0.068840579710145,6.884057971014501,bullish_cluster_10_rep_1,bullish,10,2020-03-20,5876.TW,0.961186457379885,0.509895423883349,True,0.7373502307171274,52
2025-01-16,6805.TW,6805,富世達,93,neutral,0.0235294117647058,2.35294117647058,bullish_cluster_10_rep_1,bullish,10,2020-03-20,5876.TW,0.96179101860844,0.5097382904267405,False,0.7373502307171274,53
2021-01-13,1802.TW,1802,台玻,86,bearish,-0.0700808242872222,-7.008082428722229,bullish_cluster_10_rep_1,bullish,10,2020-03-20,5876.TW,0.9662343476038125,0.5085863753822978,False,0.7373502307171274,54
2022-06-24,6515.TW,6515,穎崴,73,neutral,0.002659574468085,0.2659574468085068,bullish_cluster_10_rep_1,bullish,10,2020-03-20,5876.TW,0.9668420332670817,0.5084292399115145,False,0.7373502307171274,55
2022-07-07,2379.TW,2379,瑞昱,53,neutral,-0.0442073170731707,-4.420731707317072,bullish_cluster_10_rep_1,bullish,10,2020-03-20,5876.TW,0.9681214018853818,0.5080987377313411,False,0.7373502307171274,56
2020-03-24,2404.TW,2404,漢唐,79,bullish,0.1137931034482757,11.379310344827577,bullish_cluster_10_rep_1,bullish,10,2020-03-20,5876.TW,0.9702242077560466,0.5075564476689346,True,0.7373502307171274,57
2022-09-27,2609.TW,2609,陽明,77,neutral,-0.0360501452126116,-3.605014521261163,bullish_cluster_10_rep_1,bullish,10,2020-03-20,5876.TW,0.970748331962032,0.5074214620820827,False,0.7373502307171274,58
2021-05-07,6531.TW,6531,愛普*,95,neutral,-0.0457317073170732,-4.573170731707322,bullish_cluster_10_rep_1,bullish,10,2020-03-20,5876.TW,0.9709622690178003,0.5073663842881859,False,0.7373502307171274,59
2022-06-23,6515.TW,6515,穎崴,73,neutral,0.0132978723404255,1.3297872340425565,bullish_cluster_10_rep_1,bullish,10,2020-03-20,5876.TW,0.9732252577169983,0.5067845123556699,False,0.7373502307171274,60
2020-01-20,6515.TW,6515,穎崴,73,bearish,-0.1717171717171717,-17.17171717171717,bullish_cluster_10_rep_1,bullish,10,2020-03-20,5876.TW,0.9735764573001532,0.5066943296273391,False,0.7373502307171274,61
2018-04-30,2379.TW,2379,瑞昱,53,neutral,-0.0265486725663717,-2.6548672566371723,bullish_cluster_10_rep_1,bullish,10,2020-03-20,5876.TW,0.9750547625645801,0.5063150748800072,False,0.7373502307171274,62
2024-09-06,3661.TW,3661,世芯-KY,56,neutral,-0.0123456790123457,-1.2345679012345734,bullish_cluster_10_rep_1,bullish,10,2020-03-20,5876.TW,0.9771558870685249,0.5057770136085085,False,0.7373502307171274,63
2022-06-21,6415.TW,6415,矽力*-KY,92,neutral,0.0082987551867219,0.8298755186721962,bullish_cluster_10_rep_1,bullish,10,2020-03-20,5876.TW,0.9783687398746892,0.5054669434694669,False,0.7373502307171274,64
2023-10-20,6213.TW,6213,聯茂,81,neutral,0.0375,3.750000000000009,bullish_cluster_10_rep_1,bullish,10,2020-03-20,5876.TW,0.9807931702384847,0.5048482673633217,False,0.7373502307171274,65
2022-09-30,6531.TW,6531,愛普*,95,neutral,0.0359477124183007,3.594771241830075,bullish_cluster_10_rep_1,bullish,10,2020-03-20,5876.TW,0.9839486192735164,0.5040453115999449,False,0.7373502307171274,66
2024-05-20,6805.TW,6805,富世達,93,bullish,0.0722713864306785,7.227138643067854,bullish_cluster_10_rep_1,bullish,10,2020-03-20,5876.TW,0.9844763532835277,0.5039112702680449,True,0.7373502307171274,67
2022-06-21,2615.TW,2615,萬海,59,bearish,-0.0566801930066319,-5.668019300663197,bullish_cluster_10_rep_1,bullish,10,2020-03-20,5876.TW,0.9845965443021556,0.5038807524234757,False,0.7373502307171274,68
2025-11-27,2337.TW,2337,旺宏,67,neutral,-0.0059347406056856,-0.5934740605685662,bullish_cluster_10_rep_1,bullish,10,2020-03-20,5876.TW,0.985779226569399,0.5035806531864997,False,0.7373502307171274,69
2022-06-27,6805.TW,6805,富世達,93,bearish,-0.0552325581395348,-5.523255813953487,bullish_cluster_10_rep_1,bullish,10,2020-03-20,5876.TW,0.987266717119268,0.5032037176416838,False,0.7373502307171274,70
2018-10-30,2337.TW,2337,旺宏,67,bullish,0.2452228964692973,24.52228964692973,bullish_cluster_10_rep_1,bullish,10,2020-03-20,5876.TW,0.987353268824236,0.5031818024943412,True,0.7373502307171274,71
2020-09-15,2609.TW,2609,陽明,77,neutral,-0.0313725196870638,-3.1372519687063893,bullish_cluster_10_rep_1,bullish,10,2020-03-20,5876.TW,0.9893798640199294,0.5026692076692207,False,0.7373502307171274,72
2022-05-27,3661.TW,3661,世芯-KY,56,bullish,0.0832356389214536,8.32356389214537,bullish_cluster_10_rep_1,bullish,10,2020-03-20,5876.TW,0.9902780426273124,0.5024423616109068,True,0.7373502307171274,73
2023-05-17,6415.TW,6415,矽力*-KY,92,bearish,-0.0646766169154229,-6.467661691542292,bullish_cluster_10_rep_1,bullish,10,2020-03-20,5876.TW,0.9909166976686402,0.5022811859335944,False,0.7373502307171274,74
2023-11-20,3036.TW,3036,文曄,68,neutral,0.0038119237828349,0.3811923782834903,bullish_cluster_10_rep_1,bullish,10,2020-03-20,5876.TW,0.9919397605099399,0.5020232136658582,False,0.7373502307171274,75
2018-12-12,3661.TW,3661,世芯-KY,56,bearish,-0.050000040154708,-5.000004015470805,bullish_cluster_10_rep_1,bullish,10,2020-03-20,5876.TW,0.9935311883072393,0.5016224505868537,False,0.7373502307171274,76
2024-09-09,6805.TW,6805,富世達,93,neutral,0.0146471371504659,1.464713715046595,bullish_cluster_10_rep_1,bullish,10,2020-03-20,5876.TW,0.9935602634377962,0.5016151346614169,False,0.7373502307171274,77
2018-08-01,3661.TW,3661,世芯-KY,56,neutral,-0.0080645161290322,-0.8064516129032251,bullish_cluster_10_rep_1,bullish,10,2020-03-20,5876.TW,0.9938175822398485,0.5015503970411391,False,0.7373502307171274,78
2018-04-10,3661.TW,3661,世芯-KY,56,bullish,0.1213389121338912,12.133891213389123,bullish_cluster_10_rep_1,bullish,10,2020-03-20,5876.TW,0.9956996604914197,0.501077401473206,True,0.7373502307171274,79
2020-03-20,3044.TW,3044,健鼎,65,bullish,0.0900473736578164,9.004737365781645,bullish_cluster_10_rep_1,bullish,10,2020-03-20,5876.TW,0.9958256967284963,0.5010457584743864,True,0.7373502307171274,80
2024-08-07,3481.TW,3481,群創,52,bullish,0.0571428057612177,5.714280576121777,bullish_cluster_10_rep_1,bullish,10,2020-03-20,5876.TW,0.9958678943716294,0.5010351651128873,True,0.7373502307171274,81
2020-03-24,1326.TW,1326,台化,51,neutral,0.0429448340922553,4.294483409225536,bullish_cluster_10_rep_1,bullish,10,2020-03-20,5876.TW,0.9964153307214115,0.5008977764354507,False,0.7373502307171274,82
2025-04-01,6789.TW,6789,采鈺,96,bearish,-0.1943231441048034,-19.432314410480345,bullish_cluster_10_rep_1,bullish,10,2020-03-20,5876.TW,0.9968517340763332,0.50078830738155,False,0.7373502307171274,83
2020-08-21,3533.TW,3533,嘉澤,82,neutral,0.0415617259328506,4.156172593285068,bullish_cluster_10_rep_1,bullish,10,2020-03-20,5876.TW,0.997340189012319,0.5006658382488655,False,0.7373502307171274,84
2022-03-17,6531.TW,6531,愛普*,95,neutral,0.0014925373134329,0.1492537313432906,bullish_cluster_10_rep_1,bullish,10,2020-03-20,5876.TW,1.00011074460747,0.4999723153810936,False,0.7373502307171274,85
2021-05-18,6515.TW,6515,穎崴,73,bullish,0.0550847457627119,5.508474576271194,bullish_cluster_10_rep_1,bullish,10,2020-03-20,5876.TW,1.0021829286104882,0.4994548628451239,True,0.7373502307171274,86
2022-05-18,5871.TW,5871,中租-KY,78,neutral,-0.0072463786358293,-0.7246378635829331,bullish_cluster_10_rep_1,bullish,10,2020-03-20,5876.TW,1.0032364970055896,0.49919218299725776,False,0.7373502307171274,87
2020-08-21,2313.TW,2313,華通,60,neutral,-0.0177187823858494,-1.7718782385849452,bullish_cluster_10_rep_1,bullish,10,2020-03-20,5876.TW,1.0033369774917904,0.49916714523585326,False,0.7373502307171274,88
2022-04-13,2313.TW,2313,華通,60,neutral,0.0119176428792127,1.1917642879212709,bullish_cluster_10_rep_1,bullish,10,2020-03-20,5876.TW,1.0045165018902165,0.49887341863088747,False,0.7373502307171274,89
2024-03-18,3661.TW,3661,世芯-KY,56,bearish,-0.0736698499317871,-7.366984993178716,bullish_cluster_10_rep_1,bullish,10,2020-03-20,5876.TW,1.0054863040308442,0.4986321761410643,False,0.7373502307171274,90
2019-05-21,1590.TW,1590,亞德客-KY,64,bearish,-0.0611028466808355,-6.110284668083555,bullish_cluster_10_rep_1,bullish,10,2020-03-20,5876.TW,1.0068789032865784,0.4982861688178312,False,0.7373502307171274,91
2021-05-18,6213.TW,6213,聯茂,81,neutral,0.0210083648741241,2.1008364874124164,bullish_cluster_10_rep_1,bullish,10,2020-03-20,5876.TW,1.0069140122731066,0.49827745179145083,False,0.7373502307171274,92
2024-09-19,3661.TW,3661,世芯-KY,56,bearish,-0.0761099365750528,-7.610993657505283,bullish_cluster_10_rep_1,bullish,10,2020-03-20,5876.TW,1.0096350045766114,0.4976027973849308,False,0.7373502307171274,93
2019-05-21,6415.TW,6415,矽力*-KY,92,neutral,0.0064516129032257,0.6451612903225712,bullish_cluster_10_rep_1,bullish,10,2020-03-20,5876.TW,1.0108779829964154,0.4972952155505213,False,0.7373502307171274,94
2018-02-07,3532.TW,3532,台勝科,98,neutral,-0.0078740157480314,-0.7874015748031482,bullish_cluster_10_rep_1,bullish,10,2020-03-20,5876.TW,1.0117283512309396,0.49708500622766405,False,0.7373502307171274,95
2023-04-26,3661.TW,3661,世芯-KY,56,bullish,0.0769230769230768,7.692307692307687,bullish_cluster_10_rep_2,bullish,10,2025-11-26,3661.TW,0.4726519612357637,0.6790470704027435,True,0.0,1
2021-01-13,1802.TW,1802,台玻,86,bearish,-0.0700808242872222,-7.008082428722229,bullish_cluster_10_rep_2,bullish,10,2025-11-26,3661.TW,0.5395489009715042,0.6495409138150586,False,0.0,2
2025-11-27,6770.TW,6770,力積電,55,neutral,-0.0105581379399071,-1.055813793990712,bullish_cluster_10_rep_2,bullish,10,2025-11-26,3661.TW,0.6017783870757111,0.624306088825216,False,0.0,3
2024-07-30,3533.TW,3533,嘉澤,82,neutral,0.0107142857142856,1.0714285714285676,bullish_cluster_10_rep_2,bullish,10,2025-11-26,3661.TW,0.6235417247104218,0.6159373576791579,False,0.0,4
2018-04-30,2379.TW,2379,瑞昱,53,neutral,-0.0265486725663717,-2.6548672566371723,bullish_cluster_10_rep_2,bullish,10,2025-11-26,3661.TW,0.629416977705031,0.613716448080994,False,0.0,5
2018-04-10,3661.TW,3661,世芯-KY,56,bullish,0.1213389121338912,12.133891213389123,bullish_cluster_10_rep_2,bullish,10,2025-11-26,3661.TW,0.632084022225655,0.6127135529678864,True,0.0,6
2018-10-31,6213.TW,6213,聯茂,81,bullish,0.1944444472188526,19.44444472188527,bullish_cluster_10_rep_2,bullish,10,2025-11-26,3661.TW,0.6321573789101013,0.6126860147933563,True,0.0,7
2022-05-03,3481.TW,3481,群創,52,neutral,-0.0035211725629632,-0.3521172562963248,bullish_cluster_10_rep_2,bullish,10,2025-11-26,3661.TW,0.651274130376491,0.605592967033281,False,0.0,8
2018-08-27,3532.TW,3532,台勝科,98,neutral,-0.0176991150442478,-1.7699115044247815,bullish_cluster_10_rep_2,bullish,10,2025-11-26,3661.TW,0.652844439564625,0.6050176145211884,False,0.0,9
2022-03-17,6531.TW,6531,愛普*,95,neutral,0.0014925373134329,0.1492537313432906,bullish_cluster_10_rep_2,bullish,10,2025-11-26,3661.TW,0.6541499334803677,0.6045401204327218,False,0.0,10
2021-10-07,6805.TW,6805,富世達,93,neutral,0.015228426395939,1.522842639593902,bullish_cluster_10_rep_2,bullish,10,2025-11-26,3661.TW,0.6561312852338864,0.6038168645904032,False,0.0,11
2018-07-25,1590.TW,1590,亞德客-KY,64,neutral,-0.0060240935844584,-0.6024093584458434,bullish_cluster_10_rep_2,bullish,10,2025-11-26,3661.TW,0.6594121689195096,0.6026230364763013,False,0.0,12
2020-01-20,6515.TW,6515,穎崴,73,bearish,-0.1717171717171717,-17.17171717171717,bullish_cluster_10_rep_2,bullish,10,2025-11-26,3661.TW,0.6641607803251699,0.6009034774900802,False,0.0,13
2022-07-18,3481.TW,3481,群創,52,neutral,0.0321101133022041,3.211011330220414,bullish_cluster_10_rep_2,bullish,10,2025-11-26,3661.TW,0.670575838003374,0.5985959914248326,False,0.0,14
2025-01-16,6805.TW,6805,富世達,93,neutral,0.0235294117647058,2.35294117647058,bullish_cluster_10_rep_2,bullish,10,2025-11-26,3661.TW,0.6731979713072408,0.5976579084773317,False,0.0,15
2021-10-07,6415.TW,6415,矽力*-KY,92,neutral,-0.0384615384615384,-3.846153846153844,bullish_cluster_10_rep_2,bullish,10,2025-11-26,3661.TW,0.6753866384823942,0.5968771488507418,False,0.0,16
2022-07-08,6213.TW,6213,聯茂,81,neutral,0.0155367009421871,1.5536700942187176,bullish_cluster_10_rep_2,bullish,10,2025-11-26,3661.TW,0.6923954691700246,0.590878443139779,False,0.0,17
2020-05-21,6213.TW,6213,聯茂,81,neutral,-0.022304907172199,-2.2304907172199018,bullish_cluster_10_rep_2,bullish,10,2025-11-26,3661.TW,0.6953708527862528,0.5898414487641761,False,0.0,18
2025-09-04,6805.TW,6805,富世達,93,neutral,0.0183299389002036,1.8329938900203624,bullish_cluster_10_rep_2,bullish,10,2025-11-26,3661.TW,0.6992691589572192,0.588488289055787,False,0.0,19
2022-07-05,2376.TW,2376,技嘉,70,neutral,0.0359629491098125,3.596294910981257,bullish_cluster_10_rep_2,bullish,10,2025-11-26,3661.TW,0.6993956638700655,0.5884444813297224,False,0.0,20
2024-04-24,6515.TW,6515,穎崴,73,neutral,0.0219512195121951,2.195121951219514,bullish_cluster_10_rep_2,bullish,10,2025-11-26,3661.TW,0.7026062181648292,0.5873348689386674,False,0.0,21
2018-10-16,2313.TW,2313,華通,60,neutral,-0.0353773572174159,-3.537735721741597,bullish_cluster_10_rep_2,bullish,10,2025-11-26,3661.TW,0.7030631129090459,0.5871772997841955,False,0.0,22
2018-09-14,2313.TW,2313,華通,60,neutral,-0.0386179165938164,-3.8617916593816415,bullish_cluster_10_rep_2,bullish,10,2025-11-26,3661.TW,0.7037128838843826,0.586953359019067,False,0.0,23
2022-07-08,2404.TW,2404,漢唐,79,neutral,-0.0107142857142856,-1.0714285714285676,bullish_cluster_10_rep_2,bullish,10,2025-11-26,3661.TW,0.7073183523312033,0.5857138468842569,False,0.0,24
2020-03-05,2492.TW,2492,華新科,100,neutral,-0.0373831775700934,-3.738317757009346,bullish_cluster_10_rep_2,bullish,10,2025-11-26,3661.TW,0.7080392249256471,0.5854666481933581,False,0.0,25
2024-08-07,2379.TW,2379,瑞昱,53,neutral,0.0408997955010224,4.089979550102241,bullish_cluster_10_rep_2,bullish,10,2025-11-26,3661.TW,0.7133028943851656,0.583667956948651,False,0.0,26
2018-10-15,2313.TW,2313,華通,60,neutral,0.0096385909850338,0.9638590985033836,bullish_cluster_10_rep_2,bullish,10,2025-11-26,3661.TW,0.7152316254556745,0.5830116382878239,False,0.0,27
2024-07-23,6805.TW,6805,富世達,93,neutral,0.0303030303030302,3.030303030303028,bullish_cluster_10_rep_2,bullish,10,2025-11-26,3661.TW,0.7185004178195369,0.581902680750475,False,0.0,28
2021-11-18,2609.TW,2609,陽明,77,neutral,0.0136986301369863,1.3698630136986356,bullish_cluster_10_rep_2,bullish,10,2025-11-26,3661.TW,0.7191482000292936,0.581683417394126,False,0.0,29
2018-09-14,2337.TW,2337,旺宏,67,neutral,-0.0125673384802753,-1.2567338480275358,bullish_cluster_10_rep_2,bullish,10,2025-11-26,3661.TW,0.722038689118166,0.5807070458516163,False,0.0,30
2025-09-05,6805.TW,6805,富世達,93,neutral,0.0048076923076922,0.480769230769229,bullish_cluster_10_rep_2,bullish,10,2025-11-26,3661.TW,0.7224111155707902,0.5805814831081195,False,0.0,31
2022-10-14,1605.TW,1605,華新,88,neutral,-0.0206896551724138,-2.0689655172413834,bullish_cluster_10_rep_2,bullish,10,2025-11-26,3661.TW,0.722837492593075,0.5804377977024875,False,0.0,32
2022-06-27,3532.TW,3532,台勝科,98,bearish,-0.0902061855670103,-9.020618556701033,bullish_cluster_10_rep_2,bullish,10,2025-11-26,3661.TW,0.7233322523858353,0.5802711570073434,False,0.0,33
2024-09-19,3661.TW,3661,世芯-KY,56,bearish,-0.0761099365750528,-7.610993657505283,bullish_cluster_10_rep_2,bullish,10,2025-11-26,3661.TW,0.7246882167417862,0.5798149429519273,False,0.0,34
2025-09-30,3661.TW,3661,世芯-KY,56,neutral,-0.0447330447330447,-4.473304473304474,bullish_cluster_10_rep_2,bullish,10,2025-11-26,3661.TW,0.7248246571600209,0.5797690773081433,False,0.0,35
2024-05-20,6805.TW,6805,富世達,93,bullish,0.0722713864306785,7.227138643067854,bullish_cluster_10_rep_2,bullish,10,2025-11-26,3661.TW,0.7281308650037293,0.5786598805975507,True,0.0,36
2018-10-31,6415.TW,6415,矽力*-KY,92,bullish,0.1065989847715735,10.65989847715736,bullish_cluster_10_rep_2,bullish,10,2025-11-26,3661.TW,0.7287340884450564,0.5784579633640877,True,0.0,37
2021-08-02,1802.TW,1802,台玻,86,neutral,-0.0292620288424121,-2.9262028842412136,bullish_cluster_10_rep_2,bullish,10,2025-11-26,3661.TW,0.7289043367058339,0.5784010015877159,False,0.0,38
2023-10-25,6415.TW,6415,矽力*-KY,92,neutral,0.0,0.0,bullish_cluster_10_rep_2,bullish,10,2025-11-26,3661.TW,0.730000741343302,0.5780344343803722,False,0.0,39
2024-05-24,6139.TW,6139,亞翔,85,neutral,0.0022935779816513,0.2293577981651307,bullish_cluster_10_rep_2,bullish,10,2025-11-26,3661.TW,0.7301965935686872,0.5779690028966069,False,0.0,40
2018-05-02,2379.TW,2379,瑞昱,53,neutral,-0.0265486725663717,-2.6548672566371723,bullish_cluster_10_rep_2,bullish,10,2025-11-26,3661.TW,0.7334102428353158,0.5768974794820143,False,0.0,41
2024-04-29,2379.TW,2379,瑞昱,53,neutral,-0.0303605313092979,-3.0360531309297945,bullish_cluster_10_rep_2,bullish,10,2025-11-26,3661.TW,0.734965244473618,0.576380422135428,False,0.0,42
2018-09-13,2313.TW,2313,華通,60,neutral,0.0169852033476682,1.6985203347668287,bullish_cluster_10_rep_2,bullish,10,2025-11-26,3661.TW,0.7362388898889285,0.575957609188199,False,0.0,43
2022-07-07,2379.TW,2379,瑞昱,53,neutral,-0.0442073170731707,-4.420731707317072,bullish_cluster_10_rep_2,bullish,10,2025-11-26,3661.TW,0.7379558241186014,0.5753886181239082,False,0.0,44
2021-05-21,6805.TW,6805,富世達,93,bullish,0.0882353200211727,8.823532002117274,bullish_cluster_10_rep_2,bullish,10,2025-11-26,3661.TW,0.7391810887425215,0.5749832530222767,True,0.0,45
2018-06-25,1590.TW,1590,亞德客-KY,64,neutral,-0.039772742821693,-3.977274282169308,bullish_cluster_10_rep_2,bullish,10,2025-11-26,3661.TW,0.7393276555761519,0.5749348012687985,False,0.0,46
2020-01-14,2492.TW,2492,華新科,100,neutral,-0.0275423728813559,-2.754237288135597,bullish_cluster_10_rep_2,bullish,10,2025-11-26,3661.TW,0.7397443425923109,0.5747970983540875,False,0.0,47
2018-06-21,1605.TW,1605,華新,88,bearish,-0.0871560020925003,-8.715600209250029,bullish_cluster_10_rep_2,bullish,10,2025-11-26,3661.TW,0.7404571587297241,0.5745616862697452,False,0.0,48
2021-05-05,2324.TW,2324,仁寶,84,neutral,0.0167363859796942,1.673638597969429,bullish_cluster_10_rep_2,bullish,10,2025-11-26,3661.TW,0.7424414521579629,0.5739073750578702,False,0.0,49
2024-06-18,2609.TW,2609,陽明,77,neutral,0.0242915396602396,2.429153966023967,bullish_cluster_10_rep_2,bullish,10,2025-11-26,3661.TW,0.7437147251541721,0.5734883037772043,False,0.0,50
2024-04-24,2379.TW,2379,瑞昱,53,neutral,-0.0204460966542751,-2.0446096654275103,bullish_cluster_10_rep_2,bullish,10,2025-11-26,3661.TW,0.7455621867023886,0.5728813373811333,False,0.0,51
2021-11-16,2615.TW,2615,萬海,59,neutral,-0.0310558864048549,-3.1055886404854904,bullish_cluster_10_rep_2,bullish,10,2025-11-26,3661.TW,0.7460314617493096,0.572727365976626,False,0.0,52
2025-11-27,1519.TW,1519,華城,66,bearish,-0.0521262236459999,-5.212622364599994,bullish_cluster_10_rep_2,bullish,10,2025-11-26,3661.TW,0.74693811060228,0.5724301244165065,False,0.0,53
2020-10-06,3661.TW,3661,世芯-KY,56,bullish,0.056065239551478,5.606523955147802,bullish_cluster_10_rep_2,bullish,10,2025-11-26,3661.TW,0.7502795806282465,0.5713372943773127,True,0.0,54
2023-06-12,3533.TW,3533,嘉澤,82,neutral,-0.0104166666666666,-1.041666666666663,bullish_cluster_10_rep_2,bullish,10,2025-11-26,3661.TW,0.7510022402736077,0.5711014966170129,False,0.0,55
2018-01-29,2492.TW,2492,華新科,100,neutral,0.0,0.0,bullish_cluster_10_rep_2,bullish,10,2025-11-26,3661.TW,0.7510920914479098,0.5710721925385084,False,0.0,56
2022-09-12,2609.TW,2609,陽明,77,neutral,0.0225351897763534,2.2535189776353493,bullish_cluster_10_rep_2,bullish,10,2025-11-26,3661.TW,0.7524201304338728,0.5706394161041822,False,0.0,57
2025-01-20,6805.TW,6805,富世達,93,bearish,-0.0769230769230768,-7.692307692307687,bullish_cluster_10_rep_2,bullish,10,2025-11-26,3661.TW,0.752466844785325,0.5706242049460849,False,0.0,58
2022-07-07,1802.TW,1802,台玻,86,bearish,-0.0594900430455636,-5.94900430455636,bullish_cluster_10_rep_2,bullish,10,2025-11-26,3661.TW,0.7526988290941721,0.5705486780731285,False,0.0,59
2021-08-23,1802.TW,1802,台玻,86,neutral,0.0144717803485121,1.447178034851215,bullish_cluster_10_rep_2,bullish,10,2025-11-26,3661.TW,0.7546942141672469,0.5698998674105653,False,0.0,60
2021-02-04,6515.TW,6515,穎崴,73,neutral,-0.0287769784172662,-2.877697841726623,bullish_cluster_10_rep_2,bullish,10,2025-11-26,3661.TW,0.7556363153068928,0.5695940504769039,False,0.0,61
2020-03-31,3532.TW,3532,台勝科,98,neutral,0.0231660231660231,2.316602316602312,bullish_cluster_10_rep_2,bullish,10,2025-11-26,3661.TW,0.755846083265176,0.5695260020402229,False,0.0,62
2021-10-07,1802.TW,1802,台玻,86,neutral,-0.0486486623953053,-4.86486623953053,bullish_cluster_10_rep_2,bullish,10,2025-11-26,3661.TW,0.7563236684927541,0.569371134682813,False,0.0,63
2023-10-25,6805.TW,6805,富世達,93,neutral,-0.0218579234972677,-2.1857923497267784,bullish_cluster_10_rep_2,bullish,10,2025-11-26,3661.TW,0.7567391763752753,0.5692364657474797,False,0.0,64
2023-07-04,6531.TW,6531,愛普*,95,neutral,-0.0189873417721518,-1.898734177215189,bullish_cluster_10_rep_2,bullish,10,2025-11-26,3661.TW,0.7574663112524385,0.569000949604184,False,0.0,65
2024-07-23,3533.TW,3533,嘉澤,82,bearish,-0.054054054054054,-5.405405405405405,bullish_cluster_10_rep_2,bullish,10,2025-11-26,3661.TW,0.7576503256361957,0.5689413789617351,False,0.0,66
2022-10-27,5871.TW,5871,中租-KY,78,neutral,0.0299999988971197,2.9999998897119795,bullish_cluster_10_rep_2,bullish,10,2025-11-26,3661.TW,0.7626765750954473,0.5673190499770787,False,0.0,67
2022-09-29,2618.TW,2618,長榮航,72,neutral,-0.0312499875823651,-3.124998758236519,bullish_cluster_10_rep_2,bullish,10,2025-11-26,3661.TW,0.7629465996246556,0.5672321556494719,False,0.0,68
2021-09-17,2615.TW,2615,萬海,59,neutral,0.0238095974219387,2.3809597421938777,bullish_cluster_10_rep_2,bullish,10,2025-11-26,3661.TW,0.763821587826606,0.5669507658267224,False,0.0,69
2021-07-29,1802.TW,1802,台玻,86,neutral,-0.0088607208638251,-0.8860720863825167,bullish_cluster_10_rep_2,bullish,10,2025-11-26,3661.TW,0.7648823312031882,0.5666100126450139,False,0.0,70
2018-11-12,2313.TW,2313,華通,60,bullish,0.0510752062423212,5.10752062423212,bullish_cluster_10_rep_2,bullish,10,2025-11-26,3661.TW,0.7667994482523589,0.5659951959964422,True,0.0,71
2021-09-17,2609.TW,2609,陽明,77,neutral,0.0284552845528456,2.8455284552845628,bullish_cluster_10_rep_2,bullish,10,2025-11-26,3661.TW,0.767462666778851,0.5657828132927247,False,0.0,72
2022-04-18,3661.TW,3661,世芯-KY,56,neutral,-0.002125398512221,-0.2125398512221044,bullish_cluster_10_rep_2,bullish,10,2025-11-26,3661.TW,0.7676549625826925,0.5657212641424749,False,0.0,73
2018-09-26,3661.TW,3661,世芯-KY,56,neutral,-0.0055555555555555,-0.5555555555555536,bullish_cluster_10_rep_2,bullish,10,2025-11-26,3661.TW,0.7678124338233348,0.5656708714494393,False,0.0,74
2022-07-08,2337.TW,2337,旺宏,67,neutral,-0.0177419108729208,-1.7741910872920874,bullish_cluster_10_rep_2,bullish,10,2025-11-26,3661.TW,0.7679690012336655,0.5656207768927018,False,0.0,75
2025-09-10,6805.TW,6805,富世達,93,neutral,-0.0382775119617224,-3.827751196172247,bullish_cluster_10_rep_2,bullish,10,2025-11-26,3661.TW,0.7720500620389468,0.5643181428234513,False,0.0,76
2021-06-10,6415.TW,6415,矽力*-KY,92,neutral,-0.0123456790123457,-1.2345679012345734,bullish_cluster_10_rep_2,bullish,10,2025-11-26,3661.TW,0.7731481414451068,0.5639686705392845,False,0.0,77
2024-01-18,2609.TW,2609,陽明,77,neutral,-0.0360623489597364,-3.606234895973648,bullish_cluster_10_rep_2,bullish,10,2025-11-26,3661.TW,0.7749354419620661,0.563400772985056,False,0.0,78
2022-05-27,3661.TW,3661,世芯-KY,56,bullish,0.0832356389214536,8.32356389214537,bullish_cluster_10_rep_2,bullish,10,2025-11-26,3661.TW,0.7758202751947219,0.5631200487844121,True,0.0,79
2018-10-12,3034.TW,3034,聯詠,58,neutral,0.0393700787401574,3.937007874015741,bullish_cluster_10_rep_2,bullish,10,2025-11-26,3661.TW,0.7763798422582437,0.5629426636190255,False,0.0,80
2022-04-18,6531.TW,6531,愛普*,95,neutral,0.0163934426229508,1.6393442622950838,bullish_cluster_10_rep_2,bullish,10,2025-11-26,3661.TW,0.7770744849773144,0.5627226143043552,False,0.0,81
2020-02-06,6515.TW,6515,穎崴,73,neutral,0.0391445837974504,3.914458379745045,bullish_cluster_10_rep_2,bullish,10,2025-11-26,3661.TW,0.7776355008256111,0.5625450209199561,False,0.0,82
2024-07-16,6213.TW,6213,聯茂,81,neutral,-0.0361990950226244,-3.6199095022624417,bullish_cluster_10_rep_2,bullish,10,2025-11-26,3661.TW,0.7778721993455121,0.5624701260125052,False,0.0,83
2024-03-11,6531.TW,6531,愛普*,95,bearish,-0.0869074492099323,-8.690744920993232,bullish_cluster_10_rep_2,bullish,10,2025-11-26,3661.TW,0.7779849099100642,0.5624344697338196,False,0.0,84
2022-10-18,1590.TW,1590,亞德客-KY,64,neutral,-0.0303867403314916,-3.038674033149169,bullish_cluster_10_rep_2,bullish,10,2025-11-26,3661.TW,0.7783168457892387,0.5623294872158666,False,0.0,85
2022-02-25,6531.TW,6531,愛普*,95,neutral,0.0345303867403314,3.4530386740331487,bullish_cluster_10_rep_2,bullish,10,2025-11-26,3661.TW,0.7795941594836477,0.5619258720708274,False,0.0,86
2021-10-08,3532.TW,3532,台勝科,98,bearish,-0.0578778135048231,-5.787781350482312,bullish_cluster_10_rep_2,bullish,10,2025-11-26,3661.TW,0.7802866246970015,0.5617073038282229,False,0.0,87
2022-07-07,2404.TW,2404,漢唐,79,neutral,0.0073800738007379,0.7380073800737907,bullish_cluster_10_rep_2,bullish,10,2025-11-26,3661.TW,0.7803032468585577,0.5617020593343043,False,0.0,88
2023-10-24,6213.TW,6213,聯茂,81,neutral,-0.0349397774202278,-3.49397774202278,bullish_cluster_10_rep_2,bullish,10,2025-11-26,3661.TW,0.7814145240753939,0.5613516598664924,False,0.0,89
2019-01-30,6415.TW,6415,矽力*-KY,92,bullish,0.1035242290748899,10.35242290748899,bullish_cluster_10_rep_2,bullish,10,2025-11-26,3661.TW,0.7817366705562571,0.5612501648112797,True,0.0,90
2021-12-15,6515.TW,6515,穎崴,73,neutral,-0.0080106809078771,-0.8010680907877155,bullish_cluster_10_rep_2,bullish,10,2025-11-26,3661.TW,0.7821592359209862,0.5611170875442109,False,0.0,91
2024-09-06,3661.TW,3661,世芯-KY,56,neutral,-0.0123456790123457,-1.2345679012345734,bullish_cluster_10_rep_2,bullish,10,2025-11-26,3661.TW,0.7823030898806992,0.5610717984374568,False,0.0,92
2022-08-11,3661.TW,3661,世芯-KY,56,bullish,0.1784107946026987,17.84107946026987,bullish_cluster_10_rep_2,bullish,10,2025-11-26,3661.TW,0.7890239533464225,0.5589640083518559,True,0.0,93
2025-11-12,6213.TW,6213,聯茂,81,neutral,-0.0271493212669683,-2.714932126696834,bullish_cluster_10_rep_2,bullish,10,2025-11-26,3661.TW,0.7891645916619777,0.5589200706633074,False,0.0,94
2025-11-13,6139.TW,6139,亞翔,85,neutral,-0.0024067388688326,-0.2406738868832691,bullish_cluster_10_rep_2,bullish,10,2025-11-26,3661.TW,0.7911510050265044,0.5583002199109408,False,0.0,95
2018-09-11,6531.TW,6531,愛普*,95,neutral,-0.0050167097138461,-0.5016709713846157,bullish_cluster_10_rep_3,bullish,10,2025-07-10,6919.TW,0.5352323999086376,0.651367180668875,False,0.0,1
2021-06-11,2409.TW,2409,友達,80,neutral,-0.0086767895878524,-0.8676789587852451,bullish_cluster_10_rep_3,bullish,10,2025-07-10,6919.TW,0.5801865159585171,0.6328366872523369,False,0.0,2
2022-09-30,6415.TW,6415,矽力*-KY,92,bullish,0.0700712589073633,7.007125890736332,bullish_cluster_10_rep_3,bullish,10,2025-07-10,6919.TW,0.6030190006957457,0.623822923849298,True,0.0,3
2022-08-25,6415.TW,6415,矽力*-KY,92,bearish,-0.0846286701208981,-8.462867012089815,bullish_cluster_10_rep_3,bullish,10,2025-07-10,6919.TW,0.6134256499971826,0.6197992451661756,False,0.0,4
2021-05-07,2337.TW,2337,旺宏,67,bearish,-0.1450116060619525,-14.501160606195253,bullish_cluster_10_rep_3,bullish,10,2025-07-10,6919.TW,0.6294948641376755,0.6136871137235511,False,0.0,5
2024-07-30,2449.TW,2449,京元電子,57,neutral,-0.0281690564616231,-2.8169056461623154,bullish_cluster_10_rep_3,bullish,10,2025-07-10,6919.TW,0.6361754602649262,0.611181394835296,False,0.0,6
2024-03-11,6531.TW,6531,愛普*,95,bearish,-0.0869074492099323,-8.690744920993232,bullish_cluster_10_rep_3,bullish,10,2025-07-10,6919.TW,0.6373092613717968,0.6107581649920943,False,0.0,7
2024-07-30,6213.TW,6213,聯茂,81,bearish,-0.051422368699917,-5.1422368699917005,bullish_cluster_10_rep_3,bullish,10,2025-07-10,6919.TW,0.646751637073152,0.6072561140897642,False,0.0,8
2022-09-30,6531.TW,6531,愛普*,95,neutral,0.0359477124183007,3.594771241830075,bullish_cluster_10_rep_3,bullish,10,2025-07-10,6919.TW,0.6603292050189867,0.6022901946054515,False,0.0,9
2018-12-24,1590.TW,1590,亞德客-KY,64,neutral,0.0,0.0,bullish_cluster_10_rep_3,bullish,10,2025-07-10,6919.TW,0.6635617179542141,0.6011198678157625,False,0.0,10
2019-04-30,2492.TW,2492,華新科,100,neutral,-0.0476190476190476,-4.761904761904767,bullish_cluster_10_rep_3,bullish,10,2025-07-10,6919.TW,0.6643781046176704,0.60082501519672,False,0.0,11
2024-08-07,3481.TW,3481,群創,52,bullish,0.0571428057612177,5.714280576121777,bullish_cluster_10_rep_3,bullish,10,2025-07-10,6919.TW,0.66608763944623,0.6002085222433903,True,0.0,12
2023-09-20,1519.TW,1519,華城,66,neutral,-0.0443548535692832,-4.435485356928326,bullish_cluster_10_rep_3,bullish,10,2025-07-10,6919.TW,0.6692514789546352,0.5990709084926183,False,0.0,13
2021-06-11,3481.TW,3481,群創,52,neutral,-0.0163934525953518,-1.6393452595351854,bullish_cluster_10_rep_3,bullish,10,2025-07-10,6919.TW,0.6755796732284777,0.59680838576492,False,0.0,14
2025-11-12,6213.TW,6213,聯茂,81,neutral,-0.0271493212669683,-2.714932126696834,bullish_cluster_10_rep_3,bullish,10,2025-07-10,6919.TW,0.6765596461143222,0.5964595428010269,False,0.0,15
2025-04-01,1605.TW,1605,華新,88,bearish,-0.1855670103092783,-18.55670103092784,bullish_cluster_10_rep_3,bullish,10,2025-07-10,6919.TW,0.6770646923325093,0.5962799196548415,False,0.0,16
2022-10-27,5871.TW,5871,中租-KY,78,neutral,0.0299999988971197,2.9999998897119795,bullish_cluster_10_rep_3,bullish,10,2025-07-10,6919.TW,0.6771335694418589,0.5962554314220748,False,0.0,17
2025-03-11,6919.TW,6919,康霈*,97,neutral,0.0149425638133082,1.4942563813308274,bullish_cluster_10_rep_3,bullish,10,2025-07-10,6919.TW,0.6779122641502013,0.5959787179375925,False,0.0,18
2022-04-18,3661.TW,3661,世芯-KY,56,neutral,-0.002125398512221,-0.2125398512221044,bullish_cluster_10_rep_3,bullish,10,2025-07-10,6919.TW,0.688319699352474,0.5923048818203879,False,0.0,19
2024-04-23,3661.TW,3661,世芯-KY,56,bullish,0.0874125874125875,8.74125874125875,bullish_cluster_10_rep_3,bullish,10,2025-07-10,6919.TW,0.6900627983062153,0.5916939897157681,True,0.0,20
2024-04-01,6415.TW,6415,矽力*-KY,92,bearish,-0.0634218289085545,-6.342182890855453,bullish_cluster_10_rep_3,bullish,10,2025-07-10,6919.TW,0.6987458138538787,0.588669588966544,False,0.0,21
2022-09-07,3532.TW,3532,台勝科,98,bullish,0.0664652567975829,6.646525679758297,bullish_cluster_10_rep_3,bullish,10,2025-07-10,6919.TW,0.6998011245100396,0.5883041172173867,True,0.0,22
2022-03-16,3533.TW,3533,嘉澤,82,bullish,0.0679611467411984,6.796114674119846,bullish_cluster_10_rep_3,bullish,10,2025-07-10,6919.TW,0.7002114078091254,0.5881621517224082,True,0.0,23
2024-09-06,3661.TW,3661,世芯-KY,56,neutral,-0.0123456790123457,-1.2345679012345734,bullish_cluster_10_rep_3,bullish,10,2025-07-10,6919.TW,0.7053356374960676,0.5863948292714347,False,0.0,24
2021-08-05,1590.TW,1590,亞德客-KY,64,neutral,-0.0086206856398138,-0.8620685639813885,bullish_cluster_10_rep_3,bullish,10,2025-07-10,6919.TW,0.7063381196783834,0.5860503193754375,False,0.0,25
2025-11-13,6139.TW,6139,亞翔,85,neutral,-0.0024067388688326,-0.2406738868832691,bullish_cluster_10_rep_3,bullish,10,2025-07-10,6919.TW,0.7123140486585899,0.5840050198638446,False,0.0,26
2021-10-07,6415.TW,6415,矽力*-KY,92,neutral,-0.0384615384615384,-3.846153846153844,bullish_cluster_10_rep_3,bullish,10,2025-07-10,6919.TW,0.7138580953354152,0.5834788788649928,False,0.0,27
2025-10-13,6919.TW,6919,康霈*,97,neutral,0.0,0.0,bullish_cluster_10_rep_3,bullish,10,2025-07-10,6919.TW,0.7195171835500356,0.5815585965447849,False,0.0,28
2025-01-14,3661.TW,3661,世芯-KY,56,neutral,0.0210896309314587,2.108963093145877,bullish_cluster_10_rep_3,bullish,10,2025-07-10,6919.TW,0.7202816813548687,0.5813001503407365,False,0.0,29
2020-03-20,4938.TW,4938,和碩,69,bullish,0.059845604912682,5.984560491268209,bullish_cluster_10_rep_3,bullish,10,2025-07-10,6919.TW,0.7206716438386056,0.5811684080346229,True,0.0,30
2023-11-06,2376.TW,2376,技嘉,70,bullish,0.05,5.000000000000004,bullish_cluster_10_rep_3,bullish,10,2025-07-10,6919.TW,0.7250422087659623,0.5796959604341314,False,0.0,31
2023-06-29,1519.TW,1519,華城,66,neutral,-0.0293159281580051,-2.93159281580051,bullish_cluster_10_rep_3,bullish,10,2025-07-10,6919.TW,0.7256248935409567,0.5795002168449337,False,0.0,32
2022-05-27,3661.TW,3661,世芯-KY,56,bullish,0.0832356389214536,8.32356389214537,bullish_cluster_10_rep_3,bullish,10,2025-07-10,6919.TW,0.7256444654769135,0.5794936442621347,True,0.0,33
2018-10-15,3034.TW,3034,聯詠,58,neutral,0.0426356589147287,4.263565891472876,bullish_cluster_10_rep_3,bullish,10,2025-07-10,6919.TW,0.7258348608844016,0.5794297140848989,False,0.0,34
2024-10-30,6805.TW,6805,富世達,93,neutral,0.0200945626477542,2.009456264775422,bullish_cluster_10_rep_3,bullish,10,2025-07-10,6919.TW,0.7277546290051577,0.578785889623575,False,0.0,35
2024-07-31,6213.TW,6213,聯茂,81,bearish,-0.1417582585261418,-14.175825852614189,bullish_cluster_10_rep_3,bullish,10,2025-07-10,6919.TW,0.7287122639803252,0.5784652662193303,False,0.0,36
2018-08-01,3661.TW,3661,世芯-KY,56,neutral,-0.0080645161290322,-0.8064516129032251,bullish_cluster_10_rep_3,bullish,10,2025-07-10,6919.TW,0.731052688470717,0.5776831673930394,False,0.0,37
2023-05-17,6415.TW,6415,矽力*-KY,92,bearish,-0.0646766169154229,-6.467661691542292,bullish_cluster_10_rep_3,bullish,10,2025-07-10,6919.TW,0.7312931837029913,0.5776029209917763,False,0.0,38
2023-10-23,1519.TW,1519,華城,66,bearish,-0.0507246131528403,-5.072461315284038,bullish_cluster_10_rep_3,bullish,10,2025-07-10,6919.TW,0.7336996048953104,0.5768011927651013,False,0.0,39
2020-01-16,6515.TW,6515,穎崴,73,neutral,-0.0292553191489362,-2.92553191489362,bullish_cluster_10_rep_3,bullish,10,2025-07-10,6919.TW,0.7345530651664013,0.576517386571893,False,0.0,40
2024-12-17,6415.TW,6415,矽力*-KY,92,neutral,-0.0184956843403205,-1.849568434032056,bullish_cluster_10_rep_3,bullish,10,2025-07-10,6919.TW,0.7348311159821257,0.5764249849956595,False,0.0,41
2022-07-14,1590.TW,1590,亞德客-KY,64,neutral,0.0011123470522802,0.1112347052280249,bullish_cluster_10_rep_3,bullish,10,2025-07-10,6919.TW,0.7349981570369487,0.5763694883156604,False,0.0,42
2023-10-26,1519.TW,1519,華城,66,bearish,-0.1450382158692753,-14.503821586927534,bullish_cluster_10_rep_3,bullish,10,2025-07-10,6919.TW,0.7366393454292932,0.5758247978383804,False,0.0,43
2022-06-10,3661.TW,3661,世芯-KY,56,bearish,-0.0684769775678866,-6.847697756788662,bullish_cluster_10_rep_3,bullish,10,2025-07-10,6919.TW,0.7383253398812922,0.5752663077834951,False,0.0,44
2018-08-13,1590.TW,1590,亞德客-KY,64,neutral,-0.0173010288206968,-1.730102882069684,bullish_cluster_10_rep_3,bullish,10,2025-07-10,6919.TW,0.7388152821799621,0.5751042162145565,False,0.0,45
2019-08-21,2615.TW,2615,萬海,59,neutral,-0.0284973730525421,-2.8497373052542185,bullish_cluster_10_rep_3,bullish,10,2025-07-10,6919.TW,0.7391712478179001,0.5749865065068652,False,0.0,46
2018-09-04,1590.TW,1590,亞德客-KY,64,bearish,-0.092495646025687,-9.249564602568704,bullish_cluster_10_rep_3,bullish,10,2025-07-10,6919.TW,0.7409063916322934,0.5744134232641818,False,0.0,47
2025-03-07,3661.TW,3661,世芯-KY,56,neutral,-0.030560271646859,-3.056027164685904,bullish_cluster_10_rep_3,bullish,10,2025-07-10,6919.TW,0.7431040901090327,0.5736892051796225,False,0.0,48
2018-02-08,2376.TW,2376,技嘉,70,bullish,0.1059701264794192,10.597012647941929,bullish_cluster_10_rep_3,bullish,10,2025-07-10,6919.TW,0.7438127456570361,0.5734560677403574,True,0.0,49
2023-08-16,6531.TW,6531,愛普*,95,neutral,0.0031152647975076,0.3115264797507677,bullish_cluster_10_rep_3,bullish,10,2025-07-10,6919.TW,0.7443403703663868,0.5732826098555277,False,0.0,50
2025-09-30,3661.TW,3661,世芯-KY,56,neutral,-0.0447330447330447,-4.473304473304474,bullish_cluster_10_rep_3,bullish,10,2025-07-10,6919.TW,0.745137731577573,0.5730206744747981,False,0.0,51
2022-04-18,6531.TW,6531,愛普*,95,neutral,0.0163934426229508,1.6393442622950838,bullish_cluster_10_rep_3,bullish,10,2025-07-10,6919.TW,0.750493110675727,0.5712676010555557,False,0.0,52
2022-09-30,2615.TW,2615,萬海,59,bullish,0.0913173382551302,9.131733825513022,bullish_cluster_10_rep_3,bullish,10,2025-07-10,6919.TW,0.7510938594648693,0.5710716159473016,True,0.0,53
2022-02-09,3532.TW,3532,台勝科,98,bullish,0.1636726546906188,16.367265469061888,bullish_cluster_10_rep_3,bullish,10,2025-07-10,6919.TW,0.7523669002101049,0.570656749953507,True,0.0,54
2018-10-16,2379.TW,2379,瑞昱,53,neutral,0.0,0.0,bullish_cluster_10_rep_3,bullish,10,2025-07-10,6919.TW,0.7537936831526025,0.5701924973309345,False,0.0,55
2020-05-19,6213.TW,6213,聯茂,81,neutral,0.0038314107667547,0.383141076675475,bullish_cluster_10_rep_3,bullish,10,2025-07-10,6919.TW,0.7539019151027897,0.5701573111865801,False,0.0,56
2018-10-08,3661.TW,3661,世芯-KY,56,bearish,-0.0936709053908722,-9.36709053908722,bullish_cluster_10_rep_3,bullish,10,2025-07-10,6919.TW,0.7551329150920808,0.5697574191681866,False,0.0,57
2021-03-12,6770.TW,6770,力積電,55,neutral,-0.0071530727387706,-0.7153072738770638,bullish_cluster_10_rep_3,bullish,10,2025-07-10,6919.TW,0.7592779796158831,0.5684150041020453,False,0.0,58
2024-03-15,6531.TW,6531,愛普*,95,neutral,-0.0270935960591133,-2.7093596059113323,bullish_cluster_10_rep_3,bullish,10,2025-07-10,6919.TW,0.7596808131943975,0.5682848801338422,False,0.0,59
2025-01-14,6415.TW,6415,矽力*-KY,92,bullish,0.0590604026845638,5.906040268456381,bullish_cluster_10_rep_3,bullish,10,2025-07-10,6919.TW,0.7597342556066253,0.568267621553616,True,0.0,60
2023-06-12,3533.TW,3533,嘉澤,82,neutral,-0.0104166666666666,-1.041666666666663,bullish_cluster_10_rep_3,bullish,10,2025-07-10,6919.TW,0.7600028531569202,0.5681808970970122,False,0.0,61
2021-02-01,2379.TW,2379,瑞昱,53,neutral,0.0203426124197001,2.0342612419700146,bullish_cluster_10_rep_3,bullish,10,2025-07-10,6919.TW,0.7601576629287466,0.5681309243264541,False,0.0,62
2024-07-31,3533.TW,3533,嘉澤,82,bearish,-0.0827338129496403,-8.273381294964032,bullish_cluster_10_rep_3,bullish,10,2025-07-10,6919.TW,0.7622577581030916,0.5674538786405503,False,0.0,63
2021-06-24,2376.TW,2376,技嘉,70,neutral,-0.0491071428571429,-4.91071428571429,bullish_cluster_10_rep_3,bullish,10,2025-07-10,6919.TW,0.7629893042743894,0.5672184156622434,False,0.0,64
2019-05-14,2492.TW,2492,華新科,100,neutral,-0.0120481927710843,-1.2048192771084376,bullish_cluster_10_rep_3,bullish,10,2025-07-10,6919.TW,0.7635597078237328,0.5670349552462953,False,0.0,65
2018-10-09,3034.TW,3034,聯詠,58,bearish,-0.0583941605839416,-5.839416058394164,bullish_cluster_10_rep_3,bullish,10,2025-07-10,6919.TW,0.7642315173411213,0.5668190314993936,False,0.0,66
2022-09-27,2609.TW,2609,陽明,77,neutral,-0.0360501452126116,-3.605014521261163,bullish_cluster_10_rep_3,bullish,10,2025-07-10,6919.TW,0.7659479172482848,0.5662681159692459,False,0.0,67
2022-06-21,6415.TW,6415,矽力*-KY,92,neutral,0.0082987551867219,0.8298755186721962,bullish_cluster_10_rep_3,bullish,10,2025-07-10,6919.TW,0.767590484847328,0.5657419003850165,False,0.0,68
2019-05-02,2492.TW,2492,華新科,100,bearish,-0.05,-5.000000000000004,bullish_cluster_10_rep_3,bullish,10,2025-07-10,6919.TW,0.7686443124803508,0.5654048091770344,False,0.0,69
2025-01-15,6415.TW,6415,矽力*-KY,92,bullish,0.0781671159029648,7.816711590296488,bullish_cluster_10_rep_3,bullish,10,2025-07-10,6919.TW,0.7687864246732369,0.5653593820320837,True,0.0,70
2022-10-17,2379.TW,2379,瑞昱,53,neutral,0.0079681274900398,0.7968127490039834,bullish_cluster_10_rep_3,bullish,10,2025-07-10,6919.TW,0.7691129403797524,0.5652550366769366,False,0.0,71
2024-09-30,3661.TW,3661,世芯-KY,56,bearish,-0.0556962025316455,-5.569620253164553,bullish_cluster_10_rep_3,bullish,10,2025-07-10,6919.TW,0.769279149496538,0.5652019356496445,False,0.0,72
2020-10-30,2376.TW,2376,技嘉,70,neutral,0.0013927363491754,0.1392736349175471,bullish_cluster_10_rep_3,bullish,10,2025-07-10,6919.TW,0.7703679089910886,0.5648543418129895,False,0.0,73
2023-10-25,6415.TW,6415,矽力*-KY,92,neutral,0.0,0.0,bullish_cluster_10_rep_3,bullish,10,2025-07-10,6919.TW,0.7725126634110507,0.5641708635669686,False,0.0,74
2018-04-25,2313.TW,2313,華通,60,neutral,-0.0116279195027916,-1.1627919502791628,bullish_cluster_10_rep_3,bullish,10,2025-07-10,6919.TW,0.7726182089261606,0.564137271615749,False,0.0,75
2025-03-13,1519.TW,1519,華城,66,neutral,-0.0381817638605274,-3.8181763860527407,bullish_cluster_10_rep_3,bullish,10,2025-07-10,6919.TW,0.7738879741737312,0.5637334569934133,False,0.0,76
2023-08-07,6805.TW,6805,富世達,93,neutral,0.0351351351351352,3.513513513513522,bullish_cluster_10_rep_3,bullish,10,2025-07-10,6919.TW,0.7740613884326714,0.5636783521248209,False,0.0,77
2020-05-20,6213.TW,6213,聯茂,81,neutral,0.0311283480860704,3.1128348086070456,bullish_cluster_10_rep_3,bullish,10,2025-07-10,6919.TW,0.7761033601890811,0.5630302956543821,False,0.0,78
2022-12-27,6415.TW,6415,矽力*-KY,92,neutral,-0.0374862183020948,-3.7486218302094874,bullish_cluster_10_rep_3,bullish,10,2025-07-10,6919.TW,0.7763617611703112,0.5629483936544407,False,0.0,79
2018-08-07,3532.TW,3532,台勝科,98,bearish,-0.0579710144927536,-5.797101449275366,bullish_cluster_10_rep_3,bullish,10,2025-07-10,6919.TW,0.7766188982732203,0.5628669158996041,False,0.0,80
2020-03-20,5876.TW,5876,上海商銀,75,bullish,0.084112120313339,8.411212031333903,bullish_cluster_10_rep_3,bullish,10,2025-07-10,6919.TW,0.7768254252358112,0.5628014918051306,True,0.0,81
2022-05-10,6531.TW,6531,愛普*,95,bullish,0.1359999999999999,13.59999999999999,bullish_cluster_10_rep_3,bullish,10,2025-07-10,6919.TW,0.7772251578225028,0.5626749067772725,True,0.0,82
2025-01-06,3661.TW,3661,世芯-KY,56,neutral,0.0016155088852989,0.1615508885298933,bullish_cluster_10_rep_3,bullish,10,2025-07-10,6919.TW,0.7781890510048415,0.5623699006778314,False,0.0,83
2024-07-31,2376.TW,2376,技嘉,70,bearish,-0.1428571428571429,-14.28571428571429,bullish_cluster_10_rep_3,bullish,10,2025-07-10,6919.TW,0.7783923031364807,0.5623056275245565,False,0.0,84
2022-07-04,3481.TW,3481,群創,52,neutral,0.0438595852754277,4.385958527542777,bullish_cluster_10_rep_3,bullish,10,2025-07-10,6919.TW,0.7785813653208666,0.5622458547571672,False,0.0,85
2022-07-13,1590.TW,1590,亞德客-KY,64,neutral,0.0212527964205817,2.1252796420581754,bullish_cluster_10_rep_3,bullish,10,2025-07-10,6919.TW,0.7792678604773338,0.562028923363863,False,0.0,86
2023-10-17,6919.TW,6919,康霈*,97,neutral,-0.0219245155659008,-2.1924515565900804,bullish_cluster_10_rep_3,bullish,10,2025-07-10,6919.TW,0.7815931172816154,0.5612953879872508,False,0.0,87
2021-07-23,2618.TW,2618,長榮航,72,neutral,-0.0314136319102815,-3.141363191028157,bullish_cluster_10_rep_3,bullish,10,2025-07-10,6919.TW,0.7817214412084994,0.5612549621234415,False,0.0,88
2024-09-19,3661.TW,3661,世芯-KY,56,bearish,-0.0761099365750528,-7.610993657505283,bullish_cluster_10_rep_3,bullish,10,2025-07-10,6919.TW,0.7858347712066922,0.5599622182987836,False,0.0,89
2021-05-07,2492.TW,2492,華新科,100,bearish,-0.1774891774891774,-17.748917748917748,bullish_cluster_10_rep_3,bullish,10,2025-07-10,6919.TW,0.785883615165148,0.5599469033190754,False,0.0,90
2024-05-08,3661.TW,3661,世芯-KY,56,bearish,-0.0902527075812273,-9.02527075812274,bullish_cluster_10_rep_3,bullish,10,2025-07-10,6919.TW,0.7860281072703684,0.5599016028523341,False,0.0,91
2022-12-22,3661.TW,3661,世芯-KY,56,neutral,-0.0417690417690417,-4.176904176904173,bullish_cluster_10_rep_3,bullish,10,2025-07-10,6919.TW,0.7875737376660465,0.5594174824394401,False,0.0,92
2022-06-23,1605.TW,1605,華新,88,neutral,-0.0120160414892374,-1.2016041489237406,bullish_cluster_10_rep_3,bullish,10,2025-07-10,6919.TW,0.7876727775473854,0.5593864898317462,False,0.0,93
2022-08-08,3661.TW,3661,世芯-KY,56,bullish,0.0621019108280254,6.210191082802541,bullish_cluster_10_rep_3,bullish,10,2025-07-10,6919.TW,0.7895521950440829,0.558799012830898,True,0.0,94
2025-11-27,1519.TW,1519,華城,66,bearish,-0.0521262236459999,-5.212622364599994,bullish_cluster_10_rep_3,bullish,10,2025-07-10,6919.TW,0.7909029319202067,0.5583775547945525,False,0.0,95
2021-08-19,6531.TW,6531,愛普*,95,neutral,0.0430292598967296,4.302925989672968,bullish_cluster_11_rep_1,bullish,11,2020-03-23,3044.TW,0.7724644303083811,0.5641862160393343,False,2.629168793763551,1
2020-03-23,2337.TW,2337,旺宏,67,bullish,0.1808036255973342,18.08036255973342,bullish_cluster_11_rep_1,bullish,11,2020-03-23,3044.TW,0.8204806368919173,0.5493054854498682,True,2.629168793763551,2
2020-03-23,3481.TW,3481,群創,52,bullish,0.0886597941211737,8.865979412117376,bullish_cluster_11_rep_1,bullish,11,2020-03-23,3044.TW,0.8236215278686598,0.5483593962442088,True,2.629168793763551,3
2018-10-19,6415.TW,6415,矽力*-KY,92,neutral,0.0199004975124377,1.990049751243772,bullish_cluster_11_rep_1,bullish,11,2020-03-23,3044.TW,0.8303209558412967,0.5463522650541668,False,2.629168793763551,4
2020-03-23,2409.TW,2409,友達,80,bullish,0.0737704918032786,7.377049180327866,bullish_cluster_11_rep_1,bullish,11,2020-03-23,3044.TW,0.8426478981180796,0.5426972787483236,True,2.629168793763551,5
2020-03-23,4938.TW,4938,和碩,69,bullish,0.1431534772191742,14.315347721917426,bullish_cluster_11_rep_1,bullish,11,2020-03-23,3044.TW,0.8737339247064978,0.533693704754073,True,2.629168793763551,6
2020-03-23,2379.TW,2379,瑞昱,53,bullish,0.1928783382789318,19.287833827893188,bullish_cluster_11_rep_1,bullish,11,2020-03-23,3044.TW,0.8785260944891059,0.5323322379889354,True,2.629168793763551,7
2024-08-05,1519.TW,1519,華城,66,neutral,-0.0165562964516728,-1.6556296451672892,bullish_cluster_11_rep_1,bullish,11,2020-03-23,3044.TW,0.8909532979591631,0.5288337903845978,False,2.629168793763551,8
2021-10-12,2609.TW,2609,陽明,77,bullish,0.0560640897063144,5.606408970631449,bullish_cluster_11_rep_1,bullish,11,2020-03-23,3044.TW,0.9141390710229867,0.5224280801423499,True,2.629168793763551,9
2022-05-11,1605.TW,1605,華新,88,bullish,0.0506848999000635,5.068489990006353,bullish_cluster_11_rep_1,bullish,11,2020-03-23,3044.TW,0.9292003501965312,0.5183494808603617,True,2.629168793763551,10
2018-09-07,2492.TW,2492,華新科,100,neutral,0.0105042016806722,1.0504201680672232,bullish_cluster_11_rep_1,bullish,11,2020-03-23,3044.TW,0.9629630158264378,0.5094339485448658,False,2.629168793763551,11
2023-10-26,6415.TW,6415,矽力*-KY,92,bullish,0.0571955719557195,5.719557195571956,bullish_cluster_11_rep_1,bullish,11,2020-03-23,3044.TW,0.9940698585787943,0.5014869442501458,True,2.629168793763551,12
2018-09-11,3532.TW,3532,台勝科,98,bearish,-0.1100702735120022,-11.007027351200229,bullish_cluster_11_rep_1,bullish,11,2020-03-23,3044.TW,0.9959529205344947,0.5010138213742089,False,2.629168793763551,13
2021-02-26,6531.TW,6531,愛普*,95,neutral,-0.0392749244712991,-3.92749244712991,bullish_cluster_11_rep_1,bullish,11,2020-03-23,3044.TW,1.0012452264835925,0.49968888708212417,False,2.629168793763551,14
2018-10-25,3532.TW,3532,台勝科,98,neutral,0.012631546823602,1.2631546823602011,bullish_cluster_11_rep_1,bullish,11,2020-03-23,3044.TW,1.0022983192996935,0.49942607970112635,False,2.629168793763551,15
2025-03-31,6805.TW,6805,富世達,93,bearish,-0.0915371329879102,-9.153713298791022,bullish_cluster_11_rep_1,bullish,11,2020-03-23,3044.TW,1.0090092641052266,0.4977577843302681,False,2.629168793763551,16
2018-06-22,2492.TW,2492,華新科,100,bullish,0.1622464898595943,16.224648985959433,bullish_cluster_11_rep_1,bullish,11,2020-03-23,3044.TW,1.011963620686325,0.4970268794715473,True,2.629168793763551,17
2023-05-15,6415.TW,6415,矽力*-KY,92,neutral,-0.0064020486555698,-0.6402048655569814,bullish_cluster_11_rep_1,bullish,11,2020-03-23,3044.TW,1.015693458099022,0.49610718136828647,False,2.629168793763551,18
2020-03-23,5876.TW,5876,上海商銀,75,bullish,0.1248247261962629,12.482472619626297,bullish_cluster_11_rep_1,bullish,11,2020-03-23,3044.TW,1.0164526625428514,0.4959203945501741,True,2.629168793763551,19
2018-10-11,3532.TW,3532,台勝科,98,bullish,0.0755555555555556,7.55555555555556,bullish_cluster_11_rep_1,bullish,11,2020-03-23,3044.TW,1.020017163727347,0.49504529860270813,True,2.629168793763551,20
2018-10-25,2492.TW,2492,華新科,100,bearish,-0.0739299610894941,-7.392996108949412,bullish_cluster_11_rep_1,bullish,11,2020-03-23,3044.TW,1.023449925293521,0.4942054594481453,False,2.629168793763551,21
2018-10-08,3532.TW,3532,台勝科,98,neutral,-0.0084745762711864,-0.8474576271186418,bullish_cluster_11_rep_1,bullish,11,2020-03-23,3044.TW,1.0234812254684817,0.494197814841834,False,2.629168793763551,22
2024-07-22,6213.TW,6213,聯茂,81,bearish,-0.0959595959595959,-9.595959595959592,bullish_cluster_11_rep_1,bullish,11,2020-03-23,3044.TW,1.027331313216433,0.4932592879520341,False,2.629168793763551,23
2018-02-06,3532.TW,3532,台勝科,98,bullish,0.0995670995670996,9.956709956709965,bullish_cluster_11_rep_1,bullish,11,2020-03-23,3044.TW,1.0302604655422862,0.49254763956254166,True,2.629168793763551,24
2021-05-20,3034.TW,3034,聯詠,58,bullish,0.067391304347826,6.739130434782603,bullish_cluster_11_rep_1,bullish,11,2020-03-23,3044.TW,1.0324133929478418,0.4920258858113435,True,2.629168793763551,25
2018-09-10,3532.TW,3532,台勝科,98,bearish,-0.0904017702239201,-9.040177022392015,bullish_cluster_11_rep_1,bullish,11,2020-03-23,3044.TW,1.0352662700042996,0.4913362024114355,False,2.629168793763551,26
2021-05-11,3034.TW,3034,聯詠,58,neutral,-0.0224032586558045,-2.2403258655804503,bullish_cluster_11_rep_1,bullish,11,2020-03-23,3044.TW,1.0353588617479101,0.4913138507384529,False,2.629168793763551,27
2021-05-11,6789.TW,6789,采鈺,96,neutral,-0.0028050490883591,-0.2805049088359101,bullish_cluster_11_rep_1,bullish,11,2020-03-23,3044.TW,1.0390676260696727,0.4904202230543535,False,2.629168793763551,28
2022-06-29,2609.TW,2609,陽明,77,bearish,-0.0853801526521381,-8.538015265213817,bullish_cluster_11_rep_1,bullish,11,2020-03-23,3044.TW,1.0451849240028457,0.4889533402401555,False,2.629168793763551,29
2020-03-19,2379.TW,2379,瑞昱,53,bullish,0.0987654320987654,9.876543209876544,bullish_cluster_11_rep_1,bullish,11,2020-03-23,3044.TW,1.0466932743219837,0.48859299658922956,True,2.629168793763551,30
2025-04-09,1590.TW,1590,亞德客-KY,64,bullish,0.1881481481481481,18.814814814814817,bullish_cluster_11_rep_1,bullish,11,2020-03-23,3044.TW,1.0503662156792635,0.4877177512743553,True,2.629168793763551,31
2020-03-19,1605.TW,1605,華新,88,neutral,0.0228311509719174,2.2831150971917458,bullish_cluster_11_rep_1,bullish,11,2020-03-23,3044.TW,1.0618810541364867,0.484994029114254,False,2.629168793763551,32
2020-03-23,2404.TW,2404,漢唐,79,bullish,0.1624548736462094,16.24548736462095,bullish_cluster_11_rep_1,bullish,11,2020-03-23,3044.TW,1.0637668764192487,0.4845508528245478,True,2.629168793763551,33
2018-02-09,3661.TW,3661,世芯-KY,56,bullish,0.1979695431472081,19.79695431472081,bullish_cluster_11_rep_1,bullish,11,2020-03-23,3044.TW,1.068664638949511,0.48340363206856485,True,2.629168793763551,34
2020-03-23,3702.TW,3702,大聯大,90,bullish,0.1311216324976052,13.112163249760522,bullish_cluster_11_rep_1,bullish,11,2020-03-23,3044.TW,1.0693948992524513,0.48323304573778564,True,2.629168793763551,35
2020-03-23,2615.TW,2615,萬海,59,bullish,0.1102041186134519,11.020411861345192,bullish_cluster_11_rep_1,bullish,11,2020-03-23,3044.TW,1.0830660237561192,0.4800615960298903,True,2.629168793763551,36
2018-10-05,2492.TW,2492,華新科,100,bearish,-0.1448087431693989,-14.480874316939897,bullish_cluster_11_rep_1,bullish,11,2020-03-23,3044.TW,1.0832291017913285,0.4800240161488332,False,2.629168793763551,37
2021-01-15,2615.TW,2615,萬海,59,neutral,-0.0265896253008742,-2.658962530087428,bullish_cluster_11_rep_1,bullish,11,2020-03-23,3044.TW,1.0836042369561614,0.4799375919204563,False,2.629168793763551,38
2019-05-13,2492.TW,2492,華新科,100,neutral,0.0061349693251533,0.6134969325153339,bullish_cluster_11_rep_1,bullish,11,2020-03-23,3044.TW,1.0836652918241876,0.47992352894861023,False,2.629168793763551,39
2021-10-12,2615.TW,2615,萬海,59,neutral,0.0488599713453847,4.885997134538478,bullish_cluster_11_rep_1,bullish,11,2020-03-23,3044.TW,1.0893445964812483,0.4786189897464217,False,2.629168793763551,40
2025-03-31,6515.TW,6515,穎崴,73,bearish,-0.0920502092050209,-9.205020920502092,bullish_cluster_11_rep_1,bullish,11,2020-03-23,3044.TW,1.0979859045288256,0.47664762563053736,False,2.629168793763551,41
2025-04-09,6415.TW,6415,矽力*-KY,92,bullish,0.3291731669266771,32.91731669266771,bullish_cluster_11_rep_1,bullish,11,2020-03-23,3044.TW,1.0980398879006363,0.47663536130413175,True,2.629168793763551,42
2020-05-18,6213.TW,6213,聯茂,81,bullish,0.0507812789882722,5.078127898827223,bullish_cluster_11_rep_1,bullish,11,2020-03-23,3044.TW,1.0986250317192285,0.47650246465457596,True,2.629168793763551,43
2020-03-19,2404.TW,2404,漢唐,79,bullish,0.102661596958175,10.2661596958175,bullish_cluster_11_rep_1,bullish,11,2020-03-23,3044.TW,1.1004156162411043,0.47609625079325785,True,2.629168793763551,44
2018-10-04,1590.TW,1590,亞德客-KY,64,bearish,-0.0992508904218809,-9.925089042188096,bullish_cluster_11_rep_1,bullish,11,2020-03-23,3044.TW,1.1029641785091546,0.47551927427928214,False,2.629168793763551,45
2019-05-13,1590.TW,1590,亞德客-KY,64,neutral,-0.0498575675251318,-4.985756752513182,bullish_cluster_11_rep_1,bullish,11,2020-03-23,3044.TW,1.103507601749355,0.47539642793226083,False,2.629168793763551,46
2024-07-26,6213.TW,6213,聯茂,81,neutral,-0.0481171396186403,-4.811713961864039,bullish_cluster_11_rep_1,bullish,11,2020-03-23,3044.TW,1.1044201510773792,0.4751902796064939,False,2.629168793763551,47
2018-10-15,3533.TW,3533,嘉澤,82,neutral,-0.0096153942511063,-0.9615394251106356,bullish_cluster_11_rep_1,bullish,11,2020-03-23,3044.TW,1.106739762216836,0.47466707465934993,False,2.629168793763551,48
2025-04-09,2618.TW,2618,長榮航,72,bullish,0.2059701948023553,20.59701948023553,bullish_cluster_11_rep_1,bullish,11,2020-03-23,3044.TW,1.1097072062280453,0.4739994237342082,True,2.629168793763551,49
2024-05-13,6139.TW,6139,亞翔,85,neutral,-0.0152505446623093,-1.525054466230935,bullish_cluster_11_rep_1,bullish,11,2020-03-23,3044.TW,1.1129163852408166,0.47327949510222883,False,2.629168793763551,50
2022-01-11,6415.TW,6415,矽力*-KY,92,neutral,-0.0326633165829145,-3.2663316582914548,bullish_cluster_11_rep_1,bullish,11,2020-03-23,3044.TW,1.1171815028073537,0.47232606116859316,False,2.629168793763551,51
2018-08-10,2492.TW,2492,華新科,100,bearish,-0.0940959409594095,-9.409594095940951,bullish_cluster_11_rep_1,bullish,11,2020-03-23,3044.TW,1.1178086841536183,0.47218618352188396,False,2.629168793763551,52
2025-04-09,2409.TW,2409,友達,80,bullish,0.1650943336812744,16.509433368127446,bullish_cluster_11_rep_1,bullish,11,2020-03-23,3044.TW,1.117967200653216,0.47215084336130586,True,2.629168793763551,53
2020-02-07,3661.TW,3661,世芯-KY,56,bullish,0.1565656565656565,15.656565656565656,bullish_cluster_11_rep_1,bullish,11,2020-03-23,3044.TW,1.1230699546387723,0.471016038739121,True,2.629168793763551,54
2020-03-16,2609.TW,2609,陽明,77,bearish,-0.0903845783521424,-9.038457835214242,bullish_cluster_11_rep_1,bullish,11,2020-03-23,3044.TW,1.1246489125049322,0.47066599762170286,False,2.629168793763551,55
2025-04-09,2347.TW,2347,聯強,99,bullish,0.1465077031864028,14.650770318640284,bullish_cluster_11_rep_1,bullish,11,2020-03-23,3044.TW,1.1256651872487533,0.4704409734885386,True,2.629168793763551,56
2022-04-15,3532.TW,3532,台勝科,98,neutral,-0.0153508771929824,-1.5350877192982448,bullish_cluster_11_rep_1,bullish,11,2020-03-23,3044.TW,1.1263330755380945,0.47029320641449257,False,2.629168793763551,57
2024-08-02,1519.TW,1519,華城,66,bearish,-0.0559758657506122,-5.59758657506122,bullish_cluster_11_rep_1,bullish,11,2020-03-23,3044.TW,1.132121195068549,0.46901649039132104,False,2.629168793763551,58
2025-04-09,1326.TW,1326,台化,51,bullish,0.1137855727817931,11.378557278179311,bullish_cluster_11_rep_1,bullish,11,2020-03-23,3044.TW,1.1334023528698112,0.4687348350651342,True,2.629168793763551,59
2020-03-19,3044.TW,3044,健鼎,65,bullish,0.0568181840075168,5.681818400751681,bullish_cluster_11_rep_1,bullish,11,2020-03-23,3044.TW,1.1348134674018886,0.4684250007177537,True,2.629168793763551,60
2021-05-17,2313.TW,2313,華通,60,bullish,0.066165436479382,6.6165436479382,bullish_cluster_11_rep_1,bullish,11,2020-03-23,3044.TW,1.1350991650592925,0.4683623207600428,True,2.629168793763551,61
2021-05-11,6415.TW,6415,矽力*-KY,92,neutral,-0.0199637023593466,-1.996370235934664,bullish_cluster_11_rep_1,bullish,11,2020-03-23,3044.TW,1.1354856709336498,0.46827755091552203,False,2.629168793763551,62
2024-09-11,6139.TW,6139,亞翔,85,bullish,0.0582278481012659,5.822784810126591,bullish_cluster_11_rep_1,bullish,11,2020-03-23,3044.TW,1.1369354447762199,0.46795985458733413,True,2.629168793763551,63
2022-10-25,3661.TW,3661,世芯-KY,56,bullish,0.0793103448275862,7.931034482758625,bullish_cluster_11_rep_1,bullish,11,2020-03-23,3044.TW,1.1369582171745924,0.4679548677943564,True,2.629168793763551,64
2020-03-19,5876.TW,5876,上海商銀,75,bullish,0.1057143073792539,10.571430737925391,bullish_cluster_11_rep_1,bullish,11,2020-03-23,3044.TW,1.1379369331537041,0.467740644961348,True,2.629168793763551,65
2018-10-25,6415.TW,6415,矽力*-KY,92,neutral,0.0149051490514904,1.490514905149043,bullish_cluster_11_rep_1,bullish,11,2020-03-23,3044.TW,1.1387363164630688,0.46756582020066323,False,2.629168793763551,66
2024-08-02,3661.TW,3661,世芯-KY,56,bearish,-0.0685224839400427,-6.852248394004279,bullish_cluster_11_rep_1,bullish,11,2020-03-23,3044.TW,1.1418847564449432,0.4668785269566882,False,2.629168793763551,67
2020-03-13,6531.TW,6531,愛普*,95,bearish,-0.1608960887309487,-16.089608873094875,bullish_cluster_11_rep_1,bullish,11,2020-03-23,3044.TW,1.142631898247254,0.4667157250939996,False,2.629168793763551,68
2022-05-10,1605.TW,1605,華新,88,neutral,-0.0366013239009878,-3.66013239009878,bullish_cluster_11_rep_1,bullish,11,2020-03-23,3044.TW,1.148082850855833,0.465531392144201,False,2.629168793763551,69
2020-03-17,2609.TW,2609,陽明,77,neutral,0.0141414493653826,1.414144936538264,bullish_cluster_11_rep_1,bullish,11,2020-03-23,3044.TW,1.1534297716581954,0.4643754874949903,False,2.629168793763551,70
2022-09-30,2618.TW,2618,長榮航,72,neutral,-0.0124113607092415,-1.2411360709241537,bullish_cluster_11_rep_1,bullish,11,2020-03-23,3044.TW,1.153735054123108,0.4643096643134452,False,2.629168793763551,71
2021-03-09,6415.TW,6415,矽力*-KY,92,bullish,0.1219512195121952,12.195121951219525,bullish_cluster_11_rep_1,bullish,11,2020-03-23,3044.TW,1.154875404685988,0.4640639536863254,True,2.629168793763551,72
2021-10-01,1590.TW,1590,亞德客-KY,64,neutral,-0.0379746835443037,-3.797468354430378,bullish_cluster_11_rep_1,bullish,11,2020-03-23,3044.TW,1.1554140744300958,0.4639479772648353,False,2.629168793763551,73
2024-08-05,2449.TW,2449,京元電子,57,bullish,0.1045890537912845,10.458905379128458,bullish_cluster_11_rep_1,bullish,11,2020-03-23,3044.TW,1.156486993118156,0.46371714885887516,True,2.629168793763551,74
2024-08-08,2376.TW,2376,技嘉,70,bullish,0.063063063063063,6.3063063063063085,bullish_cluster_11_rep_1,bullish,11,2020-03-23,3044.TW,1.158064387873105,0.4633782039216897,True,2.629168793763551,75
2019-04-29,2492.TW,2492,華新科,100,neutral,0.0135135135135135,1.3513513513513598,bullish_cluster_11_rep_1,bullish,11,2020-03-23,3044.TW,1.1614066541883683,0.46266166436667644,False,2.629168793763551,76
2020-03-17,2379.TW,2379,瑞昱,53,bearish,-0.073170731707317,-7.317073170731703,bullish_cluster_11_rep_1,bullish,11,2020-03-23,3044.TW,1.162875588647268,0.46234744395327526,False,2.629168793763551,77
2020-03-19,1519.TW,1519,華城,66,bullish,0.1328319979171364,13.28319979171364,bullish_cluster_11_rep_1,bullish,11,2020-03-23,3044.TW,1.1644866742579847,0.4620033063233404,True,2.629168793763551,78
2018-10-19,2492.TW,2492,華新科,100,bearish,-0.1257668711656442,-12.576687116564422,bullish_cluster_11_rep_1,bullish,11,2020-03-23,3044.TW,1.1649191092407885,0.46191102278675356,False,2.629168793763551,79
2018-09-12,2337.TW,2337,旺宏,67,bullish,0.0503731499963207,5.03731499963207,bullish_cluster_11_rep_1,bullish,11,2020-03-23,3044.TW,1.1654686544533157,0.46179380059068803,True,2.629168793763551,80
2022-01-12,6415.TW,6415,矽力*-KY,92,neutral,-0.0153256704980843,-1.532567049808431,bullish_cluster_11_rep_1,bullish,11,2020-03-23,3044.TW,1.172562314836375,0.46028599187743635,False,2.629168793763551,81
2018-02-05,3661.TW,3661,世芯-KY,56,bearish,-0.091324200913242,-9.1324200913242,bullish_cluster_11_rep_1,bullish,11,2020-03-23,3044.TW,1.17495649460814,0.4597793116685624,False,2.629168793763551,82
2022-09-26,2609.TW,2609,陽明,77,neutral,-0.027597353739487,-2.759735373948702,bullish_cluster_11_rep_1,bullish,11,2020-03-23,3044.TW,1.1750121665156725,0.459767543094704,False,2.629168793763551,83
2024-07-29,6213.TW,6213,聯茂,81,neutral,0.0424581346565116,4.24581346565116,bullish_cluster_11_rep_1,bullish,11,2020-03-23,3044.TW,1.1770435763074933,0.4593385317973793,False,2.629168793763551,84
2022-01-10,6415.TW,6415,矽力*-KY,92,bearish,-0.0758293838862559,-7.582938388625592,bullish_cluster_11_rep_1,bullish,11,2020-03-23,3044.TW,1.1779859952824254,0.4591397750793743,False,2.629168793763551,85
2022-06-17,3532.TW,3532,台勝科,98,bearish,-0.0920096852300241,-9.200968523002418,bullish_cluster_11_rep_1,bullish,11,2020-03-23,3044.TW,1.179138183304556,0.4588970115165203,False,2.629168793763551,86
2021-10-05,1590.TW,1590,亞德客-KY,64,bullish,0.0569948186528497,5.699481865284972,bullish_cluster_11_rep_1,bullish,11,2020-03-23,3044.TW,1.1798261660153584,0.45875217739401813,True,2.629168793763551,87
2024-08-05,6139.TW,6139,亞翔,85,bullish,0.0517241379310344,5.172413793103448,bullish_cluster_11_rep_1,bullish,11,2020-03-23,3044.TW,1.1808604720491909,0.45853460724168893,True,2.629168793763551,88
2024-08-08,6239.TW,6239,力成,76,bullish,0.0639097744360901,6.390977443609014,bullish_cluster_11_rep_1,bullish,11,2020-03-23,3044.TW,1.1853290466584847,0.45759699278654054,True,2.629168793763551,89
2024-07-31,6213.TW,6213,聯茂,81,bearish,-0.1417582585261418,-14.175825852614189,bullish_cluster_11_rep_1,bullish,11,2020-03-23,3044.TW,1.1857860466964647,0.45750131926744236,False,2.629168793763551,90
2024-05-13,3036.TW,3036,文曄,68,neutral,0.0123456790123457,1.2345679012345734,bullish_cluster_11_rep_1,bullish,11,2020-03-23,3044.TW,1.1859822891325145,0.4574602479496026,False,2.629168793763551,91
2020-03-17,5876.TW,5876,上海商銀,75,neutral,-0.0209150493523002,-2.0915049352300263,bullish_cluster_11_rep_1,bullish,11,2020-03-23,3044.TW,1.1883903634596118,0.4569568650535943,False,2.629168793763551,92
2020-03-17,3481.TW,3481,群創,52,bearish,-0.0710572929334358,-7.105729293343588,bullish_cluster_11_rep_1,bullish,11,2020-03-23,3044.TW,1.1888335219529411,0.4568643480513634,False,2.629168793763551,93
2020-03-19,3702.TW,3702,大聯大,90,bullish,0.065182804048649,6.518280404864907,bullish_cluster_11_rep_1,bullish,11,2020-03-23,3044.TW,1.1915666308021466,0.45629459125045396,True,2.629168793763551,94
2025-04-09,6770.TW,6770,力積電,55,bullish,0.1882845218336755,18.82845218336755,bullish_cluster_11_rep_1,bullish,11,2020-03-23,3044.TW,1.1923915741192825,0.4561228987580448,True,2.629168793763551,95
2020-03-12,2207.TW,2207,和泰車,63,bearish,-0.2061144093208439,-20.611440932084392,bullish_cluster_11_rep_2,bullish,11,2020-03-19,5876.TW,0.7366057864873696,0.5758359253326564,False,0.5716047808246284,1
2025-10-09,6919.TW,6919,康霈*,97,neutral,0.0457516339869281,4.575163398692816,bullish_cluster_11_rep_2,bullish,11,2020-03-19,5876.TW,0.7683206389393892,0.5655083009152595,False,0.5716047808246284,2
2020-03-17,2409.TW,2409,友達,80,bearish,-0.0800000420932112,-8.000004209321121,bullish_cluster_11_rep_2,bullish,11,2020-03-19,5876.TW,0.7775916525297799,0.5625588973580349,False,0.5716047808246284,3
2022-09-28,6415.TW,6415,矽力*-KY,92,bullish,0.0546583850931676,5.465838509316767,bullish_cluster_11_rep_2,bullish,11,2020-03-19,5876.TW,0.825010858914663,0.5479419451754395,True,0.5716047808246284,4
2024-07-29,6213.TW,6213,聯茂,81,neutral,0.0424581346565116,4.24581346565116,bullish_cluster_11_rep_2,bullish,11,2020-03-19,5876.TW,0.8301373757776388,0.5464070693464159,False,0.5716047808246284,5
2025-04-09,3481.TW,3481,群創,52,bullish,0.142259400535478,14.225940053547802,bullish_cluster_11_rep_2,bullish,11,2020-03-19,5876.TW,0.8343808543466699,0.5451430642826669,True,0.5716047808246284,6
2020-03-17,3481.TW,3481,群創,52,bearish,-0.0710572929334358,-7.105729293343588,bullish_cluster_11_rep_2,bullish,11,2020-03-19,5876.TW,0.8518632953981801,0.5399966630825113,False,0.5716047808246284,7
2024-08-05,1519.TW,1519,華城,66,neutral,-0.0165562964516728,-1.6556296451672892,bullish_cluster_11_rep_2,bullish,11,2020-03-19,5876.TW,0.8636260432921481,0.5365883373434038,False,0.5716047808246284,8
2019-05-13,1590.TW,1590,亞德客-KY,64,neutral,-0.0498575675251318,-4.985756752513182,bullish_cluster_11_rep_2,bullish,11,2020-03-19,5876.TW,0.8657404108740424,0.5359802436457548,False,0.5716047808246284,9
2021-03-09,6415.TW,6415,矽力*-KY,92,bullish,0.1219512195121952,12.195121951219525,bullish_cluster_11_rep_2,bullish,11,2020-03-19,5876.TW,0.867218347678132,0.535556005672015,True,0.5716047808246284,10
2020-03-12,3481.TW,3481,群創,52,bearish,-0.1283987298002656,-12.839872980026568,bullish_cluster_11_rep_2,bullish,11,2020-03-19,5876.TW,0.8754364371133455,0.5332092201104883,False,0.5716047808246284,11
2025-03-31,6515.TW,6515,穎崴,73,bearish,-0.0920502092050209,-9.205020920502092,bullish_cluster_11_rep_2,bullish,11,2020-03-19,5876.TW,0.8760508109358317,0.5330346034184273,False,0.5716047808246284,12
2020-03-19,2379.TW,2379,瑞昱,53,bullish,0.0987654320987654,9.876543209876544,bullish_cluster_11_rep_2,bullish,11,2020-03-19,5876.TW,0.8995947141088242,0.5264280809862856,True,0.5716047808246284,13
2020-03-17,3044.TW,3044,健鼎,65,neutral,-0.0276497861923785,-2.7649786192378567,bullish_cluster_11_rep_2,bullish,11,2020-03-19,5876.TW,0.9077553523233352,0.5241762256267098,False,0.5716047808246284,14
2020-03-23,2376.TW,2376,技嘉,70,bullish,0.155555575501685,15.555557550168508,bullish_cluster_11_rep_2,bullish,11,2020-03-19,5876.TW,0.9391434002799977,0.51569161922507,True,0.5716047808246284,15
2018-10-09,3533.TW,3533,嘉澤,82,bearish,-0.0574018075520684,-5.740180755206847,bullish_cluster_11_rep_2,bullish,11,2020-03-19,5876.TW,0.9418294967292657,0.5149782726466753,False,0.5716047808246284,16
2019-05-16,1590.TW,1590,亞德客-KY,64,neutral,0.0059969984457128,0.5996998445712887,bullish_cluster_11_rep_2,bullish,11,2020-03-19,5876.TW,0.9439372246402978,0.5144199037523127,False,0.5716047808246284,17
2018-10-05,3533.TW,3533,嘉澤,82,bearish,-0.128654978244996,-12.865497824499606,bullish_cluster_11_rep_2,bullish,11,2020-03-19,5876.TW,0.9487753258825039,0.5131427859941471,False,0.5716047808246284,18
2021-05-12,2337.TW,2337,旺宏,67,bearish,-0.0529171513972143,-5.291715139721431,bullish_cluster_11_rep_2,bullish,11,2020-03-19,5876.TW,0.9499301144703363,0.5128388923167291,False,0.5716047808246284,19
2020-03-18,5876.TW,5876,上海商銀,75,bearish,-0.0618420629639356,-6.184206296393569,bullish_cluster_11_rep_2,bullish,11,2020-03-19,5876.TW,0.9532444082841532,0.5119686997483637,False,0.5716047808246284,20
2020-03-17,2609.TW,2609,陽明,77,neutral,0.0141414493653826,1.414144936538264,bullish_cluster_11_rep_2,bullish,11,2020-03-19,5876.TW,0.9622052872915683,0.5096306724258703,False,0.5716047808246284,21
2022-09-26,6531.TW,6531,愛普*,95,neutral,-0.0134228187919462,-1.342281879194629,bullish_cluster_11_rep_2,bullish,11,2020-03-19,5876.TW,0.9651407111085389,0.508869412936796,False,0.5716047808246284,22
2020-03-19,1802.TW,1802,台玻,86,bullish,0.0719754632604283,7.197546326042836,bullish_cluster_11_rep_2,bullish,11,2020-03-19,5876.TW,0.9685548609671837,0.5079868586993219,True,0.5716047808246284,23
2022-05-13,1605.TW,1605,華新,88,bullish,0.069199437396098,6.919943739609802,bullish_cluster_11_rep_2,bullish,11,2020-03-19,5876.TW,0.9752042013169249,0.5062767684137526,True,0.5716047808246284,24
2020-03-19,3034.TW,3034,聯詠,58,bullish,0.0625,6.25,bullish_cluster_11_rep_2,bullish,11,2020-03-19,5876.TW,0.9781617794996088,0.5055198267216333,True,0.5716047808246284,25
2022-04-11,6415.TW,6415,矽力*-KY,92,bullish,0.0698529411764705,6.985294117647056,bullish_cluster_11_rep_2,bullish,11,2020-03-19,5876.TW,0.983450898427236,0.5041717951238134,True,0.5716047808246284,26
2021-05-11,6770.TW,6770,力積電,55,bearish,-0.0586264649124214,-5.86264649124214,bullish_cluster_11_rep_2,bullish,11,2020-03-19,5876.TW,0.9840498969347924,0.504019582141016,False,0.5716047808246284,27
2020-03-23,4938.TW,4938,和碩,69,bullish,0.1431534772191742,14.315347721917426,bullish_cluster_11_rep_2,bullish,11,2020-03-19,5876.TW,0.9856326825557082,0.5036178185347452,True,0.5716047808246284,28
2021-08-19,6531.TW,6531,愛普*,95,neutral,0.0430292598967296,4.302925989672968,bullish_cluster_11_rep_2,bullish,11,2020-03-19,5876.TW,0.9921768853582799,0.5019634588422386,False,0.5716047808246284,29
2025-06-09,2615.TW,2615,萬海,59,neutral,0.0249999999999999,2.499999999999991,bullish_cluster_11_rep_2,bullish,11,2020-03-19,5876.TW,0.9971549147435342,0.5007122845692796,False,0.5716047808246284,30
2025-03-28,6805.TW,6805,富世達,93,bearish,-0.0832025117739403,-8.320251177394034,bullish_cluster_11_rep_2,bullish,11,2020-03-19,5876.TW,0.9977543465223608,0.5005620444479444,False,0.5716047808246284,31
2022-05-12,5871.TW,5871,中租-KY,78,neutral,-0.0250626922113466,-2.5062692211346604,bullish_cluster_11_rep_2,bullish,11,2020-03-19,5876.TW,1.0002778718533236,0.49993054168692425,False,0.5716047808246284,32
2024-05-22,1519.TW,1519,華城,66,bullish,0.0666666745157285,6.66666745157285,bullish_cluster_11_rep_2,bullish,11,2020-03-19,5876.TW,1.00138548518215,0.4996538684845054,True,0.5716047808246284,33
2018-07-05,3532.TW,3532,台勝科,98,bullish,0.1653225806451612,16.532258064516125,bullish_cluster_11_rep_2,bullish,11,2020-03-19,5876.TW,1.0023207773008425,0.49942047814537216,True,0.5716047808246284,34
2022-09-02,6415.TW,6415,矽力*-KY,92,bearish,-0.0751503006012024,-7.515030060120242,bullish_cluster_11_rep_2,bullish,11,2020-03-19,5876.TW,1.0059953460160402,0.4985056430893653,False,0.5716047808246284,35
2024-04-15,3661.TW,3661,世芯-KY,56,bullish,0.1016333938294011,10.163339382940118,bullish_cluster_11_rep_2,bullish,11,2020-03-19,5876.TW,1.0140923519271974,0.4965015626235527,True,0.5716047808246284,36
2018-10-11,2379.TW,2379,瑞昱,53,neutral,0.0476190476190476,4.761904761904767,bullish_cluster_11_rep_2,bullish,11,2020-03-19,5876.TW,1.020317664932815,0.49497166577180557,False,0.5716047808246284,37
2021-06-16,3481.TW,3481,群創,52,bullish,0.0863874238747102,8.638742387471021,bullish_cluster_11_rep_2,bullish,11,2020-03-19,5876.TW,1.0250388369163266,0.49381768970059475,True,0.5716047808246284,38
2023-09-22,1519.TW,1519,華城,66,bullish,0.1228813737999676,12.288137379996764,bullish_cluster_11_rep_2,bullish,11,2020-03-19,5876.TW,1.025158935099587,0.493788404785536,True,0.5716047808246284,39
2020-03-19,3044.TW,3044,健鼎,65,bullish,0.0568181840075168,5.681818400751681,bullish_cluster_11_rep_2,bullish,11,2020-03-19,5876.TW,1.0280449046395221,0.493085728877264,True,0.5716047808246284,40
2018-10-26,3532.TW,3532,台勝科,98,bullish,0.1454940472083083,14.54940472083084,bullish_cluster_11_rep_2,bullish,11,2020-03-19,5876.TW,1.0281687177369956,0.4930556275987666,True,0.5716047808246284,41
2021-05-11,2337.TW,2337,旺宏,67,neutral,-0.0352645213847409,-3.52645213847409,bullish_cluster_11_rep_2,bullish,11,2020-03-19,5876.TW,1.0298773411653248,0.49264060429676687,False,0.5716047808246284,42
2025-04-02,6805.TW,6805,富世達,93,bearish,-0.2696917808219178,-26.96917808219178,bullish_cluster_11_rep_2,bullish,11,2020-03-19,5876.TW,1.0363325594631523,0.4910789229160264,False,0.5716047808246284,43
2024-03-12,3661.TW,3661,世芯-KY,56,neutral,0.00557880055788,0.557880055788007,bullish_cluster_11_rep_2,bullish,11,2020-03-19,5876.TW,1.0397047709328484,0.49026702994014915,False,0.5716047808246284,44
2024-08-02,6213.TW,6213,聯茂,81,bearish,-0.152249105108069,-15.2249105108069,bullish_cluster_11_rep_2,bullish,11,2020-03-19,5876.TW,1.0398096643275994,0.49024181887560525,False,0.5716047808246284,45
2020-03-19,2615.TW,2615,萬海,59,bullish,0.0588235651922322,5.88235651922322,bullish_cluster_11_rep_2,bullish,11,2020-03-19,5876.TW,1.0402716011026845,0.49013082349405845,True,0.5716047808246284,46
2022-07-12,6515.TW,6515,穎崴,73,bullish,0.0850722311396467,8.50722311396468,bullish_cluster_11_rep_2,bullish,11,2020-03-19,5876.TW,1.0449846041879645,0.4890012364650962,True,0.5716047808246284,47
2018-10-11,3533.TW,3533,嘉澤,82,bullish,0.0805369944339193,8.053699443391938,bullish_cluster_11_rep_2,bullish,11,2020-03-19,5876.TW,1.046460422228917,0.48864859009139433,True,0.5716047808246284,48
2021-01-20,1802.TW,1802,台玻,86,bullish,0.0658681690938722,6.586816909387228,bullish_cluster_11_rep_2,bullish,11,2020-03-19,5876.TW,1.047747528392538,0.48834145134336476,True,0.5716047808246284,49
2021-10-01,1590.TW,1590,亞德客-KY,64,neutral,-0.0379746835443037,-3.797468354430378,bullish_cluster_11_rep_2,bullish,11,2020-03-19,5876.TW,1.0494674655705418,0.48793162945946766,False,0.5716047808246284,50
2023-08-10,6515.TW,6515,穎崴,73,neutral,-0.026711185308848,-2.6711185308848084,bullish_cluster_11_rep_2,bullish,11,2020-03-19,5876.TW,1.0497442315065308,0.4878657466766062,False,0.5716047808246284,51
2021-06-15,3481.TW,3481,群創,52,neutral,0.0024331216327679,0.2433121632767987,bullish_cluster_11_rep_2,bullish,11,2020-03-19,5876.TW,1.0509594884517388,0.48757667112912895,False,0.5716047808246284,52
2022-04-15,3661.TW,3661,世芯-KY,56,neutral,0.0378378378378378,3.7837837837837895,bullish_cluster_11_rep_2,bullish,11,2020-03-19,5876.TW,1.0521582180180054,0.4872918624012382,False,0.5716047808246284,53
2023-10-19,6213.TW,6213,聯茂,81,bullish,0.0793237757227909,7.932377572279092,bullish_cluster_11_rep_2,bullish,11,2020-03-19,5876.TW,1.0524354939427414,0.48722603119623203,True,0.5716047808246284,54
2024-09-10,1519.TW,1519,華城,66,bullish,0.0537036500111873,5.370365001118738,bullish_cluster_11_rep_2,bullish,11,2020-03-19,5876.TW,1.053200701242628,0.4870444469431483,True,0.5716047808246284,55
2020-08-28,3661.TW,3661,世芯-KY,56,neutral,-0.0433996383363471,-4.33996383363472,bullish_cluster_11_rep_2,bullish,11,2020-03-19,5876.TW,1.053473783818679,0.48697967701364125,False,0.5716047808246284,56
2021-05-12,2618.TW,2618,長榮航,72,bearish,-0.1377049430471952,-13.770494304719527,bullish_cluster_11_rep_2,bullish,11,2020-03-19,5876.TW,1.0538333130809039,0.48689442985999926,False,0.5716047808246284,57
2025-10-08,6919.TW,6919,康霈*,97,neutral,-0.0276073619631901,-2.7607361963190136,bullish_cluster_11_rep_2,bullish,11,2020-03-19,5876.TW,1.0543993021745717,0.48676028995020826,False,0.5716047808246284,58
2019-05-13,2492.TW,2492,華新科,100,neutral,0.0061349693251533,0.6134969325153339,bullish_cluster_11_rep_2,bullish,11,2020-03-19,5876.TW,1.0547390178309222,0.4866798125319324,False,0.5716047808246284,59
2023-08-08,6515.TW,6515,穎崴,73,bearish,-0.0680061823802163,-6.800618238021638,bullish_cluster_11_rep_2,bullish,11,2020-03-19,5876.TW,1.0557234682362977,0.48644674998916426,False,0.5716047808246284,60
2021-08-04,1590.TW,1590,亞德客-KY,64,neutral,0.0304396336280847,3.043963362808477,bullish_cluster_11_rep_2,bullish,11,2020-03-19,5876.TW,1.055959722789665,0.4863908513942736,False,0.5716047808246284,61
2020-03-19,2404.TW,2404,漢唐,79,bullish,0.102661596958175,10.2661596958175,bullish_cluster_11_rep_2,bullish,11,2020-03-19,5876.TW,1.05687286325934,0.48617492012383823,True,0.5716047808246284,62
2018-12-10,3661.TW,3661,世芯-KY,56,bullish,0.107352986055262,10.7352986055262,bullish_cluster_11_rep_2,bullish,11,2020-03-19,5876.TW,1.0589027080205617,0.48569560674452866,True,0.5716047808246284,63
2018-10-17,6415.TW,6415,矽力*-KY,92,neutral,0.0475000000000001,4.75000000000001,bullish_cluster_11_rep_2,bullish,11,2020-03-19,5876.TW,1.061664117504016,0.485045062146527,False,0.5716047808246284,64
2020-03-18,1802.TW,1802,台玻,86,neutral,-0.026912189626117,-2.691218962611708,bullish_cluster_11_rep_2,bullish,11,2020-03-19,5876.TW,1.0618763176885706,0.4849951432203422,False,0.5716047808246284,65
2021-05-11,1590.TW,1590,亞德客-KY,64,neutral,0.0101010050607628,1.0101005060762835,bullish_cluster_11_rep_2,bullish,11,2020-03-19,5876.TW,1.0624776064841615,0.48485374912975054,False,0.5716047808246284,66
2020-03-18,3481.TW,3481,群創,52,bearish,-0.1400709697331199,-14.007096973311995,bullish_cluster_11_rep_2,bullish,11,2020-03-19,5876.TW,1.0633713643525833,0.48464373271641603,False,0.5716047808246284,67
2018-10-19,6415.TW,6415,矽力*-KY,92,neutral,0.0199004975124377,1.990049751243772,bullish_cluster_11_rep_2,bullish,11,2020-03-19,5876.TW,1.0668525838168537,0.48382744266806954,False,0.5716047808246284,68
2022-04-08,6415.TW,6415,矽力*-KY,92,neutral,-0.0194003527336861,-1.940035273368612,bullish_cluster_11_rep_2,bullish,11,2020-03-19,5876.TW,1.0707561751061647,0.48291537749427765,False,0.5716047808246284,69
2018-08-13,3532.TW,3532,台勝科,98,neutral,0.0165289256198346,1.6528925619834656,bullish_cluster_11_rep_2,bullish,11,2020-03-19,5876.TW,1.0777682247611453,0.4812856352709683,False,0.5716047808246284,70
2018-02-06,3532.TW,3532,台勝科,98,bullish,0.0995670995670996,9.956709956709965,bullish_cluster_11_rep_2,bullish,11,2020-03-19,5876.TW,1.0788184729691719,0.48104248302724684,True,0.5716047808246284,71
2024-07-29,2449.TW,2449,京元電子,57,bullish,0.0710900812210533,7.109008122105331,bullish_cluster_11_rep_2,bullish,11,2020-03-19,5876.TW,1.0801038002834997,0.48074523966722665,True,0.5716047808246284,72
2022-07-04,2449.TW,2449,京元電子,57,neutral,-0.0107238202847336,-1.072382028473362,bullish_cluster_11_rep_2,bullish,11,2020-03-19,5876.TW,1.0836033866845833,0.47993778777216994,False,0.5716047808246284,73
2024-04-12,3661.TW,3661,世芯-KY,56,neutral,0.0,0.0,bullish_cluster_11_rep_2,bullish,11,2020-03-19,5876.TW,1.0841008395800207,0.47982323168274127,False,0.5716047808246284,74
2025-11-26,2337.TW,2337,旺宏,67,neutral,0.0304414017184138,3.0441401718413807,bullish_cluster_11_rep_2,bullish,11,2020-03-19,5876.TW,1.0854584577641644,0.47951087027267253,False,0.5716047808246284,75
2018-06-22,1590.TW,1590,亞德客-KY,64,bullish,0.0554216578846227,5.542165788462272,bullish_cluster_11_rep_2,bullish,11,2020-03-19,5876.TW,1.0855295111994125,0.4794945334649751,True,0.5716047808246284,76
2023-10-18,3661.TW,3661,世芯-KY,56,neutral,0.0245901639344261,2.4590163934426146,bullish_cluster_11_rep_2,bullish,11,2020-03-19,5876.TW,1.0855764812722788,0.4794837345835254,False,0.5716047808246284,77
2018-06-26,1590.TW,1590,亞德客-KY,64,neutral,-0.0068729193200133,-0.6872919320013327,bullish_cluster_11_rep_2,bullish,11,2020-03-19,5876.TW,1.0869693654617425,0.47916371775718414,False,0.5716047808246284,78
2022-09-28,6531.TW,6531,愛普*,95,neutral,0.047945205479452,4.794520547945202,bullish_cluster_11_rep_2,bullish,11,2020-03-19,5876.TW,1.087887846902539,0.4789529291448954,False,0.5716047808246284,79
2024-03-15,6919.TW,6919,康霈*,97,bullish,0.0730896816286721,7.308968162867213,bullish_cluster_11_rep_2,bullish,11,2020-03-19,5876.TW,1.0885948483905414,0.4787908007963315,True,0.5716047808246284,80
2021-03-10,6770.TW,6770,力積電,55,bullish,0.0716463534417717,7.164635344177173,bullish_cluster_11_rep_2,bullish,11,2020-03-19,5876.TW,1.0903806944638836,0.4783817620629473,True,0.5716047808246284,81
2020-03-12,6239.TW,6239,力成,76,bearish,-0.1260964954475436,-12.609649544754364,bullish_cluster_11_rep_2,bullish,11,2020-03-19,5876.TW,1.0906707437047871,0.4783153937611158,False,0.5716047808246284,82
2020-03-16,6139.TW,6139,亞翔,85,bearish,-0.1688312152575942,-16.883121525759424,bullish_cluster_11_rep_2,bullish,11,2020-03-19,5876.TW,1.0931827279107211,0.4777413775997163,False,0.5716047808246284,83
2022-07-05,2379.TW,2379,瑞昱,53,neutral,0.0339506172839505,3.3950617283950546,bullish_cluster_11_rep_2,bullish,11,2020-03-19,5876.TW,1.0953426674807916,0.47724890802815056,False,0.5716047808246284,84
2020-03-23,1802.TW,1802,台玻,86,bullish,0.0713246369894875,7.132463698948754,bullish_cluster_11_rep_2,bullish,11,2020-03-19,5876.TW,1.096829919261319,0.47691040213327585,True,0.5716047808246284,85
2024-09-06,1519.TW,1519,華城,66,neutral,-0.0107526917298984,-1.0752691729898456,bullish_cluster_11_rep_2,bullish,11,2020-03-19,5876.TW,1.099060569635305,0.47640359428682044,False,0.5716047808246284,86
2022-10-21,6789.TW,6789,采鈺,96,neutral,-0.0290697674418605,-2.906976744186052,bullish_cluster_11_rep_2,bullish,11,2020-03-19,5876.TW,1.1005864816455744,0.47605752428560427,False,0.5716047808246284,87
2018-10-19,6531.TW,6531,愛普*,95,neutral,0.0350665251861361,3.5066525186136177,bullish_cluster_11_rep_2,bullish,11,2020-03-19,5876.TW,1.1008431915160664,0.47599935303993507,False,0.5716047808246284,88
2023-10-16,6919.TW,6919,康霈*,97,neutral,0.025284512125014,2.528451212501404,bullish_cluster_11_rep_2,bullish,11,2020-03-19,5876.TW,1.1037413613243243,0.4753436037263111,False,0.5716047808246284,89
2018-10-17,6531.TW,6531,愛普*,95,neutral,0.0011494077485185,0.1149407748518571,bullish_cluster_11_rep_2,bullish,11,2020-03-19,5876.TW,1.1044289209954925,0.4751882993163549,False,0.5716047808246284,90
2019-05-24,6213.TW,6213,聯茂,81,neutral,-0.0465380675728869,-4.653806757288692,bullish_cluster_11_rep_2,bullish,11,2020-03-19,5876.TW,1.1049389748180314,0.47507315507160885,False,0.5716047808246284,91
2022-07-06,2379.TW,2379,瑞昱,53,bullish,0.0559105431309903,5.591054313099031,bullish_cluster_11_rep_2,bullish,11,2020-03-19,5876.TW,1.105385714261278,0.4749723498294338,True,0.5716047808246284,92
2020-03-17,5871.TW,5871,中租-KY,78,neutral,-0.0217639474515587,-2.176394745155874,bullish_cluster_11_rep_2,bullish,11,2020-03-19,5876.TW,1.1054476873107624,0.47495836919951023,False,0.5716047808246284,93
2020-03-17,2615.TW,2615,萬海,59,bearish,-0.0634328596720489,-6.343285967204892,bullish_cluster_11_rep_2,bullish,11,2020-03-19,5876.TW,1.1075981084134316,0.47447376044230044,False,0.5716047808246284,94
2022-08-30,6415.TW,6415,矽力*-KY,92,bearish,-0.0584905660377358,-5.849056603773583,bullish_cluster_11_rep_2,bullish,11,2020-03-19,5876.TW,1.1083547951676909,0.47430347221064545,False,0.5716047808246284,95
2020-03-19,3533.TW,3533,嘉澤,82,bullish,0.2019002052240357,20.19002052240357,bullish_cluster_11_rep_3,bullish,11,2018-06-22,2492.TW,0.8241600727990932,0.5481975046551393,True,0.8489104255180663,1
2022-04-15,3532.TW,3532,台勝科,98,neutral,-0.0153508771929824,-1.5350877192982448,bullish_cluster_11_rep_3,bullish,11,2018-06-22,2492.TW,0.8426638323848311,0.5426925858233023,False,0.8489104255180663,2
2020-03-19,3044.TW,3044,健鼎,65,bullish,0.0568181840075168,5.681818400751681,bullish_cluster_11_rep_3,bullish,11,2018-06-22,2492.TW,0.9481640178936181,0.5133038033836668,True,0.8489104255180663,3
2018-07-05,1590.TW,1590,亞德客-KY,64,bullish,0.0935672995040282,9.35672995040282,bullish_cluster_11_rep_3,bullish,11,2018-06-22,2492.TW,1.0049046519860731,0.49877683659888405,True,0.8489104255180663,4
2020-03-23,3044.TW,3044,健鼎,65,bullish,0.2756410256410255,27.564102564102555,bullish_cluster_11_rep_3,bullish,11,2018-06-22,2492.TW,1.011963620686325,0.4970268794715473,True,0.8489104255180663,5
2022-04-12,3661.TW,3661,世芯-KY,56,neutral,0.0054347826086955,0.5434782608695565,bullish_cluster_11_rep_3,bullish,11,2018-06-22,2492.TW,1.0393949966336136,0.49034149914591285,False,0.8489104255180663,6
2022-05-11,1605.TW,1605,華新,88,bullish,0.0506848999000635,5.068489990006353,bullish_cluster_11_rep_3,bullish,11,2018-06-22,2492.TW,1.0443430826573683,0.48915468664884554,True,0.8489104255180663,7
2021-05-05,6531.TW,6531,愛普*,95,bullish,0.0814332247557003,8.143322475570036,bullish_cluster_11_rep_3,bullish,11,2018-06-22,2492.TW,1.0765748790847096,0.48156221577753516,True,0.8489104255180663,8
2024-09-26,3661.TW,3661,世芯-KY,56,neutral,-0.0374999999999999,-3.749999999999998,bullish_cluster_11_rep_3,bullish,11,2018-06-22,2492.TW,1.0846273127179726,0.47970205220816325,False,0.8489104255180663,9
2020-03-17,2379.TW,2379,瑞昱,53,bearish,-0.073170731707317,-7.317073170731703,bullish_cluster_11_rep_3,bullish,11,2018-06-22,2492.TW,1.0960673690909057,0.47708390233359443,False,0.8489104255180663,10
2018-09-11,3532.TW,3532,台勝科,98,bearish,-0.1100702735120022,-11.007027351200229,bullish_cluster_11_rep_3,bullish,11,2018-06-22,2492.TW,1.0986807708243647,0.47648980917054795,False,0.8489104255180663,11
2018-08-10,2492.TW,2492,華新科,100,bearish,-0.0940959409594095,-9.409594095940951,bullish_cluster_11_rep_3,bullish,11,2018-06-22,2492.TW,1.1007810203087876,0.47601343992198336,False,0.8489104255180663,12
2020-03-16,2337.TW,2337,旺宏,67,bearish,-0.1893382860818109,-18.93382860818109,bullish_cluster_11_rep_3,bullish,11,2018-06-22,2492.TW,1.1252209509564215,0.4705393100656033,False,0.8489104255180663,13
2025-04-09,3481.TW,3481,群創,52,bullish,0.142259400535478,14.225940053547802,bullish_cluster_11_rep_3,bullish,11,2018-06-22,2492.TW,1.1313716389434663,0.4691814330867732,True,0.8489104255180663,14
2020-03-23,3481.TW,3481,群創,52,bullish,0.0886597941211737,8.865979412117376,bullish_cluster_11_rep_3,bullish,11,2018-06-22,2492.TW,1.137854971481749,0.4677585773308557,True,0.8489104255180663,15
2022-04-18,3532.TW,3532,台勝科,98,neutral,0.0289532293986636,2.8953229398663627,bullish_cluster_11_rep_3,bullish,11,2018-06-22,2492.TW,1.1413503616842364,0.46699504102330547,False,0.8489104255180663,16
2018-09-07,2492.TW,2492,華新科,100,neutral,0.0105042016806722,1.0504201680672232,bullish_cluster_11_rep_3,bullish,11,2018-06-22,2492.TW,1.1494042941574394,0.46524518570946527,False,0.8489104255180663,17
2020-03-16,2492.TW,2492,華新科,100,bearish,-0.1661341853035144,-16.613418530351442,bullish_cluster_11_rep_3,bullish,11,2018-06-22,2492.TW,1.1501476290566692,0.4650843442032528,False,0.8489104255180663,18
2022-10-25,3661.TW,3661,世芯-KY,56,bullish,0.0793103448275862,7.931034482758625,bullish_cluster_11_rep_3,bullish,11,2018-06-22,2492.TW,1.1506710946863727,0.4649711443421932,True,0.8489104255180663,19
2022-07-12,6515.TW,6515,穎崴,73,bullish,0.0850722311396467,8.50722311396468,bullish_cluster_11_rep_3,bullish,11,2018-06-22,2492.TW,1.1601976867805124,0.46292059570268634,True,0.8489104255180663,20
2021-11-11,2615.TW,2615,萬海,59,neutral,0.0094044176845562,0.9404417684556244,bullish_cluster_11_rep_3,bullish,11,2018-06-22,2492.TW,1.1765328453022306,0.4594463171821058,False,0.8489104255180663,21
2020-03-23,2379.TW,2379,瑞昱,53,bullish,0.1928783382789318,19.287833827893188,bullish_cluster_11_rep_3,bullish,11,2018-06-22,2492.TW,1.1866621484952447,0.45731801809810985,True,0.8489104255180663,22
2020-03-17,2492.TW,2492,華新科,100,neutral,-0.0433333333333333,-4.333333333333334,bullish_cluster_11_rep_3,bullish,11,2018-06-22,2492.TW,1.1874023210903564,0.45716327095306775,False,0.8489104255180663,23
2020-09-08,3661.TW,3661,世芯-KY,56,bearish,-0.0690826727066817,-6.908267270668178,bullish_cluster_11_rep_3,bullish,11,2018-06-22,2492.TW,1.1948893007654657,0.4556038428230758,False,0.8489104255180663,24
2020-09-07,3661.TW,3661,世芯-KY,56,bearish,-0.1513292433537832,-15.132924335378329,bullish_cluster_11_rep_3,bullish,11,2018-06-22,2492.TW,1.1966373605554712,0.45524127830873573,False,0.8489104255180663,25
2020-03-19,2492.TW,2492,華新科,100,bullish,0.2183908045977012,21.839080459770123,bullish_cluster_11_rep_3,bullish,11,2018-06-22,2492.TW,1.2087148029704484,0.4527519798640927,True,0.8489104255180663,26
2022-04-11,3661.TW,3661,世芯-KY,56,neutral,0.0283018867924529,2.830188679245293,bullish_cluster_11_rep_3,bullish,11,2018-06-22,2492.TW,1.2125568714212942,0.45196578353153183,False,0.8489104255180663,27
2021-08-19,6531.TW,6531,愛普*,95,neutral,0.0430292598967296,4.302925989672968,bullish_cluster_11_rep_3,bullish,11,2018-06-22,2492.TW,1.2144946350282106,0.4515702969798619,False,0.8489104255180663,28
2019-05-13,1590.TW,1590,亞德客-KY,64,neutral,-0.0498575675251318,-4.985756752513182,bullish_cluster_11_rep_3,bullish,11,2018-06-22,2492.TW,1.2205141753416413,0.4503461455480883,False,0.8489104255180663,29
2020-03-19,2379.TW,2379,瑞昱,53,bullish,0.0987654320987654,9.876543209876544,bullish_cluster_11_rep_3,bullish,11,2018-06-22,2492.TW,1.2213276414300331,0.4501812255648275,True,0.8489104255180663,30
2021-05-12,2618.TW,2618,長榮航,72,bearish,-0.1377049430471952,-13.770494304719527,bullish_cluster_11_rep_3,bullish,11,2018-06-22,2492.TW,1.2240609691418542,0.4496279615867933,False,0.8489104255180663,31
2020-02-27,2492.TW,2492,華新科,100,neutral,-0.0117370892018778,-1.1737089201877882,bullish_cluster_11_rep_3,bullish,11,2018-06-22,2492.TW,1.2263630571122708,0.449163040504751,False,0.8489104255180663,32
2018-10-05,2492.TW,2492,華新科,100,bearish,-0.1448087431693989,-14.480874316939897,bullish_cluster_11_rep_3,bullish,11,2018-06-22,2492.TW,1.2263978221248193,0.4491560268620927,False,0.8489104255180663,33
2020-02-07,3661.TW,3661,世芯-KY,56,bullish,0.1565656565656565,15.656565656565656,bullish_cluster_11_rep_3,bullish,11,2018-06-22,2492.TW,1.234080274636297,0.44761148977191406,True,0.8489104255180663,34
2021-05-11,6415.TW,6415,矽力*-KY,92,neutral,-0.0199637023593466,-1.996370235934664,bullish_cluster_11_rep_3,bullish,11,2018-06-22,2492.TW,1.2343936216782327,0.44754871760191883,False,0.8489104255180663,35
2021-03-09,6415.TW,6415,矽力*-KY,92,bullish,0.1219512195121952,12.195121951219525,bullish_cluster_11_rep_3,bullish,11,2018-06-22,2492.TW,1.235496969623477,0.4473278262454676,True,0.8489104255180663,36
2020-03-19,1605.TW,1605,華新,88,neutral,0.0228311509719174,2.2831150971917458,bullish_cluster_11_rep_3,bullish,11,2018-06-22,2492.TW,1.2373030278308361,0.4469667217898257,False,0.8489104255180663,37
2018-07-19,1590.TW,1590,亞德客-KY,64,neutral,-0.0201550760148573,-2.015507601485733,bullish_cluster_11_rep_3,bullish,11,2018-06-22,2492.TW,1.2413621088443905,0.44615727019476725,False,0.8489104255180663,38
2022-03-08,6415.TW,6415,矽力*-KY,92,neutral,0.0491551459293395,4.915514592933956,bullish_cluster_11_rep_3,bullish,11,2018-06-22,2492.TW,1.243796478719528,0.44567321924431946,False,0.8489104255180663,39
2018-10-17,6415.TW,6415,矽力*-KY,92,neutral,0.0475000000000001,4.75000000000001,bullish_cluster_11_rep_3,bullish,11,2018-06-22,2492.TW,1.2455529231384992,0.44532461902627934,False,0.8489104255180663,40
2021-05-04,3481.TW,3481,群創,52,bullish,0.065737043546892,6.573704354689203,bullish_cluster_11_rep_3,bullish,11,2018-06-22,2492.TW,1.2462422424684336,0.44518795929199656,True,0.8489104255180663,41
2021-05-04,6531.TW,6531,愛普*,95,neutral,0.0266040688575899,2.6604068857589924,bullish_cluster_11_rep_3,bullish,11,2018-06-22,2492.TW,1.247187012047354,0.4450007919407321,False,0.8489104255180663,42
2018-07-31,3661.TW,3661,世芯-KY,56,neutral,0.045643153526971,4.564315352697101,bullish_cluster_11_rep_3,bullish,11,2018-06-22,2492.TW,1.2492505180812647,0.4445925395864998,False,0.8489104255180663,43
2020-03-23,2409.TW,2409,友達,80,bullish,0.0737704918032786,7.377049180327866,bullish_cluster_11_rep_3,bullish,11,2018-06-22,2492.TW,1.2502813399863326,0.44438887806183097,True,0.8489104255180663,44
2025-03-31,6805.TW,6805,富世達,93,bearish,-0.0915371329879102,-9.153713298791022,bullish_cluster_11_rep_3,bullish,11,2018-06-22,2492.TW,1.257849003872925,0.44289941368297153,False,0.8489104255180663,45
2024-04-22,6805.TW,6805,富世達,93,neutral,0.0444444444444445,4.444444444444451,bullish_cluster_11_rep_3,bullish,11,2018-06-22,2492.TW,1.2580583289329448,0.4428583563085167,False,0.8489104255180663,46
2020-08-31,3661.TW,3661,世芯-KY,56,bullish,0.1024667931688805,10.246679316888052,bullish_cluster_11_rep_3,bullish,11,2018-06-22,2492.TW,1.2642732957784615,0.4416428007451274,True,0.8489104255180663,47
2021-08-20,6531.TW,6531,愛普*,95,bullish,0.0648464163822526,6.484641638225264,bullish_cluster_11_rep_3,bullish,11,2018-06-22,2492.TW,1.2671146418764334,0.44108929541045416,True,0.8489104255180663,48
2025-10-09,6919.TW,6919,康霈*,97,neutral,0.0457516339869281,4.575163398692816,bullish_cluster_11_rep_3,bullish,11,2018-06-22,2492.TW,1.2676857289481127,0.44097821282486943,False,0.8489104255180663,49
2020-03-19,2404.TW,2404,漢唐,79,bullish,0.102661596958175,10.2661596958175,bullish_cluster_11_rep_3,bullish,11,2018-06-22,2492.TW,1.268956659694419,0.4407312038012568,True,0.8489104255180663,50
2021-01-15,2615.TW,2615,萬海,59,neutral,-0.0265896253008742,-2.658962530087428,bullish_cluster_11_rep_3,bullish,11,2018-06-22,2492.TW,1.27014386763512,0.44050071638927946,False,0.8489104255180663,51
2021-05-11,6789.TW,6789,采鈺,96,neutral,-0.0028050490883591,-0.2805049088359101,bullish_cluster_11_rep_3,bullish,11,2018-06-22,2492.TW,1.2708550632955362,0.4403627585763966,False,0.8489104255180663,52
2018-10-08,3532.TW,3532,台勝科,98,neutral,-0.0084745762711864,-0.8474576271186418,bullish_cluster_11_rep_3,bullish,11,2018-06-22,2492.TW,1.273117815504352,0.4399244039087007,False,0.8489104255180663,53
2020-03-23,3702.TW,3702,大聯大,90,bullish,0.1311216324976052,13.112163249760522,bullish_cluster_11_rep_3,bullish,11,2018-06-22,2492.TW,1.273626482116702,0.4398259819128335,True,0.8489104255180663,54
2022-01-11,6415.TW,6415,矽力*-KY,92,neutral,-0.0326633165829145,-3.2663316582914548,bullish_cluster_11_rep_3,bullish,11,2018-06-22,2492.TW,1.2754502317262708,0.43947346597923603,False,0.8489104255180663,55
2021-04-13,6531.TW,6531,愛普*,95,neutral,-0.0067934782608695,-0.6793478260869512,bullish_cluster_11_rep_3,bullish,11,2018-06-22,2492.TW,1.2760741289660464,0.4393530014131265,False,0.8489104255180663,56
2019-05-13,2492.TW,2492,華新科,100,neutral,0.0061349693251533,0.6134969325153339,bullish_cluster_11_rep_3,bullish,11,2018-06-22,2492.TW,1.277332498965069,0.43911023113860137,False,0.8489104255180663,57
2021-05-14,6213.TW,6213,聯茂,81,neutral,0.0431034372820056,4.310343728200561,bullish_cluster_11_rep_3,bullish,11,2018-06-22,2492.TW,1.2775572603156087,0.43906689742738964,False,0.8489104255180663,58
2018-07-17,1590.TW,1590,亞德客-KY,64,neutral,-0.0292307078468196,-2.923070784681969,bullish_cluster_11_rep_3,bullish,11,2018-06-22,2492.TW,1.2848236246592117,0.43767054454767945,False,0.8489104255180663,59
2020-03-18,2492.TW,2492,華新科,100,neutral,0.0138408304498269,1.384083044982698,bullish_cluster_11_rep_3,bullish,11,2018-06-22,2492.TW,1.2879657799776163,0.4370694740066362,False,0.8489104255180663,60
2020-03-19,2337.TW,2337,旺宏,67,bullish,0.0975057415088382,9.750574150883828,bullish_cluster_11_rep_3,bullish,11,2018-06-22,2492.TW,1.291396928823267,0.43641500406197364,True,0.8489104255180663,61
2025-07-09,6919.TW,6919,康霈*,97,bullish,0.1052631578947369,10.526315789473696,bullish_cluster_11_rep_3,bullish,11,2018-06-22,2492.TW,1.2951830852109776,0.43569508961768866,True,0.8489104255180663,62
2020-03-18,2379.TW,2379,瑞昱,53,bearish,-0.0638888888888888,-6.388888888888888,bullish_cluster_11_rep_3,bullish,11,2018-06-22,2492.TW,1.2954604964260026,0.43564243495237004,False,0.8489104255180663,63
2021-02-26,6531.TW,6531,愛普*,95,neutral,-0.0392749244712991,-3.92749244712991,bullish_cluster_11_rep_3,bullish,11,2018-06-22,2492.TW,1.2986694530312801,0.4350342754506478,False,0.8489104255180663,64
2018-09-10,3532.TW,3532,台勝科,98,bearish,-0.0904017702239201,-9.040177022392015,bullish_cluster_11_rep_3,bullish,11,2018-06-22,2492.TW,1.2990549806098377,0.4349613247329754,False,0.8489104255180663,65
2022-01-12,6415.TW,6415,矽力*-KY,92,neutral,-0.0153256704980843,-1.532567049808431,bullish_cluster_11_rep_3,bullish,11,2018-06-22,2492.TW,1.3006466453440642,0.4346604038580853,False,0.8489104255180663,66
2018-09-10,2337.TW,2337,旺宏,67,neutral,-0.0037453325322945,-0.3745332532294587,bullish_cluster_11_rep_3,bullish,11,2018-06-22,2492.TW,1.3048302602997512,0.4338714295906313,False,0.8489104255180663,67
2021-10-01,1590.TW,1590,亞德客-KY,64,neutral,-0.0379746835443037,-3.797468354430378,bullish_cluster_11_rep_3,bullish,11,2018-06-22,2492.TW,1.3050822865941114,0.43382399223480916,False,0.8489104255180663,68
2020-03-17,3481.TW,3481,群創,52,bearish,-0.0710572929334358,-7.105729293343588,bullish_cluster_11_rep_3,bullish,11,2018-06-22,2492.TW,1.3051510419939005,0.4338110526306441,False,0.8489104255180663,69
2025-04-09,2347.TW,2347,聯強,99,bullish,0.1465077031864028,14.650770318640284,bullish_cluster_11_rep_3,bullish,11,2018-06-22,2492.TW,1.3088496305204664,0.4331161227570189,True,0.8489104255180663,70
2020-03-18,2376.TW,2376,技嘉,70,neutral,-0.0437499999999999,-4.374999999999996,bullish_cluster_11_rep_3,bullish,11,2018-06-22,2492.TW,1.3124463541612252,0.4324424643194466,False,0.8489104255180663,71
2020-03-12,2313.TW,2313,華通,60,bearish,-0.2028776758866344,-20.28776758866344,bullish_cluster_11_rep_3,bullish,11,2018-06-22,2492.TW,1.3147476874410524,0.4320125279422992,False,0.8489104255180663,72
2018-11-15,6415.TW,6415,矽力*-KY,92,bearish,-0.0541176470588234,-5.41176470588235,bullish_cluster_11_rep_3,bullish,11,2018-06-22,2492.TW,1.3162048465354983,0.4317407424027138,False,0.8489104255180663,73
2022-06-20,2615.TW,2615,萬海,59,bearish,-0.0753138195122057,-7.531381951220572,bullish_cluster_11_rep_3,bullish,11,2018-06-22,2492.TW,1.3175297476002974,0.43149392193798464,False,0.8489104255180663,74
2021-07-28,6531.TW,6531,愛普*,95,bullish,0.1969230769230769,19.692307692307697,bullish_cluster_11_rep_3,bullish,11,2018-06-22,2492.TW,1.3183282637340867,0.43134529981932723,True,0.8489104255180663,75
2022-03-14,3533.TW,3533,嘉澤,82,neutral,0.0289389419464973,2.8938941946497376,bullish_cluster_11_rep_3,bullish,11,2018-06-22,2492.TW,1.318839817213273,0.4312501418065938,False,0.8489104255180663,76
2025-11-21,6805.TW,6805,富世達,93,bullish,0.0743494423791821,7.434944237918217,bullish_cluster_11_rep_3,bullish,11,2018-06-22,2492.TW,1.3195895104786115,0.4311107614009107,True,0.8489104255180663,77
2021-09-03,2615.TW,2615,萬海,59,neutral,0.0405405393655728,4.054053936557289,bullish_cluster_11_rep_3,bullish,11,2018-06-22,2492.TW,1.3200109093685697,0.43103245590865213,False,0.8489104255180663,78
2020-03-12,2207.TW,2207,和泰車,63,bearish,-0.2061144093208439,-20.611440932084392,bullish_cluster_11_rep_3,bullish,11,2018-06-22,2492.TW,1.320836627784644,0.43087910110870264,False,0.8489104255180663,79
2022-02-17,3036.TW,3036,文曄,68,neutral,-0.0046403513911649,-0.4640351391164921,bullish_cluster_11_rep_3,bullish,11,2018-06-22,2492.TW,1.3213031194455658,0.4307925111645247,False,0.8489104255180663,80
2022-06-29,2609.TW,2609,陽明,77,bearish,-0.0853801526521381,-8.538015265213817,bullish_cluster_11_rep_3,bullish,11,2018-06-22,2492.TW,1.3214199399974056,0.4307708324419396,False,0.8489104255180663,81
2023-08-10,6139.TW,6139,亞翔,85,bullish,0.0978260994357158,9.782609943571586,bullish_cluster_11_rep_3,bullish,11,2018-06-22,2492.TW,1.322522186263479,0.430566392826938,True,0.8489104255180663,82
2020-03-17,2337.TW,2337,旺宏,67,neutral,-0.0433925193261063,-4.339251932610633,bullish_cluster_11_rep_3,bullish,11,2018-06-22,2492.TW,1.3237835395383435,0.43033268072751124,False,0.8489104255180663,83
2022-06-17,3532.TW,3532,台勝科,98,bearish,-0.0920096852300241,-9.200968523002418,bullish_cluster_11_rep_3,bullish,11,2018-06-22,2492.TW,1.3271729366624616,0.4297059252649097,False,0.8489104255180663,84
2022-07-08,6515.TW,6515,穎崴,73,bearish,-0.0852941176470588,-8.529411764705886,bullish_cluster_11_rep_3,bullish,11,2018-06-22,2492.TW,1.3306964211229255,0.42905630734962974,False,0.8489104255180663,85
2018-04-24,3532.TW,3532,台勝科,98,neutral,0.0087719298245614,0.8771929824561431,bullish_cluster_11_rep_3,bullish,11,2018-06-22,2492.TW,1.3324417145906455,0.4287352578821052,False,0.8489104255180663,86
2019-05-17,6213.TW,6213,聯茂,81,neutral,0.0130718802183922,1.307188021839223,bullish_cluster_11_rep_3,bullish,11,2018-06-22,2492.TW,1.3385494761582915,0.42761549849386726,False,0.8489104255180663,87
2023-05-15,6415.TW,6415,矽力*-KY,92,neutral,-0.0064020486555698,-0.6402048655569814,bullish_cluster_11_rep_3,bullish,11,2018-06-22,2492.TW,1.3392917953485157,0.4274798047804107,False,0.8489104255180663,88
2020-03-19,5876.TW,5876,上海商銀,75,bullish,0.1057143073792539,10.571430737925391,bullish_cluster_11_rep_3,bullish,11,2018-06-22,2492.TW,1.343630573105518,0.426688408777204,True,0.8489104255180663,89
2018-10-25,2492.TW,2492,華新科,100,bearish,-0.0739299610894941,-7.392996108949412,bullish_cluster_11_rep_3,bullish,11,2018-06-22,2492.TW,1.3441131548137164,0.426600566592302,False,0.8489104255180663,90
2020-03-16,3034.TW,3034,聯詠,58,bearish,-0.1137026239067054,-11.370262390670549,bullish_cluster_11_rep_3,bullish,11,2018-06-22,2492.TW,1.3489941162657084,0.42571413571258354,False,0.8489104255180663,91
2025-04-09,2409.TW,2409,友達,80,bullish,0.1650943336812744,16.509433368127446,bullish_cluster_11_rep_3,bullish,11,2018-06-22,2492.TW,1.3551877404690322,0.4245946014481425,True,0.8489104255180663,92
2025-04-09,3702.TW,3702,大聯大,90,bullish,0.2057142711821056,20.57142711821056,bullish_cluster_11_rep_3,bullish,11,2018-06-22,2492.TW,1.3558003119276352,0.42448419542900445,True,0.8489104255180663,93
2018-10-24,2492.TW,2492,華新科,100,bearish,-0.0771929824561403,-7.719298245614037,bullish_cluster_11_rep_3,bullish,11,2018-06-22,2492.TW,1.3562181810568477,0.4244089142676356,False,0.8489104255180663,94
2024-04-22,3661.TW,3661,世芯-KY,56,neutral,0.0235081374321881,2.350813743218816,bullish_cluster_11_rep_3,bullish,11,2018-06-22,2492.TW,1.3571223037584037,0.4242461235064094,False,0.8489104255180663,95
2021-09-09,2609.TW,2609,陽明,77,neutral,-0.0329218106995884,-3.292181069958844,bullish_cluster_1_rep_1,bullish,1,2022-10-28,6415.TW,0.6060999559768077,0.6226262545358292,False,0.0,1
2022-05-17,2618.TW,2618,長榮航,72,neutral,-0.0345911478148441,-3.459114781484418,bullish_cluster_1_rep_1,bullish,1,2022-10-28,6415.TW,0.6292468605522535,0.6137805290359973,False,0.0,2
2022-10-18,3533.TW,3533,嘉澤,82,neutral,-0.0084985934135509,-0.849859341355097,bullish_cluster_1_rep_1,bullish,1,2022-10-28,6415.TW,0.6411121156125984,0.6093428904013164,False,0.0,3
2021-08-25,6805.TW,6805,富世達,93,neutral,-0.0221729490022173,-2.217294900221733,bullish_cluster_1_rep_1,bullish,1,2022-10-28,6415.TW,0.6439591667628223,0.6082876145696094,False,0.0,4
2018-09-11,1590.TW,1590,亞德客-KY,64,neutral,0.026365334602276,2.636533460227608,bullish_cluster_1_rep_1,bullish,1,2022-10-28,6415.TW,0.6523997825696434,0.6051804233748459,False,0.0,5
2018-09-14,3533.TW,3533,嘉澤,82,bearish,-0.0506912449036074,-5.069124490360744,bullish_cluster_1_rep_1,bullish,1,2022-10-28,6415.TW,0.6899158278160158,0.5917454488205858,False,0.0,6
2019-05-07,1590.TW,1590,亞德客-KY,64,bearish,-0.0540880618431561,-5.408806184315617,bullish_cluster_1_rep_1,bullish,1,2022-10-28,6415.TW,0.6963460660759833,0.5895023545008226,False,0.0,7
2022-01-14,6805.TW,6805,富世達,93,bullish,0.066546762589928,6.654676258992809,bullish_cluster_1_rep_1,bullish,1,2022-10-28,6415.TW,0.7025434747995578,0.5873565138286593,True,0.0,8
2025-09-30,6919.TW,6919,康霈*,97,neutral,-0.0377358490566037,-3.773584905660377,bullish_cluster_1_rep_1,bullish,1,2022-10-28,6415.TW,0.7037420282915346,0.5869433185273785,False,0.0,9
2024-04-17,3533.TW,3533,嘉澤,82,bearish,-0.0649819494584837,-6.498194945848379,bullish_cluster_1_rep_1,bullish,1,2022-10-28,6415.TW,0.7042220049653071,0.5867780119529422,False,0.0,10
2023-10-16,2356.TW,2356,英業達,71,bearish,-0.0595238085408428,-5.952380854084282,bullish_cluster_1_rep_1,bullish,1,2022-10-28,6415.TW,0.7089268970607624,0.5851625378007285,False,0.0,11
2022-07-12,6531.TW,6531,愛普*,95,bullish,0.0785340314136124,7.853403141361248,bullish_cluster_1_rep_1,bullish,1,2022-10-28,6415.TW,0.7200427789074724,0.5813808890469426,True,0.0,12
2021-01-18,1802.TW,1802,台玻,86,neutral,-0.0260870007501132,-2.608700075011328,bullish_cluster_1_rep_1,bullish,1,2022-10-28,6415.TW,0.7268600772169458,0.5790857135406285,False,0.0,13
2022-10-19,1605.TW,1605,華新,88,neutral,0.0183099021374339,1.8309902137434,bullish_cluster_1_rep_1,bullish,1,2022-10-28,6415.TW,0.7289135441801574,0.5783979212645912,False,0.0,14
2024-06-25,3533.TW,3533,嘉澤,82,neutral,0.0251572327044025,2.515723270440251,bullish_cluster_1_rep_1,bullish,1,2022-10-28,6415.TW,0.7302401712322818,0.5779544462245361,False,0.0,15
2022-06-29,1605.TW,1605,華新,88,bearish,-0.0727762010590256,-7.27762010590256,bullish_cluster_1_rep_1,bullish,1,2022-10-28,6415.TW,0.7321704797816677,0.5773103812080007,False,0.0,16
2025-09-05,2404.TW,2404,漢唐,79,neutral,0.0193236714975846,1.932367149758463,bullish_cluster_1_rep_1,bullish,1,2022-10-28,6415.TW,0.7351130314609644,0.576331329353224,False,0.0,17
2024-04-19,2376.TW,2376,技嘉,70,neutral,0.0239316239316238,2.3931623931623847,bullish_cluster_1_rep_1,bullish,1,2022-10-28,6415.TW,0.7359927357279864,0.5760392767891688,False,0.0,18
2023-08-17,6919.TW,6919,康霈*,97,neutral,-0.0257967464463807,-2.5796746446380747,bullish_cluster_1_rep_1,bullish,1,2022-10-28,6415.TW,0.7366341572005548,0.5758265181263017,False,0.0,19
2025-04-11,1101.TW,1101,台泥,83,neutral,-0.0166666666666667,-1.6666666666666718,bullish_cluster_1_rep_1,bullish,1,2022-10-28,6415.TW,0.7411865308981871,0.5743210059660594,False,0.0,20
2022-06-30,6805.TW,6805,富世達,93,bearish,-0.1415384615384615,-14.15384615384615,bullish_cluster_1_rep_1,bullish,1,2022-10-28,6415.TW,0.7451510468306707,0.573016302408939,False,0.0,21
2021-03-25,6415.TW,6415,矽力*-KY,92,neutral,0.0244988864142539,2.44988864142539,bullish_cluster_1_rep_1,bullish,1,2022-10-28,6415.TW,0.7541879329849944,0.5700643478366432,False,0.0,22
2022-12-22,1802.TW,1802,台玻,86,neutral,0.0283688128743058,2.836881287430581,bullish_cluster_1_rep_1,bullish,1,2022-10-28,6415.TW,0.7542332580271492,0.5700496187859435,False,0.0,23
2022-10-19,6415.TW,6415,矽力*-KY,92,neutral,-0.0369928400954654,-3.699284009546544,bullish_cluster_1_rep_1,bullish,1,2022-10-28,6415.TW,0.7572269727053936,0.569078448904309,False,0.0,24
2022-07-08,5871.TW,5871,中租-KY,78,neutral,-0.0129869739239569,-1.298697392395698,bullish_cluster_1_rep_1,bullish,1,2022-10-28,6415.TW,0.7582441038528593,0.5687492412507963,False,0.0,25
2023-06-12,1519.TW,1519,華城,66,bullish,0.0644067689257725,6.440676892577257,bullish_cluster_1_rep_1,bullish,1,2022-10-28,6415.TW,0.7609677743567059,0.5678695627268404,True,0.0,26
2025-09-09,2404.TW,2404,漢唐,79,neutral,0.0,0.0,bullish_cluster_1_rep_1,bullish,1,2022-10-28,6415.TW,0.7629997733561685,0.5672150473940961,False,0.0,27
2025-07-02,7750.TW,7750,新代,91,neutral,-0.0408450704225351,-4.084507042253516,bullish_cluster_1_rep_1,bullish,1,2022-10-28,6415.TW,0.7652400675911344,0.5664951857594139,False,0.0,28
2020-08-26,2313.TW,2313,華通,60,neutral,-0.0157834717548105,-1.578347175481054,bullish_cluster_1_rep_1,bullish,1,2022-10-28,6415.TW,0.7655374890676385,0.5663997542913061,False,0.0,29
2019-01-15,6415.TW,6415,矽力*-KY,92,neutral,-0.0454545454545454,-4.545454545454541,bullish_cluster_1_rep_1,bullish,1,2022-10-28,6415.TW,0.7672389865473994,0.5658544246772584,False,0.0,30
2024-07-22,2404.TW,2404,漢唐,79,neutral,0.0404984423676011,4.049844236760114,bullish_cluster_1_rep_1,bullish,1,2022-10-28,6415.TW,0.7674870112678145,0.5657750204810287,False,0.0,31
2023-02-17,6415.TW,6415,矽力*-KY,92,neutral,0.0086956521739129,0.8695652173912993,bullish_cluster_1_rep_1,bullish,1,2022-10-28,6415.TW,0.7685978720163044,0.5654196557750812,False,0.0,32
2021-01-11,3481.TW,3481,群創,52,neutral,0.0260222134959005,2.6022213495900504,bullish_cluster_1_rep_1,bullish,1,2022-10-28,6415.TW,0.7687174139463748,0.5653814408762974,False,0.0,33
2022-05-12,6415.TW,6415,矽力*-KY,92,bullish,0.117063492063492,11.70634920634921,bullish_cluster_1_rep_1,bullish,1,2022-10-28,6415.TW,0.7690246941883548,0.5652832339114461,True,0.0,34
2025-11-06,6919.TW,6919,康霈*,97,bearish,-0.1404109589041096,-14.04109589041096,bullish_cluster_1_rep_1,bullish,1,2022-10-28,6415.TW,0.7691534741975516,0.5652420858815415,False,0.0,35
2025-12-05,6515.TW,6515,穎崴,73,neutral,0.048828125,4.8828125,bullish_cluster_1_rep_1,bullish,1,2022-10-28,6415.TW,0.769471381261556,0.5651405332631283,False,0.0,36
2022-07-06,6770.TW,6770,力積電,55,neutral,0.0295249727511133,2.952497275111332,bullish_cluster_1_rep_1,bullish,1,2022-10-28,6415.TW,0.7731130451954705,0.5639798334966052,False,0.0,37
2024-04-22,2404.TW,2404,漢唐,79,neutral,0.0342205323193915,3.4220532319391594,bullish_cluster_1_rep_1,bullish,1,2022-10-28,6415.TW,0.7774367027694981,0.5626079389729369,False,0.0,38
2025-03-10,3533.TW,3533,嘉澤,82,neutral,-0.0219435736677116,-2.19435736677116,bullish_cluster_1_rep_1,bullish,1,2022-10-28,6415.TW,0.7808175714033886,0.5615398320738387,False,0.0,39
2024-04-15,3533.TW,3533,嘉澤,82,neutral,0.0033898305084745,0.3389830508474523,bullish_cluster_1_rep_1,bullish,1,2022-10-28,6415.TW,0.7813639184818371,0.5613676069358402,False,0.0,40
2022-10-18,1605.TW,1605,華新,88,neutral,0.0056259006253636,0.5625900625363611,bullish_cluster_1_rep_1,bullish,1,2022-10-28,6415.TW,0.7823505881073026,0.5610568463199549,False,0.0,41
2024-12-19,6805.TW,6805,富世達,93,bearish,-0.0878995433789954,-8.789954337899541,bullish_cluster_1_rep_1,bullish,1,2022-10-28,6415.TW,0.7831273959535117,0.560812425555976,False,0.0,42
2022-01-25,3036.TW,3036,文曄,68,neutral,0.0346820669266603,3.4682066926660315,bullish_cluster_1_rep_1,bullish,1,2022-10-28,6415.TW,0.7836642453893475,0.5606436315494538,False,0.0,43
2019-01-04,1590.TW,1590,亞德客-KY,64,bullish,0.1165217365157182,11.652173651571829,bullish_cluster_1_rep_1,bullish,1,2022-10-28,6415.TW,0.7861865981523112,0.5598519219853246,True,0.0,44
2022-10-20,2615.TW,2615,萬海,59,neutral,0.0119580777894874,1.1958077789487431,bullish_cluster_1_rep_1,bullish,1,2022-10-28,6415.TW,0.7954861919719584,0.5569522085278269,False,0.0,45
2024-11-18,3661.TW,3661,世芯-KY,56,neutral,0.0132158590308371,1.3215859030837107,bullish_cluster_1_rep_1,bullish,1,2022-10-28,6415.TW,0.7972225476787055,0.5564141187142355,False,0.0,46
2022-10-21,2404.TW,2404,漢唐,79,neutral,-0.0139372822299651,-1.393728222996515,bullish_cluster_1_rep_1,bullish,1,2022-10-28,6415.TW,0.7973548402696007,0.5563731643830561,False,0.0,47
2022-10-20,3533.TW,3533,嘉澤,82,neutral,-0.0041551294777354,-0.4155129477735442,bullish_cluster_1_rep_1,bullish,1,2022-10-28,6415.TW,0.7996411218943622,0.5556663424913111,False,0.0,48
2022-10-19,2618.TW,2618,長榮航,72,neutral,-0.0290456743510125,-2.9045674351012574,bullish_cluster_1_rep_1,bullish,1,2022-10-28,6415.TW,0.8015597504697524,0.5550745678788908,False,0.0,49
2022-11-17,6805.TW,6805,富世達,93,neutral,0.0357142857142858,3.571428571428581,bullish_cluster_1_rep_1,bullish,1,2022-10-28,6415.TW,0.802013709526575,0.5549347347988379,False,0.0,50
2021-06-10,2002.TW,2002,中鋼,62,neutral,-0.0179806776885911,-1.798067768859113,bullish_cluster_1_rep_1,bullish,1,2022-10-28,6415.TW,0.8036585265209744,0.5544286711126366,False,0.0,51
2024-04-16,3533.TW,3533,嘉澤,82,neutral,-0.025,-2.500000000000002,bullish_cluster_1_rep_1,bullish,1,2022-10-28,6415.TW,0.8041518754103149,0.554277061498812,False,0.0,52
2022-04-29,2409.TW,2409,友達,80,bullish,0.0524781341107871,5.247813411078717,bullish_cluster_1_rep_1,bullish,1,2022-10-28,6415.TW,0.8042065576481731,0.5542602623634869,True,0.0,53
2025-02-04,6789.TW,6789,采鈺,96,neutral,0.0476190476190476,4.761904761904767,bullish_cluster_1_rep_1,bullish,1,2022-10-28,6415.TW,0.8062819024619352,0.5536234397504702,False,0.0,54
2018-08-10,3533.TW,3533,嘉澤,82,neutral,0.0192307634493362,1.9230763449336277,bullish_cluster_1_rep_1,bullish,1,2022-10-28,6415.TW,0.8073834794031338,0.5532860133977974,False,0.0,55
2021-04-16,1590.TW,1590,亞德客-KY,64,neutral,-0.0416666190205778,-4.166661902057789,bullish_cluster_1_rep_1,bullish,1,2022-10-28,6415.TW,0.8084055925511486,0.5529732954371607,False,0.0,56
2020-08-28,6139.TW,6139,亞翔,85,neutral,-0.0307167271286737,-3.0716727128673798,bullish_cluster_1_rep_1,bullish,1,2022-10-28,6415.TW,0.8116274645125375,0.5519898652392502,False,0.0,57
2022-10-21,2615.TW,2615,萬海,59,neutral,0.0406014578683036,4.06014578683036,bullish_cluster_1_rep_1,bullish,1,2022-10-28,6415.TW,0.812518883781845,0.5517183897767104,False,0.0,58
2025-04-02,3533.TW,3533,嘉澤,82,bearish,-0.2657342657342657,-26.573426573426573,bullish_cluster_1_rep_1,bullish,1,2022-10-28,6415.TW,0.8127101038681019,0.5516601898263391,False,0.0,59
2023-05-02,1590.TW,1590,亞德客-KY,64,neutral,-0.0092592592592593,-0.92592592592593,bullish_cluster_1_rep_1,bullish,1,2022-10-28,6415.TW,0.8135071680631132,0.5514177267179119,False,0.0,60
2018-10-22,2337.TW,2337,旺宏,67,bearish,-0.1233933898065409,-12.339338980654093,bullish_cluster_1_rep_1,bullish,1,2022-10-28,6415.TW,0.8152505507188818,0.5508881402647015,False,0.0,61
2022-07-07,5871.TW,5871,中租-KY,78,neutral,-0.0208333225630179,-2.0833322563017957,bullish_cluster_1_rep_1,bullish,1,2022-10-28,6415.TW,0.8173994344456715,0.5502367729662092,False,0.0,62
2020-12-21,2492.TW,2492,華新科,100,neutral,0.0248306997742664,2.483069977426644,bullish_cluster_1_rep_1,bullish,1,2022-10-28,6415.TW,0.8176805284429279,0.5501516819661516,False,0.0,63
2024-09-11,6415.TW,6415,矽力*-KY,92,bearish,-0.0506024096385542,-5.060240963855422,bullish_cluster_1_rep_1,bullish,1,2022-10-28,6415.TW,0.8179508421357143,0.5500698791311694,False,0.0,64
2020-02-13,6415.TW,6415,矽力*-KY,92,bearish,-0.073394495412844,-7.339449541284404,bullish_cluster_1_rep_1,bullish,1,2022-10-28,6415.TW,0.8214674279382228,0.5490078958655505,False,0.0,65
2022-03-23,6805.TW,6805,富世達,93,bullish,0.1153846153846154,11.538461538461542,bullish_cluster_1_rep_1,bullish,1,2022-10-28,6415.TW,0.8221081549898815,0.5488148424458115,True,0.0,66
2019-05-10,3661.TW,3661,世芯-KY,56,neutral,0.0114212418988517,1.1421241898851742,bullish_cluster_1_rep_1,bullish,1,2022-10-28,6415.TW,0.822156224301472,0.5488003644601617,False,0.0,67
2023-06-26,6139.TW,6139,亞翔,85,neutral,0.0206896359909034,2.068963599090345,bullish_cluster_1_rep_1,bullish,1,2022-10-28,6415.TW,0.8244077137746944,0.5481230935660774,False,0.0,68
2022-10-12,3532.TW,3532,台勝科,98,neutral,0.0373134328358208,3.731343283582089,bullish_cluster_1_rep_1,bullish,1,2022-10-28,6415.TW,0.8263994162155734,0.5475253611677502,False,0.0,69
2021-05-17,1504.TW,1504,東元,89,neutral,0.0402009661727091,4.020096617270919,bullish_cluster_1_rep_1,bullish,1,2022-10-28,6415.TW,0.8267724115328621,0.547413565962982,False,0.0,70
2022-08-03,3532.TW,3532,台勝科,98,bullish,0.0575757575757576,5.757575757575761,bullish_cluster_1_rep_1,bullish,1,2022-10-28,6415.TW,0.8300666111987117,0.5464281976845586,True,0.0,71
2022-07-12,2379.TW,2379,瑞昱,53,bullish,0.0606060606060605,6.060606060606055,bullish_cluster_1_rep_1,bullish,1,2022-10-28,6415.TW,0.8309220962494024,0.5461728830781357,True,0.0,72
2024-08-06,2324.TW,2324,仁寶,84,neutral,0.0439932716742261,4.3993271674226175,bullish_cluster_1_rep_1,bullish,1,2022-10-28,6415.TW,0.8316897405029581,0.5459439870670527,False,0.0,73
2018-10-22,2376.TW,2376,技嘉,70,neutral,-0.011406863225265,-1.1406863225265074,bullish_cluster_1_rep_1,bullish,1,2022-10-28,6415.TW,0.8327317734689187,0.5456335806888105,False,0.0,74
2018-04-30,3532.TW,3532,台勝科,98,neutral,-0.0085106382978723,-0.8510638297872353,bullish_cluster_1_rep_1,bullish,1,2022-10-28,6415.TW,0.833294717801917,0.5454660346149798,False,0.0,75
2022-05-11,6415.TW,6415,矽力*-KY,92,bullish,0.075098814229249,7.509881422924902,bullish_cluster_1_rep_1,bullish,1,2022-10-28,6415.TW,0.8335346117696816,0.5453946675349778,True,0.0,76
2022-10-12,6531.TW,6531,愛普*,95,neutral,0.0240549828178693,2.405498281786933,bullish_cluster_1_rep_1,bullish,1,2022-10-28,6415.TW,0.8342450457252696,0.5451834270074831,False,0.0,77
2018-11-27,6415.TW,6415,矽力*-KY,92,bullish,0.2066831683168317,20.66831683168317,bullish_cluster_1_rep_1,bullish,1,2022-10-28,6415.TW,0.8369540451352288,0.5443794321628684,True,0.0,78
2020-12-14,2337.TW,2337,旺宏,67,neutral,-0.006031362977043,-0.6031362977043098,bullish_cluster_1_rep_1,bullish,1,2022-10-28,6415.TW,0.8374147732315926,0.5442429301040334,False,0.0,79
2024-04-30,1519.TW,1519,華城,66,bearish,-0.0590318680414364,-5.903186804143646,bullish_cluster_1_rep_1,bullish,1,2022-10-28,6415.TW,0.8383180318905655,0.5439755160164418,False,0.0,80
2020-09-09,1590.TW,1590,亞德客-KY,64,neutral,0.0030075172610264,0.3007517261026438,bullish_cluster_1_rep_1,bullish,1,2022-10-28,6415.TW,0.839231518232892,0.543705341109414,False,0.0,81
2025-11-07,6239.TW,6239,力成,76,neutral,-0.0117647058823529,-1.17647058823529,bullish_cluster_1_rep_1,bullish,1,2022-10-28,6415.TW,0.839636165065859,0.54358574754601,False,0.0,82
2025-09-10,2404.TW,2404,漢唐,79,neutral,-0.023696682464455,-2.3696682464455,bullish_cluster_1_rep_1,bullish,1,2022-10-28,6415.TW,0.8397418221369553,0.5435545292102173,False,0.0,83
2021-04-15,1590.TW,1590,亞德客-KY,64,neutral,0.0093457318287888,0.934573182878884,bullish_cluster_1_rep_1,bullish,1,2022-10-28,6415.TW,0.8414002418976746,0.5430649878537213,False,0.0,84
2022-05-20,2618.TW,2618,長榮航,72,bullish,0.0928338242115474,9.28338242115474,bullish_cluster_1_rep_1,bullish,1,2022-10-28,6415.TW,0.8432082567251883,0.5425322919162109,True,0.0,85
2025-03-11,3533.TW,3533,嘉澤,82,neutral,0.0064516129032257,0.6451612903225712,bullish_cluster_1_rep_1,bullish,1,2022-10-28,6415.TW,0.8432660202751171,0.5425152902513468,False,0.0,86
2020-12-04,6415.TW,6415,矽力*-KY,92,neutral,-0.0232558139534884,-2.3255813953488413,bullish_cluster_1_rep_1,bullish,1,2022-10-28,6415.TW,0.8440519783312539,0.5422840634378074,False,0.0,87
2018-12-20,3661.TW,3661,世芯-KY,56,neutral,-0.008474662113743,-0.8474662113743037,bullish_cluster_1_rep_1,bullish,1,2022-10-28,6415.TW,0.8442603420758342,0.5422227964162779,False,0.0,88
2019-05-22,2449.TW,2449,京元電子,57,neutral,-0.039548024303545,-3.954802430354509,bullish_cluster_1_rep_1,bullish,1,2022-10-28,6415.TW,0.8447596824418647,0.5420760273101393,False,0.0,89
2018-10-23,2409.TW,2409,友達,80,neutral,0.0132158590308371,1.3215859030837107,bullish_cluster_1_rep_1,bullish,1,2022-10-28,6415.TW,0.8455214134208248,0.5418522877750945,False,0.0,90
2018-10-17,1402.TW,1402,遠東新,94,neutral,0.0206022675625099,2.060226756250993,bullish_cluster_1_rep_1,bullish,1,2022-10-28,6415.TW,0.8460845181841953,0.5416870084494277,False,0.0,91
2025-04-14,1101.TW,1101,台泥,83,neutral,-0.0183946235477439,-1.8394623547743905,bullish_cluster_1_rep_1,bullish,1,2022-10-28,6415.TW,0.8465959239165695,0.5415369908750978,False,0.0,92
2022-11-16,6805.TW,6805,富世達,93,neutral,0.0265780730897009,2.657807308970095,bullish_cluster_1_rep_1,bullish,1,2022-10-28,6415.TW,0.8472092337440182,0.5413571899341088,False,0.0,93
2018-09-17,3533.TW,3533,嘉澤,82,bearish,-0.0654205757675727,-6.542057576757276,bullish_cluster_1_rep_1,bullish,1,2022-10-28,6415.TW,0.847467902305432,0.5412813931717636,False,0.0,94
2022-07-08,6789.TW,6789,采鈺,96,bearish,-0.0654952076677316,-6.549520766773165,bullish_cluster_1_rep_1,bullish,1,2022-10-28,6415.TW,0.8483251180090535,0.5410303578394057,False,0.0,95
2020-01-13,2492.TW,2492,華新科,100,neutral,0.0263736263736262,2.637362637362628,bullish_cluster_1_rep_2,bullish,1,2024-02-27,3661.TW,0.422792255900315,0.7028432969416323,False,0.0,1
2018-04-24,2376.TW,2376,技嘉,70,neutral,-0.0303490129543411,-3.0349012954341115,bullish_cluster_1_rep_2,bullish,1,2024-02-27,3661.TW,0.4839501713528625,0.6738770743820441,False,0.0,2
2022-10-17,3533.TW,3533,嘉澤,82,neutral,0.0083798980785236,0.8379898078523684,bullish_cluster_1_rep_2,bullish,1,2024-02-27,3661.TW,0.4890241773763537,0.6715807675883345,False,0.0,3
2020-05-25,2313.TW,2313,華通,60,neutral,0.0485677926309739,4.856779263097399,bullish_cluster_1_rep_2,bullish,1,2024-02-27,3661.TW,0.494022637720591,0.6693339008073437,False,0.0,4
2022-01-25,6515.TW,6515,穎崴,73,bullish,0.0535211267605633,5.352112676056331,bullish_cluster_1_rep_2,bullish,1,2024-02-27,3661.TW,0.5090144524472502,0.6626841766679212,True,0.0,5
2024-02-27,2376.TW,2376,技嘉,70,bullish,0.061377245508982,6.137724550898205,bullish_cluster_1_rep_2,bullish,1,2024-02-27,3661.TW,0.5152340997518858,0.6599640281087565,True,0.0,6
2022-10-17,2313.TW,2313,華通,60,neutral,-0.0290178406071295,-2.901784060712953,bullish_cluster_1_rep_2,bullish,1,2024-02-27,3661.TW,0.5194149911569452,0.6581480410684633,False,0.0,7
2024-03-05,3702.TW,3702,大聯大,90,bullish,0.1107306477922176,11.073064779221763,bullish_cluster_1_rep_2,bullish,1,2024-02-27,3661.TW,0.5248931927247505,0.6557836344020614,True,0.0,8
2025-08-22,6789.TW,6789,采鈺,96,bullish,0.0584551148225469,5.845511482254695,bullish_cluster_1_rep_2,bullish,1,2024-02-27,3661.TW,0.5370641261113721,0.6505909434825639,True,0.0,9
2019-05-10,3661.TW,3661,世芯-KY,56,neutral,0.0114212418988517,1.1421241898851742,bullish_cluster_1_rep_2,bullish,1,2024-02-27,3661.TW,0.5379409157088927,0.650220037574762,False,0.0,10
2024-03-01,2313.TW,2313,華通,60,neutral,0.0444144722317774,4.441447223177741,bullish_cluster_1_rep_2,bullish,1,2024-02-27,3661.TW,0.5403428349287875,0.6492061230292486,False,0.0,11
2020-12-14,1605.TW,1605,華新,88,bearish,-0.0545453812338149,-5.454538123381491,bullish_cluster_1_rep_2,bullish,1,2024-02-27,3661.TW,0.5412762628436459,0.6488129507392826,False,0.0,12
2021-06-28,2376.TW,2376,技嘉,70,neutral,-0.0272727272727272,-2.727272727272722,bullish_cluster_1_rep_2,bullish,1,2024-02-27,3661.TW,0.5452262339920634,0.6471544282655093,False,0.0,13
2025-05-09,3533.TW,3533,嘉澤,82,neutral,0.047808764940239,4.7808764940239,bullish_cluster_1_rep_2,bullish,1,2024-02-27,3661.TW,0.5515991685641733,0.6444963494826986,False,0.0,14
2019-04-30,3661.TW,3661,世芯-KY,56,neutral,0.0147966041950005,1.479660419500051,bullish_cluster_1_rep_2,bullish,1,2024-02-27,3661.TW,0.558829992148297,0.6415067743351877,False,0.0,15
2025-03-21,6805.TW,6805,富世達,93,bearish,-0.0677506775067751,-6.77506775067751,bullish_cluster_1_rep_2,bullish,1,2024-02-27,3661.TW,0.5601008026625675,0.6409842224895573,False,0.0,16
2018-09-10,1590.TW,1590,亞德客-KY,64,neutral,-0.0498084055506733,-4.980840555067334,bullish_cluster_1_rep_2,bullish,1,2024-02-27,3661.TW,0.5602475528582701,0.6409239342616281,False,0.0,17
2024-04-19,6919.TW,6919,康霈*,97,bullish,0.0648649061048352,6.48649061048352,bullish_cluster_1_rep_2,bullish,1,2024-02-27,3661.TW,0.5687882473718583,0.6374346580395848,True,0.0,18
2021-06-28,6805.TW,6805,富世達,93,neutral,-0.0186219199792075,-1.862191997920759,bullish_cluster_1_rep_2,bullish,1,2024-02-27,3661.TW,0.5718040072580892,0.6362116366813668,False,0.0,19
2023-07-28,6515.TW,6515,穎崴,73,bearish,-0.1176470588235294,-11.764705882352944,bullish_cluster_1_rep_2,bullish,1,2024-02-27,3661.TW,0.5729715371624193,0.6357394119183885,False,0.0,20
2022-03-18,6789.TW,6789,采鈺,96,bullish,0.070874861572536,7.0874861572536085,bullish_cluster_1_rep_2,bullish,1,2024-02-27,3661.TW,0.574729571687487,0.6350296698425468,True,0.0,21
2020-12-07,6531.TW,6531,愛普*,95,neutral,0.0157194679564691,1.5719467956469169,bullish_cluster_1_rep_2,bullish,1,2024-02-27,3661.TW,0.5774732203579722,0.633925183067813,False,0.0,22
2022-10-17,1605.TW,1605,華新,88,neutral,-0.0183357267105742,-1.8335726710574265,bullish_cluster_1_rep_2,bullish,1,2024-02-27,3661.TW,0.5782021995540214,0.6336323699729898,False,0.0,23
2022-10-12,1590.TW,1590,亞德客-KY,64,neutral,-0.0155586987270155,-1.555869872701554,bullish_cluster_1_rep_2,bullish,1,2024-02-27,3661.TW,0.5835270659437066,0.6315016784408719,False,0.0,24
2024-03-22,6805.TW,6805,富世達,93,bearish,-0.0830409356725145,-8.304093567251458,bullish_cluster_1_rep_2,bullish,1,2024-02-27,3661.TW,0.5862533398041294,0.6304163243706582,False,0.0,25
2018-10-16,1402.TW,1402,遠東新,94,neutral,0.006441248562117,0.644124856211703,bullish_cluster_1_rep_2,bullish,1,2024-02-27,3661.TW,0.5875595756939751,0.6298976210469877,False,0.0,26
2022-10-18,2379.TW,2379,瑞昱,53,neutral,0.0019841269841269,0.1984126984126977,bullish_cluster_1_rep_2,bullish,1,2024-02-27,3661.TW,0.5884201347857967,0.6295563611291374,False,0.0,27
2022-08-09,3661.TW,3661,世芯-KY,56,bullish,0.1336477987421382,13.364779874213829,bullish_cluster_1_rep_2,bullish,1,2024-02-27,3661.TW,0.5912444552132583,0.6284389533762619,True,0.0,28
2020-09-08,1590.TW,1590,亞德客-KY,64,neutral,0.0330826898712901,3.308268987129015,bullish_cluster_1_rep_2,bullish,1,2024-02-27,3661.TW,0.5951205580531531,0.6269118625243608,False,0.0,29
2018-08-29,3532.TW,3532,台勝科,98,bearish,-0.0542986425339366,-5.429864253393668,bullish_cluster_1_rep_2,bullish,1,2024-02-27,3661.TW,0.5963088081315114,0.6264452059063094,False,0.0,30
2022-01-24,3036.TW,3036,文曄,68,neutral,0.0359212547882989,3.5921254788298995,bullish_cluster_1_rep_2,bullish,1,2024-02-27,3661.TW,0.5966082521429954,0.626327716055446,False,0.0,31
2018-04-17,2376.TW,2376,技嘉,70,neutral,-0.0197568843687626,-1.9756884368762664,bullish_cluster_1_rep_2,bullish,1,2024-02-27,3661.TW,0.5972159164274847,0.626089428307673,False,0.0,32
2023-10-23,6415.TW,6415,矽力*-KY,92,bearish,-0.0573913043478261,-5.739130434782613,bullish_cluster_1_rep_2,bullish,1,2024-02-27,3661.TW,0.6035022001929223,0.6236349409933375,False,0.0,33
2018-06-11,1590.TW,1590,亞德客-KY,64,bearish,-0.093693702414076,-9.369370241407603,bullish_cluster_1_rep_2,bullish,1,2024-02-27,3661.TW,0.6040784978432642,0.6234108875248515,False,0.0,34
2021-10-08,6415.TW,6415,矽力*-KY,92,neutral,-0.021039603960396,-2.103960396039606,bullish_cluster_1_rep_2,bullish,1,2024-02-27,3661.TW,0.6041718022309754,0.6233746277108639,False,0.0,35
2020-08-24,2376.TW,2376,技嘉,70,neutral,0.0357967497545335,3.579674975453351,bullish_cluster_1_rep_2,bullish,1,2024-02-27,3661.TW,0.6049027079069784,0.6230907300942512,False,0.0,36
2022-04-06,6515.TW,6515,穎崴,73,bearish,-0.0875739644970414,-8.757396449704146,bullish_cluster_1_rep_2,bullish,1,2024-02-27,3661.TW,0.6079821117363277,0.62189746558821,False,0.0,37
2021-01-07,2337.TW,2337,旺宏,67,neutral,-0.0063211126377402,-0.6321112637740267,bullish_cluster_1_rep_2,bullish,1,2024-02-27,3661.TW,0.6083677931165429,0.6217483365930218,False,0.0,38
2020-08-27,3034.TW,3034,聯詠,58,neutral,-0.0060483870967742,-0.6048387096774244,bullish_cluster_1_rep_2,bullish,1,2024-02-27,3661.TW,0.6095275293576098,0.621300339236271,False,0.0,39
2020-03-05,2492.TW,2492,華新科,100,neutral,-0.0373831775700934,-3.738317757009346,bullish_cluster_1_rep_2,bullish,1,2024-02-27,3661.TW,0.6112378124297606,0.6206408466122026,False,0.0,40
2022-10-27,6415.TW,6415,矽力*-KY,92,bullish,0.0680272108843538,6.802721088435382,bullish_cluster_1_rep_2,bullish,1,2024-02-27,3661.TW,0.6118738897377768,0.6203959294623739,True,0.0,41
2020-12-07,3661.TW,3661,世芯-KY,56,neutral,0.0278688524590164,2.786885245901649,bullish_cluster_1_rep_2,bullish,1,2024-02-27,3661.TW,0.614262661121595,0.6194778731394287,False,0.0,42
2025-09-23,6531.TW,6531,愛普*,95,bearish,-0.0697674418604651,-6.976744186046513,bullish_cluster_1_rep_2,bullish,1,2024-02-27,3661.TW,0.6165842925400197,0.6185882199985834,False,0.0,43
2025-11-05,6919.TW,6919,康霈*,97,bearish,-0.113013698630137,-11.3013698630137,bullish_cluster_1_rep_2,bullish,1,2024-02-27,3661.TW,0.6203702252891881,0.617142912399251,False,0.0,44
2022-10-26,2409.TW,2409,友達,80,neutral,-0.0145772597994625,-1.457725979946256,bullish_cluster_1_rep_2,bullish,1,2024-02-27,3661.TW,0.621804270030138,0.6165972173580583,False,0.0,45
2019-05-28,1590.TW,1590,亞德客-KY,64,neutral,0.020344228820005,2.0344228820005084,bullish_cluster_1_rep_2,bullish,1,2024-02-27,3661.TW,0.6219621520114239,0.6165371977144365,False,0.0,46
2018-09-14,3533.TW,3533,嘉澤,82,bearish,-0.0506912449036074,-5.069124490360744,bullish_cluster_1_rep_2,bullish,1,2024-02-27,3661.TW,0.6227052296311146,0.6162548697937749,False,0.0,47
2025-12-16,2492.TW,2492,華新科,100,neutral,0.0132158590308371,1.3215859030837107,bullish_cluster_1_rep_2,bullish,1,2024-02-27,3661.TW,0.6227165354561054,0.616250576209803,False,0.0,48
2019-07-05,3034.TW,3034,聯詠,58,neutral,-0.0056818181818182,-0.5681818181818232,bullish_cluster_1_rep_2,bullish,1,2024-02-27,3661.TW,0.6233930294630019,0.6159937746750012,False,0.0,49
2023-06-06,3661.TW,3661,世芯-KY,56,neutral,-0.0216049382716049,-2.1604938271604923,bullish_cluster_1_rep_2,bullish,1,2024-02-27,3661.TW,0.6238238357092886,0.6158303493329365,False,0.0,50
2022-11-16,6805.TW,6805,富世達,93,neutral,0.0265780730897009,2.657807308970095,bullish_cluster_1_rep_2,bullish,1,2024-02-27,3661.TW,0.62413136458658,0.6157137420066685,False,0.0,51
2019-07-05,2379.TW,2379,瑞昱,53,neutral,-0.0478260869565216,-4.7826086956521685,bullish_cluster_1_rep_2,bullish,1,2024-02-27,3661.TW,0.6242703684560692,0.6156610496752077,False,0.0,52
2019-05-28,6415.TW,6415,矽力*-KY,92,neutral,-0.026086956521739,-2.608695652173909,bullish_cluster_1_rep_2,bullish,1,2024-02-27,3661.TW,0.6251098549648855,0.6153430163166461,False,0.0,53
2020-07-28,1590.TW,1590,亞德客-KY,64,bullish,0.086725675709792,8.672567570979206,bullish_cluster_1_rep_2,bullish,1,2024-02-27,3661.TW,0.6265133338901195,0.6148120517452553,True,0.0,54
2022-10-17,1519.TW,1519,華城,66,bearish,-0.0602409446927831,-6.024094469278318,bullish_cluster_1_rep_2,bullish,1,2024-02-27,3661.TW,0.6278762419089211,0.6142973122006836,False,0.0,55
2019-11-21,6415.TW,6415,矽力*-KY,92,neutral,0.0067114093959732,0.6711409395973256,bullish_cluster_1_rep_2,bullish,1,2024-02-27,3661.TW,0.6286859050752738,0.613991928636346,False,0.0,56
2024-08-09,2609.TW,2609,陽明,77,neutral,0.0131578823536053,1.3157882353605377,bullish_cluster_1_rep_2,bullish,1,2024-02-27,3661.TW,0.6315479114251551,0.6129148846916185,False,0.0,57
2020-02-05,5871.TW,5871,中租-KY,78,neutral,-0.0270270210888747,-2.702702108887478,bullish_cluster_1_rep_2,bullish,1,2024-02-27,3661.TW,0.6342445000703714,0.6119035431705229,False,0.0,58
2023-10-13,2356.TW,2356,英業達,71,bearish,-0.0601900436317593,-6.01900436317594,bullish_cluster_1_rep_2,bullish,1,2024-02-27,3661.TW,0.6344317520890878,0.6118334391887739,False,0.0,59
2021-06-28,6531.TW,6531,愛普*,95,neutral,-0.0359937402190922,-3.5993740219092296,bullish_cluster_1_rep_2,bullish,1,2024-02-27,3661.TW,0.6345521775639645,0.6117883624188357,False,0.0,60
2024-01-19,2609.TW,2609,陽明,77,neutral,-0.0216110462837429,-2.1611046283743,bullish_cluster_1_rep_2,bullish,1,2024-02-27,3661.TW,0.6371846136684607,0.6108046653085061,False,0.0,61
2021-06-29,6805.TW,6805,富世達,93,neutral,0.0244360887828107,2.4436088782810783,bullish_cluster_1_rep_2,bullish,1,2024-02-27,3661.TW,0.6414775914400052,0.6092072198943261,False,0.0,62
2023-05-09,1590.TW,1590,亞德客-KY,64,neutral,-0.0334928229665071,-3.349282296650713,bullish_cluster_1_rep_2,bullish,1,2024-02-27,3661.TW,0.6432512992546882,0.6085496481600589,False,0.0,63
2024-06-25,3533.TW,3533,嘉澤,82,neutral,0.0251572327044025,2.515723270440251,bullish_cluster_1_rep_2,bullish,1,2024-02-27,3661.TW,0.6443275412642097,0.60815134144817,False,0.0,64
2018-08-07,1590.TW,1590,亞德客-KY,64,bearish,-0.0789473283310283,-7.894732833102836,bullish_cluster_1_rep_2,bullish,1,2024-02-27,3661.TW,0.6443526838149457,0.6081420426668878,False,0.0,65
2018-09-10,2379.TW,2379,瑞昱,53,neutral,-0.03971119133574,-3.971119133574008,bullish_cluster_1_rep_2,bullish,1,2024-02-27,3661.TW,0.6456598195799581,0.6076589998139726,False,0.0,66
2021-01-06,2409.TW,2409,友達,80,neutral,0.048148148148148,4.814814814814805,bullish_cluster_1_rep_2,bullish,1,2024-02-27,3661.TW,0.6459396462816278,0.6075556915219329,False,0.0,67
2022-07-27,6415.TW,6415,矽力*-KY,92,neutral,-0.0390070921985815,-3.900709219858156,bullish_cluster_1_rep_2,bullish,1,2024-02-27,3661.TW,0.646688549943099,0.6072793789903712,False,0.0,68
2020-11-04,3661.TW,3661,世芯-KY,56,bullish,0.2370062370062369,23.70062370062369,bullish_cluster_1_rep_2,bullish,1,2024-02-27,3661.TW,0.6467088301566248,0.6072718999781438,True,0.0,69
2023-08-28,2324.TW,2324,仁寶,84,neutral,-0.0333333448930218,-3.3333344893021866,bullish_cluster_1_rep_2,bullish,1,2024-02-27,3661.TW,0.6469581904482474,0.6071799550223148,False,0.0,70
2020-02-03,2337.TW,2337,旺宏,67,bullish,0.0706806468328375,7.068064683283759,bullish_cluster_1_rep_2,bullish,1,2024-02-27,3661.TW,0.6474008412538086,0.6070168079062757,True,0.0,71
2019-05-07,1590.TW,1590,亞德客-KY,64,bearish,-0.0540880618431561,-5.408806184315617,bullish_cluster_1_rep_2,bullish,1,2024-02-27,3661.TW,0.6477615213226757,0.6068839374263876,False,0.0,72
2022-07-07,2376.TW,2376,技嘉,70,neutral,-0.0380622322782006,-3.80622322782006,bullish_cluster_1_rep_2,bullish,1,2024-02-27,3661.TW,0.6479864265579269,0.6068011143081159,False,0.0,73
2021-10-13,3532.TW,3532,台勝科,98,neutral,0.0033783783783782,0.3378378378378288,bullish_cluster_1_rep_2,bullish,1,2024-02-27,3661.TW,0.6485180518913533,0.6066054289503806,False,0.0,74
2025-12-04,6770.TW,6770,力積電,55,bullish,0.0928792591597911,9.287925915979113,bullish_cluster_1_rep_2,bullish,1,2024-02-27,3661.TW,0.6555094760407951,0.604043658144158,True,0.0,75
2023-12-08,6805.TW,6805,富世達,93,neutral,-0.0209698558322412,-2.09698558322412,bullish_cluster_1_rep_2,bullish,1,2024-02-27,3661.TW,0.6557173148590384,0.6039678337754995,False,0.0,76
2022-01-24,3661.TW,3661,世芯-KY,56,neutral,0.0428100987925357,4.281009879253572,bullish_cluster_1_rep_2,bullish,1,2024-02-27,3661.TW,0.6563814950447348,0.6037256531732701,False,0.0,77
2024-03-26,6239.TW,6239,力成,76,bullish,0.0777479892761394,7.774798927613946,bullish_cluster_1_rep_2,bullish,1,2024-02-27,3661.TW,0.6577056915925096,0.6032433893855604,True,0.0,78
2019-01-04,3532.TW,3532,台勝科,98,neutral,0.0442477876106195,4.424778761061954,bullish_cluster_1_rep_2,bullish,1,2024-02-27,3661.TW,0.6580841843358084,0.6031056863379815,False,0.0,79
2022-04-28,6531.TW,6531,愛普*,95,neutral,0.0364372469635627,3.643724696356277,bullish_cluster_1_rep_2,bullish,1,2024-02-27,3661.TW,0.6583214008554579,0.6030194143813994,False,0.0,80
2023-12-07,6531.TW,6531,愛普*,95,neutral,0.0172018348623852,1.7201834862385246,bullish_cluster_1_rep_2,bullish,1,2024-02-27,3661.TW,0.6584617619173667,0.6029683788692773,False,0.0,81
2024-07-22,3661.TW,3661,世芯-KY,56,bearish,-0.0958408679927667,-9.584086799276667,bullish_cluster_1_rep_2,bullish,1,2024-02-27,3661.TW,0.6610465076403104,0.6020301029503407,False,0.0,82
2021-04-15,1590.TW,1590,亞德客-KY,64,neutral,0.0093457318287888,0.934573182878884,bullish_cluster_1_rep_2,bullish,1,2024-02-27,3661.TW,0.6625164998141617,0.6014977897132338,False,0.0,83
2022-10-12,3532.TW,3532,台勝科,98,neutral,0.0373134328358208,3.731343283582089,bullish_cluster_1_rep_2,bullish,1,2024-02-27,3661.TW,0.6654173370085356,0.6004500960679473,False,0.0,84
2025-09-30,6919.TW,6919,康霈*,97,neutral,-0.0377358490566037,-3.773584905660377,bullish_cluster_1_rep_2,bullish,1,2024-02-27,3661.TW,0.6658673365834344,0.6002878969047577,False,0.0,85
2019-01-04,2337.TW,2337,旺宏,67,neutral,0.0400000435965401,4.000004359654019,bullish_cluster_1_rep_2,bullish,1,2024-02-27,3661.TW,0.6663926186474981,0.6000986735116689,False,0.0,86
2024-04-25,2449.TW,2449,京元電子,57,neutral,-0.0062826987973637,-0.6282698797363762,bullish_cluster_1_rep_2,bullish,1,2024-02-27,3661.TW,0.668835625790464,0.599220189541638,False,0.0,87
2020-09-30,3661.TW,3661,世芯-KY,56,neutral,0.0338461538461538,3.384615384615386,bullish_cluster_1_rep_2,bullish,1,2024-02-27,3661.TW,0.6701193830626202,0.5987595917641688,False,0.0,88
2024-08-30,6805.TW,6805,富世達,93,bearish,-0.1161048689138576,-11.610486891385763,bullish_cluster_1_rep_2,bullish,1,2024-02-27,3661.TW,0.6701544619244052,0.5987470157986275,False,0.0,89
2023-10-13,6139.TW,6139,亞翔,85,neutral,0.0,0.0,bullish_cluster_1_rep_2,bullish,1,2024-02-27,3661.TW,0.6702104739821879,0.5987269362619652,False,0.0,90
2018-12-21,3661.TW,3661,世芯-KY,56,neutral,-0.0482758620689655,-4.82758620689655,bullish_cluster_1_rep_2,bullish,1,2024-02-27,3661.TW,0.6712756976322903,0.5983453247221318,False,0.0,91
2025-07-01,7750.TW,7750,新代,91,neutral,-0.0185449358059914,-1.854493580599148,bullish_cluster_1_rep_2,bullish,1,2024-02-27,3661.TW,0.6720047852612065,0.598084412685324,False,0.0,92
2021-01-08,3481.TW,3481,群創,52,neutral,0.0411986083477946,4.119860834779465,bullish_cluster_1_rep_2,bullish,1,2024-02-27,3661.TW,0.6747187056757716,0.5971152030552418,False,0.0,93
2022-07-07,1519.TW,1519,華城,66,neutral,0.0072253354489006,0.7225335448900694,bullish_cluster_1_rep_2,bullish,1,2024-02-27,3661.TW,0.6750192871595145,0.5970080509913367,False,0.0,94
2022-06-29,6805.TW,6805,富世達,93,bearish,-0.1171171171171171,-11.711711711711716,bullish_cluster_1_rep_2,bullish,1,2024-02-27,3661.TW,0.6760456859740923,0.5966424473798368,False,0.0,95
2025-05-12,3533.TW,3533,嘉澤,82,bullish,0.0816326530612245,8.163265306122458,bullish_cluster_1_rep_3,bullish,1,2022-10-26,3533.TW,0.41315394901772634,0.7076369851247227,True,0.2384086595438482,1
2019-08-28,6415.TW,6415,矽力*-KY,92,bullish,0.0665658093797276,6.656580937972767,bullish_cluster_1_rep_3,bullish,1,2022-10-26,3533.TW,0.4594062768613631,0.6852101541940917,True,0.2384086595438482,2
2024-06-05,2379.TW,2379,瑞昱,53,neutral,0.0210325047801147,2.103250478011476,bullish_cluster_1_rep_3,bullish,1,2022-10-26,3533.TW,0.46483606444303743,0.6826702484146046,False,0.2384086595438482,3
2021-07-08,1590.TW,1590,亞德客-KY,64,neutral,0.0183486144980398,1.8348614498039817,bullish_cluster_1_rep_3,bullish,1,2022-10-26,3533.TW,0.48115386110069774,0.6751493050538752,False,0.2384086595438482,4
2025-11-25,2615.TW,2615,萬海,59,neutral,0.0267515729187399,2.675157291873997,bullish_cluster_1_rep_3,bullish,1,2022-10-26,3533.TW,0.4839777465831202,0.6738645524183325,False,0.2384086595438482,5
2025-11-24,2615.TW,2615,萬海,59,neutral,0.0238993902626276,2.389939026262766,bullish_cluster_1_rep_3,bullish,1,2022-10-26,3533.TW,0.49308608398134474,0.6697537474419958,False,0.2384086595438482,6
2022-02-23,6805.TW,6805,富世達,93,bearish,-0.0523255813953488,-5.232558139534882,bullish_cluster_1_rep_3,bullish,1,2022-10-26,3533.TW,0.4985399612912159,0.6673162049935263,False,0.2384086595438482,7
2021-08-12,1802.TW,1802,台玻,86,bearish,-0.0765100261509018,-7.651002615090185,bullish_cluster_1_rep_3,bullish,1,2022-10-26,3533.TW,0.5037275013245471,0.6650141060259638,False,0.2384086595438482,8
2021-03-04,3034.TW,3034,聯詠,58,neutral,-0.0073375262054506,-0.7337526205450695,bullish_cluster_1_rep_3,bullish,1,2022-10-26,3533.TW,0.508733665379403,0.6628075073465858,False,0.2384086595438482,9
2024-03-26,2313.TW,2313,華通,60,bullish,0.0553359270593709,5.533592705937096,bullish_cluster_1_rep_3,bullish,1,2022-10-26,3533.TW,0.5274240115199307,0.6546970536392877,True,0.2384086595438482,10
2022-08-02,2379.TW,2379,瑞昱,53,neutral,0.0383480825958701,3.834808259587019,bullish_cluster_1_rep_3,bullish,1,2022-10-26,3533.TW,0.5282897170979688,0.6543261979795788,False,0.2384086595438482,11
2025-10-09,7750.TW,7750,新代,91,neutral,-0.0342789598108747,-3.42789598108747,bullish_cluster_1_rep_3,bullish,1,2022-10-26,3533.TW,0.5295425524558153,0.6537902449293823,False,0.2384086595438482,12
2025-12-16,6770.TW,6770,力積電,55,bullish,0.0887573984531515,8.875739845315156,bullish_cluster_1_rep_3,bullish,1,2022-10-26,3533.TW,0.5299315109781434,0.6536240301114277,True,0.2384086595438482,13
2020-03-09,3532.TW,3532,台勝科,98,neutral,0.0428571428571429,4.285714285714293,bullish_cluster_1_rep_3,bullish,1,2022-10-26,3533.TW,0.5316751889128957,0.6528799364503309,False,0.2384086595438482,14
2021-07-14,1590.TW,1590,亞德客-KY,64,neutral,0.0469482729670382,4.69482729670383,bullish_cluster_1_rep_3,bullish,1,2022-10-26,3533.TW,0.5345118281152468,0.6516730478566873,False,0.2384086595438482,15
2018-02-07,3034.TW,3034,聯詠,58,neutral,-0.0041152263374485,-0.4115226337448541,bullish_cluster_1_rep_3,bullish,1,2022-10-26,3533.TW,0.5379597798471493,0.6502120621771951,False,0.2384086595438482,16
2023-10-17,3661.TW,3661,世芯-KY,56,neutral,-0.0209125475285171,-2.0912547528517123,bullish_cluster_1_rep_3,bullish,1,2022-10-26,3533.TW,0.5538820090345934,0.643549506452737,False,0.2384086595438482,17
2018-05-08,1590.TW,1590,亞德客-KY,64,bullish,0.0577319293615699,5.77319293615699,bullish_cluster_1_rep_3,bullish,1,2022-10-26,3533.TW,0.5570365646730053,0.642245675335191,True,0.2384086595438482,18
2019-09-27,2313.TW,2313,華通,60,bullish,0.0848921082860274,8.489210828602744,bullish_cluster_1_rep_3,bullish,1,2022-10-26,3533.TW,0.5588584917190191,0.6414950460944391,True,0.2384086595438482,19
2023-10-16,6531.TW,6531,愛普*,95,neutral,0.0053691275167784,0.5369127516778427,bullish_cluster_1_rep_3,bullish,1,2022-10-26,3533.TW,0.5592601741333457,0.6413297899792838,False,0.2384086595438482,20
2024-04-22,2449.TW,2449,京元電子,57,neutral,-0.0052083967874432,-0.5208396787443226,bullish_cluster_1_rep_3,bullish,1,2022-10-26,3533.TW,0.5604106259973873,0.6408569535091556,False,0.2384086595438482,21
2024-07-05,2615.TW,2615,萬海,59,bearish,-0.090800462977564,-9.080046297756406,bullish_cluster_1_rep_3,bullish,1,2022-10-26,3533.TW,0.5630435492349165,0.6397774396557813,False,0.2384086595438482,22
2023-08-14,2618.TW,2618,長榮航,72,neutral,-0.017595263958045,-1.7595263958045004,bullish_cluster_1_rep_3,bullish,1,2022-10-26,3533.TW,0.5670221490011147,0.638153073099472,False,0.2384086595438482,23
2023-08-23,6515.TW,6515,穎崴,73,neutral,-0.0033277870216306,-0.3327787021630612,bullish_cluster_1_rep_3,bullish,1,2022-10-26,3533.TW,0.5680061146046863,0.6377526150477496,False,0.2384086595438482,24
2024-04-16,2404.TW,2404,漢唐,79,neutral,-0.0196319018404907,-1.9631901840490795,bullish_cluster_1_rep_3,bullish,1,2022-10-26,3533.TW,0.5681499987729525,0.6376940986401053,False,0.2384086595438482,25
2018-09-19,2356.TW,2356,英業達,71,neutral,0.0074074356644242,0.7407435664424256,bullish_cluster_1_rep_3,bullish,1,2022-10-26,3533.TW,0.570313249064825,0.6368156166265133,False,0.2384086595438482,26
2023-08-30,3044.TW,3044,健鼎,65,neutral,0.0026954177897573,0.2695417789757348,bullish_cluster_1_rep_3,bullish,1,2022-10-26,3533.TW,0.571288449916356,0.6364203848461005,False,0.2384086595438482,27
2021-08-10,1605.TW,1605,華新,88,neutral,-0.0219779618339193,-2.1977961833919317,bullish_cluster_1_rep_3,bullish,1,2022-10-26,3533.TW,0.5716098021654119,0.6362902538671937,False,0.2384086595438482,28
2018-09-03,3532.TW,3532,台勝科,98,neutral,0.0382775119617224,3.827751196172247,bullish_cluster_1_rep_3,bullish,1,2022-10-26,3533.TW,0.5723816403658423,0.6359779167653805,False,0.2384086595438482,29
2023-10-30,6919.TW,6919,康霈*,97,neutral,0.0146666463216145,1.4666646321614518,bullish_cluster_1_rep_3,bullish,1,2022-10-26,3533.TW,0.574565496862939,0.6350958419909076,False,0.2384086595438482,30
2023-04-21,6531.TW,6531,愛普*,95,bearish,-0.0670103092783505,-6.70103092783505,bullish_cluster_1_rep_3,bullish,1,2022-10-26,3533.TW,0.574678191815624,0.6350503901035089,False,0.2384086595438482,31
2023-08-02,2449.TW,2449,京元電子,57,bullish,0.0757825109769954,7.57825109769954,bullish_cluster_1_rep_3,bullish,1,2022-10-26,3533.TW,0.5750265555676799,0.6349099299088163,True,0.2384086595438482,32
2020-04-23,2207.TW,2207,和泰車,63,neutral,0.0349794670949596,3.4979467094959693,bullish_cluster_1_rep_3,bullish,1,2022-10-26,3533.TW,0.5750854340712199,0.6348861962460275,False,0.2384086595438482,33
2021-08-19,6770.TW,6770,力積電,55,neutral,0.03125,3.125,bullish_cluster_1_rep_3,bullish,1,2022-10-26,3533.TW,0.575118096547962,0.6348730309121621,False,0.2384086595438482,34
2024-06-04,2379.TW,2379,瑞昱,53,neutral,-0.0074906367041198,-0.7490636704119868,bullish_cluster_1_rep_3,bullish,1,2022-10-26,3533.TW,0.5755679430616342,0.6346917658509896,False,0.2384086595438482,35
2021-07-30,6213.TW,6213,聯茂,81,neutral,0.0182481751824816,1.8248175182481676,bullish_cluster_1_rep_3,bullish,1,2022-10-26,3533.TW,0.5788108599833535,0.633388093118731,False,0.2384086595438482,36
2025-11-07,6805.TW,6805,富世達,93,bullish,0.0928571428571427,9.285714285714274,bullish_cluster_1_rep_3,bullish,1,2022-10-26,3533.TW,0.5788962143990448,0.6333538524447075,True,0.2384086595438482,37
2024-09-16,6919.TW,6919,康霈*,97,neutral,0.0108695374244256,1.0869537424425646,bullish_cluster_1_rep_3,bullish,1,2022-10-26,3533.TW,0.579480213117495,0.6331196755078385,False,0.2384086595438482,38
2021-07-13,3661.TW,3661,世芯-KY,56,bullish,0.107890499194847,10.789049919484706,bullish_cluster_1_rep_3,bullish,1,2022-10-26,3533.TW,0.5823503327767683,0.6319713019841581,True,0.2384086595438482,39
2025-10-23,6415.TW,6415,矽力*-KY,92,neutral,-0.010752688172043,-1.0752688172043,bullish_cluster_1_rep_3,bullish,1,2022-10-26,3533.TW,0.5836488119250045,0.6314531305614721,False,0.2384086595438482,40
2020-08-12,3044.TW,3044,健鼎,65,neutral,0.0207468879668049,2.0746887966804906,bullish_cluster_1_rep_3,bullish,1,2022-10-26,3533.TW,0.5847427457283745,0.6310172440892816,False,0.2384086595438482,41
2020-12-02,2609.TW,2609,陽明,77,neutral,-0.0038759099642702,-0.387590996427023,bullish_cluster_1_rep_3,bullish,1,2022-10-26,3533.TW,0.5863452881915029,0.6303797839246209,False,0.2384086595438482,42
2022-05-17,3481.TW,3481,群創,52,neutral,0.0267175740698308,2.6717574069830885,bullish_cluster_1_rep_3,bullish,1,2022-10-26,3533.TW,0.5888312510659027,0.6293934609664354,False,0.2384086595438482,43
2025-05-28,2609.TW,2609,陽明,77,neutral,-0.0159901968383715,-1.599019683837155,bullish_cluster_1_rep_3,bullish,1,2022-10-26,3533.TW,0.5934948210658851,0.6275514590823095,False,0.2384086595438482,44
2018-12-24,2492.TW,2492,華新科,100,neutral,-0.0218749999999999,-2.187499999999998,bullish_cluster_1_rep_3,bullish,1,2022-10-26,3533.TW,0.5947207335396687,0.6270690403456305,False,0.2384086595438482,45
2025-07-01,7750.TW,7750,新代,91,neutral,-0.0185449358059914,-1.854493580599148,bullish_cluster_1_rep_3,bullish,1,2022-10-26,3533.TW,0.5968573322761038,0.6262300205458151,False,0.2384086595438482,46
2024-11-18,2376.TW,2376,技嘉,70,neutral,0.0163339382940108,1.6333938294010864,bullish_cluster_1_rep_3,bullish,1,2022-10-26,3533.TW,0.5968663112985199,0.6262264993159211,False,0.2384086595438482,47
2024-11-05,7750.TW,7750,新代,91,neutral,0.0284552845528456,2.8455284552845628,bullish_cluster_1_rep_3,bullish,1,2022-10-26,3533.TW,0.598099637375301,0.6257432118828258,False,0.2384086595438482,48
2021-11-30,6789.TW,6789,采鈺,96,bullish,0.052200614124872,5.220061412487209,bullish_cluster_1_rep_3,bullish,1,2022-10-26,3533.TW,0.5982953409052324,0.6256665926546632,True,0.2384086595438482,49
2021-08-11,1605.TW,1605,華新,88,neutral,-0.0486891598081685,-4.8689159808168565,bullish_cluster_1_rep_3,bullish,1,2022-10-26,3533.TW,0.6012188720414517,0.6245242405399981,False,0.2384086595438482,50
2024-06-05,1519.TW,1519,華城,66,bullish,0.1461650175942725,14.616501759427258,bullish_cluster_1_rep_3,bullish,1,2022-10-26,3533.TW,0.6015434665217393,0.624397664442925,True,0.2384086595438482,51
2024-08-28,7750.TW,7750,新代,91,neutral,0.0466830466830467,4.668304668304679,bullish_cluster_1_rep_3,bullish,1,2022-10-26,3533.TW,0.6030074504726665,0.6238274187092129,False,0.2384086595438482,52
2024-04-22,2313.TW,2313,華通,60,neutral,0.0162601205775099,1.6260120577509918,bullish_cluster_1_rep_3,bullish,1,2022-10-26,3533.TW,0.6045437204976981,0.6232301352871953,False,0.2384086595438482,53
2024-10-28,1519.TW,1519,華城,66,neutral,-0.0244328176458336,-2.4432817645833604,bullish_cluster_1_rep_3,bullish,1,2022-10-26,3533.TW,0.6048783796939018,0.6231001754729413,False,0.2384086595438482,54
2022-05-09,2615.TW,2615,萬海,59,neutral,0.0033783887928644,0.337838879286445,bullish_cluster_1_rep_3,bullish,1,2022-10-26,3533.TW,0.6060806442271458,0.6226337410854018,False,0.2384086595438482,55
2021-10-13,1802.TW,1802,台玻,86,neutral,0.0454545750105679,4.545457501056793,bullish_cluster_1_rep_3,bullish,1,2022-10-26,3533.TW,0.6090969823875773,0.6214665809118607,False,0.2384086595438482,56
2025-06-18,7750.TW,7750,新代,91,neutral,-0.0120805369127516,-1.2080536912751685,bullish_cluster_1_rep_3,bullish,1,2022-10-26,3533.TW,0.6105857657784503,0.6208921134458595,False,0.2384086595438482,57
2024-09-05,3036.TW,3036,文曄,68,neutral,-0.0140845070422535,-1.4084507042253502,bullish_cluster_1_rep_3,bullish,1,2022-10-26,3533.TW,0.6110001511312474,0.6207324060756904,False,0.2384086595438482,58
2018-11-16,2379.TW,2379,瑞昱,53,neutral,-0.0118577075098814,-1.1857707509881463,bullish_cluster_1_rep_3,bullish,1,2022-10-26,3533.TW,0.6130856390175137,0.619929888291035,False,0.2384086595438482,59
2018-09-25,2379.TW,2379,瑞昱,53,neutral,0.0036900369003689,0.3690036900368953,bullish_cluster_1_rep_3,bullish,1,2022-10-26,3533.TW,0.6135848244250455,0.6197381041658725,False,0.2384086595438482,60
2023-08-02,2324.TW,2324,仁寶,84,bullish,0.0662138813267789,6.621388132677897,bullish_cluster_1_rep_3,bullish,1,2022-10-26,3533.TW,0.6154879300005719,0.6190080293572022,True,0.2384086595438482,61
2021-02-23,1590.TW,1590,亞德客-KY,64,bearish,-0.0628019303496216,-6.280193034962167,bullish_cluster_1_rep_3,bullish,1,2022-10-26,3533.TW,0.616122963969963,0.6187647984058878,False,0.2384086595438482,62
2020-12-23,1802.TW,1802,台玻,86,neutral,0.0191257047028132,1.9125704702813275,bullish_cluster_1_rep_3,bullish,1,2022-10-26,3533.TW,0.6162502074625122,0.6187160845411334,False,0.2384086595438482,63
2022-03-14,2376.TW,2376,技嘉,70,neutral,0.0,0.0,bullish_cluster_1_rep_3,bullish,1,2022-10-26,3533.TW,0.617201986255635,0.6183519489209479,False,0.2384086595438482,64
2021-02-24,1590.TW,1590,亞德客-KY,64,neutral,0.0081883277459777,0.8188327745977775,bullish_cluster_1_rep_3,bullish,1,2022-10-26,3533.TW,0.6176008515462609,0.6181994767399525,False,0.2384086595438482,65
2022-03-18,6213.TW,6213,聯茂,81,neutral,0.0427350427350428,4.2735042735042805,bullish_cluster_1_rep_3,bullish,1,2022-10-26,3533.TW,0.6207157409731838,0.6170113454932785,False,0.2384086595438482,66
2021-08-16,3661.TW,3661,世芯-KY,56,neutral,-0.0281195079086116,-2.811950790861162,bullish_cluster_1_rep_3,bullish,1,2022-10-26,3533.TW,0.6209209273892787,0.6169332402973171,False,0.2384086595438482,67
2023-12-01,1590.TW,1590,亞德客-KY,64,neutral,-0.0241545893719806,-2.4154589371980677,bullish_cluster_1_rep_3,bullish,1,2022-10-26,3533.TW,0.6222581486912349,0.6164247045433275,False,0.2384086595438482,68
2019-01-07,6415.TW,6415,矽力*-KY,92,bullish,0.0990888382687926,9.908883826879268,bullish_cluster_1_rep_3,bullish,1,2022-10-26,3533.TW,0.6227060198808855,0.6162545696807146,True,0.2384086595438482,69
2022-01-06,6213.TW,6213,聯茂,81,neutral,-0.025735294117647,-2.573529411764708,bullish_cluster_1_rep_3,bullish,1,2022-10-26,3533.TW,0.622814047875579,0.6162135466531714,False,0.2384086595438482,70
2023-03-02,6805.TW,6805,富世達,93,neutral,-0.0241691842900302,-2.4169184290030232,bullish_cluster_1_rep_3,bullish,1,2022-10-26,3533.TW,0.6229788789428662,0.6161509634995089,False,0.2384086595438482,71
2022-07-11,1590.TW,1590,亞德客-KY,64,bearish,-0.0674273858921161,-6.7427385892116165,bullish_cluster_1_rep_3,bullish,1,2022-10-26,3533.TW,0.623206122807315,0.6160647042598091,False,0.2384086595438482,72
2021-01-18,2337.TW,2337,旺宏,67,neutral,0.0366491540110092,3.664915401100921,bullish_cluster_1_rep_3,bullish,1,2022-10-26,3533.TW,0.6240072818528296,0.6157607857885342,False,0.2384086595438482,73
2022-04-22,6515.TW,6515,穎崴,73,neutral,-0.0493150684931507,-4.93150684931507,bullish_cluster_1_rep_3,bullish,1,2022-10-26,3533.TW,0.6243030010785549,0.6156486809025097,False,0.2384086595438482,74
2025-09-23,2449.TW,2449,京元電子,57,bearish,-0.0688622510336173,-6.886225103361731,bullish_cluster_1_rep_3,bullish,1,2022-10-26,3533.TW,0.624588197983738,0.6155406036071732,False,0.2384086595438482,75
2019-03-07,2379.TW,2379,瑞昱,53,neutral,0.0090361445783131,0.9036144578313144,bullish_cluster_1_rep_3,bullish,1,2022-10-26,3533.TW,0.6256226346751506,0.6151489150492979,False,0.2384086595438482,76
2024-01-03,3533.TW,3533,嘉澤,82,neutral,-0.035,-3.500000000000003,bullish_cluster_1_rep_3,bullish,1,2022-10-26,3533.TW,0.6262523884317572,0.6149107033529582,False,0.2384086595438482,77
2025-01-15,1590.TW,1590,亞德客-KY,64,bullish,0.0607866507747318,6.078665077473189,bullish_cluster_1_rep_3,bullish,1,2022-10-26,3533.TW,0.6264977836886579,0.6148179296821094,True,0.2384086595438482,78
2023-05-10,6415.TW,6415,矽力*-KY,92,bearish,-0.1341463414634146,-13.414634146341465,bullish_cluster_1_rep_3,bullish,1,2022-10-26,3533.TW,0.626618432804816,0.6147723275677361,False,0.2384086595438482,79
2022-06-17,2313.TW,2313,華通,60,neutral,-0.0283225056327037,-2.8322505632703776,bullish_cluster_1_rep_3,bullish,1,2022-10-26,3533.TW,0.6276336644087674,0.6143888651770094,False,0.2384086595438482,80
2025-06-02,6805.TW,6805,富世達,93,bullish,0.1362068965517242,13.620689655172423,bullish_cluster_1_rep_3,bullish,1,2022-10-26,3533.TW,0.6306363545565002,0.6132575158193254,True,0.2384086595438482,81
2021-06-11,2376.TW,2376,技嘉,70,neutral,0.045045045045045,4.504504504504503,bullish_cluster_1_rep_3,bullish,1,2022-10-26,3533.TW,0.6312390420540651,0.6130309379677393,False,0.2384086595438482,82
2024-09-13,2449.TW,2449,京元電子,57,neutral,-0.0391304241822216,-3.913042418222168,bullish_cluster_1_rep_3,bullish,1,2022-10-26,3533.TW,0.6320135088436356,0.6127400260973028,False,0.2384086595438482,83
2018-08-16,2376.TW,2376,技嘉,70,neutral,-0.02255640499493,-2.2556404994930057,bullish_cluster_1_rep_3,bullish,1,2022-10-26,3533.TW,0.6327753244410029,0.6124541356247897,False,0.2384086595438482,84
2023-12-11,6531.TW,6531,愛普*,95,bullish,0.0709302325581395,7.093023255813957,bullish_cluster_1_rep_3,bullish,1,2022-10-26,3533.TW,0.6340580032660859,0.6119733803826072,True,0.2384086595438482,85
2022-04-26,6515.TW,6515,穎崴,73,neutral,-0.0042735042735042,-0.4273504273504258,bullish_cluster_1_rep_3,bullish,1,2022-10-26,3533.TW,0.6349090683630476,0.6116548127054245,False,0.2384086595438482,86
2022-01-13,2376.TW,2376,技嘉,70,neutral,0.0250896057347669,2.508960573476693,bullish_cluster_1_rep_3,bullish,1,2022-10-26,3533.TW,0.6357635799274661,0.6113352884677519,False,0.2384086595438482,87
2022-02-08,3533.TW,3533,嘉澤,82,neutral,0.0,0.0,bullish_cluster_1_rep_3,bullish,1,2022-10-26,3533.TW,0.6364305533863134,0.6110861215165354,False,0.2384086595438482,88
2024-05-07,3036.TW,3036,文曄,68,bearish,-0.1926910299003322,-19.269102990033225,bullish_cluster_1_rep_3,bullish,1,2022-10-26,3533.TW,0.6364554099585942,0.611076839561001,False,0.2384086595438482,89
2025-05-27,2609.TW,2609,陽明,77,neutral,-0.0353658722668159,-3.536587226681598,bullish_cluster_1_rep_3,bullish,1,2022-10-26,3533.TW,0.6368895202815014,0.6109147792870142,False,0.2384086595438482,90
2024-09-02,6805.TW,6805,富世達,93,bearish,-0.1177231565329883,-11.772315653298836,bullish_cluster_1_rep_3,bullish,1,2022-10-26,3533.TW,0.6384009398955127,0.6103512123618373,False,0.2384086595438482,91
2024-11-11,6805.TW,6805,富世達,93,neutral,-0.0405244338498211,-4.052443384982118,bullish_cluster_1_rep_3,bullish,1,2022-10-26,3533.TW,0.6395450902994518,0.6099252810530247,False,0.2384086595438482,92
2022-04-07,2615.TW,2615,萬海,59,neutral,0.0234113253079928,2.341132530799284,bullish_cluster_1_rep_3,bullish,1,2022-10-26,3533.TW,0.6405011887543097,0.6095698112595305,False,0.2384086595438482,93
2022-07-22,1605.TW,1605,華新,88,neutral,0.0296412101576879,2.9641210157687947,bullish_cluster_1_rep_3,bullish,1,2022-10-26,3533.TW,0.6407773740736981,0.6094672048757075,False,0.2384086595438482,94
2025-01-07,6805.TW,6805,富世達,93,bearish,-0.0935897435897435,-9.35897435897436,bullish_cluster_1_rep_3,bullish,1,2022-10-26,3533.TW,0.6411352702909415,0.6093342932193027,False,0.2384086595438482,95
2018-07-04,3533.TW,3533,嘉澤,82,neutral,0.0217917895509667,2.1791789550966723,bullish_cluster_2_rep_1,bullish,2,2025-09-22,1605.TW,0.36075807450450714,0.7348844873576297,False,0.5228742921630223,1
2021-04-12,2404.TW,2404,漢唐,79,neutral,-0.0223463687150837,-2.234636871508377,bullish_cluster_2_rep_1,bullish,2,2025-09-22,1605.TW,0.3734681876231904,0.7280838457063331,False,0.5228742921630223,2
2025-06-03,6139.TW,6139,亞翔,85,neutral,0.0364683301343569,3.6468330134356903,bullish_cluster_2_rep_1,bullish,2,2025-09-22,1605.TW,0.37350917992279586,0.7280621160873562,False,0.5228742921630223,3
2020-08-03,2379.TW,2379,瑞昱,53,bullish,0.0961538461538462,9.615384615384626,bullish_cluster_2_rep_1,bullish,2,2025-09-22,1605.TW,0.39790619867806964,0.715355580328387,True,0.5228742921630223,4
2018-05-29,6213.TW,6213,聯茂,81,neutral,-0.0402384340865064,-4.02384340865064,bullish_cluster_2_rep_1,bullish,2,2025-09-22,1605.TW,0.3979137252887581,0.7153517287294939,False,0.5228742921630223,5
2025-05-12,2449.TW,2449,京元電子,57,neutral,0.0469083060959687,4.690830609596874,bullish_cluster_2_rep_1,bullish,2,2025-09-22,1605.TW,0.4080141766421545,0.7102201217780416,False,0.5228742921630223,6
2025-09-10,3533.TW,3533,嘉澤,82,neutral,-0.0128205128205127,-1.2820512820512775,bullish_cluster_2_rep_1,bullish,2,2025-09-22,1605.TW,0.41041112450590245,0.7090131257652422,False,0.5228742921630223,7
2025-05-08,2492.TW,2492,華新科,100,neutral,0.0084540691116232,0.8454069111623275,bullish_cluster_2_rep_1,bullish,2,2025-09-22,1605.TW,0.4107259599425844,0.7088548934342283,False,0.5228742921630223,8
2023-07-27,3481.TW,3481,群創,52,neutral,0.023880644755323,2.3880644755323037,bullish_cluster_2_rep_1,bullish,2,2025-09-22,1605.TW,0.4149183705870851,0.7067545526213466,False,0.5228742921630223,9
2021-04-09,2337.TW,2337,旺宏,67,bearish,-0.0628930807550605,-6.28930807550605,bullish_cluster_2_rep_1,bullish,2,2025-09-22,1605.TW,0.41560877061453005,0.7064098646166835,False,0.5228742921630223,10
2024-06-17,6770.TW,6770,力積電,55,neutral,-0.0071942036359554,-0.7194203635955465,bullish_cluster_2_rep_1,bullish,2,2025-09-22,1605.TW,0.41736231858941547,0.705535900654688,False,0.5228742921630223,11
2021-11-01,2618.TW,2618,長榮航,72,bullish,0.0687023108232862,6.870231082328626,bullish_cluster_2_rep_1,bullish,2,2025-09-22,1605.TW,0.42212220391244726,0.7031744510062968,True,0.5228742921630223,12
2021-04-21,1504.TW,1504,東元,89,neutral,-0.0154711462409028,-1.5471146240902844,bullish_cluster_2_rep_1,bullish,2,2025-09-22,1605.TW,0.42294272187451504,0.7027689763103387,False,0.5228742921630223,13
2020-11-20,2376.TW,2376,技嘉,70,neutral,-0.0125786163522012,-1.2578616352201255,bullish_cluster_2_rep_1,bullish,2,2025-09-22,1605.TW,0.42345230191505867,0.7025173928586423,False,0.5228742921630223,14
2025-07-16,6139.TW,6139,亞翔,85,bullish,0.0667701863354037,6.677018633540377,bullish_cluster_2_rep_1,bullish,2,2025-09-22,1605.TW,0.4319505651448639,0.6983481304040929,True,0.5228742921630223,15
2019-09-24,2449.TW,2449,京元電子,57,bearish,-0.0694258552213192,-6.942585522131928,bullish_cluster_2_rep_1,bullish,2,2025-09-22,1605.TW,0.43203509080476565,0.6983069105087548,False,0.5228742921630223,16
2020-04-09,1605.TW,1605,華新,88,bullish,0.1008403936866315,10.084039368663156,bullish_cluster_2_rep_1,bullish,2,2025-09-22,1605.TW,0.43218363953537753,0.6982344808270645,True,0.5228742921630223,17
2022-11-08,2609.TW,2609,陽明,77,neutral,0.0283910943066547,2.8391094306654763,bullish_cluster_2_rep_1,bullish,2,2025-09-22,1605.TW,0.4325788994425019,0.6980418323829543,False,0.5228742921630223,18
2019-09-05,6213.TW,6213,聯茂,81,neutral,0.0401337877585006,4.013378775850063,bullish_cluster_2_rep_1,bullish,2,2025-09-22,1605.TW,0.43695913399693936,0.6959140147698382,False,0.5228742921630223,19
2019-07-29,2404.TW,2404,漢唐,79,neutral,-0.049079754601227,-4.907975460122705,bullish_cluster_2_rep_1,bullish,2,2025-09-22,1605.TW,0.4370106460858551,0.695889068549221,False,0.5228742921630223,20
2021-06-29,6213.TW,6213,聯茂,81,neutral,-0.0276817179512988,-2.768171795129881,bullish_cluster_2_rep_1,bullish,2,2025-09-22,1605.TW,0.43774512337602683,0.6955335711046337,False,0.5228742921630223,21
2021-06-17,2313.TW,2313,華通,60,neutral,-0.0195121765136718,-1.9512176513671875,bullish_cluster_2_rep_1,bullish,2,2025-09-22,1605.TW,0.44566462439750276,0.6917233659340328,False,0.5228742921630223,22
2020-07-23,2376.TW,2376,技嘉,70,bullish,0.0724269987124064,7.242699871240643,bullish_cluster_2_rep_1,bullish,2,2025-09-22,1605.TW,0.4508543110832231,0.689249080600925,True,0.5228742921630223,23
2018-12-07,2449.TW,2449,京元電子,57,neutral,-0.0159452706472513,-1.5945270647251375,bullish_cluster_2_rep_1,bullish,2,2025-09-22,1605.TW,0.45134405937294075,0.6890164971854118,False,0.5228742921630223,24
2019-09-19,2379.TW,2379,瑞昱,53,neutral,0.0200892857142858,2.008928571428581,bullish_cluster_2_rep_1,bullish,2,2025-09-22,1605.TW,0.454255289237021,0.6876371758115817,False,0.5228742921630223,25
2021-04-20,1504.TW,1504,東元,89,neutral,-0.0014244797502601,-0.1424479750260165,bullish_cluster_2_rep_1,bullish,2,2025-09-22,1605.TW,0.45745841982880525,0.6861259205716903,False,0.5228742921630223,26
2020-08-05,2379.TW,2379,瑞昱,53,neutral,0.01,1.0000000000000009,bullish_cluster_2_rep_1,bullish,2,2025-09-22,1605.TW,0.45764050940258155,0.6860402091938658,False,0.5228742921630223,27
2023-07-31,6919.TW,6919,康霈*,97,neutral,-0.0374479930214914,-3.744799302149149,bullish_cluster_2_rep_1,bullish,2,2025-09-22,1605.TW,0.4603943704597771,0.6847465453356748,False,0.5228742921630223,28
2021-10-18,1605.TW,1605,華新,88,neutral,0.0485437112693076,4.854371126930768,bullish_cluster_2_rep_1,bullish,2,2025-09-22,1605.TW,0.4613538182898739,0.6842969768746586,False,0.5228742921630223,29
2021-10-15,1605.TW,1605,華新,88,neutral,0.0476190696198115,4.761906961981155,bullish_cluster_2_rep_1,bullish,2,2025-09-22,1605.TW,0.46251479024073616,0.6837537689689933,False,0.5228742921630223,30
2024-02-22,3533.TW,3533,嘉澤,82,neutral,-0.0382775119617224,-3.827751196172247,bullish_cluster_2_rep_1,bullish,2,2025-09-22,1605.TW,0.46443640647326523,0.6828565553134901,False,0.5228742921630223,31
2024-07-04,6531.TW,6531,愛普*,95,neutral,-0.0099502487562188,-0.995024875621886,bullish_cluster_2_rep_1,bullish,2,2025-09-22,1605.TW,0.4661560558315059,0.6820556352255878,False,0.5228742921630223,32
2023-06-30,6139.TW,6139,亞翔,85,bullish,0.0801964664255867,8.019646642558676,bullish_cluster_2_rep_1,bullish,2,2025-09-22,1605.TW,0.4662963065083848,0.6819903968668162,True,0.5228742921630223,33
2023-04-17,6415.TW,6415,矽力*-KY,92,neutral,-0.0252918287937743,-2.529182879377434,bullish_cluster_2_rep_1,bullish,2,2025-09-22,1605.TW,0.47023560998410086,0.6801630930506534,False,0.5228742921630223,34
2021-07-21,2379.TW,2379,瑞昱,53,neutral,-0.0035149384885764,-0.3514938488576424,bullish_cluster_2_rep_1,bullish,2,2025-09-22,1605.TW,0.4712266104024697,0.6797049434325004,False,0.5228742921630223,35
2023-07-17,1504.TW,1504,東元,89,neutral,-0.0329067497615116,-3.2906749761511644,bullish_cluster_2_rep_1,bullish,2,2025-09-22,1605.TW,0.4712333375844522,0.6797018354966401,False,0.5228742921630223,36
2020-10-15,2609.TW,2609,陽明,77,neutral,0.0192308432957155,1.923084329571556,bullish_cluster_2_rep_1,bullish,2,2025-09-22,1605.TW,0.4774699359050111,0.6768327230885135,False,0.5228742921630223,37
2019-02-21,2449.TW,2449,京元電子,57,bullish,0.0524193173919822,5.2419317391982245,bullish_cluster_2_rep_1,bullish,2,2025-09-22,1605.TW,0.47799214127257905,0.6765935840084922,True,0.5228742921630223,38
2025-08-13,2313.TW,2313,華通,60,bullish,0.0689170412241626,6.8917041224162645,bullish_cluster_2_rep_1,bullish,2,2025-09-22,1605.TW,0.47863273517161414,0.6763004606981985,True,0.5228742921630223,39
2021-12-09,2409.TW,2409,友達,80,neutral,-0.0292792792792793,-2.9279279279279318,bullish_cluster_2_rep_1,bullish,2,2025-09-22,1605.TW,0.47894433304280204,0.6761579713704201,False,0.5228742921630223,40
2020-10-12,2379.TW,2379,瑞昱,53,neutral,-0.0418250950570342,-4.1825095057034245,bullish_cluster_2_rep_1,bullish,2,2025-09-22,1605.TW,0.4795450728508971,0.6758834308934745,False,0.5228742921630223,41
2022-11-08,3034.TW,3034,聯詠,58,bullish,0.1483622350674374,14.83622350674374,bullish_cluster_2_rep_1,bullish,2,2025-09-22,1605.TW,0.4810392771753055,0.6752015394941032,True,0.5228742921630223,42
2021-04-23,6213.TW,6213,聯茂,81,neutral,0.0265781298080276,2.657812980802765,bullish_cluster_2_rep_1,bullish,2,2025-09-22,1605.TW,0.4825825847246395,0.6744986824364528,False,0.5228742921630223,43
2018-07-05,3533.TW,3533,嘉澤,82,neutral,0.028846182753319,2.884618275331907,bullish_cluster_2_rep_1,bullish,2,2025-09-22,1605.TW,0.4827396594328368,0.6744272291081161,False,0.5228742921630223,44
2023-06-27,6919.TW,6919,康霈*,97,neutral,-0.0223463794505291,-2.23463794505292,bullish_cluster_2_rep_1,bullish,2,2025-09-22,1605.TW,0.48413135125356416,0.6737948087649756,False,0.5228742921630223,45
2019-08-13,2376.TW,2376,技嘉,70,neutral,0.0040485210944256,0.4048521094425661,bullish_cluster_2_rep_1,bullish,2,2025-09-22,1605.TW,0.48444740848632317,0.6736513495076868,False,0.5228742921630223,46
2021-10-20,1605.TW,1605,華新,88,neutral,-0.0227273562528989,-2.27273562528989,bullish_cluster_2_rep_1,bullish,2,2025-09-22,1605.TW,0.48664262324141244,0.6726566185891014,False,0.5228742921630223,47
2024-06-24,3036.TW,3036,文曄,68,neutral,0.0123966942148761,1.2396694214876105,bullish_cluster_2_rep_1,bullish,2,2025-09-22,1605.TW,0.4868808038168509,0.6725488670194553,False,0.5228742921630223,48
2024-03-21,1504.TW,1504,東元,89,neutral,-0.0430292610268062,-4.302926102680626,bullish_cluster_2_rep_1,bullish,2,2025-09-22,1605.TW,0.48759010323392526,0.6722281882798656,False,0.5228742921630223,49
2019-03-12,2207.TW,2207,和泰車,63,bullish,0.0842857145398199,8.428571453981991,bullish_cluster_2_rep_1,bullish,2,2025-09-22,1605.TW,0.4897429382305336,0.6712567479512715,True,0.5228742921630223,50
2021-03-10,2376.TW,2376,技嘉,70,neutral,0.0248917249391942,2.489172493919422,bullish_cluster_2_rep_1,bullish,2,2025-09-22,1605.TW,0.49006085019453843,0.6711135319537068,False,0.5228742921630223,51
2025-02-26,6139.TW,6139,亞翔,85,neutral,-0.0144144144144143,-1.4414414414414378,bullish_cluster_2_rep_1,bullish,2,2025-09-22,1605.TW,0.49168419312299827,0.6703831847318797,False,0.5228742921630223,52
2019-06-25,2376.TW,2376,技嘉,70,bullish,0.1141361416322399,11.413614163223995,bullish_cluster_2_rep_1,bullish,2,2025-09-22,1605.TW,0.4917329079088355,0.6703612923588551,True,0.5228742921630223,53
2022-12-22,2609.TW,2609,陽明,77,neutral,-0.042647081262925,-4.264708126292504,bullish_cluster_2_rep_1,bullish,2,2025-09-22,1605.TW,0.49365955870858763,0.6694966026024003,False,0.5228742921630223,54
2024-12-06,2379.TW,2379,瑞昱,53,neutral,0.0057251908396946,0.5725190839694694,bullish_cluster_2_rep_1,bullish,2,2025-09-22,1605.TW,0.4951583339082034,0.6688254864527251,False,0.5228742921630223,55
2019-07-30,1605.TW,1605,華新,88,neutral,-0.0398671301955695,-3.986713019556953,bullish_cluster_2_rep_1,bullish,2,2025-09-22,1605.TW,0.49619687586181876,0.6683612405112086,False,0.5228742921630223,56
2020-11-23,2376.TW,2376,技嘉,70,neutral,-0.0187734664750183,-1.877346647501832,bullish_cluster_2_rep_1,bullish,2,2025-09-22,1605.TW,0.4966018233652328,0.6681803966745259,False,0.5228742921630223,57
2023-07-31,2379.TW,2379,瑞昱,53,neutral,-0.0058072009291521,-0.5807200929152101,bullish_cluster_2_rep_1,bullish,2,2025-09-22,1605.TW,0.49683179256436466,0.6680777392406966,False,0.5228742921630223,58
2021-12-17,2347.TW,2347,聯強,99,neutral,-0.0090361213905582,-0.9036121390558204,bullish_cluster_2_rep_1,bullish,2,2025-09-22,1605.TW,0.499800356097144,0.6667554091014155,False,0.5228742921630223,59
2021-04-29,3533.TW,3533,嘉澤,82,bearish,-0.0865562021085286,-8.655620210852867,bullish_cluster_2_rep_1,bullish,2,2025-09-22,1605.TW,0.5001262327557313,0.6666105679406727,False,0.5228742921630223,60
2019-07-04,2492.TW,2492,華新科,100,bearish,-0.0718232044198895,-7.182320441988955,bullish_cluster_2_rep_1,bullish,2,2025-09-22,1605.TW,0.5004798093345437,0.6664534862641674,False,0.5228742921630223,61
2019-05-28,3661.TW,3661,世芯-KY,56,neutral,0.0081776237162942,0.8177623716294269,bullish_cluster_2_rep_1,bullish,2,2025-09-22,1605.TW,0.5005933820350227,0.6664030456031032,False,0.5228742921630223,62
2023-02-24,3533.TW,3533,嘉澤,82,bearish,-0.0511033825724921,-5.110338257249214,bullish_cluster_2_rep_1,bullish,2,2025-09-22,1605.TW,0.5015500536916289,0.6659784650811038,False,0.5228742921630223,63
2020-05-06,3034.TW,3034,聯詠,58,neutral,0.0434782608695651,4.347826086956519,bullish_cluster_2_rep_1,bullish,2,2025-09-22,1605.TW,0.5040074961896998,0.6648903030958501,False,0.5228742921630223,64
2023-06-14,2449.TW,2449,京元電子,57,neutral,-0.019264445510689,-1.9264445510689063,bullish_cluster_2_rep_1,bullish,2,2025-09-22,1605.TW,0.5063926758532326,0.6638375345482825,False,0.5228742921630223,65
2025-09-08,6770.TW,6770,力積電,55,neutral,0.0392750184799617,3.927501847996173,bullish_cluster_2_rep_1,bullish,2,2025-09-22,1605.TW,0.5085449285296484,0.6628904324213147,False,0.5228742921630223,66
2024-05-08,2615.TW,2615,萬海,59,bullish,0.3276515054363411,32.765150543634114,bullish_cluster_2_rep_1,bullish,2,2025-09-22,1605.TW,0.5095062524206322,0.6624682729179876,True,0.5228742921630223,67
2022-02-21,2609.TW,2609,陽明,77,bearish,-0.0585774058577406,-5.857740585774063,bullish_cluster_2_rep_1,bullish,2,2025-09-22,1605.TW,0.5097453557887336,0.662363355625341,False,0.5228742921630223,68
2024-04-08,2313.TW,2313,華通,60,neutral,-0.0395209946318301,-3.952099463183012,bullish_cluster_2_rep_1,bullish,2,2025-09-22,1605.TW,0.5101226037196462,0.6621978887918492,False,0.5228742921630223,69
2019-12-03,2492.TW,2492,華新科,100,neutral,0.0225988700564971,2.259887005649719,bullish_cluster_2_rep_1,bullish,2,2025-09-22,1605.TW,0.5104328945787467,0.6620618523267103,False,0.5228742921630223,70
2020-11-12,2313.TW,2313,華通,60,neutral,-0.0053304902316911,-0.5330490231691187,bullish_cluster_2_rep_1,bullish,2,2025-09-22,1605.TW,0.5123019974667034,0.6612435886979757,False,0.5228742921630223,71
2025-06-11,2404.TW,2404,漢唐,79,bearish,-0.0507614213197969,-5.076142131979699,bullish_cluster_2_rep_1,bullish,2,2025-09-22,1605.TW,0.5127313522485885,0.6610559095728116,False,0.5228742921630223,72
2020-06-15,1519.TW,1519,華城,66,neutral,0.0161871055455753,1.6187105545575342,bullish_cluster_2_rep_1,bullish,2,2025-09-22,1605.TW,0.5130155617602872,0.660931734790996,False,0.5228742921630223,73
2025-10-23,1326.TW,1326,台化,51,neutral,-0.01779932827995,-1.779932827995001,bullish_cluster_2_rep_1,bullish,2,2025-09-22,1605.TW,0.5144084568090359,0.660323835028675,False,0.5228742921630223,74
2024-12-24,3036.TW,3036,文曄,68,neutral,0.009049773755656,0.9049773755656076,bullish_cluster_2_rep_1,bullish,2,2025-09-22,1605.TW,0.5158938758941718,0.6596767860218022,False,0.5228742921630223,75
2019-07-15,3533.TW,3533,嘉澤,82,neutral,-0.0021551689821265,-0.2155168982126531,bullish_cluster_2_rep_1,bullish,2,2025-09-22,1605.TW,0.5165082476623213,0.6594095360453777,False,0.5228742921630223,76
2020-12-28,2409.TW,2409,友達,80,bearish,-0.0967741935483871,-9.677419354838712,bullish_cluster_2_rep_1,bullish,2,2025-09-22,1605.TW,0.5166274182680397,0.6593577222426728,False,0.5228742921630223,77
2022-03-11,1802.TW,1802,台玻,86,neutral,-0.0081632964465082,-0.8163296446508261,bullish_cluster_2_rep_1,bullish,2,2025-09-22,1605.TW,0.5185116405447993,0.6585395681532137,False,0.5228742921630223,78
2024-01-12,6531.TW,6531,愛普*,95,neutral,0.0389105058365759,3.891050583657596,bullish_cluster_2_rep_1,bullish,2,2025-09-22,1605.TW,0.5188707528816202,0.658383867161039,False,0.5228742921630223,79
2020-06-19,2379.TW,2379,瑞昱,53,neutral,0.0389830508474575,3.8983050847457568,bullish_cluster_2_rep_1,bullish,2,2025-09-22,1605.TW,0.5198586766914203,0.6579559108593567,False,0.5228742921630223,80
2025-08-18,1326.TW,1326,台化,51,neutral,0.0386554493623623,3.865544936236232,bullish_cluster_2_rep_1,bullish,2,2025-09-22,1605.TW,0.5198929830038136,0.6579410597867672,False,0.5228742921630223,81
2020-07-14,2404.TW,2404,漢唐,79,neutral,-0.0296127562642368,-2.9612756264236872,bullish_cluster_2_rep_1,bullish,2,2025-09-22,1605.TW,0.5201942817304591,0.657810657504701,False,0.5228742921630223,82
2023-03-29,1590.TW,1590,亞德客-KY,64,neutral,-0.0336134453781512,-3.361344537815125,bullish_cluster_2_rep_1,bullish,2,2025-09-22,1605.TW,0.5205659624626129,0.6576498650413448,False,0.5228742921630223,83
2024-02-05,3044.TW,3044,健鼎,65,bullish,0.0985221674876848,9.852216748768484,bullish_cluster_2_rep_1,bullish,2,2025-09-22,1605.TW,0.5210678754048006,0.657432857645403,True,0.5228742921630223,84
2019-04-02,2449.TW,2449,京元電子,57,neutral,0.0258780540588243,2.5878054058824373,bullish_cluster_2_rep_1,bullish,2,2025-09-22,1605.TW,0.5218477854142126,0.6570959392813537,False,0.5228742921630223,85
2023-05-26,2618.TW,2618,長榮航,72,bullish,0.0510836397787191,5.10836397787191,bullish_cluster_2_rep_1,bullish,2,2025-09-22,1605.TW,0.522216632962368,0.6569367186941794,True,0.5228742921630223,86
2025-03-17,3481.TW,3481,群創,52,neutral,0.0281250476837158,2.812504768371582,bullish_cluster_2_rep_1,bullish,2,2025-09-22,1605.TW,0.5235493967752026,0.6563620464926406,False,0.5228742921630223,87
2020-08-25,1605.TW,1605,華新,88,neutral,-0.0089552280304047,-0.8955228030404716,bullish_cluster_2_rep_1,bullish,2,2025-09-22,1605.TW,0.5242342665827873,0.6560671295245979,False,0.5228742921630223,88
2025-12-23,6531.TW,6531,愛普*,95,neutral,-0.0024271844660194,-0.2427184466019416,bullish_cluster_2_rep_1,bullish,2,2025-09-22,1605.TW,0.5245546074385996,0.6559292760789314,False,0.5228742921630223,89
2018-11-30,6531.TW,6531,愛普*,95,neutral,0.0190571874025762,1.9057187402576223,bullish_cluster_2_rep_1,bullish,2,2025-09-22,1605.TW,0.5251530825303907,0.6556718872710757,False,0.5228742921630223,90
2025-12-09,6139.TW,6139,亞翔,85,bullish,0.1373346897253307,13.73346897253307,bullish_cluster_2_rep_1,bullish,2,2025-09-22,1605.TW,0.526258161338922,0.6551971516553543,True,0.5228742921630223,91
2020-01-20,1519.TW,1519,華城,66,neutral,-0.0378912569582652,-3.789125695826523,bullish_cluster_2_rep_1,bullish,2,2025-09-22,1605.TW,0.5263194342822154,0.6551708492595271,False,0.5228742921630223,92
2025-07-11,6805.TW,6805,富世達,93,neutral,0.0071428571428571,0.7142857142857117,bullish_cluster_2_rep_1,bullish,2,2025-09-22,1605.TW,0.5270793373392053,0.6548448240694603,False,0.5228742921630223,93
2019-07-12,1519.TW,1519,華城,66,neutral,0.0344202843561967,3.44202843561967,bullish_cluster_2_rep_1,bullish,2,2025-09-22,1605.TW,0.5273059803809913,0.6547476490274378,False,0.5228742921630223,94
2020-05-15,2347.TW,2347,聯強,99,neutral,0.0400942662043204,4.009426620432044,bullish_cluster_2_rep_1,bullish,2,2025-09-22,1605.TW,0.5276122149588361,0.654616394270549,False,0.5228742921630223,95
2023-02-01,6213.TW,6213,聯茂,81,neutral,-0.0410628188474049,-4.1062818847404925,bullish_cluster_2_rep_2,bullish,2,2022-03-23,2313.TW,0.32311913877108117,0.7557898383427545,False,0.046033476774709474,1
2023-12-14,2324.TW,2324,仁寶,84,neutral,0.0104011428900507,1.0401142890050783,bullish_cluster_2_rep_2,bullish,2,2022-03-23,2313.TW,0.36565940368200023,0.7322469989983347,False,0.046033476774709474,2
2023-11-03,2618.TW,2618,長榮航,72,neutral,-0.025,-2.500000000000002,bullish_cluster_2_rep_2,bullish,2,2022-03-23,2313.TW,0.37059771628839266,0.7296086868640209,False,0.046033476774709474,3
2023-12-13,2404.TW,2404,漢唐,79,neutral,-0.0108695652173913,-1.0869565217391353,bullish_cluster_2_rep_2,bullish,2,2022-03-23,2313.TW,0.37699954079608927,0.7262166546706811,False,0.046033476774709474,4
2023-11-22,6515.TW,6515,穎崴,73,bearish,-0.0992167101827676,-9.921671018276768,bullish_cluster_2_rep_2,bullish,2,2022-03-23,2313.TW,0.3912195307140755,0.7187938193239186,False,0.046033476774709474,5
2023-11-14,2449.TW,2449,京元電子,57,neutral,-0.0329545104897714,-3.2954510489771494,bullish_cluster_2_rep_2,bullish,2,2022-03-23,2313.TW,0.3940894491335657,0.7173140867119435,False,0.046033476774709474,6
2023-02-03,3661.TW,3661,世芯-KY,56,bullish,0.058324496288441,5.832449628844105,bullish_cluster_2_rep_2,bullish,2,2022-03-23,2313.TW,0.39528932715871373,0.7166972329934911,True,0.046033476774709474,7
2023-11-01,3702.TW,3702,大聯大,90,neutral,-0.0161942911329651,-1.619429113296511,bullish_cluster_2_rep_2,bullish,2,2022-03-23,2313.TW,0.40841719629267054,0.7100168917507301,False,0.046033476774709474,8
2023-02-20,2409.TW,2409,友達,80,neutral,-0.0291777789537793,-2.9177778953779376,bullish_cluster_2_rep_2,bullish,2,2022-03-23,2313.TW,0.4100215903487307,0.7092089985321977,False,0.046033476774709474,9
2024-10-23,6213.TW,6213,聯茂,81,neutral,-0.0038023199740929,-0.3802319974092971,bullish_cluster_2_rep_2,bullish,2,2022-03-23,2313.TW,0.410310781117416,0.7090635719367336,False,0.046033476774709474,10
2022-07-20,2376.TW,2376,技嘉,70,neutral,-0.028925650449212,-2.8925650449212026,bullish_cluster_2_rep_2,bullish,2,2022-03-23,2313.TW,0.4104537408477058,0.7089917031940258,False,0.046033476774709474,11
2019-12-25,2492.TW,2492,華新科,100,bullish,0.0874704491725768,8.747044917257686,bullish_cluster_2_rep_2,bullish,2,2022-03-23,2313.TW,0.41440346504839326,0.7070118425973917,True,0.046033476774709474,12
2025-11-28,3533.TW,3533,嘉澤,82,neutral,-0.0267175572519083,-2.6717557251908386,bullish_cluster_2_rep_2,bullish,2,2022-03-23,2313.TW,0.4164758493968257,0.7059774442506926,False,0.046033476774709474,13
2020-10-12,1605.TW,1605,華新,88,neutral,-0.0253522330843449,-2.5352233084344977,bullish_cluster_2_rep_2,bullish,2,2022-03-23,2313.TW,0.4170992499166731,0.7056668755267502,False,0.046033476774709474,14
2018-08-22,1402.TW,1402,遠東新,94,neutral,0.0142045451466701,1.4204545146670131,bullish_cluster_2_rep_2,bullish,2,2022-03-23,2313.TW,0.4181783599382479,0.7051299245911095,False,0.046033476774709474,15
2023-06-06,3481.TW,3481,群創,52,neutral,-0.0134227390683606,-1.3422739068360667,bullish_cluster_2_rep_2,bullish,2,2022-03-23,2313.TW,0.4212255075956776,0.703618106103179,False,0.046033476774709474,16
2023-11-02,3034.TW,3034,聯詠,58,neutral,0.0288659793814431,2.88659793814432,bullish_cluster_2_rep_2,bullish,2,2022-03-23,2313.TW,0.4279916854493851,0.7002841894596206,False,0.046033476774709474,17
2019-04-09,2207.TW,2207,和泰車,63,neutral,-0.0159704641059775,-1.5970464105977578,bullish_cluster_2_rep_2,bullish,2,2022-03-23,2313.TW,0.43038383710393974,0.699113045086327,False,0.046033476774709474,18
2022-07-19,2376.TW,2376,技嘉,70,neutral,0.0159914706950736,1.5991470695073673,bullish_cluster_2_rep_2,bullish,2,2022-03-23,2313.TW,0.43086810046687335,0.6988764370899828,False,0.046033476774709474,19
2022-05-24,5876.TW,5876,上海商銀,75,neutral,0.0180000049956865,1.8000004995686547,bullish_cluster_2_rep_2,bullish,2,2022-03-23,2313.TW,0.43205073489703477,0.6982992820236222,False,0.046033476774709474,20
2018-07-06,1402.TW,1402,遠東新,94,neutral,0.0126984005882626,1.269840058826266,bullish_cluster_2_rep_2,bullish,2,2022-03-23,2313.TW,0.4338068250700772,0.6974440228035077,False,0.046033476774709474,21
2021-11-18,2492.TW,2492,華新科,100,neutral,0.0285714285714284,2.857142857142847,bullish_cluster_2_rep_2,bullish,2,2022-03-23,2313.TW,0.44007161092306996,0.6944099115730856,False,0.046033476774709474,22
2025-02-18,3532.TW,3532,台勝科,98,neutral,0.0327695404241379,3.2769540424137933,bullish_cluster_2_rep_2,bullish,2,2022-03-23,2313.TW,0.4408118213470769,0.694053161685651,False,0.046033476774709474,23
2023-03-09,3532.TW,3532,台勝科,98,neutral,-0.0422960725075528,-4.229607250755285,bullish_cluster_2_rep_2,bullish,2,2022-03-23,2313.TW,0.4417079884060255,0.6936217375791996,False,0.046033476774709474,24
2021-10-27,6770.TW,6770,力積電,55,neutral,-0.0146627572543575,-1.4662757254357506,bullish_cluster_2_rep_2,bullish,2,2022-03-23,2313.TW,0.44258009886422667,0.693202409202318,False,0.046033476774709474,25
2024-06-03,1504.TW,1504,東元,89,neutral,0.0017391038977581,0.1739103897758109,bullish_cluster_2_rep_2,bullish,2,2022-03-23,2313.TW,0.443227256831184,0.6928915701021652,False,0.046033476774709474,26
2022-08-17,2409.TW,2409,友達,80,neutral,0.0402476780185758,4.024767801857587,bullish_cluster_2_rep_2,bullish,2,2022-03-23,2313.TW,0.4457487885333031,0.6916830973204476,False,0.046033476774709474,27
2025-11-28,1101.TW,1101,台泥,83,neutral,0.0021881503818748,0.2188150381874809,bullish_cluster_2_rep_2,bullish,2,2022-03-23,2313.TW,0.44877134737215474,0.6902400449966407,False,0.046033476774709474,28
2025-06-09,6919.TW,6919,康霈*,97,neutral,0.0090909245038273,0.9090924503827312,bullish_cluster_2_rep_2,bullish,2,2022-03-23,2313.TW,0.4495006613168067,0.6898927518194746,False,0.046033476774709474,29
2023-01-05,3034.TW,3034,聯詠,58,neutral,0.0235988200589971,2.359882005899716,bullish_cluster_2_rep_2,bullish,2,2022-03-23,2313.TW,0.4516717275546741,0.6888609738818084,False,0.046033476774709474,30
2021-12-08,1590.TW,1590,亞德客-KY,64,neutral,-0.0099447513812154,-0.9944751381215422,bullish_cluster_2_rep_2,bullish,2,2022-03-23,2313.TW,0.45195737944629377,0.6887254503168349,False,0.046033476774709474,31
2018-11-28,2609.TW,2609,陽明,77,neutral,-0.0206746016385972,-2.0674601638597245,bullish_cluster_2_rep_2,bullish,2,2022-03-23,2313.TW,0.45265369207968215,0.6883953177913702,False,0.046033476774709474,32
2020-07-22,1802.TW,1802,台玻,86,bearish,-0.0747663742986373,-7.476637429863731,bullish_cluster_2_rep_2,bullish,2,2022-03-23,2313.TW,0.45406169950519987,0.6877287259132734,False,0.046033476774709474,33
2019-08-13,3044.TW,3044,健鼎,65,neutral,0.0228310502283104,2.283105022831045,bullish_cluster_2_rep_2,bullish,2,2022-03-23,2313.TW,0.4549904620248189,0.687289728764519,False,0.046033476774709474,34
2022-05-23,5876.TW,5876,上海商銀,75,neutral,0.0090634863812666,0.906348638126664,bullish_cluster_2_rep_2,bullish,2,2022-03-23,2313.TW,0.45518619959890005,0.6871972811971656,False,0.046033476774709474,35
2018-07-09,1402.TW,1402,遠東新,94,neutral,-0.0108191187211671,-1.0819118721167142,bullish_cluster_2_rep_2,bullish,2,2022-03-23,2313.TW,0.45601353439601616,0.6868068025307336,False,0.046033476774709474,36
2020-02-19,2609.TW,2609,陽明,77,neutral,-0.037447986060747,-3.7447986060747054,bullish_cluster_2_rep_2,bullish,2,2022-03-23,2313.TW,0.4569804681141581,0.6863509991279083,False,0.046033476774709474,37
2019-06-19,2376.TW,2376,技嘉,70,neutral,-0.0329896592602287,-3.2989659260228787,bullish_cluster_2_rep_2,bullish,2,2022-03-23,2313.TW,0.457661929627493,0.6860301278881249,False,0.046033476774709474,38
2021-09-06,2002.TW,2002,中鋼,62,neutral,-0.0128700133754976,-1.2870013375497646,bullish_cluster_2_rep_2,bullish,2,2022-03-23,2313.TW,0.45836641035795134,0.6856987331150566,False,0.046033476774709474,39
2020-01-17,6213.TW,6213,聯茂,81,bearish,-0.0795846830270012,-7.958468302700128,bullish_cluster_2_rep_2,bullish,2,2022-03-23,2313.TW,0.45932732604528803,0.685247224630512,False,0.046033476774709474,40
2023-11-17,2618.TW,2618,長榮航,72,neutral,-0.0202177758951486,-2.021777589514861,bullish_cluster_2_rep_2,bullish,2,2022-03-23,2313.TW,0.460858442391514,0.6845290214176667,False,0.046033476774709474,41
2023-01-09,6139.TW,6139,亞翔,85,neutral,0.0060976140988753,0.6097614098875326,bullish_cluster_2_rep_2,bullish,2,2022-03-23,2313.TW,0.4609836613601335,0.6844703513446748,False,0.046033476774709474,42
2019-05-27,3661.TW,3661,世芯-KY,56,bullish,0.0543478240838599,5.434782408385996,bullish_cluster_2_rep_2,bullish,2,2022-03-23,2313.TW,0.46165689184886555,0.6841550883635141,True,0.046033476774709474,43
2019-07-25,6239.TW,6239,力成,76,neutral,-0.0264368166868713,-2.6436816686871367,bullish_cluster_2_rep_2,bullish,2,2022-03-23,2313.TW,0.4620549285180376,0.6839688307836806,False,0.046033476774709474,44
2023-08-09,3036.TW,3036,文曄,68,neutral,-0.0364865655436531,-3.648656554365315,bullish_cluster_2_rep_2,bullish,2,2022-03-23,2313.TW,0.46501978334369687,0.6825846390399206,False,0.046033476774709474,45
2019-03-11,2207.TW,2207,和泰車,63,neutral,0.0100142867843282,1.0014286784328252,bullish_cluster_2_rep_2,bullish,2,2022-03-23,2313.TW,0.46541945882806335,0.6823984723116259,False,0.046033476774709474,46
2019-02-20,2313.TW,2313,華通,60,neutral,0.0021786159214987,0.2178615921498705,bullish_cluster_2_rep_2,bullish,2,2022-03-23,2313.TW,0.46753688133873933,0.6814138797573281,False,0.046033476774709474,47
2019-06-12,2313.TW,2313,華通,60,neutral,-0.009920634620284,-0.992063462028403,bullish_cluster_2_rep_2,bullish,2,2022-03-23,2313.TW,0.4693025416771411,0.6805950249419335,False,0.046033476774709474,48
2024-02-16,2449.TW,2449,京元電子,57,neutral,-0.0277777604703551,-2.7777760470355184,bullish_cluster_2_rep_2,bullish,2,2022-03-23,2313.TW,0.4693983666198241,0.6805506408043592,False,0.046033476774709474,49
2025-12-08,6139.TW,6139,亞翔,85,bullish,0.1,10.000000000000009,bullish_cluster_2_rep_2,bullish,2,2022-03-23,2313.TW,0.4702921459897998,0.6801369392657679,True,0.046033476774709474,50
2023-10-02,6213.TW,6213,聯茂,81,neutral,0.0063694917511012,0.6369491751101242,bullish_cluster_2_rep_2,bullish,2,2022-03-23,2313.TW,0.4703442311176871,0.6801128462549526,False,0.046033476774709474,51
2022-02-14,2834.TW,2834,臺企銀,87,neutral,0.0267857020342354,2.678570203423547,bullish_cluster_2_rep_2,bullish,2,2022-03-23,2313.TW,0.4708110428822814,0.6798969893782859,False,0.046033476774709474,52
2022-07-18,6239.TW,6239,力成,76,neutral,0.0,0.0,bullish_cluster_2_rep_2,bullish,2,2022-03-23,2313.TW,0.4708408202961968,0.6798832247520985,False,0.046033476774709474,53
2022-03-24,2313.TW,2313,華通,60,neutral,-0.0205882203345205,-2.058822033452057,bullish_cluster_2_rep_2,bullish,2,2022-03-23,2313.TW,0.47121205289768914,0.6797116690489362,False,0.046033476774709474,54
2019-06-11,5871.TW,5871,中租-KY,78,neutral,-0.0240000106283952,-2.4000010628395296,bullish_cluster_2_rep_2,bullish,2,2022-03-23,2313.TW,0.4717894424026617,0.6794450151561922,False,0.046033476774709474,55
2020-04-30,2379.TW,2379,瑞昱,53,bearish,-0.0543689320388349,-5.436893203883497,bullish_cluster_2_rep_2,bullish,2,2022-03-23,2313.TW,0.4724929599660668,0.6791203945878592,False,0.046033476774709474,56
2023-11-16,1605.TW,1605,華新,88,neutral,0.0183485431256755,1.8348543125675576,bullish_cluster_2_rep_2,bullish,2,2022-03-23,2313.TW,0.4730357983747377,0.6788701273270765,False,0.046033476774709474,57
2025-02-14,2615.TW,2615,萬海,59,neutral,0.0328067660768394,3.280676607683941,bullish_cluster_2_rep_2,bullish,2,2022-03-23,2313.TW,0.4742647850614279,0.6783042029714718,False,0.046033476774709474,58
2022-05-30,6789.TW,6789,采鈺,96,neutral,0.0228571428571429,2.285714285714291,bullish_cluster_2_rep_2,bullish,2,2022-03-23,2313.TW,0.47459614624780727,0.6781517790783301,False,0.046033476774709474,59
2023-11-06,2618.TW,2618,長榮航,72,neutral,-0.0149501912703123,-1.4950191270312383,bullish_cluster_2_rep_2,bullish,2,2022-03-23,2313.TW,0.4748585450780977,0.6780311259932031,False,0.046033476774709474,60
2023-11-01,3034.TW,3034,聯詠,58,bullish,0.0553191489361701,5.531914893617018,bullish_cluster_2_rep_2,bullish,2,2022-03-23,2313.TW,0.47510980372724204,0.6779156354823515,True,0.046033476774709474,61
2019-09-24,2449.TW,2449,京元電子,57,bearish,-0.0694258552213192,-6.942585522131928,bullish_cluster_2_rep_2,bullish,2,2022-03-23,2313.TW,0.4754900294682146,0.6777409403169011,False,0.046033476774709474,62
2025-05-05,2409.TW,2409,友達,80,neutral,0.0113207259268128,1.132072592681288,bullish_cluster_2_rep_2,bullish,2,2022-03-23,2313.TW,0.47549464277258996,0.6777388212815929,False,0.046033476774709474,63
2025-10-08,1590.TW,1590,亞德客-KY,64,neutral,-0.0079726651480638,-0.7972665148063829,bullish_cluster_2_rep_2,bullish,2,2022-03-23,2313.TW,0.4757603287544439,0.677616805734309,False,0.046033476774709474,64
2025-04-30,3036.TW,3036,文曄,68,neutral,-0.0085836909871244,-0.8583690987124415,bullish_cluster_2_rep_2,bullish,2,2022-03-23,2313.TW,0.47952917250616045,0.6758906945417708,False,0.046033476774709474,65
2020-04-24,2337.TW,2337,旺宏,67,neutral,0.0292825755583701,2.9282575558370105,bullish_cluster_2_rep_2,bullish,2,2022-03-23,2313.TW,0.48027385510214293,0.6755506736495034,False,0.046033476774709474,66
2020-06-19,3044.TW,3044,健鼎,65,neutral,-0.0185873605947954,-1.8587360594795488,bullish_cluster_2_rep_2,bullish,2,2022-03-23,2313.TW,0.4813954226792508,0.675039212819627,False,0.046033476774709474,67
2022-11-21,3533.TW,3533,嘉澤,82,neutral,0.0287356431232888,2.87356431232888,bullish_cluster_2_rep_2,bullish,2,2022-03-23,2313.TW,0.4819440874539184,0.6747892909496124,False,0.046033476774709474,68
2019-11-05,2313.TW,2313,華通,60,neutral,-0.016501649888014,-1.6501649888014058,bullish_cluster_2_rep_2,bullish,2,2022-03-23,2313.TW,0.48269087134838967,0.6744494212003742,False,0.046033476774709474,69
2020-11-05,6515.TW,6515,穎崴,73,bearish,-0.0525059665871121,-5.250596658711215,bullish_cluster_2_rep_2,bullish,2,2022-03-23,2313.TW,0.48357693758389797,0.6740466063246882,False,0.046033476774709474,70
2022-03-22,2313.TW,2313,華通,60,bullish,0.0961737677896263,9.61737677896264,bullish_cluster_2_rep_2,bullish,2,2022-03-23,2313.TW,0.48386571676298173,0.6739154282649488,True,0.046033476774709474,71
2020-01-14,6239.TW,6239,力成,76,bullish,0.0574162679425838,5.741626794258381,bullish_cluster_2_rep_2,bullish,2,2022-03-23,2313.TW,0.4849974113253675,0.6734018472850367,True,0.046033476774709474,72
2018-04-12,1802.TW,1802,台玻,86,neutral,-0.0101523225986723,-1.015232259867238,bullish_cluster_2_rep_2,bullish,2,2022-03-23,2313.TW,0.4853197881483238,0.6732556907806713,False,0.046033476774709474,73
2023-02-02,3661.TW,3661,世芯-KY,56,neutral,0.0248380129589633,2.4838012958963374,bullish_cluster_2_rep_2,bullish,2,2022-03-23,2313.TW,0.48546439966727906,0.673190148632296,False,0.046033476774709474,74
2024-12-04,2618.TW,2618,長榮航,72,bullish,0.0555555555555555,5.555555555555558,bullish_cluster_2_rep_2,bullish,2,2022-03-23,2313.TW,0.48627740519439017,0.672821908282465,True,0.046033476774709474,75
2022-02-16,2313.TW,2313,華通,60,neutral,0.0267665948517925,2.676659485179256,bullish_cluster_2_rep_2,bullish,2,2022-03-23,2313.TW,0.4865073602544399,0.6727178261860969,False,0.046033476774709474,76
2022-07-21,2376.TW,2376,技嘉,70,bearish,-0.0827374703562179,-8.273747035621792,bullish_cluster_2_rep_2,bullish,2,2022-03-23,2313.TW,0.4868025701282485,0.6725842556982815,False,0.046033476774709474,77
2024-04-03,6515.TW,6515,穎崴,73,bullish,0.0713359273670557,7.133592736705574,bullish_cluster_2_rep_2,bullish,2,2022-03-23,2313.TW,0.48747899906234665,0.6722783989759614,True,0.046033476774709474,78
2023-11-16,2207.TW,2207,和泰車,63,neutral,0.0305232558139534,3.052325581395343,bullish_cluster_2_rep_2,bullish,2,2022-03-23,2313.TW,0.4892931140985602,0.671459493455914,False,0.046033476774709474,79
2024-12-03,2618.TW,2618,長榮航,72,neutral,0.0089686443848424,0.8968644384842461,bullish_cluster_2_rep_2,bullish,2,2022-03-23,2313.TW,0.48936295792631784,0.6714280052945107,False,0.046033476774709474,80
2021-04-26,3533.TW,3533,嘉澤,82,neutral,0.0482625925476465,4.826259254764653,bullish_cluster_2_rep_2,bullish,2,2022-03-23,2313.TW,0.489499040633059,0.6713666626968657,False,0.046033476774709474,81
2023-08-10,3036.TW,3036,文曄,68,neutral,-0.0218280118460688,-2.182801184606886,bullish_cluster_2_rep_2,bullish,2,2022-03-23,2313.TW,0.4897204154761578,0.6712668965339855,False,0.046033476774709474,82
2025-05-14,2376.TW,2376,技嘉,70,neutral,-0.0247148288973384,-2.471482889733845,bullish_cluster_2_rep_2,bullish,2,2022-03-23,2313.TW,0.48979124333874957,0.6712349830697854,False,0.046033476774709474,83
2018-05-11,3034.TW,3034,聯詠,58,neutral,0.0109890109890109,1.098901098901095,bullish_cluster_2_rep_2,bullish,2,2022-03-23,2313.TW,0.49063960548525853,0.6708529656130147,False,0.046033476774709474,84
2022-03-11,2404.TW,2404,漢唐,79,neutral,-0.0132275132275132,-1.3227513227513257,bullish_cluster_2_rep_2,bullish,2,2022-03-23,2313.TW,0.4913893051553164,0.6705157376033737,False,0.046033476774709474,85
2019-02-19,2313.TW,2313,華通,60,neutral,-0.0021691643694354,-0.2169164369435483,bullish_cluster_2_rep_2,bullish,2,2022-03-23,2313.TW,0.493936065893865,0.6693726879146406,False,0.046033476774709474,86
2022-05-30,1590.TW,1590,亞德客-KY,64,neutral,0.0236559139784946,2.3655913978494647,bullish_cluster_2_rep_2,bullish,2,2022-03-23,2313.TW,0.49445376305414745,0.6691408089845117,False,0.046033476774709474,87
2023-02-17,3481.TW,3481,群創,52,bullish,0.0673759105861406,6.737591058614068,bullish_cluster_2_rep_2,bullish,2,2022-03-23,2313.TW,0.49454691437682974,0.6690991031331811,True,0.046033476774709474,88
2025-10-07,1590.TW,1590,亞德客-KY,64,neutral,0.0201421800947867,2.0142180094786744,bullish_cluster_2_rep_2,bullish,2,2022-03-23,2313.TW,0.49489901802297503,0.6689415057095388,False,0.046033476774709474,89
2023-01-10,2379.TW,2379,瑞昱,53,neutral,-0.0185471406491499,-1.8547140649149971,bullish_cluster_2_rep_2,bullish,2,2022-03-23,2313.TW,0.49490949032820525,0.6689368195665488,False,0.046033476774709474,90
2020-06-04,6213.TW,6213,聯茂,81,neutral,-0.027303811221866,-2.730381122186609,bullish_cluster_2_rep_2,bullish,2,2022-03-23,2313.TW,0.4951417887015677,0.6688328876610654,False,0.046033476774709474,91
2019-01-09,3034.TW,3034,聯詠,58,neutral,-0.0205479452054794,-2.0547945205479423,bullish_cluster_2_rep_2,bullish,2,2022-03-23,2313.TW,0.4962322407540247,0.6683454431486191,False,0.046033476774709474,92
2019-09-27,2492.TW,2492,華新科,100,neutral,0.0286532951289397,2.865329512893977,bullish_cluster_2_rep_2,bullish,2,2022-03-23,2313.TW,0.4973819315341943,0.6678322871008705,False,0.046033476774709474,93
2020-08-11,2615.TW,2615,萬海,59,bullish,0.058510624644658,5.851062464465806,bullish_cluster_2_rep_2,bullish,2,2022-03-23,2313.TW,0.49752268144082806,0.6677695185476984,True,0.046033476774709474,94
2018-04-11,1802.TW,1802,台玻,86,neutral,0.0051546589400035,0.5154658940003554,bullish_cluster_2_rep_2,bullish,2,2022-03-23,2313.TW,0.49778099056385805,0.6676543542080459,False,0.046033476774709474,95
2025-07-17,6139.TW,6139,亞翔,85,neutral,-0.0102189781021897,-1.0218978102189746,bullish_cluster_2_rep_3,bullish,2,2025-06-12,1519.TW,0.3128551523386425,0.7616986521465519,False,0.0,1
2020-08-06,2379.TW,2379,瑞昱,53,neutral,-0.0444444444444444,-4.444444444444439,bullish_cluster_2_rep_3,bullish,2,2025-06-12,1519.TW,0.37291308598516776,0.728378227440687,False,0.0,2
2020-12-28,3481.TW,3481,群創,52,bearish,-0.0814332471099984,-8.143324710999844,bullish_cluster_2_rep_3,bullish,2,2025-06-12,1519.TW,0.37800151356012235,0.7256886078567939,False,0.0,3
2025-06-18,3044.TW,3044,健鼎,65,neutral,-0.0041152263374485,-0.4115226337448541,bullish_cluster_2_rep_3,bullish,2,2025-06-12,1519.TW,0.3804320245535478,0.724410896163768,False,0.0,4
2023-08-30,1802.TW,1802,台玻,86,neutral,0.0417690597315034,4.176905973150347,bullish_cluster_2_rep_3,bullish,2,2025-06-12,1519.TW,0.3931502608299022,0.7177976619724409,False,0.0,5
2018-08-01,2313.TW,2313,華通,60,neutral,0.0248446962144579,2.484469621445795,bullish_cluster_2_rep_3,bullish,2,2025-06-12,1519.TW,0.3973276407039878,0.7156517704725213,False,0.0,6
2024-05-29,6239.TW,6239,力成,76,neutral,-0.037037037037037,-3.703703703703709,bullish_cluster_2_rep_3,bullish,2,2025-06-12,1519.TW,0.4043366202273162,0.7120799853799531,False,0.0,7
2020-04-30,2313.TW,2313,華通,60,neutral,-0.017521921140708,-1.7521921140708052,bullish_cluster_2_rep_3,bullish,2,2025-06-12,1519.TW,0.40623656793033563,0.7111179034917114,False,0.0,8
2020-07-03,2379.TW,2379,瑞昱,53,bullish,0.0614692653673163,6.146926536731634,bullish_cluster_2_rep_3,bullish,2,2025-06-12,1519.TW,0.4109260154269602,0.7087543847558797,True,0.0,9
2025-04-29,1605.TW,1605,華新,88,neutral,0.0169081382232467,1.6908138223246771,bullish_cluster_2_rep_3,bullish,2,2025-06-12,1519.TW,0.41378643131879,0.7073204112357996,False,0.0,10
2020-04-24,2337.TW,2337,旺宏,67,neutral,0.0292825755583701,2.9282575558370105,bullish_cluster_2_rep_3,bullish,2,2025-06-12,1519.TW,0.4213786143172051,0.7035423144313839,False,0.0,11
2025-01-02,5871.TW,5871,中租-KY,78,neutral,-0.0331950035271366,-3.319500352713667,bullish_cluster_2_rep_3,bullish,2,2025-06-12,1519.TW,0.42556501903606847,0.7014762474153406,False,0.0,12
2021-03-23,6770.TW,6770,力積電,55,neutral,0.0093834163485053,0.9383416348505368,bullish_cluster_2_rep_3,bullish,2,2025-06-12,1519.TW,0.42610551793492246,0.7012103855036294,False,0.0,13
2025-06-24,2404.TW,2404,漢唐,79,bearish,-0.0513219284603421,-5.132192846034211,bullish_cluster_2_rep_3,bullish,2,2025-06-12,1519.TW,0.4303860247898798,0.699111975836661,False,0.0,14
2022-07-20,2376.TW,2376,技嘉,70,neutral,-0.028925650449212,-2.8925650449212026,bullish_cluster_2_rep_3,bullish,2,2025-06-12,1519.TW,0.43133157682404666,0.698650135434642,False,0.0,15
2024-12-04,2492.TW,2492,華新科,100,neutral,-0.0431372698615578,-4.313726986155785,bullish_cluster_2_rep_3,bullish,2,2025-06-12,1519.TW,0.4362300309311703,0.6962672959509534,False,0.0,16
2023-11-16,2618.TW,2618,長榮航,72,neutral,-0.0187500119209288,-1.8750011920928844,bullish_cluster_2_rep_3,bullish,2,2025-06-12,1519.TW,0.4369218335802382,0.6959320796931573,False,0.0,17
2025-02-04,2379.TW,2379,瑞昱,53,neutral,-0.0281195079086116,-2.811950790861162,bullish_cluster_2_rep_3,bullish,2,2025-06-12,1519.TW,0.44066948049014254,0.6941217354446777,False,0.0,18
2023-06-19,2409.TW,2409,友達,80,neutral,-0.0247524743126416,-2.4752474312641604,bullish_cluster_2_rep_3,bullish,2,2025-06-12,1519.TW,0.4417293280787425,0.6936114709774311,False,0.0,19
2019-05-30,3044.TW,3044,健鼎,65,neutral,-0.0147783251231526,-1.4778325123152691,bullish_cluster_2_rep_3,bullish,2,2025-06-12,1519.TW,0.4432769787157373,0.6928676995110281,False,0.0,20
2019-02-14,2379.TW,2379,瑞昱,53,neutral,-0.0141643059490085,-1.4164305949008529,bullish_cluster_2_rep_3,bullish,2,2025-06-12,1519.TW,0.4456603482555017,0.691725411993705,False,0.0,21
2019-07-24,3661.TW,3661,世芯-KY,56,neutral,0.0098039215686274,0.9803921568627416,bullish_cluster_2_rep_3,bullish,2,2025-06-12,1519.TW,0.44570409624950375,0.6917044799099864,False,0.0,22
2024-09-27,1605.TW,1605,華新,88,neutral,-0.0309422924818055,-3.094229248180558,bullish_cluster_2_rep_3,bullish,2,2025-06-12,1519.TW,0.44656226772295154,0.6912941269884706,False,0.0,23
2022-08-12,1605.TW,1605,華新,88,bullish,0.1075580460500473,10.755804605004736,bullish_cluster_2_rep_3,bullish,2,2025-06-12,1519.TW,0.4475983735326802,0.6907993392943838,True,0.0,24
2021-11-15,3533.TW,3533,嘉澤,82,neutral,0.0104948267936566,1.0494826793656653,bullish_cluster_2_rep_3,bullish,2,2025-06-12,1519.TW,0.44765101779956373,0.6907742181675834,False,0.0,25
2020-01-02,6213.TW,6213,聯茂,81,neutral,-0.0366299871695164,-3.6629987169516487,bullish_cluster_2_rep_3,bullish,2,2025-06-12,1519.TW,0.4481558500098458,0.6905334118514945,False,0.0,26
2019-11-04,2313.TW,2313,華通,60,neutral,-0.0377777947319878,-3.777779473198784,bullish_cluster_2_rep_3,bullish,2,2025-06-12,1519.TW,0.45158976431836756,0.6888998700466702,False,0.0,27
2022-11-21,1519.TW,1519,華城,66,neutral,0.0049382674260394,0.4938267426039422,bullish_cluster_2_rep_3,bullish,2,2025-06-12,1519.TW,0.4540507042944992,0.6877339263662039,False,0.0,28
2021-09-27,3481.TW,3481,群創,52,neutral,-0.0313390273565876,-3.1339027356587668,bullish_cluster_2_rep_3,bullish,2,2025-06-12,1519.TW,0.4605474377891553,0.684674782979805,False,0.0,29
2022-07-21,6770.TW,6770,力積電,55,bearish,-0.0705741822196959,-7.057418221969591,bullish_cluster_2_rep_3,bullish,2,2025-06-12,1519.TW,0.4608621095989013,0.684527303042012,False,0.0,30
2019-04-09,2492.TW,2492,華新科,100,neutral,0.0,0.0,bullish_cluster_2_rep_3,bullish,2,2025-06-12,1519.TW,0.4624764616894991,0.6837716887728698,False,0.0,31
2019-06-20,2492.TW,2492,華新科,100,neutral,-0.0181268882175226,-1.8126888217522616,bullish_cluster_2_rep_3,bullish,2,2025-06-12,1519.TW,0.46347908513186753,0.683303239629075,False,0.0,32
2024-08-29,2313.TW,2313,華通,60,bearish,-0.0604594943713148,-6.0459494371314815,bullish_cluster_2_rep_3,bullish,2,2025-06-12,1519.TW,0.4650709846982385,0.6825607840469045,False,0.0,33
2022-09-20,1605.TW,1605,華新,88,neutral,-0.0470588235294118,-4.705882352941182,bullish_cluster_2_rep_3,bullish,2,2025-06-12,1519.TW,0.46685204571839317,0.6817320144311135,False,0.0,34
2019-09-11,2409.TW,2409,友達,80,neutral,-0.0406504072244785,-4.065040722447854,bullish_cluster_2_rep_3,bullish,2,2025-06-12,1519.TW,0.471292431143816,0.6796745356887192,False,0.0,35
2022-03-24,2313.TW,2313,華通,60,neutral,-0.0205882203345205,-2.058822033452057,bullish_cluster_2_rep_3,bullish,2,2025-06-12,1519.TW,0.47353550640782827,0.6786399076584121,False,0.0,36
2023-01-06,2379.TW,2379,瑞昱,53,bullish,0.0521172638436482,5.211726384364823,bullish_cluster_2_rep_3,bullish,2,2025-06-12,1519.TW,0.47485873306079257,0.6780310395726428,True,0.0,37
2021-12-03,6531.TW,6531,愛普*,95,bearish,-0.0586080586080586,-5.860805860805862,bullish_cluster_2_rep_3,bullish,2,2025-06-12,1519.TW,0.47536283026838194,0.6777993721165464,False,0.0,38
2022-08-11,2409.TW,2409,友達,80,neutral,0.0359477124183007,3.594771241830075,bullish_cluster_2_rep_3,bullish,2,2025-06-12,1519.TW,0.47564169029581527,0.6776712846866875,False,0.0,39
2024-05-22,6789.TW,6789,采鈺,96,neutral,0.0017921146953405,0.1792114695340574,bullish_cluster_2_rep_3,bullish,2,2025-06-12,1519.TW,0.47597858024483597,0.6775166072085678,False,0.0,40
2020-04-29,2618.TW,2618,長榮航,72,neutral,-0.0221238934318762,-2.2123893431876263,bullish_cluster_2_rep_3,bullish,2,2025-06-12,1519.TW,0.4780874196533682,0.676549970389785,False,0.0,41
2019-06-19,3532.TW,3532,台勝科,98,bullish,0.0909090909090908,9.090909090909085,bullish_cluster_2_rep_3,bullish,2,2025-06-12,1519.TW,0.4784463793057624,0.6763857073190388,True,0.0,42
2018-04-09,1590.TW,1590,亞德客-KY,64,bullish,0.0748175408666766,7.481754086667669,bullish_cluster_2_rep_3,bullish,2,2025-06-12,1519.TW,0.48025382079079443,0.6755598168061279,True,0.0,43
2025-12-12,1590.TW,1590,亞德客-KY,64,neutral,-0.0462487153134635,-4.624871531346352,bullish_cluster_2_rep_3,bullish,2,2025-06-12,1519.TW,0.4807120034338794,0.6753507756274866,False,0.0,44
2021-06-23,2313.TW,2313,華通,60,neutral,-0.0288018423053427,-2.8801842305342773,bullish_cluster_2_rep_3,bullish,2,2025-06-12,1519.TW,0.48257825580167707,0.674500651879093,False,0.0,45
2019-07-17,3481.TW,3481,群創,52,bearish,-0.051767659743492,-5.176765974349207,bullish_cluster_2_rep_3,bullish,2,2025-06-12,1519.TW,0.48401247298084515,0.673848783758105,False,0.0,46
2019-02-13,3532.TW,3532,台勝科,98,neutral,-0.0492424242424242,-4.92424242424242,bullish_cluster_2_rep_3,bullish,2,2025-06-12,1519.TW,0.4840358726251969,0.6738381587980364,False,0.0,47
2024-03-25,6789.TW,6789,采鈺,96,bearish,-0.0566037735849056,-5.660377358490565,bullish_cluster_2_rep_3,bullish,2,2025-06-12,1519.TW,0.48458505353919973,0.6735888911288944,False,0.0,48
2020-12-31,1802.TW,1802,台玻,86,neutral,-0.0025640634390023,-0.2564063439002395,bullish_cluster_2_rep_3,bullish,2,2025-06-12,1519.TW,0.48592355336253806,0.6729821313734963,False,0.0,49
2019-02-11,6213.TW,6213,聯茂,81,neutral,-0.0045801776553391,-0.4580177655339135,bullish_cluster_2_rep_3,bullish,2,2025-06-12,1519.TW,0.487499245314621,0.6722692486398472,False,0.0,50
2020-12-28,2337.TW,2337,旺宏,67,neutral,-0.0342465759389969,-3.4246575938996937,bullish_cluster_2_rep_3,bullish,2,2025-06-12,1519.TW,0.4878262326020279,0.672121500540504,False,0.0,51
2024-06-14,6415.TW,6415,矽力*-KY,92,neutral,-0.0399239543726235,-3.9923954372623527,bullish_cluster_2_rep_3,bullish,2,2025-06-12,1519.TW,0.4891541276849805,0.6715221624202102,False,0.0,52
2018-03-08,2337.TW,2337,旺宏,67,bullish,0.1255656716057898,12.55656716057898,bullish_cluster_2_rep_3,bullish,2,2025-06-12,1519.TW,0.48983322482783953,0.6712160685740896,True,0.0,53
2023-12-26,3481.TW,3481,群創,52,neutral,0.0035088793847741,0.3508879384774177,bullish_cluster_2_rep_3,bullish,2,2025-06-12,1519.TW,0.4912554488408467,0.6705759236469515,False,0.0,54
2021-11-01,2376.TW,2376,技嘉,70,neutral,0.0125523012552302,1.2552301255230214,bullish_cluster_2_rep_3,bullish,2,2025-06-12,1519.TW,0.49137663738916154,0.6705214329698923,False,0.0,55
2020-05-07,3533.TW,3533,嘉澤,82,neutral,-0.00571427666746,-0.571427666746005,bullish_cluster_2_rep_3,bullish,2,2025-06-12,1519.TW,0.4917449018616588,0.6703559025085496,False,0.0,56
2019-09-20,2207.TW,2207,和泰車,63,neutral,-0.0341261266411694,-3.412612664116943,bullish_cluster_2_rep_3,bullish,2,2025-06-12,1519.TW,0.4944242363032893,0.6691540298313609,False,0.0,57
2023-01-06,6531.TW,6531,愛普*,95,neutral,0.043956043956044,4.395604395604402,bullish_cluster_2_rep_3,bullish,2,2025-06-12,1519.TW,0.4955461046981608,0.6686520708780325,False,0.0,58
2019-12-11,2337.TW,2337,旺宏,67,neutral,-0.0387596891583644,-3.875968915836448,bullish_cluster_2_rep_3,bullish,2,2025-06-12,1519.TW,0.4959674471217801,0.6684637435954811,False,0.0,59
2024-04-02,6515.TW,6515,穎崴,73,bullish,0.0652741514360313,6.5274151436031325,bullish_cluster_2_rep_3,bullish,2,2025-06-12,1519.TW,0.4968648042913165,0.6680630055120076,True,0.0,60
2019-03-18,3034.TW,3034,聯詠,58,neutral,0.0106100795755967,1.0610079575596787,bullish_cluster_2_rep_3,bullish,2,2025-06-12,1519.TW,0.4969110252006158,0.6680423773790966,False,0.0,61
2019-08-12,2376.TW,2376,技嘉,70,bearish,-0.0637007376598403,-6.37007376598403,bullish_cluster_2_rep_3,bullish,2,2025-06-12,1519.TW,0.49723411304312354,0.6678982206513471,False,0.0,62
2025-11-12,2347.TW,2347,聯強,99,bearish,-0.0517799482596185,-5.177994825961852,bullish_cluster_2_rep_3,bullish,2,2025-06-12,1519.TW,0.49780949058970636,0.6676416502116618,False,0.0,63
2019-05-03,2379.TW,2379,瑞昱,53,bullish,0.0502283105022831,5.022831050228316,bullish_cluster_2_rep_3,bullish,2,2025-06-12,1519.TW,0.4994684918367707,0.6669029762506394,True,0.0,64
2022-07-14,2313.TW,2313,華通,60,bullish,0.0563830111889129,5.638301118891298,bullish_cluster_2_rep_3,bullish,2,2025-06-12,1519.TW,0.5038121354724066,0.6649766792085773,True,0.0,65
2020-12-04,1605.TW,1605,華新,88,neutral,-0.0336538618519688,-3.365386185196884,bullish_cluster_2_rep_3,bullish,2,2025-06-12,1519.TW,0.5041753953170274,0.6648160866833187,False,0.0,66
2025-05-14,2376.TW,2376,技嘉,70,neutral,-0.0247148288973384,-2.471482889733845,bullish_cluster_2_rep_3,bullish,2,2025-06-12,1519.TW,0.5052420457838858,0.6643449821249375,False,0.0,67
2022-11-29,2618.TW,2618,長榮航,72,neutral,-0.0247349425604976,-2.4734942560497686,bullish_cluster_2_rep_3,bullish,2,2025-06-12,1519.TW,0.505361442209289,0.664292290184068,False,0.0,68
2019-08-15,2313.TW,2313,華通,60,neutral,0.0174825172493338,1.7482517249333809,bullish_cluster_2_rep_3,bullish,2,2025-06-12,1519.TW,0.5060444041352501,0.6639910465151166,False,0.0,69
2021-06-16,2313.TW,2313,華通,60,neutral,-0.040194829277658,-4.0194829277658055,bullish_cluster_2_rep_3,bullish,2,2025-06-12,1519.TW,0.5065916751484615,0.663749851067947,False,0.0,70
2019-11-26,6213.TW,6213,聯茂,81,neutral,-0.0244755298912171,-2.447552989121715,bullish_cluster_2_rep_3,bullish,2,2025-06-12,1519.TW,0.506825449523664,0.6636468745043553,False,0.0,71
2021-11-09,6770.TW,6770,力積電,55,neutral,-0.0172643160567237,-1.726431605672374,bullish_cluster_2_rep_3,bullish,2,2025-06-12,1519.TW,0.5084423578690519,0.662935507467903,False,0.0,72
2025-01-22,6139.TW,6139,亞翔,85,neutral,-0.026,-2.6000000000000023,bullish_cluster_2_rep_3,bullish,2,2025-06-12,1519.TW,0.5096688072256109,0.6623969411130293,False,0.0,73
2023-05-17,2376.TW,2376,技嘉,70,bullish,0.080267558528428,8.026755852842804,bullish_cluster_2_rep_3,bullish,2,2025-06-12,1519.TW,0.510076845589184,0.6622179546166287,True,0.0,74
2021-11-17,2492.TW,2492,華新科,100,bullish,0.0730994152046784,7.309941520467844,bullish_cluster_2_rep_3,bullish,2,2025-06-12,1519.TW,0.5115474950987815,0.6615736543128926,True,0.0,75
2019-01-25,2492.TW,2492,華新科,100,neutral,-0.0228571428571429,-2.285714285714291,bullish_cluster_2_rep_3,bullish,2,2025-06-12,1519.TW,0.5120230668751676,0.6613655716685967,False,0.0,76
2022-04-08,2834.TW,2834,臺企銀,87,neutral,-0.0180505802394932,-1.805058023949324,bullish_cluster_2_rep_3,bullish,2,2025-06-12,1519.TW,0.5130760261398327,0.6609053231457279,False,0.0,77
2022-11-09,2379.TW,2379,瑞昱,53,bullish,0.0827464788732394,8.27464788732395,bullish_cluster_2_rep_3,bullish,2,2025-06-12,1519.TW,0.5131984642903701,0.6608518469974526,True,0.0,78
2023-10-02,6213.TW,6213,聯茂,81,neutral,0.0063694917511012,0.6369491751101242,bullish_cluster_2_rep_3,bullish,2,2025-06-12,1519.TW,0.5135791896823079,0.6606856164624558,False,0.0,79
2024-11-29,6805.TW,6805,富世達,93,bullish,0.1807095343680709,18.07095343680709,bullish_cluster_2_rep_3,bullish,2,2025-06-12,1519.TW,0.5138263248073912,0.66057775823606,True,0.0,80
2025-02-18,6789.TW,6789,采鈺,96,bearish,-0.0748502994011975,-7.485029940119759,bullish_cluster_2_rep_3,bullish,2,2025-06-12,1519.TW,0.515831982683784,0.6597037214042005,False,0.0,81
2019-09-23,3533.TW,3533,嘉澤,82,neutral,-0.0228070886065011,-2.280708860650116,bullish_cluster_2_rep_3,bullish,2,2025-06-12,1519.TW,0.5161790109822199,0.6595527261336868,False,0.0,82
2025-04-28,2449.TW,2449,京元電子,57,neutral,-0.0079545150413988,-0.795451504139888,bullish_cluster_2_rep_3,bullish,2,2025-06-12,1519.TW,0.5170079720934982,0.659192316979048,False,0.0,83
2025-02-19,3532.TW,3532,台勝科,98,neutral,-0.0020640306964627,-0.206403069646277,bullish_cluster_2_rep_3,bullish,2,2025-06-12,1519.TW,0.5170485909600474,0.6591746671523296,False,0.0,84
2020-05-07,2313.TW,2313,華通,60,bullish,0.0792682926829269,7.92682926829269,bullish_cluster_2_rep_3,bullish,2,2025-06-12,1519.TW,0.5175797469586386,0.658943954677892,True,0.0,85
2021-09-06,2002.TW,2002,中鋼,62,neutral,-0.0128700133754976,-1.2870013375497646,bullish_cluster_2_rep_3,bullish,2,2025-06-12,1519.TW,0.5177470914743321,0.6588713005067299,False,0.0,86
2020-03-06,3661.TW,3661,世芯-KY,56,bearish,-0.0958333333333333,-9.583333333333332,bullish_cluster_2_rep_3,bullish,2,2025-06-12,1519.TW,0.5194347933050882,0.6581394637046523,False,0.0,87
2024-08-19,2379.TW,2379,瑞昱,53,neutral,-0.009090909090909,-0.9090909090909038,bullish_cluster_2_rep_3,bullish,2,2025-06-12,1519.TW,0.5209357573947738,0.6574899663828735,False,0.0,88
2019-02-22,2207.TW,2207,和泰車,63,bullish,0.061904758610801,6.190475861080103,bullish_cluster_2_rep_3,bullish,2,2025-06-12,1519.TW,0.5211117314746996,0.6574139028107502,True,0.0,89
2018-03-01,2609.TW,2609,陽明,77,bearish,-0.0530973779948854,-5.309737799488545,bullish_cluster_2_rep_3,bullish,2,2025-06-12,1519.TW,0.5220752487968944,0.6569977409398371,False,0.0,90
2018-08-17,3533.TW,3533,嘉澤,82,neutral,-0.0065934130874898,-0.6593413087489841,bullish_cluster_2_rep_3,bullish,2,2025-06-12,1519.TW,0.5222613562441027,0.6569174182200318,False,0.0,91
2023-11-03,2618.TW,2618,長榮航,72,neutral,-0.025,-2.500000000000002,bullish_cluster_2_rep_3,bullish,2,2025-06-12,1519.TW,0.5223830902427818,0.6568648892707585,False,0.0,92
2025-10-03,2376.TW,2376,技嘉,70,neutral,-0.0401284109149278,-4.01284109149278,bullish_cluster_2_rep_3,bullish,2,2025-06-12,1519.TW,0.5264945971970857,0.6550956694089695,False,0.0,93
2020-05-08,6239.TW,6239,力成,76,neutral,0.0141509433962263,1.4150943396226356,bullish_cluster_2_rep_3,bullish,2,2025-06-12,1519.TW,0.5273098437167372,0.6547459928409033,False,0.0,94
2018-03-05,2492.TW,2492,華新科,100,neutral,0.0021321635579463,0.213216355794632,bullish_cluster_2_rep_3,bullish,2,2025-06-12,1519.TW,0.5277951696305868,0.6545380034430892,False,0.0,95
2020-08-17,2449.TW,2449,京元電子,57,bearish,-0.1288088776357075,-12.880887763570758,bullish_cluster_3_rep_1,bullish,3,2018-05-10,1101.TW,0.18637867012405326,0.842901196036705,False,0.003796398479035273,1
2018-05-11,1101.TW,1101,台泥,83,bullish,0.1127273170734466,11.272731707344663,bullish_cluster_3_rep_1,bullish,3,2018-05-10,1101.TW,0.1981610210661249,0.8346123621265854,True,0.003796398479035273,2
2025-07-30,2207.TW,2207,和泰車,63,neutral,-0.0230496453900709,-2.3049645390070927,bullish_cluster_3_rep_1,bullish,3,2018-05-10,1101.TW,0.20134478274317438,0.8324005018081322,False,0.003796398479035273,3
2023-08-22,4938.TW,4938,和碩,69,neutral,0.0141387973132764,1.4138797313276497,bullish_cluster_3_rep_1,bullish,3,2018-05-10,1101.TW,0.20336760491902298,0.8310012633814353,False,0.003796398479035273,4
2022-12-05,2409.TW,2409,友達,80,bearish,-0.0543806441099343,-5.438064410993437,bullish_cluster_3_rep_1,bullish,3,2018-05-10,1101.TW,0.20415947677691332,0.8304547855045146,False,0.003796398479035273,5
2023-12-12,2379.TW,2379,瑞昱,53,neutral,0.048140043763676,4.814004376367609,bullish_cluster_3_rep_1,bullish,3,2018-05-10,1101.TW,0.20514744391618442,0.8297739874470895,False,0.003796398479035273,6
2023-05-22,2609.TW,2609,陽明,77,neutral,-0.0161030599769939,-1.6103059976993903,bullish_cluster_3_rep_1,bullish,3,2018-05-10,1101.TW,0.2062243458658308,0.8290331756504198,False,0.003796398479035273,7
2022-03-03,6239.TW,6239,力成,76,neutral,-0.0421377798039187,-4.213777980391875,bullish_cluster_3_rep_1,bullish,3,2018-05-10,1101.TW,0.2085871878140853,0.8274123787532888,False,0.003796398479035273,8
2025-03-24,6213.TW,6213,聯茂,81,neutral,-0.0243243655642947,-2.4324365564294737,bullish_cluster_3_rep_1,bullish,3,2018-05-10,1101.TW,0.2123747031562496,0.8248275037384388,False,0.003796398479035273,9
2022-06-24,2801.TW,2801,彰銀,61,neutral,0.0,0.0,bullish_cluster_3_rep_1,bullish,3,2018-05-10,1101.TW,0.21322733038229305,0.824247834645215,False,0.003796398479035273,10
2023-06-02,2379.TW,2379,瑞昱,53,neutral,0.0374677002583978,3.746770025839785,bullish_cluster_3_rep_1,bullish,3,2018-05-10,1101.TW,0.2139775692274267,0.823738449003138,False,0.003796398479035273,11
2023-05-17,2379.TW,2379,瑞昱,53,neutral,0.0026702269692924,0.2670226969292422,bullish_cluster_3_rep_1,bullish,3,2018-05-10,1101.TW,0.21576052536407764,0.8225304072120084,False,0.003796398479035273,12
2019-07-10,5876.TW,5876,上海商銀,75,neutral,-0.0174825040789372,-1.7482504078937255,bullish_cluster_3_rep_1,bullish,3,2018-05-10,1101.TW,0.2163127576400764,0.8221569606325825,False,0.003796398479035273,13
2023-05-18,3532.TW,3532,台勝科,98,neutral,0.0033112582781456,0.3311258278145601,bullish_cluster_3_rep_1,bullish,3,2018-05-10,1101.TW,0.21676852219390474,0.8218490055914182,False,0.003796398479035273,14
2021-11-25,6770.TW,6770,力積電,55,neutral,0.0079893273809832,0.7989327380983235,bullish_cluster_3_rep_1,bullish,3,2018-05-10,1101.TW,0.21792954030910058,0.821065559955306,False,0.003796398479035273,15
2024-09-18,2609.TW,2609,陽明,77,neutral,0.0303514628145618,3.0351462814561803,bullish_cluster_3_rep_1,bullish,3,2018-05-10,1101.TW,0.21937249776957918,0.8200939432611073,False,0.003796398479035273,16
2020-01-14,3533.TW,3533,嘉澤,82,neutral,0.0196969384603371,1.9696938460337157,bullish_cluster_3_rep_1,bullish,3,2018-05-10,1101.TW,0.22135021325622659,0.818765976495728,False,0.003796398479035273,17
2024-10-21,3034.TW,3034,聯詠,58,neutral,-0.0300187617260787,-3.001876172607876,bullish_cluster_3_rep_1,bullish,3,2018-05-10,1101.TW,0.22255238532988736,0.8179608595914399,False,0.003796398479035273,18
2019-12-11,2379.TW,2379,瑞昱,53,neutral,0.0235546038543896,2.355460385438968,bullish_cluster_3_rep_1,bullish,3,2018-05-10,1101.TW,0.22275351380544176,0.8178263147147372,False,0.003796398479035273,19
2023-11-17,2324.TW,2324,仁寶,84,neutral,0.0148269802284934,1.4826980228493492,bullish_cluster_3_rep_1,bullish,3,2018-05-10,1101.TW,0.22439460287530724,0.8167301600739254,False,0.003796398479035273,20
2020-05-07,2834.TW,2834,臺企銀,87,neutral,0.0141509715491088,1.4150971549108826,bullish_cluster_3_rep_1,bullish,3,2018-05-10,1101.TW,0.2255211496269267,0.8159793899145846,False,0.003796398479035273,21
2018-11-02,1802.TW,1802,台玻,86,neutral,-0.014760133317333,-1.4760133317333055,bullish_cluster_3_rep_1,bullish,3,2018-05-10,1101.TW,0.22594114596544293,0.8156998427624258,False,0.003796398479035273,22
2021-12-03,2449.TW,2449,京元電子,57,neutral,0.014639674383619,1.4639674383619017,bullish_cluster_3_rep_1,bullish,3,2018-05-10,1101.TW,0.2274412756757663,0.8147029269888706,False,0.003796398479035273,23
2024-12-24,2376.TW,2376,技嘉,70,neutral,-0.0142602495543672,-1.426024955436722,bullish_cluster_3_rep_1,bullish,3,2018-05-10,1101.TW,0.22793756223337705,0.8143736544561733,False,0.003796398479035273,24
2023-11-16,6770.TW,6770,力積電,55,neutral,0.0275861805882946,2.758618058829465,bullish_cluster_3_rep_1,bullish,3,2018-05-10,1101.TW,0.22946946399932552,0.8133589562664799,False,0.003796398479035273,25
2020-08-14,2449.TW,2449,京元電子,57,bearish,-0.0796089154207124,-7.960891542071247,bullish_cluster_3_rep_1,bullish,3,2018-05-10,1101.TW,0.2303044688790168,0.8128069313697145,False,0.003796398479035273,26
2018-12-28,4938.TW,4938,和碩,69,bearish,-0.0564202614744828,-5.642026147448287,bullish_cluster_3_rep_1,bullish,3,2018-05-10,1101.TW,0.2305867662327482,0.8126204729645728,False,0.003796398479035273,27
2022-11-07,1504.TW,1504,東元,89,neutral,-0.0119453407247326,-1.1945340724732634,bullish_cluster_3_rep_1,bullish,3,2018-05-10,1101.TW,0.23098703489800435,0.8123562406836046,False,0.003796398479035273,28
2023-03-09,2609.TW,2609,陽明,77,neutral,0.007462686567164,0.746268656716409,bullish_cluster_3_rep_1,bullish,3,2018-05-10,1101.TW,0.2324215867004204,0.8114106494006763,False,0.003796398479035273,29
2019-06-19,4938.TW,4938,和碩,69,neutral,0.0149812586929019,1.49812586929019,bullish_cluster_3_rep_1,bullish,3,2018-05-10,1101.TW,0.23321447667468714,0.8108889563934244,False,0.003796398479035273,30
2022-11-08,1504.TW,1504,東元,89,neutral,0.0119454058219574,1.1945405821957469,bullish_cluster_3_rep_1,bullish,3,2018-05-10,1101.TW,0.23322961521316135,0.8108790023074104,False,0.003796398479035273,31
2023-03-23,2492.TW,2492,華新科,100,neutral,-0.0145529515685705,-1.4552951568570505,bullish_cluster_3_rep_1,bullish,3,2018-05-10,1101.TW,0.23323878729358366,0.8108729714823192,False,0.003796398479035273,32
2025-01-08,2618.TW,2618,長榮航,72,neutral,-0.0264830504193863,-2.6483050419386367,bullish_cluster_3_rep_1,bullish,3,2018-05-10,1101.TW,0.2336398864292214,0.810609328541173,False,0.003796398479035273,33
2025-01-22,3036.TW,3036,文曄,68,bearish,-0.0881057268722467,-8.81057268722467,bullish_cluster_3_rep_1,bullish,3,2018-05-10,1101.TW,0.23389288464412608,0.8104431206671684,False,0.003796398479035273,34
2024-10-15,2324.TW,2324,仁寶,84,neutral,0.0113960553637579,1.1396055363757984,bullish_cluster_3_rep_1,bullish,3,2018-05-10,1101.TW,0.23482707257812907,0.8098299933707752,False,0.003796398479035273,35
2024-04-08,2337.TW,2337,旺宏,67,neutral,-0.0143884758815757,-1.4388475881575769,bullish_cluster_3_rep_1,bullish,3,2018-05-10,1101.TW,0.23533600214595643,0.8094963623361223,False,0.003796398479035273,36
2023-11-13,2324.TW,2324,仁寶,84,neutral,-0.0033222717675209,-0.3322271767520979,bullish_cluster_3_rep_1,bullish,3,2018-05-10,1101.TW,0.236028348683823,0.8090429326033207,False,0.003796398479035273,37
2021-03-10,5876.TW,5876,上海商銀,75,neutral,0.01351355498113,1.351355498113005,bullish_cluster_3_rep_1,bullish,3,2018-05-10,1101.TW,0.23611446820617643,0.8089865669570061,False,0.003796398479035273,38
2021-10-15,3036.TW,3036,文曄,68,neutral,0.0264025910395435,2.6402591039543566,bullish_cluster_3_rep_1,bullish,3,2018-05-10,1101.TW,0.23724886085250804,0.8082448338735707,False,0.003796398479035273,39
2023-11-08,2324.TW,2324,仁寶,84,neutral,0.0050083343809421,0.500833438094217,bullish_cluster_3_rep_1,bullish,3,2018-05-10,1101.TW,0.23776189291132266,0.807909829610212,False,0.003796398479035273,40
2021-10-19,2618.TW,2618,長榮航,72,neutral,-0.0370369772338259,-3.703697723382593,bullish_cluster_3_rep_1,bullish,3,2018-05-10,1101.TW,0.23784469377676556,0.8078557875858546,False,0.003796398479035273,41
2025-12-03,2324.TW,2324,仁寶,84,neutral,0.0132669858570886,1.3266985857088631,bullish_cluster_3_rep_1,bullish,3,2018-05-10,1101.TW,0.23892576545253075,0.8071508623720804,False,0.003796398479035273,42
2025-09-10,3702.TW,3702,大聯大,90,neutral,-0.0181268429540925,-1.8126842954092504,bullish_cluster_3_rep_1,bullish,3,2018-05-10,1101.TW,0.2405982331237469,0.8060627311084138,False,0.003796398479035273,43
2024-05-08,1326.TW,1326,台化,51,neutral,0.0035460450856621,0.3546045085662141,bullish_cluster_3_rep_1,bullish,3,2018-05-10,1101.TW,0.24109452622313382,0.8057404000025474,False,0.003796398479035273,44
2021-11-22,3044.TW,3044,健鼎,65,neutral,-0.0285714285714285,-2.857142857142858,bullish_cluster_3_rep_1,bullish,3,2018-05-10,1101.TW,0.24173663630508893,0.8053237464069672,False,0.003796398479035273,45
2021-12-03,2347.TW,2347,聯強,99,neutral,0.0402684830087876,4.02684830087876,bullish_cluster_3_rep_1,bullish,3,2018-05-10,1101.TW,0.24228591076766273,0.8049676739729394,False,0.003796398479035273,46
2018-11-22,1519.TW,1519,華城,66,neutral,-0.0104986796192271,-1.0498679619227125,bullish_cluster_3_rep_1,bullish,3,2018-05-10,1101.TW,0.2444299247755884,0.8035808044236262,False,0.003796398479035273,47
2022-08-11,2002.TW,2002,中鋼,62,neutral,0.019332134351891,1.9332134351891077,bullish_cluster_3_rep_1,bullish,3,2018-05-10,1101.TW,0.24480271086169378,0.8033401528405789,False,0.003796398479035273,48
2024-07-01,2404.TW,2404,漢唐,79,neutral,0.0401606425702811,4.016064257028118,bullish_cluster_3_rep_1,bullish,3,2018-05-10,1101.TW,0.2450817131844222,0.8031601375321776,False,0.003796398479035273,49
2018-11-12,2618.TW,2618,長榮航,72,neutral,0.0136986292070608,1.3698629207060886,bullish_cluster_3_rep_1,bullish,3,2018-05-10,1101.TW,0.2451616160891542,0.8031085981760615,False,0.003796398479035273,50
2019-10-23,2337.TW,2337,旺宏,67,bearish,-0.0620272098149334,-6.202720981493348,bullish_cluster_3_rep_1,bullish,3,2018-05-10,1101.TW,0.24516256468849035,0.8031079863456833,False,0.003796398479035273,51
2021-06-02,1402.TW,1402,遠東新,94,neutral,-0.0093603508331334,-0.9360350833133468,bullish_cluster_3_rep_1,bullish,3,2018-05-10,1101.TW,0.2454240210019705,0.8029393870173457,False,0.003796398479035273,52
2023-05-11,2912.TW,2912,統一超,74,neutral,0.0087108013937282,0.8710801393728262,bullish_cluster_3_rep_1,bullish,3,2018-05-10,1101.TW,0.24569927669542033,0.8027619656750471,False,0.003796398479035273,53
2019-06-20,4938.TW,4938,和碩,69,neutral,-0.0073936732433176,-0.7393673243317633,bullish_cluster_3_rep_1,bullish,3,2018-05-10,1101.TW,0.24571495817441552,0.8027518602373462,False,0.003796398479035273,54
2020-05-21,5871.TW,5871,中租-KY,78,neutral,0.0307017481828359,3.0701748182836,bullish_cluster_3_rep_1,bullish,3,2018-05-10,1101.TW,0.24578176497529072,0.8027088115387805,False,0.003796398479035273,55
2019-01-08,2834.TW,2834,臺企銀,87,neutral,0.014151057090562,1.415105709056208,bullish_cluster_3_rep_1,bullish,3,2018-05-10,1101.TW,0.24705914050932737,0.801886588627687,False,0.003796398479035273,56
2024-07-31,2618.TW,2618,長榮航,72,bearish,-0.1088534083295047,-10.885340832950474,bullish_cluster_3_rep_1,bullish,3,2018-05-10,1101.TW,0.2475482959013797,0.8015721742279156,False,0.003796398479035273,57
2019-04-16,6239.TW,6239,力成,76,neutral,-0.0079575392835391,-0.795753928353915,bullish_cluster_3_rep_1,bullish,3,2018-05-10,1101.TW,0.24770396065162184,0.8014721693098924,False,0.003796398479035273,58
2024-10-23,2376.TW,2376,技嘉,70,neutral,-0.0198915009041591,-1.9891500904159145,bullish_cluster_3_rep_1,bullish,3,2018-05-10,1101.TW,0.24774840269949444,0.8014436226377909,False,0.003796398479035273,59
2024-08-13,1101.TW,1101,台泥,83,bearish,-0.0505780369125999,-5.057803691259998,bullish_cluster_3_rep_1,bullish,3,2018-05-10,1101.TW,0.2479373592323958,0.801322271988955,False,0.003796398479035273,60
2021-09-30,1402.TW,1402,遠東新,94,neutral,-0.0167504185464061,-1.6750418546406132,bullish_cluster_3_rep_1,bullish,3,2018-05-10,1101.TW,0.2483350701915705,0.8010669762298188,False,0.003796398479035273,61
2021-08-26,1504.TW,1504,東元,89,neutral,0.0365448627086035,3.6544862708603576,bullish_cluster_3_rep_1,bullish,3,2018-05-10,1101.TW,0.24844063067999347,0.800999242915801,False,0.003796398479035273,62
2023-06-06,2379.TW,2379,瑞昱,53,neutral,0.0280612244897959,2.8061224489795977,bullish_cluster_3_rep_1,bullish,3,2018-05-10,1101.TW,0.24867368612532073,0.8008497425000088,False,0.003796398479035273,63
2023-03-31,3044.TW,3044,健鼎,65,neutral,0.0089285714285713,0.8928571428571397,bullish_cluster_3_rep_1,bullish,3,2018-05-10,1101.TW,0.24885503448720714,0.8007334497479208,False,0.003796398479035273,64
2023-11-21,5871.TW,5871,中租-KY,78,neutral,0.0193369636026226,1.9336963602622603,bullish_cluster_3_rep_1,bullish,3,2018-05-10,1101.TW,0.24905960649317302,0.8006023049673137,False,0.003796398479035273,65
2021-12-23,2492.TW,2492,華新科,100,neutral,-0.0088757396449704,-0.887573964497046,bullish_cluster_3_rep_1,bullish,3,2018-05-10,1101.TW,0.2505159210259446,0.7996699467685169,False,0.003796398479035273,66
2023-01-31,2313.TW,2313,華通,60,neutral,0.0263446933707762,2.6344693370776278,bullish_cluster_3_rep_1,bullish,3,2018-05-10,1101.TW,0.2511178234060705,0.7992852322074496,False,0.003796398479035273,67
2018-06-06,3481.TW,3481,群創,52,neutral,0.0254236915037169,2.5423691503716928,bullish_cluster_3_rep_1,bullish,3,2018-05-10,1101.TW,0.251418493205556,0.7990931933876588,False,0.003796398479035273,68
2023-02-21,2404.TW,2404,漢唐,79,neutral,0.0112107623318384,1.1210762331838486,bullish_cluster_3_rep_1,bullish,3,2018-05-10,1101.TW,0.251487242865208,0.7990492957088061,False,0.003796398479035273,69
2023-04-11,3481.TW,3481,群創,52,neutral,0.0167785576058816,1.677855760588165,bullish_cluster_3_rep_1,bullish,3,2018-05-10,1101.TW,0.2519719597644146,0.7987399335909819,False,0.003796398479035273,70
2019-03-15,3044.TW,3044,健鼎,65,neutral,-0.0060913550672192,-0.6091355067219251,bullish_cluster_3_rep_1,bullish,3,2018-05-10,1101.TW,0.252159273585586,0.7986204479694327,False,0.003796398479035273,71
2023-04-10,6789.TW,6789,采鈺,96,neutral,0.0429184549356223,4.29184549356223,bullish_cluster_3_rep_1,bullish,3,2018-05-10,1101.TW,0.25241548545826403,0.7984570708450605,False,0.003796398479035273,72
2021-06-11,2492.TW,2492,華新科,100,neutral,0.0483091787439613,4.830917874396135,bullish_cluster_3_rep_1,bullish,3,2018-05-10,1101.TW,0.25269613312214756,0.7982781885880479,False,0.003796398479035273,73
2025-06-11,2492.TW,2492,華新科,100,neutral,-0.0168878347419796,-1.6887834741979637,bullish_cluster_3_rep_1,bullish,3,2018-05-10,1101.TW,0.2528116593405977,0.7982045765173817,False,0.003796398479035273,74
2024-10-17,2409.TW,2409,友達,80,neutral,0.0205278825296926,2.052788252969262,bullish_cluster_3_rep_1,bullish,3,2018-05-10,1101.TW,0.2529891448932053,0.7980915110683037,False,0.003796398479035273,75
2024-10-09,2324.TW,2324,仁寶,84,neutral,0.0173912601194519,1.7391260119451912,bullish_cluster_3_rep_1,bullish,3,2018-05-10,1101.TW,0.2533110696865074,0.7978865137209166,False,0.003796398479035273,76
2022-03-02,2409.TW,2409,友達,80,neutral,-0.0142857142857142,-1.4285714285714235,bullish_cluster_3_rep_1,bullish,3,2018-05-10,1101.TW,0.25394325434260956,0.7974842534036825,False,0.003796398479035273,77
2022-12-02,3481.TW,3481,群創,52,bearish,-0.055335953930928,-5.533595393092805,bullish_cluster_3_rep_1,bullish,3,2018-05-10,1101.TW,0.2548643775414716,0.7968988664410082,False,0.003796398479035273,78
2021-12-03,1590.TW,1590,亞德客-KY,64,bullish,0.0659599528857479,6.595995288574796,bullish_cluster_3_rep_1,bullish,3,2018-05-10,1101.TW,0.2558005504174279,0.7963047951106569,True,0.003796398479035273,79
2020-06-04,2834.TW,2834,臺企銀,87,neutral,-0.00446431508828,-0.4464315088280046,bullish_cluster_3_rep_1,bullish,3,2018-05-10,1101.TW,0.25583588312273114,0.7962823912256943,False,0.003796398479035273,80
2025-08-06,2324.TW,2324,仁寶,84,neutral,-0.0249584032958984,-2.495840329589849,bullish_cluster_3_rep_1,bullish,3,2018-05-10,1101.TW,0.25595931611415357,0.7962041342978584,False,0.003796398479035273,81
2023-08-30,6789.TW,6789,采鈺,96,neutral,0.0118483412322274,1.1848341232227444,bullish_cluster_3_rep_1,bullish,3,2018-05-10,1101.TW,0.2567628381228013,0.795695074413306,False,0.003796398479035273,82
2021-10-26,2002.TW,2002,中鋼,62,neutral,-0.0044444896556713,-0.4444489655671346,bullish_cluster_3_rep_1,bullish,3,2018-05-10,1101.TW,0.25701543355497325,0.795535180639663,False,0.003796398479035273,83
2018-11-28,1605.TW,1605,華新,88,bullish,0.1137026882321448,11.37026882321448,bullish_cluster_3_rep_1,bullish,3,2018-05-10,1101.TW,0.25712003530867544,0.7954689861851244,True,0.003796398479035273,84
2025-03-24,3034.TW,3034,聯詠,58,neutral,0.0089928057553956,0.8992805755395628,bullish_cluster_3_rep_1,bullish,3,2018-05-10,1101.TW,0.2571237144385793,0.7954666581455679,False,0.003796398479035273,85
2022-06-09,2409.TW,2409,友達,80,bearish,-0.0581717451523545,-5.8171745152354575,bullish_cluster_3_rep_1,bullish,3,2018-05-10,1101.TW,0.25726496895660106,0.7953772869611533,False,0.003796398479035273,86
2019-01-15,2347.TW,2347,聯強,99,neutral,0.0201342281879195,2.0134228187919545,bullish_cluster_3_rep_1,bullish,3,2018-05-10,1101.TW,0.2576445574911887,0.7951372222330045,False,0.003796398479035273,87
2018-02-23,2801.TW,2801,彰銀,61,neutral,-0.0118342476542007,-1.1834247654200714,bullish_cluster_3_rep_1,bullish,3,2018-05-10,1101.TW,0.25793192479088817,0.7949555777163654,False,0.003796398479035273,88
2024-09-18,2834.TW,2834,臺企銀,87,neutral,0.0063694469375004,0.6369446937500411,bullish_cluster_3_rep_1,bullish,3,2018-05-10,1101.TW,0.25816139326106236,0.7948105905618938,False,0.003796398479035273,89
2024-05-08,1402.TW,1402,遠東新,94,neutral,0.0251851399739584,2.518513997395844,bullish_cluster_3_rep_1,bullish,3,2018-05-10,1101.TW,0.25836404235365723,0.7946825929081616,False,0.003796398479035273,90
2022-12-14,2449.TW,2449,京元電子,57,neutral,0.0288065834577087,2.88065834577087,bullish_cluster_3_rep_1,bullish,3,2018-05-10,1101.TW,0.2589153178937651,0.7943346035959394,False,0.003796398479035273,91
2025-11-20,1402.TW,1402,遠東新,94,neutral,-0.0088652479871047,-0.8865247987104752,bullish_cluster_3_rep_1,bullish,3,2018-05-10,1101.TW,0.25902280347533585,0.79426678948122,False,0.003796398479035273,92
2018-07-23,2356.TW,2356,英業達,71,neutral,0.0187110510276444,1.871105102764448,bullish_cluster_3_rep_1,bullish,3,2018-05-10,1101.TW,0.25916313360371424,0.7941782707201793,False,0.003796398479035273,93
2025-03-20,2609.TW,2609,陽明,77,neutral,-0.0012820317195012,-0.1282031719501253,bullish_cluster_3_rep_1,bullish,3,2018-05-10,1101.TW,0.2591856752207354,0.7941640535457171,False,0.003796398479035273,94
2019-06-17,4938.TW,4938,和碩,69,neutral,0.0363984230538667,3.639842305386676,bullish_cluster_3_rep_1,bullish,3,2018-05-10,1101.TW,0.2591878186292891,0.7941627017076511,False,0.003796398479035273,95
2025-05-08,3702.TW,3702,大聯大,90,neutral,0.017647013944738,1.7647013944738,bullish_cluster_3_rep_2,bullish,3,2023-06-29,6139.TW,0.18644054059870416,0.8428572404440747,False,0.0,1
2025-09-02,2379.TW,2379,瑞昱,53,neutral,-0.0146252285191955,-1.4625228519195566,bullish_cluster_3_rep_2,bullish,3,2023-06-29,6139.TW,0.1890282677488987,0.8410228983817415,False,0.0,2
2023-10-20,3034.TW,3034,聯詠,58,neutral,-0.0102272727272727,-1.0227272727272751,bullish_cluster_3_rep_2,bullish,3,2023-06-29,6139.TW,0.1897177686749727,0.840535483565764,False,0.0,3
2025-09-22,1326.TW,1326,台化,51,neutral,0.020618569539669,2.0618569539669007,bullish_cluster_3_rep_2,bullish,3,2023-06-29,6139.TW,0.2100280724153553,0.8264271075991525,False,0.0,4
2019-09-04,1605.TW,1605,華新,88,neutral,0.0319149089896695,3.1914908989669533,bullish_cluster_3_rep_2,bullish,3,2023-06-29,6139.TW,0.2144587015710999,0.8234121083790971,False,0.0,5
2022-06-17,5876.TW,5876,上海商銀,75,neutral,0.0134099823114293,1.3409982311429314,bullish_cluster_3_rep_2,bullish,3,2023-06-29,6139.TW,0.22245615904290433,0.8180252458157096,False,0.0,6
2022-11-08,1504.TW,1504,東元,89,neutral,0.0119454058219574,1.1945405821957469,bullish_cluster_3_rep_2,bullish,3,2023-06-29,6139.TW,0.22693823398845328,0.815036953204452,False,0.0,7
2021-01-05,2313.TW,2313,華通,60,neutral,-0.0044494051066702,-0.4449405106670245,bullish_cluster_3_rep_2,bullish,3,2023-06-29,6139.TW,0.22770526781935332,0.8145277422945306,False,0.0,8
2021-03-16,6239.TW,6239,力成,76,neutral,0.024390243902439,2.4390243902439046,bullish_cluster_3_rep_2,bullish,3,2023-06-29,6139.TW,0.22852938931076874,0.813981341187956,False,0.0,9
2019-11-20,2376.TW,2376,技嘉,70,neutral,0.0058709013838766,0.5870901383876692,bullish_cluster_3_rep_2,bullish,3,2023-06-29,6139.TW,0.2295762889068964,0.8132882920904472,False,0.0,10
2020-02-20,4938.TW,4938,和碩,69,neutral,-0.0241328209633198,-2.413282096331981,bullish_cluster_3_rep_2,bullish,3,2023-06-29,6139.TW,0.24177023635025013,0.8053019558104008,False,0.0,11
2025-08-22,2492.TW,2492,華新科,100,neutral,-0.0024450436451716,-0.2445043645171618,bullish_cluster_3_rep_2,bullish,3,2023-06-29,6139.TW,0.24218523501576136,0.8050329144246442,False,0.0,12
2019-01-07,1402.TW,1402,遠東新,94,neutral,0.0226480697300057,2.264806973000577,bullish_cluster_3_rep_2,bullish,3,2023-06-29,6139.TW,0.24290671913464898,0.8045656078649503,False,0.0,13
2022-12-01,1402.TW,1402,遠東新,94,neutral,0.0030627402587357,0.3062740258735763,bullish_cluster_3_rep_2,bullish,3,2023-06-29,6139.TW,0.2429833838790726,0.8045159838575026,False,0.0,14
2024-12-04,5871.TW,5871,中租-KY,78,neutral,-0.0122448678087813,-1.2244867808781312,bullish_cluster_3_rep_2,bullish,3,2023-06-29,6139.TW,0.24403748635205993,0.8038342983798176,False,0.0,15
2023-11-15,2324.TW,2324,仁寶,84,neutral,0.0165289256198346,1.6528925619834656,bullish_cluster_3_rep_2,bullish,3,2023-06-29,6139.TW,0.24492411067758055,0.8032618144536742,False,0.0,16
2020-12-31,2207.TW,2207,和泰車,63,neutral,-0.0217728977875932,-2.177289778759328,bullish_cluster_3_rep_2,bullish,3,2023-06-29,6139.TW,0.24561195494779361,0.8028182420920265,False,0.0,17
2023-09-08,3702.TW,3702,大聯大,90,neutral,0.0141343299174045,1.4134329917404598,bullish_cluster_3_rep_2,bullish,3,2023-06-29,6139.TW,0.24605961480071611,0.8025298213038797,False,0.0,18
2023-07-17,3036.TW,3036,文曄,68,neutral,-0.0114285232950066,-1.1428523295006654,bullish_cluster_3_rep_2,bullish,3,2023-06-29,6139.TW,0.24627245086378502,0.8023927667717481,False,0.0,19
2023-04-28,2404.TW,2404,漢唐,79,neutral,0.0161662817551964,1.616628175519641,bullish_cluster_3_rep_2,bullish,3,2023-06-29,6139.TW,0.24755935013479166,0.8015650717474528,False,0.0,20
2025-07-17,2347.TW,2347,聯強,99,neutral,0.0014771950963614,0.1477195096361461,bullish_cluster_3_rep_2,bullish,3,2023-06-29,6139.TW,0.25273674207521696,0.7982523114500923,False,0.0,21
2021-07-05,3044.TW,3044,健鼎,65,neutral,0.0146520146520146,1.46520146520146,bullish_cluster_3_rep_2,bullish,3,2023-06-29,6139.TW,0.2552648033594394,0.7966446580225308,False,0.0,22
2021-07-21,3036.TW,3036,文曄,68,neutral,0.0260162755470358,2.6016275547035894,bullish_cluster_3_rep_2,bullish,3,2023-06-29,6139.TW,0.25615682409309587,0.7960789455743055,False,0.0,23
2021-11-11,1504.TW,1504,東元,89,neutral,-0.0031746152847531,-0.3174615284753157,bullish_cluster_3_rep_2,bullish,3,2023-06-29,6139.TW,0.2569207408831412,0.7955951138950713,False,0.0,24
2024-11-15,2347.TW,2347,聯強,99,neutral,0.0337837837837837,3.378378378378377,bullish_cluster_3_rep_2,bullish,3,2023-06-29,6139.TW,0.2606317378111913,0.7932530730475493,False,0.0,25
2023-04-28,2449.TW,2449,京元電子,57,neutral,-0.0042553880517961,-0.4255388051796149,bullish_cluster_3_rep_2,bullish,3,2023-06-29,6139.TW,0.26065138745648425,0.7932407086923692,False,0.0,26
2022-11-07,1504.TW,1504,東元,89,neutral,-0.0119453407247326,-1.1945340724732634,bullish_cluster_3_rep_2,bullish,3,2023-06-29,6139.TW,0.2622576340754361,0.792231294946747,False,0.0,27
2021-08-13,2347.TW,2347,聯強,99,bearish,-0.0538033663039236,-5.380336630392368,bullish_cluster_3_rep_2,bullish,3,2023-06-29,6139.TW,0.26256262955225146,0.7920399167482367,False,0.0,28
2023-11-20,5871.TW,5871,中租-KY,78,neutral,0.0224719152312928,2.2471915231292883,bullish_cluster_3_rep_2,bullish,3,2023-06-29,6139.TW,0.2628479992863547,0.7918609369972536,False,0.0,29
2023-07-03,3532.TW,3532,台勝科,98,neutral,-0.0416666666666666,-4.166666666666663,bullish_cluster_3_rep_2,bullish,3,2023-06-29,6139.TW,0.26320537196385646,0.7916369120924008,False,0.0,30
2022-11-02,6239.TW,6239,力成,76,neutral,0.0432432020032726,4.32432020032727,bullish_cluster_3_rep_2,bullish,3,2023-06-29,6139.TW,0.26343395632538036,0.7914936867047949,False,0.0,31
2022-03-11,2409.TW,2409,友達,80,neutral,-0.0162790697674418,-1.6279069767441867,bullish_cluster_3_rep_2,bullish,3,2023-06-29,6139.TW,0.26420696024149065,0.7910097250287077,False,0.0,32
2022-10-21,1326.TW,1326,台化,51,neutral,0.0147058823529411,1.4705882352941124,bullish_cluster_3_rep_2,bullish,3,2023-06-29,6139.TW,0.26525732015149417,0.7903530642132669,False,0.0,33
2023-09-19,2337.TW,2337,旺宏,67,neutral,-0.0305676647366259,-3.0567664736625977,bullish_cluster_3_rep_2,bullish,3,2023-06-29,6139.TW,0.26616623179787463,0.7897857128759976,False,0.0,34
2025-07-11,2376.TW,2376,技嘉,70,neutral,0.0142602495543671,1.426024955436711,bullish_cluster_3_rep_2,bullish,3,2023-06-29,6139.TW,0.2662508458302766,0.7897329374293948,False,0.0,35
2021-01-11,5871.TW,5871,中租-KY,78,neutral,0.0147057955762559,1.4705795576255951,bullish_cluster_3_rep_2,bullish,3,2023-06-29,6139.TW,0.2666444028061451,0.7894875608217928,False,0.0,36
2019-10-28,2615.TW,2615,萬海,59,neutral,-0.0268096568505973,-2.680965685059733,bullish_cluster_3_rep_2,bullish,3,2023-06-29,6139.TW,0.26677634821072654,0.7894053290562789,False,0.0,37
2024-02-22,2492.TW,2492,華新科,100,neutral,-0.0398230088495574,-3.9823008849557473,bullish_cluster_3_rep_2,bullish,3,2023-06-29,6139.TW,0.2671997346770358,0.7891415793697782,False,0.0,38
2021-01-15,2376.TW,2376,技嘉,70,neutral,-0.0488110319324053,-4.881103193240532,bullish_cluster_3_rep_2,bullish,3,2023-06-29,6139.TW,0.26772729571448756,0.7888131803901901,False,0.0,39
2022-10-24,4904.TW,4904,遠傳,54,neutral,0.0144717803485121,1.447178034851215,bullish_cluster_3_rep_2,bullish,3,2023-06-29,6139.TW,0.26879173581037524,0.7881514134873376,False,0.0,40
2023-11-09,2379.TW,2379,瑞昱,53,neutral,0.0145454545454546,1.454545454545464,bullish_cluster_3_rep_2,bullish,3,2023-06-29,6139.TW,0.27092491389344137,0.7868285443681556,False,0.0,41
2023-09-05,2609.TW,2609,陽明,77,neutral,-0.0150114947490647,-1.501149474906471,bullish_cluster_3_rep_2,bullish,3,2023-06-29,6139.TW,0.2709466670398393,0.786815077244035,False,0.0,42
2018-06-05,3044.TW,3044,健鼎,65,neutral,-0.0045609339840734,-0.4560933984073423,bullish_cluster_3_rep_2,bullish,3,2023-06-29,6139.TW,0.2713012138820323,0.7865956463192624,False,0.0,43
2019-03-13,4938.TW,4938,和碩,69,bearish,-0.0546448072243832,-5.464480722438325,bullish_cluster_3_rep_2,bullish,3,2023-06-29,6139.TW,0.2715939446125641,0.7864145659365225,False,0.0,44
2022-09-12,2002.TW,2002,中鋼,62,neutral,-0.0067340322492186,-0.6734032249218647,bullish_cluster_3_rep_2,bullish,3,2023-06-29,6139.TW,0.2717798071667494,0.7862996364345365,False,0.0,45
2022-08-17,2347.TW,2347,聯強,99,neutral,0.0017762396123184,0.1776239612318431,bullish_cluster_3_rep_2,bullish,3,2023-06-29,6139.TW,0.2720242289239143,0.7861485475366795,False,0.0,46
2024-12-06,2347.TW,2347,聯強,99,neutral,-0.0080428751527285,-0.8042875152728501,bullish_cluster_3_rep_2,bullish,3,2023-06-29,6139.TW,0.2722695947321319,0.7859969334648318,False,0.0,47
2024-12-03,5871.TW,5871,中租-KY,78,neutral,0.0,0.0,bullish_cluster_3_rep_2,bullish,3,2023-06-29,6139.TW,0.27274532009188995,0.7857031443869712,False,0.0,48
2023-03-21,2376.TW,2376,技嘉,70,bullish,0.0749999999999999,7.499999999999996,bullish_cluster_3_rep_2,bullish,3,2023-06-29,6139.TW,0.2729066952600043,0.7856035353759685,True,0.0,49
2021-03-23,3533.TW,3533,嘉澤,82,neutral,-0.0147928760549708,-1.4792876054970816,bullish_cluster_3_rep_2,bullish,3,2023-06-29,6139.TW,0.27311068054477217,0.7854776613547014,False,0.0,50
2022-05-04,2356.TW,2356,英業達,71,neutral,0.0097656248544808,0.9765624854480848,bullish_cluster_3_rep_2,bullish,3,2023-06-29,6139.TW,0.27419687922784525,0.7848080750331089,False,0.0,51
2020-06-01,2615.TW,2615,萬海,59,neutral,0.0153373899393063,1.5337389939306334,bullish_cluster_3_rep_2,bullish,3,2023-06-29,6139.TW,0.2744976137389826,0.7846228892232358,False,0.0,52
2025-07-01,2376.TW,2376,技嘉,70,neutral,-0.0471204188481675,-4.712041884816753,bullish_cluster_3_rep_2,bullish,3,2023-06-29,6139.TW,0.2751188645475414,0.7842406130151923,False,0.0,53
2023-10-12,2324.TW,2324,仁寶,84,neutral,-0.0470778860879349,-4.707788608793495,bullish_cluster_3_rep_2,bullish,3,2023-06-29,6139.TW,0.2751796539804281,0.7842032272696129,False,0.0,54
2020-12-04,2376.TW,2376,技嘉,70,neutral,-0.0012484204247944,-0.1248420424794449,bullish_cluster_3_rep_2,bullish,3,2023-06-29,6139.TW,0.2765345337372934,0.783370894849443,False,0.0,55
2023-05-12,2379.TW,2379,瑞昱,53,neutral,0.0149051490514904,1.490514905149043,bullish_cluster_3_rep_2,bullish,3,2023-06-29,6139.TW,0.27730951744812327,0.7828955991793227,False,0.0,56
2019-01-29,4938.TW,4938,和碩,69,neutral,-0.007782130622652,-0.7782130622652095,bullish_cluster_3_rep_2,bullish,3,2023-06-29,6139.TW,0.2778355597973485,0.7825733071308405,False,0.0,57
2025-05-14,1802.TW,1802,台玻,86,neutral,-0.0371621745707257,-3.7162174570725792,bullish_cluster_3_rep_2,bullish,3,2023-06-29,6139.TW,0.2780731941048192,0.7824278019541865,False,0.0,58
2022-12-12,3533.TW,3533,嘉澤,82,neutral,0.0304740771979219,3.0474077197921945,bullish_cluster_3_rep_2,bullish,3,2023-06-29,6139.TW,0.27901079683702723,0.7818542286530994,False,0.0,59
2022-06-06,2834.TW,2834,臺企銀,87,neutral,0.0,0.0,bullish_cluster_3_rep_2,bullish,3,2023-06-29,6139.TW,0.27902616309972206,0.7818448354304952,False,0.0,60
2019-11-22,2376.TW,2376,技嘉,70,neutral,-0.0134615531334509,-1.3461553133450987,bullish_cluster_3_rep_2,bullish,3,2023-06-29,6139.TW,0.27914389670648765,0.7817728736968363,False,0.0,61
2020-06-17,2356.TW,2356,英業達,71,neutral,0.0019267528165916,0.1926752816591603,bullish_cluster_3_rep_2,bullish,3,2023-06-29,6139.TW,0.280471292902339,0.7809624515153184,False,0.0,62
2019-06-03,4938.TW,4938,和碩,69,neutral,-0.023437514551915,-2.3437514551915006,bullish_cluster_3_rep_2,bullish,3,2023-06-29,6139.TW,0.28057743856448863,0.7808977183925617,False,0.0,63
2025-11-14,4938.TW,4938,和碩,69,neutral,-0.0489795710764774,-4.897957107647743,bullish_cluster_3_rep_2,bullish,3,2023-06-29,6139.TW,0.2806125242476262,0.7808763236854261,False,0.0,64
2025-04-29,2002.TW,2002,中鋼,62,neutral,0.0242130755078235,2.421307550782359,bullish_cluster_3_rep_2,bullish,3,2023-06-29,6139.TW,0.2835153435063645,0.7791102810412499,False,0.0,65
2023-06-19,3034.TW,3034,聯詠,58,neutral,-0.0109890109890109,-1.098901098901095,bullish_cluster_3_rep_2,bullish,3,2023-06-29,6139.TW,0.2839135352595004,0.7788686485012274,False,0.0,66
2024-06-24,2618.TW,2618,長榮航,72,neutral,0.0304636165795737,3.046361657957375,bullish_cluster_3_rep_2,bullish,3,2023-06-29,6139.TW,0.2839780183927426,0.7788295326517968,False,0.0,67
2023-02-24,2449.TW,2449,京元電子,57,bullish,0.0800477704004025,8.004777040040256,bullish_cluster_3_rep_2,bullish,3,2023-06-29,6139.TW,0.2840632025452385,0.7787778654647408,True,0.0,68
2022-02-10,2492.TW,2492,華新科,100,neutral,-0.0220820189274447,-2.208201892744477,bullish_cluster_3_rep_2,bullish,3,2023-06-29,6139.TW,0.28436197943665065,0.7785967009383306,False,0.0,69
2019-04-30,1402.TW,1402,遠東新,94,neutral,-0.0311572466851469,-3.1157246685146966,bullish_cluster_3_rep_2,bullish,3,2023-06-29,6139.TW,0.2844344616783478,0.7785527637535649,False,0.0,70
2024-06-05,2618.TW,2618,長榮航,72,neutral,0.0294529927663069,2.9452992766306973,bullish_cluster_3_rep_2,bullish,3,2023-06-29,6139.TW,0.2847578118789229,0.7783568161671869,False,0.0,71
2021-07-19,3034.TW,3034,聯詠,58,neutral,-0.0109343936381709,-1.0934393638170947,bullish_cluster_3_rep_2,bullish,3,2023-06-29,6139.TW,0.2852248522882364,0.7780739675392854,False,0.0,72
2022-06-24,5876.TW,5876,上海商銀,75,neutral,0.0111316802789567,1.1131680278956724,bullish_cluster_3_rep_2,bullish,3,2023-06-29,6139.TW,0.28533365447086934,0.7780081043716761,False,0.0,73
2023-07-07,2313.TW,2313,華通,60,neutral,0.0032895072565417,0.3289507256541757,bullish_cluster_3_rep_2,bullish,3,2023-06-29,6139.TW,0.2854143072271532,0.7779592885947892,False,0.0,74
2019-04-01,5876.TW,5876,上海商銀,75,neutral,-0.0082474165788757,-0.8247416578875733,bullish_cluster_3_rep_2,bullish,3,2023-06-29,6139.TW,0.2854707657405093,0.777925120237129,False,0.0,75
2023-04-06,2409.TW,2409,友達,80,neutral,0.0053763644848821,0.5376364484882101,bullish_cluster_3_rep_2,bullish,3,2023-06-29,6139.TW,0.2854731480146731,0.7779236785649182,False,0.0,76
2025-03-12,5876.TW,5876,上海商銀,75,neutral,0.0091429098812207,0.9142909881220797,bullish_cluster_3_rep_2,bullish,3,2023-06-29,6139.TW,0.28550291618225876,0.7779056643215113,False,0.0,77
2025-11-05,4904.TW,4904,遠傳,54,neutral,0.0,0.0,bullish_cluster_3_rep_2,bullish,3,2023-06-29,6139.TW,0.28564651414310177,0.7778187775560622,False,0.0,78
2020-07-30,5871.TW,5871,中租-KY,78,neutral,-0.0080321402808877,-0.8032140280887723,bullish_cluster_3_rep_2,bullish,3,2023-06-29,6139.TW,0.285676489877413,0.7778006425981612,False,0.0,79
2024-09-12,2618.TW,2618,長榮航,72,neutral,0.0182841502061492,1.8284150206149263,bullish_cluster_3_rep_2,bullish,3,2023-06-29,6139.TW,0.2860335543823328,0.7775846878896474,False,0.0,80
2020-11-12,2376.TW,2376,技嘉,70,neutral,0.0232876294279751,2.328762942797513,bullish_cluster_3_rep_2,bullish,3,2023-06-29,6139.TW,0.2867647733881477,0.7771428163726656,False,0.0,81
2023-05-02,5871.TW,5871,中租-KY,78,neutral,-0.019999998529493,-1.999999852949308,bullish_cluster_3_rep_2,bullish,3,2023-06-29,6139.TW,0.28679426571044997,0.7771250048646211,False,0.0,82
2023-07-14,6239.TW,6239,力成,76,neutral,0.0136986301369863,1.3698630136986356,bullish_cluster_3_rep_2,bullish,3,2023-06-29,6139.TW,0.28684818143315455,0.777092445269112,False,0.0,83
2021-12-06,2002.TW,2002,中鋼,62,neutral,0.0132742456633421,1.327424566334212,bullish_cluster_3_rep_2,bullish,3,2023-06-29,6139.TW,0.28739240887058737,0.7767639401239651,False,0.0,84
2024-03-04,1504.TW,1504,東元,89,neutral,0.0276922763922273,2.7692276392227377,bullish_cluster_3_rep_2,bullish,3,2023-06-29,6139.TW,0.2874463325387766,0.7767314059826109,False,0.0,85
2025-02-26,2379.TW,2379,瑞昱,53,neutral,-0.0249110320284697,-2.491103202846978,bullish_cluster_3_rep_2,bullish,3,2023-06-29,6139.TW,0.28777146215674815,0.77653530101157,False,0.0,86
2023-10-31,3532.TW,3532,台勝科,98,neutral,0.0064308681672025,0.6430868167202508,bullish_cluster_3_rep_2,bullish,3,2023-06-29,6139.TW,0.288552607734047,0.7760645502542002,False,0.0,87
2023-05-10,5871.TW,5871,中租-KY,78,bearish,-0.0711110732047077,-7.1111073204707775,bullish_cluster_3_rep_2,bullish,3,2023-06-29,6139.TW,0.2885855586746519,0.7760447051948411,False,0.0,88
2023-02-20,2404.TW,2404,漢唐,79,neutral,0.0227272727272727,2.2727272727272707,bullish_cluster_3_rep_2,bullish,3,2023-06-29,6139.TW,0.28860002891013514,0.7760359906601697,False,0.0,89
2018-03-19,1326.TW,1326,台化,51,neutral,0.0136986301369863,1.3698630136986356,bullish_cluster_3_rep_2,bullish,3,2023-06-29,6139.TW,0.2886249057297347,0.7760210093360802,False,0.0,90
2019-07-16,5871.TW,5871,中租-KY,78,neutral,0.0109090958176838,1.0909095817683845,bullish_cluster_3_rep_2,bullish,3,2023-06-29,6139.TW,0.2887176103858647,0.7759651858102432,False,0.0,91
2022-09-08,2347.TW,2347,聯強,99,neutral,0.0125000136239188,1.2500013623918838,bullish_cluster_3_rep_2,bullish,3,2023-06-29,6139.TW,0.28909506961477793,0.7757379758645973,False,0.0,92
2024-07-15,5871.TW,5871,中租-KY,78,bearish,-0.0606078382983816,-6.060783829838168,bullish_cluster_3_rep_2,bullish,3,2023-06-29,6139.TW,0.289132058903263,0.7757157174810748,False,0.0,93
2024-06-19,2347.TW,2347,聯強,99,bearish,-0.1572254158857929,-15.722541588579295,bullish_cluster_3_rep_2,bullish,3,2023-06-29,6139.TW,0.2893148153395963,0.7756057621478639,False,0.0,94
2021-10-29,2379.TW,2379,瑞昱,53,neutral,-0.0190380761523045,-1.9038076152304573,bullish_cluster_3_rep_2,bullish,3,2023-06-29,6139.TW,0.28974002523393066,0.7753500553870318,False,0.0,95
2019-06-17,4938.TW,4938,和碩,69,neutral,0.0363984230538667,3.639842305386676,bullish_cluster_3_rep_3,bullish,3,2018-05-11,1101.TW,0.17488738993092146,0.8511454021638585,False,0.0,1
2023-01-17,1326.TW,1326,台化,51,neutral,0.0,0.0,bullish_cluster_3_rep_3,bullish,3,2018-05-11,1101.TW,0.19467427807806179,0.8370482384610767,False,0.0,2
2018-11-19,3702.TW,3702,大聯大,90,neutral,-0.0147452881584533,-1.474528815845333,bullish_cluster_3_rep_3,bullish,3,2018-05-11,1101.TW,0.19706470548444996,0.8353767306131559,False,0.0,3
2021-12-03,2379.TW,2379,瑞昱,53,neutral,0.018018018018018,1.8018018018018056,bullish_cluster_3_rep_3,bullish,3,2018-05-11,1101.TW,0.19797322040367324,0.8347432004056289,False,0.0,4
2018-05-10,1101.TW,1101,台泥,83,bullish,0.0583941859125527,5.839418591255274,bullish_cluster_3_rep_3,bullish,3,2018-05-11,1101.TW,0.1981610210661249,0.8346123621265854,True,0.0,5
2023-05-17,2379.TW,2379,瑞昱,53,neutral,0.0026702269692924,0.2670226969292422,bullish_cluster_3_rep_3,bullish,3,2018-05-11,1101.TW,0.20053577598956607,0.832961432720095,False,0.0,6
2021-10-15,3036.TW,3036,文曄,68,neutral,0.0264025910395435,2.6402591039543566,bullish_cluster_3_rep_3,bullish,3,2018-05-11,1101.TW,0.20075395111078415,0.8328100849261648,False,0.0,7
2023-05-03,2618.TW,2618,長榮航,72,neutral,0.0036900509248001,0.3690050924800125,bullish_cluster_3_rep_3,bullish,3,2018-05-11,1101.TW,0.20467240252040372,0.8301011942398696,False,0.0,8
2020-12-07,1326.TW,1326,台化,51,neutral,-0.0050187441882103,-0.5018744188210356,bullish_cluster_3_rep_3,bullish,3,2018-05-11,1101.TW,0.2059687807471448,0.82920886175881,False,0.0,9
2025-03-24,6213.TW,6213,聯茂,81,neutral,-0.0243243655642947,-2.4324365564294737,bullish_cluster_3_rep_3,bullish,3,2018-05-11,1101.TW,0.20822225180610912,0.8276622935102805,False,0.0,10
2022-11-03,2449.TW,2449,京元電子,57,neutral,0.003021136520193,0.302113652019309,bullish_cluster_3_rep_3,bullish,3,2018-05-11,1101.TW,0.2109449269095697,0.8258013868162292,False,0.0,11
2020-08-17,2449.TW,2449,京元電子,57,bearish,-0.1288088776357075,-12.880887763570758,bullish_cluster_3_rep_3,bullish,3,2018-05-11,1101.TW,0.21297355780735758,0.8244202798679791,False,0.0,12
2025-06-11,2492.TW,2492,華新科,100,neutral,-0.0168878347419796,-1.6887834741979637,bullish_cluster_3_rep_3,bullish,3,2018-05-11,1101.TW,0.21331991523853186,0.8241849387293751,False,0.0,13
2018-07-27,5871.TW,5871,中租-KY,78,neutral,-0.0268516363422085,-2.685163634220855,bullish_cluster_3_rep_3,bullish,3,2018-05-11,1101.TW,0.21379229660781238,0.823864184008007,False,0.0,14
2021-07-08,5871.TW,5871,中租-KY,78,neutral,0.0164706122677043,1.64706122677043,bullish_cluster_3_rep_3,bullish,3,2018-05-11,1101.TW,0.21401236191218442,0.823714841276332,False,0.0,15
2019-01-15,2347.TW,2347,聯強,99,neutral,0.0201342281879195,2.0134228187919545,bullish_cluster_3_rep_3,bullish,3,2018-05-11,1101.TW,0.21529401807626403,0.8228461467974134,False,0.0,16
2023-11-17,6770.TW,6770,力積電,55,neutral,0.00516356384917,0.516356384917005,bullish_cluster_3_rep_3,bullish,3,2018-05-11,1101.TW,0.2163387697903382,0.8221393783019604,False,0.0,17
2022-07-14,1101.TW,1101,台泥,83,neutral,-0.001199099764557,-0.119909976455701,bullish_cluster_3_rep_3,bullish,3,2018-05-11,1101.TW,0.21673987291571783,0.821868356794837,False,0.0,18
2022-05-16,4904.TW,4904,遠傳,54,neutral,0.0036541176289104,0.3654117628910436,bullish_cluster_3_rep_3,bullish,3,2018-05-11,1101.TW,0.21690007496604302,0.8217601597468095,False,0.0,19
2019-06-18,2834.TW,2834,臺企銀,87,neutral,-0.0145985852618548,-1.4598585261854868,bullish_cluster_3_rep_3,bullish,3,2018-05-11,1101.TW,0.21782693185525834,0.8211347391345525,False,0.0,20
2024-05-08,1402.TW,1402,遠東新,94,neutral,0.0251851399739584,2.518513997395844,bullish_cluster_3_rep_3,bullish,3,2018-05-11,1101.TW,0.21934008667154678,0.8201157420566045,False,0.0,21
2019-08-23,6239.TW,6239,力成,76,neutral,-0.0173101923938286,-1.7310192393828694,bullish_cluster_3_rep_3,bullish,3,2018-05-11,1101.TW,0.2197040780709222,0.819870998202773,False,0.0,22
2021-12-03,2449.TW,2449,京元電子,57,neutral,0.014639674383619,1.4639674383619017,bullish_cluster_3_rep_3,bullish,3,2018-05-11,1101.TW,0.2197948095275719,0.819810014101717,False,0.0,23
2021-11-25,6770.TW,6770,力積電,55,neutral,0.0079893273809832,0.7989327380983235,bullish_cluster_3_rep_3,bullish,3,2018-05-11,1101.TW,0.22003028582104853,0.8196517837481601,False,0.0,24
2025-03-20,2409.TW,2409,友達,80,neutral,-0.0423453130977938,-4.234531309779388,bullish_cluster_3_rep_3,bullish,3,2018-05-11,1101.TW,0.220249584899628,0.8195044787351887,False,0.0,25
2023-05-22,2609.TW,2609,陽明,77,neutral,-0.0161030599769939,-1.6103059976993903,bullish_cluster_3_rep_3,bullish,3,2018-05-11,1101.TW,0.22038008581903096,0.819416845309199,False,0.0,26
2025-07-18,2379.TW,2379,瑞昱,53,neutral,-0.0170940170940171,-1.7094017094017144,bullish_cluster_3_rep_3,bullish,3,2018-05-11,1101.TW,0.22070470625849054,0.8191989388367646,False,0.0,27
2020-10-07,1402.TW,1402,遠東新,94,neutral,-0.0153256556583908,-1.5325655658390835,bullish_cluster_3_rep_3,bullish,3,2018-05-11,1101.TW,0.22219706434864078,0.818198659749638,False,0.0,28
2023-05-24,2337.TW,2337,旺宏,67,neutral,0.0151975676842053,1.5197567684205326,bullish_cluster_3_rep_3,bullish,3,2018-05-11,1101.TW,0.22265103645506046,0.8178948613983822,False,0.0,29
2023-06-06,2379.TW,2379,瑞昱,53,neutral,0.0280612244897959,2.8061224489795977,bullish_cluster_3_rep_3,bullish,3,2018-05-11,1101.TW,0.22279871448687924,0.8177960838138664,False,0.0,30
2022-09-15,2002.TW,2002,中鋼,62,neutral,-0.030508461645094,-3.050846164509402,bullish_cluster_3_rep_3,bullish,3,2018-05-11,1101.TW,0.22287193824198195,0.8177471153991923,False,0.0,31
2019-12-11,2379.TW,2379,瑞昱,53,neutral,0.0235546038543896,2.355460385438968,bullish_cluster_3_rep_3,bullish,3,2018-05-11,1101.TW,0.22400921993557182,0.816987309991535,False,0.0,32
2022-07-12,1101.TW,1101,台泥,83,neutral,-0.0121951082228355,-1.2195108222835538,bullish_cluster_3_rep_3,bullish,3,2018-05-11,1101.TW,0.2243401432632724,0.8167664888734829,False,0.0,33
2020-03-06,1605.TW,1605,華新,88,bearish,-0.0774647627491451,-7.7464762749145155,bullish_cluster_3_rep_3,bullish,3,2018-05-11,1101.TW,0.22495413830780486,0.8163570934838715,False,0.0,34
2025-01-22,1101.TW,1101,台泥,83,neutral,-0.0235478804087031,-2.354788040870315,bullish_cluster_3_rep_3,bullish,3,2018-05-11,1101.TW,0.22516042697493868,0.8162196378388701,False,0.0,35
2024-05-08,1326.TW,1326,台化,51,neutral,0.0035460450856621,0.3546045085662141,bullish_cluster_3_rep_3,bullish,3,2018-05-11,1101.TW,0.22530592617711526,0.8161227156714593,False,0.0,36
2025-08-06,2324.TW,2324,仁寶,84,neutral,-0.0249584032958984,-2.495840329589849,bullish_cluster_3_rep_3,bullish,3,2018-05-11,1101.TW,0.22630682258913717,0.8154566064377519,False,0.0,37
2023-11-16,6770.TW,6770,力積電,55,neutral,0.0275861805882946,2.758618058829465,bullish_cluster_3_rep_3,bullish,3,2018-05-11,1101.TW,0.2263117621891194,0.815453321767766,False,0.0,38
2020-01-16,5871.TW,5871,中租-KY,78,bearish,-0.1013985707878892,-10.139857078788928,bullish_cluster_3_rep_3,bullish,3,2018-05-11,1101.TW,0.2263204651562207,0.8154475346479765,False,0.0,39
2019-06-26,5871.TW,5871,中租-KY,78,neutral,0.0194552354659125,1.9455235465912544,bullish_cluster_3_rep_3,bullish,3,2018-05-11,1101.TW,0.22657184709750722,0.8152804113076177,False,0.0,40
2019-10-17,5876.TW,5876,上海商銀,75,neutral,-0.0057915575731318,-0.5791557573131878,bullish_cluster_3_rep_3,bullish,3,2018-05-11,1101.TW,0.22659113668921957,0.8152675900619762,False,0.0,41
2024-06-28,2404.TW,2404,漢唐,79,neutral,0.0396174863387979,3.961748633879792,bullish_cluster_3_rep_3,bullish,3,2018-05-11,1101.TW,0.22659115393576978,0.8152675785988627,False,0.0,42
2025-03-24,3034.TW,3034,聯詠,58,neutral,0.0089928057553956,0.8992805755395628,bullish_cluster_3_rep_3,bullish,3,2018-05-11,1101.TW,0.2272047679396975,0.8148599370900896,False,0.0,43
2022-11-10,4938.TW,4938,和碩,69,neutral,0.0323679333302702,3.236793333027021,bullish_cluster_3_rep_3,bullish,3,2018-05-11,1101.TW,0.22737850230662043,0.8147445943697836,False,0.0,44
2023-05-04,2618.TW,2618,長榮航,72,neutral,0.0074211076040433,0.7421107604043353,bullish_cluster_3_rep_3,bullish,3,2018-05-11,1101.TW,0.22750336008376332,0.8146617211147685,False,0.0,45
2022-11-17,2347.TW,2347,聯強,99,neutral,0.0321428435189383,3.214284351893837,bullish_cluster_3_rep_3,bullish,3,2018-05-11,1101.TW,0.22965382093643325,0.8132370127052977,False,0.0,46
2024-05-09,4938.TW,4938,和碩,69,neutral,0.0222671749017022,2.226717490170227,bullish_cluster_3_rep_3,bullish,3,2018-05-11,1101.TW,0.23022668896895762,0.8128583203133817,False,0.0,47
2024-10-11,2324.TW,2324,仁寶,84,neutral,0.0028652856661608,0.2865285666160844,bullish_cluster_3_rep_3,bullish,3,2018-05-11,1101.TW,0.2303365889617513,0.8127857116269896,False,0.0,48
2024-08-13,1101.TW,1101,台泥,83,bearish,-0.0505780369125999,-5.057803691259998,bullish_cluster_3_rep_3,bullish,3,2018-05-11,1101.TW,0.23120738191776052,0.8122108547159408,False,0.0,49
2022-12-06,2324.TW,2324,仁寶,84,neutral,0.011520736922137,1.1520736922137065,bullish_cluster_3_rep_3,bullish,3,2018-05-11,1101.TW,0.23151561912118035,0.8120075656966561,False,0.0,50
2018-07-19,5871.TW,5871,中租-KY,78,neutral,0.0249999775807294,2.499997758072947,bullish_cluster_3_rep_3,bullish,3,2018-05-11,1101.TW,0.23358620148830567,0.8106446057790797,False,0.0,51
2019-06-18,4938.TW,4938,和碩,69,neutral,0.0287356317639166,2.873563176391669,bullish_cluster_3_rep_3,bullish,3,2018-05-11,1101.TW,0.23435021967948136,0.8101428460552029,False,0.0,52
2023-06-05,2379.TW,2379,瑞昱,53,neutral,0.0219922380336352,2.199223803363526,bullish_cluster_3_rep_3,bullish,3,2018-05-11,1101.TW,0.23479478062233144,0.8098511717841925,False,0.0,53
2019-09-02,6239.TW,6239,力成,76,neutral,0.0340759943660473,3.407599436604736,bullish_cluster_3_rep_3,bullish,3,2018-05-11,1101.TW,0.2349382982204618,0.8097570554261647,False,0.0,54
2019-01-08,2834.TW,2834,臺企銀,87,neutral,0.014151057090562,1.415105709056208,bullish_cluster_3_rep_3,bullish,3,2018-05-11,1101.TW,0.2354207831851342,0.8094408104595928,False,0.0,55
2025-07-14,2379.TW,2379,瑞昱,53,neutral,0.0068965517241379,0.6896551724137945,bullish_cluster_3_rep_3,bullish,3,2018-05-11,1101.TW,0.2354215990536774,0.8094402759074243,False,0.0,56
2022-05-05,2356.TW,2356,英業達,71,neutral,-0.0019304725018134,-0.193047250181344,bullish_cluster_3_rep_3,bullish,3,2018-05-11,1101.TW,0.23574900380388905,0.8092258192576283,False,0.0,57
2024-08-26,4904.TW,4904,遠傳,54,neutral,-0.0033222928197006,-0.3322292819700645,bullish_cluster_3_rep_3,bullish,3,2018-05-11,1101.TW,0.2358539549560559,0.8091570982070917,False,0.0,58
2019-11-01,5871.TW,5871,中租-KY,78,neutral,0.0109091282816173,1.0909128281617386,bullish_cluster_3_rep_3,bullish,3,2018-05-11,1101.TW,0.23601122424598556,0.8090541415673944,False,0.0,59
2019-07-02,2356.TW,2356,英業達,71,neutral,0.0,0.0,bullish_cluster_3_rep_3,bullish,3,2018-05-11,1101.TW,0.2360573523983319,0.8090239486539132,False,0.0,60
2020-06-08,3036.TW,3036,文曄,68,neutral,-0.0113924300501907,-1.139243005019075,bullish_cluster_3_rep_3,bullish,3,2018-05-11,1101.TW,0.23625954054078874,0.8088916341649104,False,0.0,61
2021-06-25,6139.TW,6139,亞翔,85,neutral,-0.0216667258800631,-2.166672588006313,bullish_cluster_3_rep_3,bullish,3,2018-05-11,1101.TW,0.2363500390891349,0.8088324247854088,False,0.0,62
2022-11-09,4938.TW,4938,和碩,69,neutral,0.0342465744476689,3.4246574447668987,bullish_cluster_3_rep_3,bullish,3,2018-05-11,1101.TW,0.23648405988400228,0.8087447565590231,False,0.0,63
2023-04-11,2409.TW,2409,友達,80,neutral,0.0213903530593972,2.1390353059397293,bullish_cluster_3_rep_3,bullish,3,2018-05-11,1101.TW,0.23749379481637117,0.8080848600524803,False,0.0,64
2018-07-18,1802.TW,1802,台玻,86,neutral,-0.0212121443314985,-2.121214433149854,bullish_cluster_3_rep_3,bullish,3,2018-05-11,1101.TW,0.23764301681962235,0.8079874296626381,False,0.0,65
2020-06-09,2324.TW,2324,仁寶,84,neutral,-0.0156250589837605,-1.5625058983760542,bullish_cluster_3_rep_3,bullish,3,2018-05-11,1101.TW,0.2377512028701549,0.8079168072558957,False,0.0,66
2019-01-14,2409.TW,2409,友達,80,neutral,0.0,0.0,bullish_cluster_3_rep_3,bullish,3,2018-05-11,1101.TW,0.23786649505166763,0.8078415596491775,False,0.0,67
2018-09-19,2609.TW,2609,陽明,77,neutral,-0.0136831052417069,-1.3683105241706903,bullish_cluster_3_rep_3,bullish,3,2018-05-11,1101.TW,0.23828354261449633,0.8075694827443257,False,0.0,68
2020-05-07,2834.TW,2834,臺企銀,87,neutral,0.0141509715491088,1.4150971549108826,bullish_cluster_3_rep_3,bullish,3,2018-05-11,1101.TW,0.23843343537989622,0.8074717392406678,False,0.0,69
2024-05-09,1326.TW,1326,台化,51,neutral,0.0053476481268748,0.5347648126874827,bullish_cluster_3_rep_3,bullish,3,2018-05-11,1101.TW,0.23875685964210058,0.8072609182474422,False,0.0,70
2022-08-17,2347.TW,2347,聯強,99,neutral,0.0017762396123184,0.1776239612318431,bullish_cluster_3_rep_3,bullish,3,2018-05-11,1101.TW,0.238901845737755,0.8071664461880828,False,0.0,71
2023-05-19,2609.TW,2609,陽明,77,neutral,0.0097879656816637,0.9787965681663736,bullish_cluster_3_rep_3,bullish,3,2018-05-11,1101.TW,0.23904195508968887,0.8070751727915576,False,0.0,72
2022-07-27,1101.TW,1101,台泥,83,neutral,0.0435931728506424,4.359317285064246,bullish_cluster_3_rep_3,bullish,3,2018-05-11,1101.TW,0.23913921930572016,0.8070118227395724,False,0.0,73
2023-04-13,2609.TW,2609,陽明,77,neutral,0.0015082725417527,0.1508272541752786,bullish_cluster_3_rep_3,bullish,3,2018-05-11,1101.TW,0.23931210993324145,0.8068992403002239,False,0.0,74
2018-10-04,1605.TW,1605,華新,88,bearish,-0.0878049196054887,-8.780491960548876,bullish_cluster_3_rep_3,bullish,3,2018-05-11,1101.TW,0.24019273709493233,0.8063262830763164,False,0.0,75
2022-03-03,6239.TW,6239,力成,76,neutral,-0.0421377798039187,-4.213777980391875,bullish_cluster_3_rep_3,bullish,3,2018-05-11,1101.TW,0.24063344168535497,0.8060398554479852,False,0.0,76
2019-10-24,2337.TW,2337,旺宏,67,bearish,-0.0591805984154245,-5.918059841542456,bullish_cluster_3_rep_3,bullish,3,2018-05-11,1101.TW,0.2407896146749806,0.8059384025888592,False,0.0,77
2018-07-23,2356.TW,2356,英業達,71,neutral,0.0187110510276444,1.871105102764448,bullish_cluster_3_rep_3,bullish,3,2018-05-11,1101.TW,0.2412669102099724,0.8056285008281097,False,0.0,78
2024-02-20,2207.TW,2207,和泰車,63,neutral,-0.0076335877862595,-0.7633587786259555,bullish_cluster_3_rep_3,bullish,3,2018-05-11,1101.TW,0.24165558379644278,0.8053763161459275,False,0.0,79
2024-09-16,2618.TW,2618,長榮航,72,neutral,0.0362116763734237,3.6211676373423702,bullish_cluster_3_rep_3,bullish,3,2018-05-11,1101.TW,0.24180092438928386,0.8052820547639702,False,0.0,80
2025-02-17,4938.TW,4938,和碩,69,neutral,0.0072091100786502,0.7209110078650216,bullish_cluster_3_rep_3,bullish,3,2018-05-11,1101.TW,0.2418018403268719,0.8052814607979452,False,0.0,81
2018-07-24,2356.TW,2356,英業達,71,neutral,0.0082987075695069,0.8298707569506902,bullish_cluster_3_rep_3,bullish,3,2018-05-11,1101.TW,0.2422423212688865,0.804995919780411,False,0.0,82
2018-08-28,1101.TW,1101,台泥,83,neutral,-0.0219399440036009,-2.1939944003601,bullish_cluster_3_rep_3,bullish,3,2018-05-11,1101.TW,0.24262232979511292,0.8047497425584512,False,0.0,83
2025-01-21,1101.TW,1101,台泥,83,neutral,-0.017295573907422,-1.729557390742209,bullish_cluster_3_rep_3,bullish,3,2018-05-11,1101.TW,0.2426724192745755,0.8047173048097114,False,0.0,84
2024-05-28,3532.TW,3532,台勝科,98,neutral,0.0089285714285713,0.8928571428571397,bullish_cluster_3_rep_3,bullish,3,2018-05-11,1101.TW,0.24280428141632793,0.8046319239103178,False,0.0,85
2019-02-22,1326.TW,1326,台化,51,neutral,-0.0047169811320755,-0.4716981132075526,bullish_cluster_3_rep_3,bullish,3,2018-05-11,1101.TW,0.24290000874513049,0.8045699516967824,False,0.0,86
2018-03-05,2324.TW,2324,仁寶,84,neutral,0.0124378107092215,1.2437810709221564,bullish_cluster_3_rep_3,bullish,3,2018-05-11,1101.TW,0.24306830976515664,0.8044610196755175,False,0.0,87
2018-06-08,1101.TW,1101,台泥,83,neutral,0.0099999573587159,0.999995735871595,bullish_cluster_3_rep_3,bullish,3,2018-05-11,1101.TW,0.24414678555388633,0.8037636809508826,False,0.0,88
2020-12-10,4938.TW,4938,和碩,69,neutral,-0.0302593433422045,-3.025934334220459,bullish_cluster_3_rep_3,bullish,3,2018-05-11,1101.TW,0.2441625119714124,0.8037535212465696,False,0.0,89
2018-08-02,6139.TW,6139,亞翔,85,neutral,0.0045317614933948,0.4531761493394848,bullish_cluster_3_rep_3,bullish,3,2018-05-11,1101.TW,0.24421688936610939,0.8037183939123905,False,0.0,90
2024-05-15,1402.TW,1402,遠東新,94,neutral,0.0029112749129727,0.2911274912972716,bullish_cluster_3_rep_3,bullish,3,2018-05-11,1101.TW,0.24429194783065614,0.8036699118269119,False,0.0,91
2018-08-03,6139.TW,6139,亞翔,85,neutral,0.0105580452652511,1.055804526525117,bullish_cluster_3_rep_3,bullish,3,2018-05-11,1101.TW,0.24431296375450723,0.8036563381793167,False,0.0,92
2021-03-10,5876.TW,5876,上海商銀,75,neutral,0.01351355498113,1.351355498113005,bullish_cluster_3_rep_3,bullish,3,2018-05-11,1101.TW,0.24475954400054525,0.8033680117736555,False,0.0,93
2018-10-31,2618.TW,2618,長榮航,72,neutral,0.0176678267027294,1.7667826702729483,bullish_cluster_3_rep_3,bullish,3,2018-05-11,1101.TW,0.2449180165751032,0.8032657465678762,False,0.0,94
2019-09-06,2356.TW,2356,英業達,71,neutral,0.0045871736224525,0.4587173622452534,bullish_cluster_3_rep_3,bullish,3,2018-05-11,1101.TW,0.2449240790571046,0.8032618348561399,False,0.0,95
2024-07-16,6805.TW,6805,富世達,93,bearish,-0.0540915395284327,-5.409153952843271,bullish_cluster_4_rep_1,bullish,4,2021-10-04,2379.TW,0.32114666917568585,0.7569182312089077,False,0.030296571930699807,1
2018-07-20,1605.TW,1605,華新,88,bullish,0.1432224782161435,14.322247821614354,bullish_cluster_4_rep_1,bullish,4,2021-10-04,2379.TW,0.3446591663562034,0.7436828789185508,True,0.030296571930699807,2
2022-07-19,4904.TW,4904,遠傳,54,neutral,-0.0120160414892374,-1.2016041489237406,bullish_cluster_4_rep_1,bullish,4,2021-10-04,2379.TW,0.3506190244259904,0.7404012396648991,False,0.030296571930699807,3
2019-08-19,2615.TW,2615,萬海,59,neutral,-0.0208876960562248,-2.088769605622487,bullish_cluster_4_rep_1,bullish,4,2021-10-04,2379.TW,0.35522304863231824,0.7378859155392856,False,0.030296571930699807,4
2020-08-24,4938.TW,4938,和碩,69,neutral,0.0094787092582944,0.9478709258294415,bullish_cluster_4_rep_1,bullish,4,2021-10-04,2379.TW,0.36016043818086385,0.7352073857826966,False,0.030296571930699807,5
2024-07-19,2615.TW,2615,萬海,59,neutral,0.0393811970724156,3.938119707241561,bullish_cluster_4_rep_1,bullish,4,2021-10-04,2379.TW,0.3676594196839684,0.731176187293087,False,0.030296571930699807,6
2021-07-21,2618.TW,2618,長榮航,72,neutral,0.0386739691070647,3.8673969107064776,bullish_cluster_4_rep_1,bullish,4,2021-10-04,2379.TW,0.37655752331856623,0.7264498454007414,False,0.030296571930699807,7
2022-07-22,1590.TW,1590,亞德客-KY,64,neutral,-0.02803738317757,-2.8037383177570097,bullish_cluster_4_rep_1,bullish,4,2021-10-04,2379.TW,0.3779163240699549,0.7257334734567173,False,0.030296571930699807,8
2025-03-27,7750.TW,7750,新代,91,bearish,-0.2680776014109347,-26.807760141093475,bullish_cluster_4_rep_1,bullish,4,2021-10-04,2379.TW,0.38414962344681997,0.7224652472973205,False,0.030296571930699807,9
2023-09-12,2356.TW,2356,英業達,71,neutral,0.0155945272701407,1.5594527270140768,bullish_cluster_4_rep_1,bullish,4,2021-10-04,2379.TW,0.3894676563818118,0.7197000919071483,False,0.030296571930699807,10
2018-08-02,3532.TW,3532,台勝科,98,neutral,-0.0071942446043165,-0.7194244604316502,bullish_cluster_4_rep_1,bullish,4,2021-10-04,2379.TW,0.39195095010766257,0.7184161194204821,False,0.030296571930699807,11
2023-08-15,6415.TW,6415,矽力*-KY,92,neutral,0.0051993067590987,0.5199306759098743,bullish_cluster_4_rep_1,bullish,4,2021-10-04,2379.TW,0.3924888122299235,0.7181386243230248,False,0.030296571930699807,12
2024-07-15,6789.TW,6789,采鈺,96,neutral,-0.0346820809248554,-3.4682080924855474,bullish_cluster_4_rep_1,bullish,4,2021-10-04,2379.TW,0.39255022526663846,0.7181069535991244,False,0.030296571930699807,13
2023-09-13,2356.TW,2356,英業達,71,neutral,-0.0264705583160999,-2.64705583160999,bullish_cluster_4_rep_1,bullish,4,2021-10-04,2379.TW,0.3926505196565629,0.7180552377538385,False,0.030296571930699807,14
2023-12-21,1519.TW,1519,華城,66,neutral,-0.0109889738506127,-1.0988973850612704,bullish_cluster_4_rep_1,bullish,4,2021-10-04,2379.TW,0.40405564518207115,0.7122224845086712,False,0.030296571930699807,15
2019-05-17,2492.TW,2492,華新科,100,neutral,0.0,0.0,bullish_cluster_4_rep_1,bullish,4,2021-10-04,2379.TW,0.40477052139274605,0.7118600403207207,False,0.030296571930699807,16
2022-04-26,6531.TW,6531,愛普*,95,neutral,0.0141414141414142,1.4141414141414232,bullish_cluster_4_rep_1,bullish,4,2021-10-04,2379.TW,0.4126917128506448,0.7078685256687166,False,0.030296571930699807,17
2022-06-30,2313.TW,2313,華通,60,neutral,-0.0380184670015513,-3.801846700155132,bullish_cluster_4_rep_1,bullish,4,2021-10-04,2379.TW,0.4135748475988841,0.7074262828732504,False,0.030296571930699807,18
2019-05-09,3661.TW,3661,世芯-KY,56,neutral,0.0321336748320797,3.213367483207974,bullish_cluster_4_rep_1,bullish,4,2021-10-04,2379.TW,0.4136810245876938,0.7073731503835204,False,0.030296571930699807,19
2024-12-13,1519.TW,1519,華城,66,neutral,0.0378071241172859,3.780712411728593,bullish_cluster_4_rep_1,bullish,4,2021-10-04,2379.TW,0.4143701764166176,0.7070284828357689,False,0.030296571930699807,20
2020-10-13,6515.TW,6515,穎崴,73,neutral,0.016602809706258,1.6602809706258048,bullish_cluster_4_rep_1,bullish,4,2021-10-04,2379.TW,0.41471417810192635,0.7068565618969521,False,0.030296571930699807,21
2024-09-03,6805.TW,6805,富世達,93,bearish,-0.0905459387483355,-9.05459387483355,bullish_cluster_4_rep_1,bullish,4,2021-10-04,2379.TW,0.415395279725093,0.7065164158200572,False,0.030296571930699807,22
2021-12-13,6531.TW,6531,愛普*,95,neutral,-0.0139165009940357,-1.391650099403574,bullish_cluster_4_rep_1,bullish,4,2021-10-04,2379.TW,0.4170674886468961,0.7056826919054237,False,0.030296571930699807,23
2024-06-03,6805.TW,6805,富世達,93,neutral,-0.0216138328530259,-2.1613832853025983,bullish_cluster_4_rep_1,bullish,4,2021-10-04,2379.TW,0.4198041456288164,0.7043224962250765,False,0.030296571930699807,24
2024-07-19,2313.TW,2313,華通,60,neutral,-0.0049751432622815,-0.4975143262281545,bullish_cluster_4_rep_1,bullish,4,2021-10-04,2379.TW,0.4209660459332903,0.7037465834331039,False,0.030296571930699807,25
2019-08-16,2615.TW,2615,萬海,59,neutral,-0.0127877575590401,-1.2787757559040158,bullish_cluster_4_rep_1,bullish,4,2021-10-04,2379.TW,0.4213802385342688,0.7035415104906781,False,0.030296571930699807,26
2024-11-28,1519.TW,1519,華城,66,bullish,0.0865561988600049,8.655619886000498,bullish_cluster_4_rep_1,bullish,4,2021-10-04,2379.TW,0.42222478407926256,0.703123733459189,True,0.030296571930699807,27
2021-12-14,6531.TW,6531,愛普*,95,neutral,-0.001039501039501,-0.1039501039501011,bullish_cluster_4_rep_1,bullish,4,2021-10-04,2379.TW,0.42292128357865244,0.702779564506194,False,0.030296571930699807,28
2018-10-24,1402.TW,1402,遠東新,94,neutral,-0.02442996681959,-2.4429966819590088,bullish_cluster_4_rep_1,bullish,4,2021-10-04,2379.TW,0.42401949179289755,0.702237578743364,False,0.030296571930699807,29
2023-10-13,3044.TW,3044,健鼎,65,bearish,-0.0935828877005348,-9.35828877005348,bullish_cluster_4_rep_1,bullish,4,2021-10-04,2379.TW,0.4248138026593834,0.7018460925445291,False,0.030296571930699807,30
2018-03-13,2376.TW,2376,技嘉,70,neutral,0.0422322065381721,4.223220653817217,bullish_cluster_4_rep_1,bullish,4,2021-10-04,2379.TW,0.426409283064015,0.7010610572106896,False,0.030296571930699807,31
2025-09-26,3533.TW,3533,嘉澤,82,neutral,0.0328947368421053,3.289473684210531,bullish_cluster_4_rep_1,bullish,4,2021-10-04,2379.TW,0.42964340998643014,0.699475122967546,False,0.030296571930699807,32
2021-06-25,6531.TW,6531,愛普*,95,neutral,0.0225806451612902,2.2580645161290214,bullish_cluster_4_rep_1,bullish,4,2021-10-04,2379.TW,0.42986485940880065,0.6993667921970369,False,0.030296571930699807,33
2023-10-30,2376.TW,2376,技嘉,70,neutral,-0.0258064516129031,-2.580645161290318,bullish_cluster_4_rep_1,bullish,4,2021-10-04,2379.TW,0.4310215304147559,0.6988015056001065,False,0.030296571930699807,34
2022-04-28,2313.TW,2313,華通,60,neutral,0.0254989260484963,2.549892604849635,bullish_cluster_4_rep_1,bullish,4,2021-10-04,2379.TW,0.4333979941783878,0.6976429463843306,False,0.030296571930699807,35
2022-10-21,1519.TW,1519,華城,66,neutral,-0.0131578507846061,-1.3157850784606184,bullish_cluster_4_rep_1,bullish,4,2021-10-04,2379.TW,0.4334891330182989,0.6975985914134131,False,0.030296571930699807,36
2024-04-09,6239.TW,6239,力成,76,neutral,0.0,0.0,bullish_cluster_4_rep_1,bullish,4,2021-10-04,2379.TW,0.43349425892728466,0.6975960969305326,False,0.030296571930699807,37
2024-04-16,2313.TW,2313,華通,60,neutral,-0.0065274152736298,-0.6527415273629877,bullish_cluster_4_rep_1,bullish,4,2021-10-04,2379.TW,0.433839938910667,0.6974279156707904,False,0.030296571930699807,38
2020-06-09,3533.TW,3533,嘉澤,82,neutral,0.0196078115757154,1.960781157571545,bullish_cluster_4_rep_1,bullish,4,2021-10-04,2379.TW,0.43509348083457156,0.6968187183307774,False,0.030296571930699807,39
2020-05-22,2492.TW,2492,華新科,100,neutral,0.0380434782608696,3.8043478260869614,bullish_cluster_4_rep_1,bullish,4,2021-10-04,2379.TW,0.43632453335584187,0.6962214853098629,False,0.030296571930699807,40
2024-07-18,2615.TW,2615,萬海,59,neutral,0.0027026614627323,0.2702661462732347,bullish_cluster_4_rep_1,bullish,4,2021-10-04,2379.TW,0.4364606831873308,0.6961554964255076,False,0.030296571930699807,41
2024-07-03,3533.TW,3533,嘉澤,82,neutral,0.0064516129032257,0.6451612903225712,bullish_cluster_4_rep_1,bullish,4,2021-10-04,2379.TW,0.43848480734454975,0.6951759204506338,False,0.030296571930699807,42
2020-05-28,2376.TW,2376,技嘉,70,neutral,0.0369127654238905,3.691276542389055,bullish_cluster_4_rep_1,bullish,4,2021-10-04,2379.TW,0.43957802630230186,0.6946480022125641,False,0.030296571930699807,43
2024-07-16,6789.TW,6789,采鈺,96,bearish,-0.0705035971223021,-7.050359712230215,bullish_cluster_4_rep_1,bullish,4,2021-10-04,2379.TW,0.4399433029015109,0.6944717878717742,False,0.030296571930699807,44
2018-10-29,1605.TW,1605,華新,88,bullish,0.0618556322932983,6.185563229329838,bullish_cluster_4_rep_1,bullish,4,2021-10-04,2379.TW,0.4401848629936134,0.6943553051386533,True,0.030296571930699807,45
2021-10-04,5871.TW,5871,中租-KY,78,neutral,-0.0042552958731191,-0.4255295873119125,bullish_cluster_4_rep_1,bullish,4,2021-10-04,2379.TW,0.44044895450143917,0.694228002231509,False,0.030296571930699807,46
2022-12-26,3661.TW,3661,世芯-KY,56,neutral,-0.0153649167733674,-1.5364916773367487,bullish_cluster_4_rep_1,bullish,4,2021-10-04,2379.TW,0.4417464096154071,0.6936032532009252,False,0.030296571930699807,47
2024-12-16,1519.TW,1519,華城,66,bullish,0.0521234957000855,5.2123495700085565,bullish_cluster_4_rep_1,bullish,4,2021-10-04,2379.TW,0.4419510160996547,0.6935048339609402,True,0.030296571930699807,48
2025-12-16,2449.TW,2449,京元電子,57,neutral,-0.0023147689707471,-0.2314768970747116,bullish_cluster_4_rep_1,bullish,4,2021-10-04,2379.TW,0.44204487156836664,0.6934596972092837,False,0.030296571930699807,49
2020-08-26,3034.TW,3034,聯詠,58,bearish,-0.0551181102362204,-5.511811023622048,bullish_cluster_4_rep_1,bullish,4,2021-10-04,2379.TW,0.4422371977357171,0.6933672225137304,False,0.030296571930699807,50
2021-01-06,2337.TW,2337,旺宏,67,neutral,0.0178571619723346,1.7857161972334668,bullish_cluster_4_rep_1,bullish,4,2021-10-04,2379.TW,0.4436950419309058,0.6926670598400928,False,0.030296571930699807,51
2022-07-01,2313.TW,2313,華通,60,neutral,0.0231707503155964,2.3170750315596456,bullish_cluster_4_rep_1,bullish,4,2021-10-04,2379.TW,0.4442237875924278,0.69241346707565,False,0.030296571930699807,52
2023-10-12,3044.TW,3044,健鼎,65,bearish,-0.090439276485788,-9.043927648578808,bullish_cluster_4_rep_1,bullish,4,2021-10-04,2379.TW,0.4445811040351919,0.692242198936889,False,0.030296571930699807,53
2023-10-27,2449.TW,2449,京元電子,57,neutral,-0.0129199506638408,-1.2919950663840885,bullish_cluster_4_rep_1,bullish,4,2021-10-04,2379.TW,0.4452626322145669,0.691915765142081,False,0.030296571930699807,54
2018-05-03,3533.TW,3533,嘉澤,82,bullish,0.0581718039315812,5.817180393158128,bullish_cluster_4_rep_1,bullish,4,2021-10-04,2379.TW,0.44664927170679725,0.6912525513666294,True,0.030296571930699807,55
2025-06-27,2615.TW,2615,萬海,59,neutral,0.0,0.0,bullish_cluster_4_rep_1,bullish,4,2021-10-04,2379.TW,0.4467816176653269,0.6911893182702314,False,0.030296571930699807,56
2024-06-26,2379.TW,2379,瑞昱,53,neutral,0.0018867924528302,0.1886792452830299,bullish_cluster_4_rep_1,bullish,4,2021-10-04,2379.TW,0.4474880757029368,0.69085197784056,False,0.030296571930699807,57
2022-10-21,2313.TW,2313,華通,60,neutral,-0.0439306711185876,-4.393067111858762,bullish_cluster_4_rep_1,bullish,4,2021-10-04,2379.TW,0.4475398168490506,0.6908272838924472,False,0.030296571930699807,58
2022-09-28,6770.TW,6770,力積電,55,neutral,0.0087565676595702,0.8756567659570225,bullish_cluster_4_rep_1,bullish,4,2021-10-04,2379.TW,0.4482145923997811,0.6905054024783289,False,0.030296571930699807,59
2018-03-14,2376.TW,2376,技嘉,70,neutral,0.0090497503243356,0.9049750324335636,bullish_cluster_4_rep_1,bullish,4,2021-10-04,2379.TW,0.4486223112111271,0.690311057796663,False,0.030296571930699807,60
2019-07-12,1590.TW,1590,亞德客-KY,64,neutral,-0.0014859292273792,-0.1485929227379223,bullish_cluster_4_rep_1,bullish,4,2021-10-04,2379.TW,0.4486477875829039,0.6902989177711158,False,0.030296571930699807,61
2020-07-10,3044.TW,3044,健鼎,65,neutral,-0.0211864406779661,-2.118644067796616,bullish_cluster_4_rep_1,bullish,4,2021-10-04,2379.TW,0.450434441307524,0.6894486034808505,False,0.030296571930699807,62
2019-11-20,6213.TW,6213,聯茂,81,neutral,0.014981276959034,1.4981276959034062,bullish_cluster_4_rep_1,bullish,4,2021-10-04,2379.TW,0.45050498052279514,0.6894150750448145,False,0.030296571930699807,63
2022-06-30,2376.TW,2376,技嘉,70,neutral,-0.0281848938671192,-2.81848938671192,bullish_cluster_4_rep_1,bullish,4,2021-10-04,2379.TW,0.45067112977998947,0.6893361144863076,False,0.030296571930699807,64
2024-03-04,3702.TW,3702,大聯大,90,bullish,0.1095732449180049,10.957324491800492,bullish_cluster_4_rep_1,bullish,4,2021-10-04,2379.TW,0.45106013903387854,0.689151312960608,True,0.030296571930699807,65
2018-10-29,6139.TW,6139,亞翔,85,bullish,0.0528456001748689,5.284560017486895,bullish_cluster_4_rep_1,bullish,4,2021-10-04,2379.TW,0.45143283714816546,0.6889743530708874,True,0.030296571930699807,66
2022-10-13,6770.TW,6770,力積電,55,bullish,0.1094619210418554,10.946192104185547,bullish_cluster_4_rep_1,bullish,4,2021-10-04,2379.TW,0.4516824368237882,0.6888558920558082,True,0.030296571930699807,67
2022-10-20,1519.TW,1519,華城,66,neutral,-0.0141025684421898,-1.4102568442189822,bullish_cluster_4_rep_1,bullish,4,2021-10-04,2379.TW,0.45228917646490113,0.688568100764998,False,0.030296571930699807,68
2025-09-30,6789.TW,6789,采鈺,96,neutral,-0.0267857142857143,-2.67857142857143,bullish_cluster_4_rep_1,bullish,4,2021-10-04,2379.TW,0.4527102528318588,0.6883685153668032,False,0.030296571930699807,69
2019-07-10,2379.TW,2379,瑞昱,53,neutral,0.0319634703196347,3.196347031963476,bullish_cluster_4_rep_1,bullish,4,2021-10-04,2379.TW,0.45333016510194657,0.6880748944819797,False,0.030296571930699807,70
2025-05-05,2404.TW,2404,漢唐,79,neutral,0.0291036088474971,2.9103608847497187,bullish_cluster_4_rep_1,bullish,4,2021-10-04,2379.TW,0.4538625885712287,0.6878229124684622,False,0.030296571930699807,71
2018-04-26,3481.TW,3481,群創,52,neutral,0.0137615149555163,1.3761514955516363,bullish_cluster_4_rep_1,bullish,4,2021-10-04,2379.TW,0.4546017022692739,0.6874734151898314,False,0.030296571930699807,72
2021-07-30,2618.TW,2618,長榮航,72,neutral,-0.0027396842224957,-0.2739684222495708,bullish_cluster_4_rep_1,bullish,4,2021-10-04,2379.TW,0.4550106970051967,0.6872801705570061,False,0.030296571930699807,73
2023-10-17,2356.TW,2356,英業達,71,neutral,-0.0289210058953408,-2.8921005895340857,bullish_cluster_4_rep_1,bullish,4,2021-10-04,2379.TW,0.4554227938808979,0.6870855700517724,False,0.030296571930699807,74
2024-07-19,6789.TW,6789,采鈺,96,neutral,-0.021671826625387,-2.1671826625387025,bullish_cluster_4_rep_1,bullish,4,2021-10-04,2379.TW,0.45572373572033115,0.6869435288181058,False,0.030296571930699807,75
2020-07-16,3044.TW,3044,健鼎,65,bullish,0.0643776824034334,6.4377682403433445,bullish_cluster_4_rep_1,bullish,4,2021-10-04,2379.TW,0.4567650233276729,0.6864525053709146,True,0.030296571930699807,76
2022-07-07,1326.TW,1326,台化,51,bearish,-0.0862800387189091,-8.628003871890911,bullish_cluster_4_rep_1,bullish,4,2021-10-04,2379.TW,0.4567865476774343,0.6864423628803462,False,0.030296571930699807,77
2024-10-30,1519.TW,1519,華城,66,bullish,0.0930657247862134,9.306572478621344,bullish_cluster_4_rep_1,bullish,4,2021-10-04,2379.TW,0.45705757309817713,0.6863146786119615,True,0.030296571930699807,78
2019-05-09,2492.TW,2492,華新科,100,neutral,-0.0459770114942529,-4.597701149425292,bullish_cluster_4_rep_1,bullish,4,2021-10-04,2379.TW,0.45714248310708966,0.6862746859646032,False,0.030296571930699807,79
2018-08-09,3532.TW,3532,台勝科,98,bearish,-0.0833333333333333,-8.333333333333337,bullish_cluster_4_rep_1,bullish,4,2021-10-04,2379.TW,0.45738442917844335,0.686160754828237,False,0.030296571930699807,80
2025-03-18,1519.TW,1519,華城,66,neutral,-0.0037807193921196,-0.3780719392119658,bullish_cluster_4_rep_1,bullish,4,2021-10-04,2379.TW,0.4584532631982241,0.6856578988394268,False,0.030296571930699807,81
2022-12-12,3661.TW,3661,世芯-KY,56,neutral,0.006825938566553,0.6825938566553003,bullish_cluster_4_rep_1,bullish,4,2021-10-04,2379.TW,0.4591311869385805,0.685339336826945,False,0.030296571930699807,82
2020-08-31,2313.TW,2313,華通,60,neutral,0.0171821299835543,1.7182129983554395,bullish_cluster_4_rep_1,bullish,4,2021-10-04,2379.TW,0.4594742440792977,0.6851782441908354,False,0.030296571930699807,83
2019-04-26,2313.TW,2313,華通,60,neutral,0.0,0.0,bullish_cluster_4_rep_1,bullish,4,2021-10-04,2379.TW,0.46009793891687,0.6848855637326768,False,0.030296571930699807,84
2021-10-04,1605.TW,1605,華新,88,neutral,0.0063025240915557,0.6302524091555739,bullish_cluster_4_rep_1,bullish,4,2021-10-04,2379.TW,0.46063950922299635,0.6846316244943705,False,0.030296571930699807,85
2018-07-16,6415.TW,6415,矽力*-KY,92,neutral,0.0481927710843372,4.819277108433728,bullish_cluster_4_rep_1,bullish,4,2021-10-04,2379.TW,0.4624293234118792,0.6837937286890408,False,0.030296571930699807,86
2024-04-08,6415.TW,6415,矽力*-KY,92,bullish,0.1732283464566928,17.322834645669282,bullish_cluster_4_rep_1,bullish,4,2021-10-04,2379.TW,0.46309579670588025,0.68348224514859,True,0.030296571930699807,87
2022-03-16,1605.TW,1605,華新,88,neutral,0.0429338312408451,4.293383124084516,bullish_cluster_4_rep_1,bullish,4,2021-10-04,2379.TW,0.4634644898036273,0.6833100543042103,False,0.030296571930699807,88
2024-05-22,3036.TW,3036,文曄,68,neutral,0.0042372881355932,0.4237288135593209,bullish_cluster_4_rep_1,bullish,4,2021-10-04,2379.TW,0.4634790783707943,0.6833032427858426,False,0.030296571930699807,89
2021-08-19,3036.TW,3036,文曄,68,neutral,0.0139129838752061,1.391298387520612,bullish_cluster_4_rep_1,bullish,4,2021-10-04,2379.TW,0.46355444673879814,0.6832680548566369,False,0.030296571930699807,90
2023-08-08,6789.TW,6789,采鈺,96,bearish,-0.0534883720930232,-5.348837209302326,bullish_cluster_4_rep_1,bullish,4,2021-10-04,2379.TW,0.4639664245165418,0.6830757749995794,False,0.030296571930699807,91
2021-07-22,2618.TW,2618,長榮航,72,neutral,0.0499999788072376,4.999997880723761,bullish_cluster_4_rep_1,bullish,4,2021-10-04,2379.TW,0.4641247322594628,0.6830019177784004,False,0.030296571930699807,92
2024-09-02,3481.TW,3481,群創,52,bearish,-0.0718954488729907,-7.189544887299071,bullish_cluster_4_rep_1,bullish,4,2021-10-04,2379.TW,0.46423098601162033,0.6829523548903123,False,0.030296571930699807,93
2025-06-26,2615.TW,2615,萬海,59,neutral,-0.0245989631204042,-2.4598963120404216,bullish_cluster_4_rep_1,bullish,4,2021-10-04,2379.TW,0.46687095491393904,0.6817232263342958,False,0.030296571930699807,94
2024-06-26,6415.TW,6415,矽力*-KY,92,bearish,-0.0844490216271884,-8.444902162718847,bullish_cluster_4_rep_1,bullish,4,2021-10-04,2379.TW,0.4669017605128305,0.681708909838924,False,0.030296571930699807,95
2022-05-17,2609.TW,2609,陽明,77,neutral,0.0085836909871244,0.8583690987124415,bullish_cluster_4_rep_2,bullish,4,2021-12-20,6531.TW,0.24772547098676193,0.801458352220021,False,0.010556902212522902,1
2025-11-19,3481.TW,3481,群創,52,neutral,-0.004048598315016,-0.4048598315016027,bullish_cluster_4_rep_2,bullish,4,2021-12-20,6531.TW,0.2821676008387896,0.7799292380698151,False,0.010556902212522902,2
2023-04-25,2313.TW,2313,華通,60,neutral,0.0373044347899294,3.73044347899294,bullish_cluster_4_rep_2,bullish,4,2021-12-20,6531.TW,0.2894707563784091,0.7755119649309358,False,0.010556902212522902,3
2021-10-13,6239.TW,6239,力成,76,neutral,0.0020942088821171,0.2094208882117199,bullish_cluster_4_rep_2,bullish,4,2021-12-20,6531.TW,0.29083261511125624,0.7746937815898078,False,0.010556902212522902,4
2021-01-15,1605.TW,1605,華新,88,neutral,-0.0341880493084362,-3.418804930843622,bullish_cluster_4_rep_2,bullish,4,2021-12-20,6531.TW,0.2957311023744438,0.7717650661989106,False,0.010556902212522902,5
2023-07-26,3533.TW,3533,嘉澤,82,neutral,-0.0092961487383798,-0.9296148738379806,bullish_cluster_4_rep_2,bullish,4,2021-12-20,6531.TW,0.3040076249069098,0.7668666815283292,False,0.010556902212522902,6
2021-09-14,1802.TW,1802,台玻,86,neutral,-0.0246533474761221,-2.4653347476122134,bullish_cluster_4_rep_2,bullish,4,2021-12-20,6531.TW,0.30785360850684895,0.7646115692884623,False,0.010556902212522902,7
2025-09-15,3661.TW,3661,世芯-KY,56,neutral,-0.0013422818791946,-0.1342281879194606,bullish_cluster_4_rep_2,bullish,4,2021-12-20,6531.TW,0.3127072263634746,0.7617844862256519,False,0.010556902212522902,8
2021-05-03,6770.TW,6770,力積電,55,bearish,-0.100740729437934,-10.0740729437934,bullish_cluster_4_rep_2,bullish,4,2021-12-20,6531.TW,0.31312528938364576,0.7615419549716993,False,0.010556902212522902,9
2025-01-02,1326.TW,1326,台化,51,neutral,-0.0092421444381218,-0.924214443812188,bullish_cluster_4_rep_2,bullish,4,2021-12-20,6531.TW,0.3134457698922208,0.7613561388850172,False,0.010556902212522902,10
2021-09-17,1802.TW,1802,台玻,86,neutral,-0.0394944712501088,-3.949447125010885,bullish_cluster_4_rep_2,bullish,4,2021-12-20,6531.TW,0.3147840664363853,0.7605811673018051,False,0.010556902212522902,11
2023-09-19,2356.TW,2356,英業達,71,neutral,0.0175257417344554,1.7525741734455424,bullish_cluster_4_rep_2,bullish,4,2021-12-20,6531.TW,0.31526083331149407,0.7603054654051037,False,0.010556902212522902,12
2021-08-10,6139.TW,6139,亞翔,85,neutral,-0.0199005425116046,-1.9900542511604669,bullish_cluster_4_rep_2,bullish,4,2021-12-20,6531.TW,0.31561057364967027,0.7601033467113854,False,0.010556902212522902,13
2018-07-03,5871.TW,5871,中租-KY,78,neutral,-0.0042016771541131,-0.4201677154113126,bullish_cluster_4_rep_2,bullish,4,2021-12-20,6531.TW,0.3161319638326885,0.7598022291685058,False,0.010556902212522902,14
2022-05-12,1802.TW,1802,台玻,86,neutral,0.029702893636613,2.970289363661305,bullish_cluster_4_rep_2,bullish,4,2021-12-20,6531.TW,0.31627478248433555,0.7597197889885888,False,0.010556902212522902,15
2023-04-25,3481.TW,3481,群創,52,neutral,-0.0324909269317953,-3.249092693179534,bullish_cluster_4_rep_2,bullish,4,2021-12-20,6531.TW,0.3166196404054907,0.7595207980431018,False,0.010556902212522902,16
2019-05-27,2337.TW,2337,旺宏,67,neutral,0.0425000190734863,4.250001907348633,bullish_cluster_4_rep_2,bullish,4,2021-12-20,6531.TW,0.3172274761909777,0.7591703164981775,False,0.010556902212522902,17
2025-11-21,1590.TW,1590,亞德客-KY,64,neutral,0.0193621867881548,1.9362186788154825,bullish_cluster_4_rep_2,bullish,4,2021-12-20,6531.TW,0.31846797078804506,0.7584560430408502,False,0.010556902212522902,18
2023-08-09,6789.TW,6789,采鈺,96,neutral,-0.0492957746478873,-4.929577464788737,bullish_cluster_4_rep_2,bullish,4,2021-12-20,6531.TW,0.3186892343265322,0.7583287813149624,False,0.010556902212522902,19
2019-05-09,2376.TW,2376,技嘉,70,neutral,0.0148305243988275,1.4830524398827594,bullish_cluster_4_rep_2,bullish,4,2021-12-20,6531.TW,0.32059109382325823,0.7572366682444364,False,0.010556902212522902,20
2022-03-16,2207.TW,2207,和泰車,63,neutral,0.0264551182444154,2.6455118244415488,bullish_cluster_4_rep_2,bullish,4,2021-12-20,6531.TW,0.3206248354323524,0.7572173210513758,False,0.010556902212522902,21
2018-04-26,3044.TW,3044,健鼎,65,neutral,0.0180790788036282,1.8079078803628248,bullish_cluster_4_rep_2,bullish,4,2021-12-20,6531.TW,0.3223631165287233,0.7562219389671542,False,0.010556902212522902,22
2020-08-12,6213.TW,6213,聯茂,81,neutral,0.0161290028885301,1.6129002888530142,bullish_cluster_4_rep_2,bullish,4,2021-12-20,6531.TW,0.32617856645687154,0.7540462689513093,False,0.010556902212522902,23
2024-12-16,1519.TW,1519,華城,66,bullish,0.0521234957000855,5.2123495700085565,bullish_cluster_4_rep_2,bullish,4,2021-12-20,6531.TW,0.32776026512939926,0.7531480089160095,True,0.010556902212522902,24
2018-07-05,1802.TW,1802,台玻,86,neutral,0.021943538055223,2.194353805522309,bullish_cluster_4_rep_2,bullish,4,2021-12-20,6531.TW,0.32810394535694737,0.7529531129667982,False,0.010556902212522902,25
2019-05-10,2376.TW,2376,技嘉,70,neutral,0.0097087546440959,0.9708754644095928,bullish_cluster_4_rep_2,bullish,4,2021-12-20,6531.TW,0.32848952218591704,0.7527345781053544,False,0.010556902212522902,26
2024-03-13,6213.TW,6213,聯茂,81,neutral,0.0269938275857937,2.699382758579372,bullish_cluster_4_rep_2,bullish,4,2021-12-20,6531.TW,0.33224304516754527,0.7506137889984167,False,0.010556902212522902,27
2025-01-10,1802.TW,1802,台玻,86,neutral,0.0299999872843423,2.999998728434239,bullish_cluster_4_rep_2,bullish,4,2021-12-20,6531.TW,0.3341395804109943,0.7495467600863326,False,0.010556902212522902,28
2018-07-06,1802.TW,1802,台玻,86,neutral,0.0190475706070187,1.9047570607018784,bullish_cluster_4_rep_2,bullish,4,2021-12-20,6531.TW,0.33429213743495834,0.7494610602460708,False,0.010556902212522902,29
2024-09-10,2615.TW,2615,萬海,59,bullish,0.0688258917562898,6.882589175628984,bullish_cluster_4_rep_2,bullish,4,2021-12-20,6531.TW,0.3361505795425337,0.748418640317004,True,0.010556902212522902,30
2023-04-28,3481.TW,3481,群創,52,neutral,0.0149254033272887,1.4925403327288755,bullish_cluster_4_rep_2,bullish,4,2021-12-20,6531.TW,0.33737873255808565,0.7477313461439895,False,0.010556902212522902,31
2024-01-05,3533.TW,3533,嘉澤,82,neutral,-0.0051124744376278,-0.5112474437627856,bullish_cluster_4_rep_2,bullish,4,2021-12-20,6531.TW,0.33858812041887926,0.7470557856789241,False,0.010556902212522902,32
2025-10-02,6789.TW,6789,采鈺,96,neutral,-0.0127272727272726,-1.2727272727272698,bullish_cluster_4_rep_2,bullish,4,2021-12-20,6531.TW,0.33964176667994866,0.7464682162592712,False,0.010556902212522902,33
2019-05-20,5871.TW,5871,中租-KY,78,neutral,-0.0043477714262997,-0.4347771426299718,bullish_cluster_4_rep_2,bullish,4,2021-12-20,6531.TW,0.34209181759570245,0.7451055038778609,False,0.010556902212522902,34
2024-03-20,6531.TW,6531,愛普*,95,neutral,0.0253164556962024,2.5316455696202445,bullish_cluster_4_rep_2,bullish,4,2021-12-20,6531.TW,0.3444002547552603,0.7438261012395031,False,0.010556902212522902,35
2025-01-03,6805.TW,6805,富世達,93,neutral,-0.0127551020408163,-1.2755102040816313,bullish_cluster_4_rep_2,bullish,4,2021-12-20,6531.TW,0.3466516523615699,0.7425825366540333,False,0.010556902212522902,36
2021-08-11,6139.TW,6139,亞翔,85,neutral,-0.0370370346421816,-3.703703464218167,bullish_cluster_4_rep_2,bullish,4,2021-12-20,6531.TW,0.3480480353504259,0.7418133284397759,False,0.010556902212522902,37
2023-12-13,1590.TW,1590,亞德客-KY,64,neutral,-0.011,-1.100000000000001,bullish_cluster_4_rep_2,bullish,4,2021-12-20,6531.TW,0.34842207654191865,0.7416075555248541,False,0.010556902212522902,38
2020-11-11,3481.TW,3481,群創,52,neutral,-0.0211639920773609,-2.116399207736097,bullish_cluster_4_rep_2,bullish,4,2021-12-20,6531.TW,0.3486701261865378,0.7414711578342528,False,0.010556902212522902,39
2022-03-16,2492.TW,2492,華新科,100,bullish,0.0588235294117647,5.882352941176472,bullish_cluster_4_rep_2,bullish,4,2021-12-20,6531.TW,0.3490097084854851,0.7412845094515194,True,0.010556902212522902,40
2021-01-20,2313.TW,2313,華通,60,bullish,0.0539272955398364,5.392729553983644,bullish_cluster_4_rep_2,bullish,4,2021-12-20,6531.TW,0.35058959317387306,0.7404173740521792,True,0.010556902212522902,41
2020-08-13,6239.TW,6239,力成,76,neutral,0.0087719635803475,0.8771963580347597,bullish_cluster_4_rep_2,bullish,4,2021-12-20,6531.TW,0.35069675290800856,0.7403586318298543,False,0.010556902212522902,42
2020-09-29,3481.TW,3481,群創,52,neutral,0.0215054238955534,2.1505423895553437,bullish_cluster_4_rep_2,bullish,4,2021-12-20,6531.TW,0.3511972782335289,0.7400843800598368,False,0.010556902212522902,43
2025-01-15,2337.TW,2337,旺宏,67,bullish,0.0833333333333332,8.333333333333325,bullish_cluster_4_rep_2,bullish,4,2021-12-20,6531.TW,0.3518448599386101,0.7397298533541873,True,0.010556902212522902,44
2021-09-14,2379.TW,2379,瑞昱,53,neutral,-0.0094517958412098,-0.9451795841209808,bullish_cluster_4_rep_2,bullish,4,2021-12-20,6531.TW,0.35236072315191436,0.7394476805488142,False,0.010556902212522902,45
2025-11-19,1590.TW,1590,亞德客-KY,64,neutral,-0.0011185682326622,-0.1118568232662209,bullish_cluster_4_rep_2,bullish,4,2021-12-20,6531.TW,0.3523978902703216,0.7394273587635639,False,0.010556902212522902,46
2018-12-28,3661.TW,3661,世芯-KY,56,neutral,0.0057971235634624,0.5797123563462403,bullish_cluster_4_rep_2,bullish,4,2021-12-20,6531.TW,0.35327301772191644,0.7389491897824046,False,0.010556902212522902,47
2020-08-19,3532.TW,3532,台勝科,98,bearish,-0.0652173913043477,-6.521739130434778,bullish_cluster_4_rep_2,bullish,4,2021-12-20,6531.TW,0.3539944577688348,0.7385554602991797,False,0.010556902212522902,48
2020-04-23,2801.TW,2801,彰銀,61,neutral,0.0263158309527586,2.631583095275869,bullish_cluster_4_rep_2,bullish,4,2021-12-20,6531.TW,0.35472214680431186,0.7381587452149692,False,0.010556902212522902,49
2022-06-28,2449.TW,2449,京元電子,57,neutral,-0.0374395690077451,-3.7439569007745135,bullish_cluster_4_rep_2,bullish,4,2021-12-20,6531.TW,0.35474028865282003,0.7381488602471692,False,0.010556902212522902,50
2022-09-02,2379.TW,2379,瑞昱,53,neutral,-0.0390977443609023,-3.90977443609023,bullish_cluster_4_rep_2,bullish,4,2021-12-20,6531.TW,0.3547488745264477,0.7381441821456023,False,0.010556902212522902,51
2018-02-08,2324.TW,2324,仁寶,84,neutral,0.0125313278415717,1.2531327841571738,bullish_cluster_4_rep_2,bullish,4,2021-12-20,6531.TW,0.3551553507507648,0.7379227772269752,False,0.010556902212522902,52
2024-07-22,3034.TW,3034,聯詠,58,neutral,0.0114503816793893,1.1450381679389388,bullish_cluster_4_rep_2,bullish,4,2021-12-20,6531.TW,0.35597141198618687,0.7374786748160344,False,0.010556902212522902,53
2019-05-17,5871.TW,5871,中租-KY,78,neutral,0.0174671989850743,1.7467198985074317,bullish_cluster_4_rep_2,bullish,4,2021-12-20,6531.TW,0.35700732210000036,0.7369156995059369,False,0.010556902212522902,54
2022-06-15,2615.TW,2615,萬海,59,bearish,-0.1494662123938691,-14.946621239386914,bullish_cluster_4_rep_2,bullish,4,2021-12-20,6531.TW,0.3574298541190248,0.736686317134967,False,0.010556902212522902,55
2020-08-11,6239.TW,6239,力成,76,neutral,-0.0203862012735853,-2.038620127358537,bullish_cluster_4_rep_2,bullish,4,2021-12-20,6531.TW,0.3576996956338158,0.736539901434661,False,0.010556902212522902,56
2025-02-12,2618.TW,2618,長榮航,72,neutral,0.0184119498967398,1.8411949896739888,bullish_cluster_4_rep_2,bullish,4,2021-12-20,6531.TW,0.3583474140450255,0.7361886875627038,False,0.010556902212522902,57
2022-04-20,1802.TW,1802,台玻,86,neutral,-0.0108695652173913,-1.0869565217391353,bullish_cluster_4_rep_2,bullish,4,2021-12-20,6531.TW,0.3602450324384027,0.735161662900823,False,0.010556902212522902,58
2025-02-21,2404.TW,2404,漢唐,79,neutral,-0.0158371040723982,-1.5837104072398245,bullish_cluster_4_rep_2,bullish,4,2021-12-20,6531.TW,0.36049109929327744,0.7350286970046782,False,0.010556902212522902,59
2024-01-04,1590.TW,1590,亞德客-KY,64,neutral,0.014799154334038,1.4799154334038,bullish_cluster_4_rep_2,bullish,4,2021-12-20,6531.TW,0.36319837984599784,0.7335689469591148,False,0.010556902212522902,60
2023-08-31,2324.TW,2324,仁寶,84,neutral,0.0031348082340301,0.3134808234030117,bullish_cluster_4_rep_2,bullish,4,2021-12-20,6531.TW,0.3645345980257015,0.7328506008179388,False,0.010556902212522902,61
2024-07-22,2337.TW,2337,旺宏,67,neutral,0.0,0.0,bullish_cluster_4_rep_2,bullish,4,2021-12-20,6531.TW,0.3653147147998713,0.7324318628958603,False,0.010556902212522902,62
2025-02-04,2615.TW,2615,萬海,59,bullish,0.0503496290086866,5.034962900868667,bullish_cluster_4_rep_2,bullish,4,2021-12-20,6531.TW,0.36546049188337226,0.7323536681905057,True,0.010556902212522902,63
2022-09-21,3532.TW,3532,台勝科,98,bearish,-0.0971786833855798,-9.717868338557988,bullish_cluster_4_rep_2,bullish,4,2021-12-20,6531.TW,0.3658133049746025,0.7321644886294288,False,0.010556902212522902,64
2018-06-22,3481.TW,3481,群創,52,neutral,-0.0133928381612556,-1.3392838161255691,bullish_cluster_4_rep_2,bullish,4,2021-12-20,6531.TW,0.36679205255095754,0.7316401921811126,False,0.010556902212522902,65
2020-08-11,6213.TW,6213,聯茂,81,neutral,0.0039525621149218,0.3952562114921898,bullish_cluster_4_rep_2,bullish,4,2021-12-20,6531.TW,0.36785852520272516,0.7310697572702511,False,0.010556902212522902,66
2025-02-20,2404.TW,2404,漢唐,79,neutral,-0.0044843049327354,-0.4484304932735439,bullish_cluster_4_rep_2,bullish,4,2021-12-20,6531.TW,0.3682171231145475,0.7308781501898217,False,0.010556902212522902,67
2021-12-14,6770.TW,6770,力積電,55,neutral,0.0014326428330804,0.1432642833080422,bullish_cluster_4_rep_2,bullish,4,2021-12-20,6531.TW,0.36866179447137043,0.7306406915422362,False,0.010556902212522902,68
2024-11-14,1605.TW,1605,華新,88,bullish,0.0605504447167073,6.055044471670734,bullish_cluster_4_rep_2,bullish,4,2021-12-20,6531.TW,0.3690240506021219,0.7304473574150737,True,0.010556902212522902,69
2025-11-11,2409.TW,2409,友達,80,neutral,0.0,0.0,bullish_cluster_4_rep_2,bullish,4,2021-12-20,6531.TW,0.3693697788132607,0.7302629395448114,False,0.010556902212522902,70
2023-11-27,2356.TW,2356,英業達,71,neutral,0.0379437725741842,3.794377257418424,bullish_cluster_4_rep_2,bullish,4,2021-12-20,6531.TW,0.3697105086481503,0.730081278990084,False,0.010556902212522902,71
2024-06-06,2313.TW,2313,華通,60,neutral,0.0225351897763534,2.2535189776353493,bullish_cluster_4_rep_2,bullish,4,2021-12-20,6531.TW,0.3699076053769784,0.7299762378681114,False,0.010556902212522902,72
2025-06-02,2609.TW,2609,陽明,77,bearish,-0.0606826234507915,-6.068262345079156,bullish_cluster_4_rep_2,bullish,4,2021-12-20,6531.TW,0.3701144842513195,0.7298660159383954,False,0.010556902212522902,73
2022-05-18,2609.TW,2609,陽明,77,bullish,0.0808510638297872,8.085106382978724,bullish_cluster_4_rep_2,bullish,4,2021-12-20,6531.TW,0.37027737928048887,0.7297792513549951,True,0.010556902212522902,74
2021-01-27,3481.TW,3481,群創,52,bullish,0.0538460761428245,5.384607614282455,bullish_cluster_4_rep_2,bullish,4,2021-12-20,6531.TW,0.3707584456791879,0.7295231360070277,True,0.010556902212522902,75
2018-08-17,1605.TW,1605,華新,88,neutral,0.0050251280781639,0.502512807816391,bullish_cluster_4_rep_2,bullish,4,2021-12-20,6531.TW,0.37096389501696425,0.7294138114320116,False,0.010556902212522902,76
2018-10-03,6213.TW,6213,聯茂,81,bearish,-0.1451048776973124,-14.51048776973124,bullish_cluster_4_rep_2,bullish,4,2021-12-20,6531.TW,0.37165855081221283,0.7290444108031556,False,0.010556902212522902,77
2021-01-29,1605.TW,1605,華新,88,neutral,0.042553093606378,4.2553093606378045,bullish_cluster_4_rep_2,bullish,4,2021-12-20,6531.TW,0.37208964278978346,0.7288153549259092,False,0.010556902212522902,78
2020-02-27,1590.TW,1590,亞德客-KY,64,neutral,0.0114226641584769,1.1422664158476925,bullish_cluster_4_rep_2,bullish,4,2021-12-20,6531.TW,0.37221855060379283,0.7287468891598847,False,0.010556902212522902,79
2023-12-25,6789.TW,6789,采鈺,96,neutral,0.0429906542056075,4.299065420560755,bullish_cluster_4_rep_2,bullish,4,2021-12-20,6531.TW,0.3723698925043512,0.7286665245731696,False,0.010556902212522902,80
2022-09-06,2492.TW,2492,華新科,100,bullish,0.0802325758823128,8.023257588231282,bullish_cluster_4_rep_2,bullish,4,2021-12-20,6531.TW,0.37301190570132925,0.7283258039115137,True,0.010556902212522902,81
2020-08-19,6213.TW,6213,聯茂,81,neutral,-0.0164608758140499,-1.646087581404998,bullish_cluster_4_rep_2,bullish,4,2021-12-20,6531.TW,0.3731420188704308,0.7282567908180513,False,0.010556902212522902,82
2021-07-07,2409.TW,2409,友達,80,neutral,0.0160919540229884,1.6091954022988464,bullish_cluster_4_rep_2,bullish,4,2021-12-20,6531.TW,0.3740373909487938,0.7277822325559021,False,0.010556902212522902,83
2021-10-18,3481.TW,3481,群創,52,neutral,-0.022151912029491,-2.215191202949107,bullish_cluster_4_rep_2,bullish,4,2021-12-20,6531.TW,0.3744953865850207,0.7275397282231213,False,0.010556902212522902,84
2021-01-21,1605.TW,1605,華新,88,neutral,0.0058823556269445,0.5882355626944502,bullish_cluster_4_rep_2,bullish,4,2021-12-20,6531.TW,0.3752676820478419,0.7271311709375373,False,0.010556902212522902,85
2023-08-31,2618.TW,2618,長榮航,72,neutral,0.0095237853035095,0.9523785303509502,bullish_cluster_4_rep_2,bullish,4,2021-12-20,6531.TW,0.37530857343909596,0.7271095514946151,False,0.010556902212522902,86
2023-08-04,3532.TW,3532,台勝科,98,bearish,-0.0522875816993464,-5.228758169934644,bullish_cluster_4_rep_2,bullish,4,2021-12-20,6531.TW,0.37563557908090983,0.72693670853448,False,0.010556902212522902,87
2021-06-18,1605.TW,1605,華新,88,neutral,0.032323247528609,3.2323247528609045,bullish_cluster_4_rep_2,bullish,4,2021-12-20,6531.TW,0.3758226676528919,0.7268378574587429,False,0.010556902212522902,88
2023-07-10,6415.TW,6415,矽力*-KY,92,bearish,-0.1243093922651933,-12.430939226519332,bullish_cluster_4_rep_2,bullish,4,2021-12-20,6531.TW,0.37621266046693924,0.7266318852645253,False,0.010556902212522902,89
2021-06-22,3034.TW,3034,聯詠,58,neutral,0.0262329485834207,2.623294858342073,bullish_cluster_4_rep_2,bullish,4,2021-12-20,6531.TW,0.37622037822776533,0.7266278103567649,False,0.010556902212522902,90
2020-09-08,2376.TW,2376,技嘉,70,neutral,0.0206185374430731,2.061853744307318,bullish_cluster_4_rep_2,bullish,4,2021-12-20,6531.TW,0.377140937955605,0.7261420907903016,False,0.010556902212522902,91
2022-06-23,2404.TW,2404,漢唐,79,bearish,-0.1671554252199413,-16.71554252199413,bullish_cluster_4_rep_2,bullish,4,2021-12-20,6531.TW,0.3772846786363113,0.7260663067784421,False,0.010556902212522902,92
2025-01-14,2409.TW,2409,友達,80,neutral,0.0298507898202808,2.9850789820280887,bullish_cluster_4_rep_2,bullish,4,2021-12-20,6531.TW,0.3782796249960896,0.7255421772652535,False,0.010556902212522902,93
2025-03-28,2449.TW,2449,京元電子,57,neutral,-0.0021668389624481,-0.2166838962448181,bullish_cluster_4_rep_2,bullish,4,2021-12-20,6531.TW,0.3783818584379075,0.725488364402358,False,0.010556902212522902,94
2024-09-10,2609.TW,2609,陽明,77,neutral,0.0434782996988238,4.347829969882389,bullish_cluster_4_rep_2,bullish,4,2021-12-20,6531.TW,0.37854098179384793,0.7254046221380626,False,0.010556902212522902,95
2022-09-28,3533.TW,3533,嘉澤,82,neutral,0.0081632748429092,0.816327484290924,bullish_cluster_4_rep_3,bullish,4,2025-01-15,2449.TW,0.3882717611127544,0.7203200612526043,False,0.29246802062418453,1
2023-04-21,6415.TW,6415,矽力*-KY,92,bearish,-0.05741127348643,-5.741127348643005,bullish_cluster_4_rep_3,bullish,4,2025-01-15,2449.TW,0.4137613095091169,0.7073329799548821,False,0.29246802062418453,2
2024-07-22,2492.TW,2492,華新科,100,neutral,-0.0347826086956521,-3.4782608695652195,bullish_cluster_4_rep_3,bullish,4,2025-01-15,2449.TW,0.4246550051839299,0.701924322984353,False,0.29246802062418453,3
2024-04-15,6789.TW,6789,采鈺,96,neutral,-0.0344827586206896,-3.4482758620689613,bullish_cluster_4_rep_3,bullish,4,2025-01-15,2449.TW,0.4269523101096404,0.7007942682563544,False,0.29246802062418453,4
2024-01-17,6415.TW,6415,矽力*-KY,92,neutral,0.0209876543209877,2.0987654320987703,bullish_cluster_4_rep_3,bullish,4,2025-01-15,2449.TW,0.43016652312404274,0.6992192753999087,False,0.29246802062418453,5
2023-09-21,3533.TW,3533,嘉澤,82,neutral,0.0184729064039408,1.847290640394084,bullish_cluster_4_rep_3,bullish,4,2025-01-15,2449.TW,0.4351671753855864,0.696782937312742,False,0.29246802062418453,6
2022-09-05,3532.TW,3532,台勝科,98,neutral,0.0178571428571427,1.7857142857142794,bullish_cluster_4_rep_3,bullish,4,2025-01-15,2449.TW,0.43529335371918915,0.6967216823019212,False,0.29246802062418453,7
2022-10-13,2609.TW,2609,陽明,77,neutral,0.0438448958224175,4.384489582241757,bullish_cluster_4_rep_3,bullish,4,2025-01-15,2449.TW,0.436163452747954,0.6962995737613298,False,0.29246802062418453,8
2022-12-15,6515.TW,6515,穎崴,73,bearish,-0.0790067720090293,-7.900677200902939,bullish_cluster_4_rep_3,bullish,4,2025-01-15,2449.TW,0.43836846840109417,0.6952321480681586,False,0.29246802062418453,9
2023-10-27,1519.TW,1519,華城,66,bearish,-0.1075697601219536,-10.756976012195365,bullish_cluster_4_rep_3,bullish,4,2025-01-15,2449.TW,0.4433410101553587,0.6928369615801062,False,0.29246802062418453,10
2025-09-26,6213.TW,6213,聯茂,81,neutral,0.0,0.0,bullish_cluster_4_rep_3,bullish,4,2025-01-15,2449.TW,0.446083980569869,0.6915227700717095,False,0.29246802062418453,11
2025-10-01,6415.TW,6415,矽力*-KY,92,neutral,0.028169014084507,2.8169014084507005,bullish_cluster_4_rep_3,bullish,4,2025-01-15,2449.TW,0.44920183817382137,0.6900350066213876,False,0.29246802062418453,12
2018-04-26,2313.TW,2313,華通,60,bullish,0.0810344959127491,8.103449591274913,bullish_cluster_4_rep_3,bullish,4,2025-01-15,2449.TW,0.4585542908369906,0.6856104063333498,True,0.29246802062418453,13
2025-02-20,3661.TW,3661,世芯-KY,56,neutral,0.0,0.0,bullish_cluster_4_rep_3,bullish,4,2025-01-15,2449.TW,0.46268387327265376,0.6836747285403301,False,0.29246802062418453,14
2020-08-20,1590.TW,1590,亞德客-KY,64,bullish,0.069400597117962,6.940059711796209,bullish_cluster_4_rep_3,bullish,4,2025-01-15,2449.TW,0.46304460469344627,0.6835061602305225,True,0.29246802062418453,15
2022-09-28,6770.TW,6770,力積電,55,neutral,0.0087565676595702,0.8756567659570225,bullish_cluster_4_rep_3,bullish,4,2025-01-15,2449.TW,0.4638881525993255,0.6831122980429678,False,0.29246802062418453,16
2020-02-27,2409.TW,2409,友達,80,neutral,0.0084210847553456,0.8421084755345642,bullish_cluster_4_rep_3,bullish,4,2025-01-15,2449.TW,0.4652947051197592,0.6824565710269659,False,0.29246802062418453,17
2018-04-23,3533.TW,3533,嘉澤,82,neutral,-0.0473683868419219,-4.736838684192191,bullish_cluster_4_rep_3,bullish,4,2025-01-15,2449.TW,0.4674571147215426,0.6814509193951845,False,0.29246802062418453,18
2022-01-12,2618.TW,2618,長榮航,72,neutral,0.0237154308127733,2.3715430812773386,bullish_cluster_4_rep_3,bullish,4,2025-01-15,2449.TW,0.4675027681926924,0.6814297197078225,False,0.29246802062418453,19
2023-06-28,1504.TW,1504,東元,89,neutral,0.0246679168546568,2.4667916854656857,bullish_cluster_4_rep_3,bullish,4,2025-01-15,2449.TW,0.47144402559593857,0.6796045127132834,False,0.29246802062418453,20
2021-10-13,2002.TW,2002,中鋼,62,neutral,0.0385802450966425,3.85802450966426,bullish_cluster_4_rep_3,bullish,4,2025-01-15,2449.TW,0.4740668347465962,0.678395291467166,False,0.29246802062418453,21
2020-12-04,3661.TW,3661,世芯-KY,56,neutral,0.0264900662251654,2.649006622516548,bullish_cluster_4_rep_3,bullish,4,2025-01-15,2449.TW,0.47476870154185846,0.6780724319376376,False,0.29246802062418453,22
2020-02-27,3481.TW,3481,群創,52,neutral,0.0126583018394199,1.265830183941996,bullish_cluster_4_rep_3,bullish,4,2025-01-15,2449.TW,0.47544529543095215,0.6777614887496843,False,0.29246802062418453,23
2021-07-01,6531.TW,6531,愛普*,95,neutral,0.0389610389610388,3.8961038961038863,bullish_cluster_4_rep_3,bullish,4,2025-01-15,2449.TW,0.4759173995674604,0.677544692062757,False,0.29246802062418453,24
2022-07-28,2409.TW,2409,友達,80,neutral,0.0490566037735848,4.9056603773584895,bullish_cluster_4_rep_3,bullish,4,2025-01-15,2449.TW,0.47653312173601214,0.6772621523208803,False,0.29246802062418453,25
2021-09-06,1802.TW,1802,台玻,86,neutral,-0.0191176919376149,-1.911769193761492,bullish_cluster_4_rep_3,bullish,4,2025-01-15,2449.TW,0.47882619410352906,0.6762119875799227,False,0.29246802062418453,26
2020-07-10,6415.TW,6415,矽力*-KY,92,bearish,-0.0641711229946524,-6.417112299465244,bullish_cluster_4_rep_3,bullish,4,2025-01-15,2449.TW,0.4792293667319688,0.6760276820418185,False,0.29246802062418453,27
2025-10-14,2492.TW,2492,華新科,100,bullish,0.0929250616192458,9.292506161924583,bullish_cluster_4_rep_3,bullish,4,2025-01-15,2449.TW,0.47964580222181297,0.6758374189947456,True,0.29246802062418453,28
2025-01-02,3661.TW,3661,世芯-KY,56,neutral,0.032258064516129,3.2258064516129004,bullish_cluster_4_rep_3,bullish,4,2025-01-15,2449.TW,0.47992745926499286,0.6757087948733992,False,0.29246802062418453,29
2018-03-22,3532.TW,3532,台勝科,98,neutral,-0.0077519379844961,-0.7751937984496138,bullish_cluster_4_rep_3,bullish,4,2025-01-15,2449.TW,0.48014955150836786,0.6756074066846391,False,0.29246802062418453,30
2022-04-18,2834.TW,2834,臺企銀,87,neutral,-0.0039841129389175,-0.3984112938917539,bullish_cluster_4_rep_3,bullish,4,2025-01-15,2449.TW,0.4805611486136121,0.6754195873209246,False,0.29246802062418453,31
2024-11-08,6415.TW,6415,矽力*-KY,92,neutral,-0.0351602895553258,-3.51602895553258,bullish_cluster_4_rep_3,bullish,4,2025-01-15,2449.TW,0.4825958614343749,0.6744926422717279,False,0.29246802062418453,32
2020-09-25,2409.TW,2409,友達,80,neutral,0.041860465116279,4.1860465116279055,bullish_cluster_4_rep_3,bullish,4,2025-01-15,2449.TW,0.4834332303224857,0.6741119044384684,False,0.29246802062418453,33
2021-11-30,3481.TW,3481,群創,52,neutral,0.0315186203766615,3.151862037666153,bullish_cluster_4_rep_3,bullish,4,2025-01-15,2449.TW,0.4835307066128381,0.6740676115044334,False,0.29246802062418453,34
2020-04-21,6213.TW,6213,聯茂,81,neutral,0.0109889909309766,1.0988990930976603,bullish_cluster_4_rep_3,bullish,4,2025-01-15,2449.TW,0.4853545130358824,0.6732399512868633,False,0.29246802062418453,35
2022-06-16,2492.TW,2492,華新科,100,bearish,-0.0514563403083281,-5.145634030832813,bullish_cluster_4_rep_3,bullish,4,2025-01-15,2449.TW,0.48606067316274953,0.6729200348675687,False,0.29246802062418453,36
2022-05-12,2609.TW,2609,陽明,77,neutral,-0.037190082644628,-3.7190082644628086,bullish_cluster_4_rep_3,bullish,4,2025-01-15,2449.TW,0.4868967921507186,0.67254163522241,False,0.29246802062418453,37
2023-09-11,1519.TW,1519,華城,66,bearish,-0.0702702532591907,-7.027025325919079,bullish_cluster_4_rep_3,bullish,4,2025-01-15,2449.TW,0.48750030429277685,0.6722687700393071,False,0.29246802062418453,38
2025-01-13,2337.TW,2337,旺宏,67,neutral,0.0394366627008142,3.943666270081425,bullish_cluster_4_rep_3,bullish,4,2025-01-15,2449.TW,0.4883504768155628,0.6718847580440696,False,0.29246802062418453,39
2018-07-06,1605.TW,1605,華新,88,bullish,0.0571428859438583,5.71428859438583,bullish_cluster_4_rep_3,bullish,4,2025-01-15,2449.TW,0.48921023283427595,0.6714968632043258,True,0.29246802062418453,40
2021-07-13,6770.TW,6770,力積電,55,neutral,0.0014902902592413,0.14902902592413,bullish_cluster_4_rep_3,bullish,4,2025-01-15,2449.TW,0.48924588161362126,0.6714807892679779,False,0.29246802062418453,41
2020-08-10,2376.TW,2376,技嘉,70,neutral,0.0486891585539659,4.868915855396594,bullish_cluster_4_rep_3,bullish,4,2025-01-15,2449.TW,0.49367098234819046,0.6694914822726934,False,0.29246802062418453,42
2023-10-18,6531.TW,6531,愛普*,95,neutral,-0.0108108108108108,-1.0810810810810811,bullish_cluster_4_rep_3,bullish,4,2025-01-15,2449.TW,0.49371672032276426,0.6694709822782989,False,0.29246802062418453,43
2021-06-15,2409.TW,2409,友達,80,neutral,0.0135135135135135,1.3513513513513598,bullish_cluster_4_rep_3,bullish,4,2025-01-15,2449.TW,0.49386886667371505,0.6694027985378828,False,0.29246802062418453,44
2019-08-22,2615.TW,2615,萬海,59,neutral,0.0026666865695534,0.2666686569553489,bullish_cluster_4_rep_3,bullish,4,2025-01-15,2449.TW,0.4956865851240415,0.6685892685980513,False,0.29246802062418453,45
2023-06-20,6515.TW,6515,穎崴,73,neutral,-0.04,-4.000000000000004,bullish_cluster_4_rep_3,bullish,4,2025-01-15,2449.TW,0.49597245875231594,0.6684615041870682,False,0.29246802062418453,46
2019-05-13,3533.TW,3533,嘉澤,82,neutral,0.026442340601323,2.6442340601323,bullish_cluster_4_rep_3,bullish,4,2025-01-15,2449.TW,0.4964895836789487,0.6682305115292645,False,0.29246802062418453,47
2024-01-04,6515.TW,6515,穎崴,73,neutral,-0.0292993630573248,-2.9299363057324834,bullish_cluster_4_rep_3,bullish,4,2025-01-15,2449.TW,0.4979047547071138,0.6675991893727119,False,0.29246802062418453,48
2021-01-20,3481.TW,3481,群創,52,neutral,0.0498084155611393,4.980841556113935,bullish_cluster_4_rep_3,bullish,4,2025-01-15,2449.TW,0.4994684056091969,0.6669030146011811,False,0.29246802062418453,49
2023-12-13,6415.TW,6415,矽力*-KY,92,neutral,0.0192061459667094,1.9206145966709445,bullish_cluster_4_rep_3,bullish,4,2025-01-15,2449.TW,0.49954216121300166,0.6668702126995119,False,0.29246802062418453,50
2022-12-07,2615.TW,2615,萬海,59,neutral,0.0028944223162554,0.2894422316255474,bullish_cluster_4_rep_3,bullish,4,2025-01-15,2449.TW,0.5006933958254236,0.6663586331370319,False,0.29246802062418453,51
2024-11-13,3036.TW,3036,文曄,68,neutral,0.0412844036697248,4.128440366972486,bullish_cluster_4_rep_3,bullish,4,2025-01-15,2449.TW,0.5029111309576603,0.6653753368389762,False,0.29246802062418453,52
2022-12-20,6789.TW,6789,采鈺,96,neutral,0.0100250626566416,1.0025062656641603,bullish_cluster_4_rep_3,bullish,4,2025-01-15,2449.TW,0.5034063361921747,0.6651561696439291,False,0.29246802062418453,53
2024-11-28,6415.TW,6415,矽力*-KY,92,neutral,0.0206561360874848,2.0656136087484844,bullish_cluster_4_rep_3,bullish,4,2025-01-15,2449.TW,0.5035324303240847,0.6651003861515984,False,0.29246802062418453,54
2022-12-08,2615.TW,2615,萬海,59,neutral,0.024781408388486,2.478140838848608,bullish_cluster_4_rep_3,bullish,4,2025-01-15,2449.TW,0.5045156307117403,0.6646657433043289,False,0.29246802062418453,55
2025-01-03,3661.TW,3661,世芯-KY,56,neutral,0.0267111853088479,2.6711185308847973,bullish_cluster_4_rep_3,bullish,4,2025-01-15,2449.TW,0.5046574793918859,0.6646030832240667,False,0.29246802062418453,56
2021-10-13,2492.TW,2492,華新科,100,neutral,0.0324909747292418,3.249097472924189,bullish_cluster_4_rep_3,bullish,4,2025-01-15,2449.TW,0.5063962887391135,0.6638359424245672,False,0.29246802062418453,57
2020-03-23,2912.TW,2912,統一超,74,bullish,0.0509433962264151,5.094339622641519,bullish_cluster_4_rep_3,bullish,4,2025-01-15,2449.TW,0.5067225249475459,0.6636922083811109,True,0.29246802062418453,58
2023-11-27,3661.TW,3661,世芯-KY,56,bullish,0.0542372881355932,5.423728813559325,bullish_cluster_4_rep_3,bullish,4,2025-01-15,2449.TW,0.5069860940346294,0.6635761298385416,True,0.29246802062418453,59
2021-11-24,6415.TW,6415,矽力*-KY,92,neutral,-0.0175824175824176,-1.758241758241763,bullish_cluster_4_rep_3,bullish,4,2025-01-15,2449.TW,0.5077400013855351,0.6632443253353043,False,0.29246802062418453,60
2018-10-26,1519.TW,1519,華城,66,bullish,0.0688622558780727,6.886225587807271,bullish_cluster_4_rep_3,bullish,4,2025-01-15,2449.TW,0.5093721525359727,0.6625271297869444,True,0.29246802062418453,61
2023-12-21,3044.TW,3044,健鼎,65,neutral,0.0077519379844961,0.7751937984496138,bullish_cluster_4_rep_3,bullish,4,2025-01-15,2449.TW,0.5101843919183489,0.6621707954018287,False,0.29246802062418453,62
2018-10-02,2379.TW,2379,瑞昱,53,bearish,-0.0972762645914396,-9.727626459143968,bullish_cluster_4_rep_3,bullish,4,2025-01-15,2449.TW,0.510196012553931,0.6621657001390664,False,0.29246802062418453,63
2023-10-13,6515.TW,6515,穎崴,73,neutral,-0.0200927357032457,-2.0092735703245768,bullish_cluster_4_rep_3,bullish,4,2025-01-15,2449.TW,0.5116607505233066,0.6615240884264674,False,0.29246802062418453,64
2022-10-13,6770.TW,6770,力積電,55,bullish,0.1094619210418554,10.946192104185547,bullish_cluster_4_rep_3,bullish,4,2025-01-15,2449.TW,0.5130592995202081,0.6609126293444681,True,0.29246802062418453,65
2023-10-17,6213.TW,6213,聯茂,81,bearish,-0.0730011915292683,-7.300119152926832,bullish_cluster_4_rep_3,bullish,4,2025-01-15,2449.TW,0.5151555974259028,0.6599982217660678,False,0.29246802062418453,66
2022-12-22,6531.TW,6531,愛普*,95,neutral,0.0147058823529411,1.4705882352941124,bullish_cluster_4_rep_3,bullish,4,2025-01-15,2449.TW,0.5159551881897457,0.6596501056169968,False,0.29246802062418453,67
2018-08-08,6213.TW,6213,聯茂,81,neutral,-0.0169732176722859,-1.697321767228599,bullish_cluster_4_rep_3,bullish,4,2025-01-15,2449.TW,0.5165972777433115,0.6593708261747605,False,0.29246802062418453,68
2019-01-18,6415.TW,6415,矽力*-KY,92,bullish,0.1476190476190475,14.761904761904754,bullish_cluster_4_rep_3,bullish,4,2025-01-15,2449.TW,0.5167793477271299,0.6592916771305493,True,0.29246802062418453,69
2018-10-05,6531.TW,6531,愛普*,95,bearish,-0.1181911576496321,-11.819115764963218,bullish_cluster_4_rep_3,bullish,4,2025-01-15,2449.TW,0.5174583865640177,0.6589966544415764,False,0.29246802062418453,70
2022-05-13,3481.TW,3481,群創,52,bullish,0.0594795750424335,5.947957504243351,bullish_cluster_4_rep_3,bullish,4,2025-01-15,2449.TW,0.5176526934790838,0.6589122823006289,True,0.29246802062418453,71
2020-09-25,6139.TW,6139,亞翔,85,neutral,0.0114942790916772,1.1494279091677218,bullish_cluster_4_rep_3,bullish,4,2025-01-15,2449.TW,0.5198312442980902,0.6579677867208436,False,0.29246802062418453,72
2018-08-08,3532.TW,3532,台勝科,98,bearish,-0.0970149253731342,-9.701492537313428,bullish_cluster_4_rep_3,bullish,4,2025-01-15,2449.TW,0.5202841395327954,0.6577717769964463,False,0.29246802062418453,73
2023-08-04,6805.TW,6805,富世達,93,bullish,0.0724233983286908,7.242339832869082,bullish_cluster_4_rep_3,bullish,4,2025-01-15,2449.TW,0.5218180570268209,0.6571087755087504,True,0.29246802062418453,74
2025-09-26,2449.TW,2449,京元電子,57,bullish,0.0771703259056397,7.717032590563977,bullish_cluster_4_rep_3,bullish,4,2025-01-15,2449.TW,0.5218507595073948,0.6570946551445611,True,0.29246802062418453,75
2023-11-01,1590.TW,1590,亞德客-KY,64,bullish,0.0735294117647058,7.352941176470584,bullish_cluster_4_rep_3,bullish,4,2025-01-15,2449.TW,0.5221730284518429,0.6569555374510021,True,0.29246802062418453,76
2025-01-13,2609.TW,2609,陽明,77,neutral,-0.0014305933038366,-0.1430593303836658,bullish_cluster_4_rep_3,bullish,4,2025-01-15,2449.TW,0.5222532704468054,0.6569209075875292,False,0.29246802062418453,77
2024-11-14,6415.TW,6415,矽力*-KY,92,neutral,-0.0167037861915367,-1.6703786191536785,bullish_cluster_4_rep_3,bullish,4,2025-01-15,2449.TW,0.5224578610929765,0.6568326293655821,False,0.29246802062418453,78
2023-10-31,2356.TW,2356,英業達,71,neutral,0.0323382888653829,3.2338288865382925,bullish_cluster_4_rep_3,bullish,4,2025-01-15,2449.TW,0.5225490709876732,0.6567932811198676,False,0.29246802062418453,79
2023-07-04,6919.TW,6919,康霈*,97,neutral,-0.042042007575701,-4.204200757570109,bullish_cluster_4_rep_3,bullish,4,2025-01-15,2449.TW,0.5225925277965153,0.6567745353690869,False,0.29246802062418453,80
2023-09-01,3044.TW,3044,健鼎,65,bullish,0.076086956521739,7.608695652173902,bullish_cluster_4_rep_3,bullish,4,2025-01-15,2449.TW,0.5229225626780819,0.6566322047533955,True,0.29246802062418453,81
2023-08-02,6789.TW,6789,采鈺,96,neutral,-0.0160183066361555,-1.6018306636155557,bullish_cluster_4_rep_3,bullish,4,2025-01-15,2449.TW,0.5246385459126012,0.6558931641082385,False,0.29246802062418453,82
2025-12-16,3661.TW,3661,世芯-KY,56,bullish,0.0663349917081259,6.633499170812596,bullish_cluster_4_rep_3,bullish,4,2025-01-15,2449.TW,0.5253304367892621,0.6555956505430691,True,0.29246802062418453,83
2022-06-15,3532.TW,3532,台勝科,98,bearish,-0.1331877729257642,-13.318777292576424,bullish_cluster_4_rep_3,bullish,4,2025-01-15,2449.TW,0.525699907128853,0.6554368885568432,False,0.29246802062418453,84
2023-12-06,6531.TW,6531,愛普*,95,neutral,-0.0148911798396333,-1.4891179839633395,bullish_cluster_4_rep_3,bullish,4,2025-01-15,2449.TW,0.5265403370440347,0.6550760407264324,False,0.29246802062418453,85
2024-03-11,6213.TW,6213,聯茂,81,neutral,-0.0307692127114922,-3.0769212711492244,bullish_cluster_4_rep_3,bullish,4,2025-01-15,2449.TW,0.5276125313424297,0.6546162586930494,False,0.29246802062418453,86
2021-09-23,3532.TW,3532,台勝科,98,neutral,-0.0494186046511627,-4.941860465116276,bullish_cluster_4_rep_3,bullish,4,2025-01-15,2449.TW,0.5282667525699135,0.6543360302240516,False,0.29246802062418453,87
2025-03-12,1519.TW,1519,華城,66,neutral,-0.0220182883284527,-2.201828832845276,bullish_cluster_4_rep_3,bullish,4,2025-01-15,2449.TW,0.5288596706627414,0.6540822674500352,False,0.29246802062418453,88
2020-09-25,2376.TW,2376,技嘉,70,neutral,0.0013262396829896,0.1326239682989616,bullish_cluster_4_rep_3,bullish,4,2025-01-15,2449.TW,0.5303083159710572,0.6534630894725616,False,0.29246802062418453,89
2024-03-08,6213.TW,6213,聯茂,81,neutral,-0.0467836257309941,-4.678362573099415,bullish_cluster_4_rep_3,bullish,4,2025-01-15,2449.TW,0.5311274621784444,0.6531134897007389,False,0.29246802062418453,90
2022-12-20,6531.TW,6531,愛普*,95,neutral,-0.0116279069767442,-1.162790697674421,bullish_cluster_4_rep_3,bullish,4,2025-01-15,2449.TW,0.5313172387523541,0.6530325491631984,False,0.29246802062418453,91
2022-08-08,3661.TW,3661,世芯-KY,56,bullish,0.0621019108280254,6.210191082802541,bullish_cluster_4_rep_3,bullish,4,2025-01-15,2449.TW,0.5315320834105828,0.6529409411868741,True,0.29246802062418453,92
2023-04-21,6789.TW,6789,采鈺,96,neutral,-0.0374449339207048,-3.74449339207048,bullish_cluster_4_rep_3,bullish,4,2025-01-15,2449.TW,0.5322187236980883,0.6526483357326744,False,0.29246802062418453,93
2022-04-28,2615.TW,2615,萬海,59,neutral,0.0457746657273341,4.577466572733413,bullish_cluster_4_rep_3,bullish,4,2025-01-15,2449.TW,0.5323734479611373,0.6525824376104441,False,0.29246802062418453,94
2021-08-13,2379.TW,2379,瑞昱,53,neutral,-0.0461254612546125,-4.612546125461259,bullish_cluster_4_rep_3,bullish,4,2025-01-15,2449.TW,0.5324506008471788,0.6525495826404935,False,0.29246802062418453,95
2023-02-02,6531.TW,6531,愛普*,95,neutral,0.044967880085653,4.4967880085653,bullish_cluster_5_rep_1,bullish,5,2024-06-28,6919.TW,0.4458601952233331,0.6916298016251399,False,0.1814330285225069,1
2024-03-07,2404.TW,2404,漢唐,79,bullish,0.1101813110181311,11.018131101813111,bullish_cluster_5_rep_1,bullish,5,2024-06-28,6919.TW,0.45659687785340114,0.6865317475303863,True,0.1814330285225069,2
2020-04-30,3661.TW,3661,世芯-KY,56,bearish,-0.0799319727891156,-7.993197278911568,bullish_cluster_5_rep_1,bullish,5,2024-06-28,6919.TW,0.49221408879668893,0.670145126967936,False,0.1814330285225069,3
2025-02-18,6515.TW,6515,穎崴,73,neutral,-0.0277777777777777,-2.777777777777779,bullish_cluster_5_rep_1,bullish,5,2024-06-28,6919.TW,0.516601704020663,0.6593689017682757,False,0.1814330285225069,4
2025-09-17,6770.TW,6770,力積電,55,neutral,0.0465686657207835,4.656866572078355,bullish_cluster_5_rep_1,bullish,5,2024-06-28,6919.TW,0.5600300274484873,0.6410133025679984,False,0.1814330285225069,5
2018-12-03,3533.TW,3533,嘉澤,82,bearish,-0.0839160949558321,-8.391609495583218,bullish_cluster_5_rep_1,bullish,5,2024-06-28,6919.TW,0.5867393533759058,0.6302232297147139,False,0.1814330285225069,6
2025-06-11,6805.TW,6805,富世達,93,neutral,0.036697247706422,3.669724770642202,bullish_cluster_5_rep_1,bullish,5,2024-06-28,6919.TW,0.6040518446589267,0.6234212462207743,False,0.1814330285225069,7
2024-04-11,6515.TW,6515,穎崴,73,bearish,-0.0995575221238938,-9.95575221238938,bullish_cluster_5_rep_1,bullish,5,2024-06-28,6919.TW,0.6060115267919727,0.6226605371864995,False,0.1814330285225069,8
2025-06-18,6919.TW,6919,康霈*,97,bullish,0.0555555555555555,5.555555555555558,bullish_cluster_5_rep_1,bullish,5,2024-06-28,6919.TW,0.6096485672294879,0.6212536204229913,True,0.1814330285225069,9
2020-07-06,3034.TW,3034,聯詠,58,neutral,0.0106571936056838,1.0657193605683846,bullish_cluster_5_rep_1,bullish,5,2024-06-28,6919.TW,0.617287179799093,0.6183193761074793,False,0.1814330285225069,10
2021-03-15,6805.TW,6805,富世達,93,bearish,-0.0704225817886728,-7.042258178867289,bullish_cluster_5_rep_1,bullish,5,2024-06-28,6919.TW,0.6200210037516506,0.6172759474625307,False,0.1814330285225069,11
2019-08-22,2313.TW,2313,華通,60,bearish,-0.0609756111744115,-6.097561117441153,bullish_cluster_5_rep_1,bullish,5,2024-06-28,6919.TW,0.6279911189728848,0.6142539651143242,False,0.1814330285225069,12
2018-05-14,1605.TW,1605,華新,88,bearish,-0.0618762762639937,-6.187627626399372,bullish_cluster_5_rep_1,bullish,5,2024-06-28,6919.TW,0.6332327938970576,0.6122825868649745,False,0.1814330285225069,13
2024-01-10,6805.TW,6805,富世達,93,bullish,0.0911016949152543,9.110169491525433,bullish_cluster_5_rep_1,bullish,5,2024-06-28,6919.TW,0.6374053941444017,0.6107223071184109,True,0.1814330285225069,14
2025-06-18,1519.TW,1519,華城,66,neutral,-0.038655474179849,-3.8655474179849048,bullish_cluster_5_rep_1,bullish,5,2024-06-28,6919.TW,0.6508407796649999,0.605751937023828,False,0.1814330285225069,15
2024-01-17,3036.TW,3036,文曄,68,bullish,0.0612244897959184,6.122448979591844,bullish_cluster_5_rep_1,bullish,5,2024-06-28,6919.TW,0.6541120874898974,0.6045539522762889,True,0.1814330285225069,16
2020-12-02,3481.TW,3481,群創,52,bullish,0.0675105757561218,6.751057575612185,bullish_cluster_5_rep_1,bullish,5,2024-06-28,6919.TW,0.6583866024158711,0.6029957059127469,True,0.1814330285225069,17
2018-12-21,2404.TW,2404,漢唐,79,bearish,-0.0815678437836235,-8.156784378362358,bullish_cluster_5_rep_1,bullish,5,2024-06-28,6919.TW,0.658457165813888,0.6029700498832298,False,0.1814330285225069,18
2024-08-23,6415.TW,6415,矽力*-KY,92,neutral,-0.0342741935483871,-3.427419354838712,bullish_cluster_5_rep_1,bullish,5,2024-06-28,6919.TW,0.6668119738869082,0.5999476939609801,False,0.1814330285225069,19
2025-05-19,2404.TW,2404,漢唐,79,neutral,0.0109090909090909,1.090909090909098,bullish_cluster_5_rep_1,bullish,5,2024-06-28,6919.TW,0.6722625069013418,0.597992238582789,False,0.1814330285225069,20
2025-07-18,3661.TW,3661,世芯-KY,56,neutral,-0.0267175572519083,-2.6717557251908386,bullish_cluster_5_rep_1,bullish,5,2024-06-28,6919.TW,0.6733982044318113,0.5975863947694039,False,0.1814330285225069,21
2023-05-18,2207.TW,2207,和泰車,63,neutral,-0.0416184393657416,-4.1618439365741615,bullish_cluster_5_rep_1,bullish,5,2024-06-28,6919.TW,0.6872368324320712,0.592685022504249,False,0.1814330285225069,22
2024-06-11,6919.TW,6919,康霈*,97,neutral,-0.0061538305038061,-0.6153830503806135,bullish_cluster_5_rep_1,bullish,5,2024-06-28,6919.TW,0.687475576376824,0.592601169462315,False,0.1814330285225069,23
2021-04-08,1590.TW,1590,亞德客-KY,64,bearish,-0.0851063449619324,-8.510634496193248,bullish_cluster_5_rep_1,bullish,5,2024-06-28,6919.TW,0.6939280726246542,0.59034383818349,False,0.1814330285225069,24
2022-11-15,1605.TW,1605,華新,88,bearish,-0.0961736888920586,-9.617368889205869,bullish_cluster_5_rep_1,bullish,5,2024-06-28,6919.TW,0.6966491850961546,0.5893970355122805,False,0.1814330285225069,25
2024-05-09,3044.TW,3044,健鼎,65,bearish,-0.0756302521008402,-7.563025210084029,bullish_cluster_5_rep_1,bullish,5,2024-06-28,6919.TW,0.703116366646655,0.5871589396847536,False,0.1814330285225069,26
2019-05-07,2379.TW,2379,瑞昱,53,neutral,-0.0301075268817204,-3.010752688172047,bullish_cluster_5_rep_1,bullish,5,2024-06-28,6919.TW,0.7066142469757167,0.5859554974254406,False,0.1814330285225069,27
2023-06-07,2376.TW,2376,技嘉,70,bullish,0.0824053452115813,8.24053452115814,bullish_cluster_5_rep_1,bullish,5,2024-06-28,6919.TW,0.7072634813707277,0.5857326715599399,True,0.1814330285225069,28
2022-11-14,5871.TW,5871,中租-KY,78,neutral,-0.0236842080058831,-2.368420800588311,bullish_cluster_5_rep_1,bullish,5,2024-06-28,6919.TW,0.7104986034533728,0.5846248561566039,False,0.1814330285225069,29
2019-12-31,2492.TW,2492,華新科,100,bullish,0.0564853556485356,5.648535564853563,bullish_cluster_5_rep_1,bullish,5,2024-06-28,6919.TW,0.7105316654325943,0.5846135562460338,True,0.1814330285225069,30
2019-09-20,3661.TW,3661,世芯-KY,56,neutral,-0.0335365853658536,-3.353658536585369,bullish_cluster_5_rep_1,bullish,5,2024-06-28,6919.TW,0.7152617843709622,0.5830013873752395,False,0.1814330285225069,31
2023-05-17,2207.TW,2207,和泰車,63,neutral,0.0282555953411811,2.825559534118116,bullish_cluster_5_rep_1,bullish,5,2024-06-28,6919.TW,0.7183598367837166,0.5819502868920151,False,0.1814330285225069,32
2020-10-26,2609.TW,2609,陽明,77,neutral,-0.041322312746842,-4.132231274684206,bullish_cluster_5_rep_1,bullish,5,2024-06-28,6919.TW,0.7185992359302531,0.5818692218018556,False,0.1814330285225069,33
2024-01-11,6805.TW,6805,富世達,93,bullish,0.0625641025641026,6.256410256410261,bullish_cluster_5_rep_1,bullish,5,2024-06-28,6919.TW,0.718669693994327,0.5818453676668489,True,0.1814330285225069,34
2022-01-11,3036.TW,3036,文曄,68,neutral,0.014285745952532,1.428574595253207,bullish_cluster_5_rep_1,bullish,5,2024-06-28,6919.TW,0.7193224015725391,0.5816244812987795,False,0.1814330285225069,35
2023-06-09,2376.TW,2376,技嘉,70,neutral,0.0083160083160083,0.8316008316008316,bullish_cluster_5_rep_1,bullish,5,2024-06-28,6919.TW,0.7245445039321157,0.579863261121943,False,0.1814330285225069,36
2020-06-05,3481.TW,3481,群創,52,bullish,0.0578946923710161,5.789469237101619,bullish_cluster_5_rep_1,bullish,5,2024-06-28,6919.TW,0.7261318149053017,0.579330032251831,True,0.1814330285225069,37
2023-04-17,6805.TW,6805,富世達,93,bearish,-0.1047008547008546,-10.470085470085468,bullish_cluster_5_rep_1,bullish,5,2024-06-28,6919.TW,0.7295139446863123,0.5781971305130895,False,0.1814330285225069,38
2024-05-28,2615.TW,2615,萬海,59,bearish,-0.0839080810546875,-8.39080810546875,bullish_cluster_5_rep_1,bullish,5,2024-06-28,6919.TW,0.7380508948199888,0.5753571445924608,False,0.1814330285225069,39
2020-06-10,2207.TW,2207,和泰車,63,neutral,-0.0073099662707958,-0.7309966270795831,bullish_cluster_5_rep_1,bullish,5,2024-06-28,6919.TW,0.743453834410797,0.5735741206694766,False,0.1814330285225069,40
2020-09-04,2409.TW,2409,友達,80,neutral,0.0,0.0,bullish_cluster_5_rep_1,bullish,5,2024-06-28,6919.TW,0.7440063566996964,0.5733924054568064,False,0.1814330285225069,41
2023-07-21,3661.TW,3661,世芯-KY,56,neutral,-0.0336322869955156,-3.363228699551568,bullish_cluster_5_rep_1,bullish,5,2024-06-28,6919.TW,0.7450972321592932,0.5730339728764864,False,0.1814330285225069,42
2025-05-16,2404.TW,2404,漢唐,79,neutral,0.0277777777777776,2.777777777777768,bullish_cluster_5_rep_1,bullish,5,2024-06-28,6919.TW,0.7454318572654252,0.5729241137873488,False,0.1814330285225069,43
2024-01-09,6805.TW,6805,富世達,93,bullish,0.1212814645308923,12.12814645308924,bullish_cluster_5_rep_1,bullish,5,2024-06-28,6919.TW,0.7459546372664493,0.5727525667938591,True,0.1814330285225069,44
2024-11-25,6919.TW,6919,康霈*,97,neutral,-0.0084602371050642,-0.8460237105064272,bullish_cluster_5_rep_1,bullish,5,2024-06-28,6919.TW,0.7484075713120981,0.5719490217315558,False,0.1814330285225069,45
2023-12-14,6239.TW,6239,力成,76,neutral,-0.0067340067340067,-0.6734006734006703,bullish_cluster_5_rep_1,bullish,5,2024-06-28,6919.TW,0.7500681682616578,0.5714063132713851,False,0.1814330285225069,46
2021-04-19,1605.TW,1605,華新,88,neutral,-0.0191897749860422,-1.918977498604224,bullish_cluster_5_rep_1,bullish,5,2024-06-28,6919.TW,0.7513858978610115,0.5709763914516566,False,0.1814330285225069,47
2024-05-09,2615.TW,2615,萬海,59,bullish,0.1793103711358432,17.931037113584324,bullish_cluster_5_rep_1,bullish,5,2024-06-28,6919.TW,0.7516187348959453,0.5709004933995553,True,0.1814330285225069,48
2019-11-14,6415.TW,6415,矽力*-KY,92,bearish,-0.1083743842364531,-10.83743842364532,bullish_cluster_5_rep_1,bullish,5,2024-06-28,6919.TW,0.7557911933732315,0.5695438066748683,False,0.1814330285225069,49
2021-04-21,2618.TW,2618,長榮航,72,neutral,-0.0078739960387218,-0.7873996038721853,bullish_cluster_5_rep_1,bullish,5,2024-06-28,6919.TW,0.7561402227373685,0.569430610980061,False,0.1814330285225069,50
2020-06-05,2409.TW,2409,友達,80,bullish,0.0680045296660982,6.800452966609827,bullish_cluster_5_rep_1,bullish,5,2024-06-28,6919.TW,0.7574529526219597,0.5690052746550575,True,0.1814330285225069,51
2024-02-29,1590.TW,1590,亞德客-KY,64,bearish,-0.0785123966942148,-7.851239669421483,bullish_cluster_5_rep_1,bullish,5,2024-06-28,6919.TW,0.7589834148664237,0.568510192619377,False,0.1814330285225069,52
2024-06-27,6919.TW,6919,康霈*,97,bullish,0.2262521265783721,22.625212657837213,bullish_cluster_5_rep_1,bullish,5,2024-06-28,6919.TW,0.7590964494899765,0.568473661742615,True,0.1814330285225069,53
2023-01-31,1605.TW,1605,華新,88,neutral,0.0,0.0,bullish_cluster_5_rep_1,bullish,5,2024-06-28,6919.TW,0.7652565982781484,0.5664898808339884,False,0.1814330285225069,54
2020-04-09,2618.TW,2618,長榮航,72,neutral,-0.0096618722496634,-0.9661872249663416,bullish_cluster_5_rep_1,bullish,5,2024-06-28,6919.TW,0.770934385784199,0.564673659299457,False,0.1814330285225069,55
2023-10-06,1519.TW,1519,華城,66,bearish,-0.0715473819431362,-7.154738194313626,bullish_cluster_5_rep_1,bullish,5,2024-06-28,6919.TW,0.7710428155150001,0.5646390879089,False,0.1814330285225069,56
2019-09-23,3661.TW,3661,世芯-KY,56,neutral,-0.0457317073170732,-4.573170731707322,bullish_cluster_5_rep_1,bullish,5,2024-06-28,6919.TW,0.7718500461896514,0.5643818460543496,False,0.1814330285225069,57
2021-02-03,6805.TW,6805,富世達,93,neutral,0.0210526945215028,2.1052694521502824,bullish_cluster_5_rep_1,bullish,5,2024-06-28,6919.TW,0.7750497435464242,0.5633644936631863,False,0.1814330285225069,58
2019-01-17,6531.TW,6531,愛普*,95,neutral,0.0222221913963858,2.222219139638581,bullish_cluster_5_rep_1,bullish,5,2024-06-28,6919.TW,0.7760522883871963,0.5630464860401624,False,0.1814330285225069,59
2020-06-22,3661.TW,3661,世芯-KY,56,bullish,0.1632183908045976,16.321839080459768,bullish_cluster_5_rep_1,bullish,5,2024-06-28,6919.TW,0.7770410142112757,0.5627332132476646,True,0.1814330285225069,60
2021-11-10,3532.TW,3532,台勝科,98,neutral,0.0,0.0,bullish_cluster_5_rep_1,bullish,5,2024-06-28,6919.TW,0.7775755490521198,0.5625639937122465,False,0.1814330285225069,61
2023-11-24,6789.TW,6789,采鈺,96,bullish,0.0628366247755833,6.283662477558338,bullish_cluster_5_rep_1,bullish,5,2024-06-28,6919.TW,0.7776998785812403,0.562524648872726,True,0.1814330285225069,62
2021-12-08,3532.TW,3532,台勝科,98,neutral,-0.0201342281879194,-2.0134228187919434,bullish_cluster_5_rep_1,bullish,5,2024-06-28,6919.TW,0.7787212578124467,0.5622016353646361,False,0.1814330285225069,63
2025-06-19,6919.TW,6919,康霈*,97,bullish,0.0630252100840336,6.302521008403361,bullish_cluster_5_rep_1,bullish,5,2024-06-28,6919.TW,0.779844265787433,0.5618469094303501,True,0.1814330285225069,64
2025-02-17,3532.TW,3532,台勝科,98,neutral,0.0240838015890869,2.408380158908696,bullish_cluster_5_rep_1,bullish,5,2024-06-28,6919.TW,0.7801171816167582,0.5617607707666574,False,0.1814330285225069,65
2023-04-14,6805.TW,6805,富世達,93,bullish,0.0526315789473683,5.263157894736836,bullish_cluster_5_rep_1,bullish,5,2024-06-28,6919.TW,0.7884134794646218,0.5591548103849896,True,0.1814330285225069,66
2023-04-10,6919.TW,6919,康霈*,97,neutral,-0.0036629705866169,-0.3662970586616909,bullish_cluster_5_rep_1,bullish,5,2024-06-28,6919.TW,0.793890378775919,0.5574476633752622,False,0.1814330285225069,67
2020-12-04,2337.TW,2337,旺宏,67,neutral,-0.0137614333742974,-1.3761433374297471,bullish_cluster_5_rep_1,bullish,5,2024-06-28,6919.TW,0.7942575084269686,0.5573336019514297,False,0.1814330285225069,68
2025-02-20,1519.TW,1519,華城,66,neutral,0.025682190596687,2.568219059668708,bullish_cluster_5_rep_1,bullish,5,2024-06-28,6919.TW,0.794284280533933,0.5573252861037302,False,0.1814330285225069,69
2020-10-07,2615.TW,2615,萬海,59,neutral,0.0245398639814529,2.4539863981452914,bullish_cluster_5_rep_1,bullish,5,2024-06-28,6919.TW,0.8006607010131913,0.5553517103123995,False,0.1814330285225069,70
2023-07-25,6213.TW,6213,聯茂,81,neutral,-0.0488941152855672,-4.889411528556719,bullish_cluster_5_rep_1,bullish,5,2024-06-28,6919.TW,0.8012261275077159,0.5551773787468094,False,0.1814330285225069,71
2025-05-26,6213.TW,6213,聯茂,81,neutral,-0.0145577044493978,-1.4557704449397857,bullish_cluster_5_rep_1,bullish,5,2024-06-28,6919.TW,0.8100595657178866,0.5524680065450722,False,0.1814330285225069,72
2024-02-15,6919.TW,6919,康霈*,97,neutral,-0.0391389444172464,-3.913894441724641,bullish_cluster_5_rep_1,bullish,5,2024-06-28,6919.TW,0.8128749763226926,0.5516100189260925,False,0.1814330285225069,73
2023-03-02,6139.TW,6139,亞翔,85,neutral,-0.0163220639418198,-1.6322063941819898,bullish_cluster_5_rep_1,bullish,5,2024-06-28,6919.TW,0.8160177396559297,0.5506554138559594,False,0.1814330285225069,74
2019-11-12,6415.TW,6415,矽力*-KY,92,neutral,0.0093652445369407,0.9365244536940764,bullish_cluster_5_rep_1,bullish,5,2024-06-28,6919.TW,0.816421159249834,0.5505331155760106,False,0.1814330285225069,75
2025-10-09,6139.TW,6139,亞翔,85,neutral,0.0403690888119954,4.036908881199541,bullish_cluster_5_rep_1,bullish,5,2024-06-28,6919.TW,0.8196750125120178,0.5495486793652917,False,0.1814330285225069,76
2023-02-01,1605.TW,1605,華新,88,neutral,-0.0128204572857993,-1.2820457285799391,bullish_cluster_5_rep_1,bullish,5,2024-06-28,6919.TW,0.8197323978023409,0.5495313493388823,False,0.1814330285225069,77
2023-05-18,2376.TW,2376,技嘉,70,neutral,0.0031347962382444,0.3134796238244419,bullish_cluster_5_rep_1,bullish,5,2024-06-28,6919.TW,0.8205050216488173,0.5492981277768231,False,0.1814330285225069,78
2022-08-15,3661.TW,3661,世芯-KY,56,neutral,0.044155844155844,4.415584415584406,bullish_cluster_5_rep_1,bullish,5,2024-06-28,6919.TW,0.8227762226841128,0.5486136957214962,False,0.1814330285225069,79
2024-04-12,6515.TW,6515,穎崴,73,bearish,-0.0934479054779806,-9.344790547798066,bullish_cluster_5_rep_1,bullish,5,2024-06-28,6919.TW,0.823373068478679,0.5484341176731016,False,0.1814330285225069,80
2022-11-24,6531.TW,6531,愛普*,95,bearish,-0.0679156908665105,-6.79156908665105,bullish_cluster_5_rep_1,bullish,5,2024-06-28,6919.TW,0.8258169229277911,0.5477000390578309,False,0.1814330285225069,81
2023-06-02,1519.TW,1519,華城,66,neutral,-0.018987341365377,-1.8987341365377053,bullish_cluster_5_rep_1,bullish,5,2024-06-28,6919.TW,0.8260397193620975,0.5476332137777028,False,0.1814330285225069,82
2023-11-07,3036.TW,3036,文曄,68,bearish,-0.0673400409537455,-6.734004095374557,bullish_cluster_5_rep_1,bullish,5,2024-06-28,6919.TW,0.8270042799095937,0.5473440927294836,False,0.1814330285225069,83
2022-11-18,2376.TW,2376,技嘉,70,bearish,-0.0663716814159292,-6.63716814159292,bullish_cluster_5_rep_1,bullish,5,2024-06-28,6919.TW,0.8304614549096558,0.5463103291892896,False,0.1814330285225069,84
2025-08-18,6919.TW,6919,康霈*,97,bullish,0.219435736677116,21.943573667711604,bullish_cluster_5_rep_1,bullish,5,2024-06-28,6919.TW,0.8304978909560167,0.5462994548864126,True,0.1814330285225069,85
2025-10-31,1519.TW,1519,華城,66,bullish,0.0979020808293269,9.790208082932692,bullish_cluster_5_rep_1,bullish,5,2024-06-28,6919.TW,0.8310521161997647,0.5461341002545783,True,0.1814330285225069,86
2020-04-08,1802.TW,1802,台玻,86,neutral,0.0181597596094229,1.8159759609422956,bullish_cluster_5_rep_1,bullish,5,2024-06-28,6919.TW,0.8317729292794475,0.5459191933758751,False,0.1814330285225069,87
2025-02-14,1605.TW,1605,華新,88,neutral,0.0156522004500678,1.5652200450067877,bullish_cluster_5_rep_1,bullish,5,2024-06-28,6919.TW,0.8329355349021195,0.5455729243927834,False,0.1814330285225069,88
2018-05-02,3661.TW,3661,世芯-KY,56,bearish,-0.0899653979238754,-8.996539792387548,bullish_cluster_5_rep_1,bullish,5,2024-06-28,6919.TW,0.8336179177636611,0.5453698888477442,False,0.1814330285225069,89
2021-12-07,2615.TW,2615,萬海,59,bullish,0.1020941828763832,10.209418287638329,bullish_cluster_5_rep_1,bullish,5,2024-06-28,6919.TW,0.8348442608434807,0.5450053834761422,True,0.1814330285225069,90
2019-06-21,3532.TW,3532,台勝科,98,neutral,-0.012,-1.200000000000001,bullish_cluster_5_rep_1,bullish,5,2024-06-28,6919.TW,0.83515638111774,0.5449126898880025,False,0.1814330285225069,91
2023-12-13,6239.TW,6239,力成,76,bullish,0.1,10.000000000000009,bullish_cluster_5_rep_1,bullish,5,2024-06-28,6919.TW,0.8355422207959963,0.5447981466568187,True,0.1814330285225069,92
2018-05-10,2376.TW,2376,技嘉,70,neutral,0.0407894536068564,4.0789453606856485,bullish_cluster_5_rep_1,bullish,5,2024-06-28,6919.TW,0.8369802108984256,0.5443716780764463,False,0.1814330285225069,93
2025-05-22,7750.TW,7750,新代,91,neutral,-0.0031746031746031,-0.3174603174603163,bullish_cluster_5_rep_1,bullish,5,2024-06-28,6919.TW,0.8383517045332348,0.5439655521487409,False,0.1814330285225069,94
2025-09-17,3533.TW,3533,嘉澤,82,neutral,-0.0497076023391812,-4.970760233918126,bullish_cluster_5_rep_1,bullish,5,2024-06-28,6919.TW,0.8392625495035113,0.5436961679396664,False,0.1814330285225069,95
2023-11-29,2313.TW,2313,華通,60,neutral,-0.0254010888818306,-2.540108888183068,bullish_cluster_5_rep_2,bullish,5,2021-04-19,1802.TW,0.6009012367397641,0.6246481525846656,False,0.0,1
2021-11-09,2376.TW,2376,技嘉,70,neutral,-0.0073260073260073,-0.73260073260073,bullish_cluster_5_rep_2,bullish,5,2021-04-19,1802.TW,0.6287545989890481,0.6139660330787033,False,0.0,2
2021-01-07,6531.TW,6531,愛普*,95,bullish,0.0707070707070707,7.070707070707072,bullish_cluster_5_rep_2,bullish,5,2021-04-19,1802.TW,0.6380317359237364,0.6104887824020512,True,0.0,3
2024-06-20,2449.TW,2449,京元電子,57,neutral,0.0491071712757866,4.910717127578668,bullish_cluster_5_rep_2,bullish,5,2021-04-19,1802.TW,0.6511395029983886,0.6056423446862297,False,0.0,4
2023-06-02,2376.TW,2376,技嘉,70,bullish,0.1059113300492611,10.591133004926112,bullish_cluster_5_rep_2,bullish,5,2021-04-19,1802.TW,0.6862253490088366,0.593040545018375,True,0.0,5
2020-12-03,2409.TW,2409,友達,80,bullish,0.0607142857142857,6.071428571428572,bullish_cluster_5_rep_2,bullish,5,2021-04-19,1802.TW,0.705939054346384,0.5861874124120696,True,0.0,6
2024-12-04,6805.TW,6805,富世達,93,neutral,-0.0422535211267606,-4.225352112676061,bullish_cluster_5_rep_2,bullish,5,2021-04-19,1802.TW,0.7240420057648929,0.5800322710561437,False,0.0,7
2023-11-28,2313.TW,2313,華通,60,neutral,-0.0283018673920693,-2.83018673920693,bullish_cluster_5_rep_2,bullish,5,2021-04-19,1802.TW,0.732894316265782,0.5770692364869096,False,0.0,8
2021-11-10,2376.TW,2376,技嘉,70,neutral,-0.0215827338129496,-2.1582733812949617,bullish_cluster_5_rep_2,bullish,5,2021-04-19,1802.TW,0.7384612843322211,0.5752213230242401,False,0.0,9
2024-06-19,2449.TW,2449,京元電子,57,bullish,0.0550458816735095,5.5045881673509545,bullish_cluster_5_rep_2,bullish,5,2021-04-19,1802.TW,0.7408952146955908,0.5744171111268509,True,0.0,10
2021-11-08,2615.TW,2615,萬海,59,bearish,-0.1605263432531805,-16.05263432531805,bullish_cluster_5_rep_2,bullish,5,2021-04-19,1802.TW,0.7547898162380696,0.5698688189015176,False,0.0,11
2023-11-15,1519.TW,1519,華城,66,neutral,-0.043557168516448,-4.355716851644809,bullish_cluster_5_rep_2,bullish,5,2021-04-19,1802.TW,0.7589642046562823,0.5685164015008533,False,0.0,12
2022-07-15,3533.TW,3533,嘉澤,82,neutral,-0.0099857174405065,-0.998571744050658,bullish_cluster_5_rep_2,bullish,5,2021-04-19,1802.TW,0.7664337224174803,0.5661123807302741,False,0.0,13
2025-09-15,6239.TW,6239,力成,76,neutral,-0.0099337748344371,-0.9933774834437136,bullish_cluster_5_rep_2,bullish,5,2021-04-19,1802.TW,0.7694534675789287,0.5651462546614799,False,0.0,14
2025-09-25,2324.TW,2324,仁寶,84,bearish,-0.1277472893118685,-12.774728931186852,bullish_cluster_5_rep_2,bullish,5,2021-04-19,1802.TW,0.7772909446106274,0.562654079250419,False,0.0,15
2021-02-23,2492.TW,2492,華新科,100,bearish,-0.1211072664359861,-12.110726643598612,bullish_cluster_5_rep_2,bullish,5,2021-04-19,1802.TW,0.7804394043960443,0.561659103663355,False,0.0,16
2023-11-20,6415.TW,6415,矽力*-KY,92,neutral,-0.0157384987893463,-1.57384987893463,bullish_cluster_5_rep_2,bullish,5,2021-04-19,1802.TW,0.782078201819414,0.5611426024845876,False,0.0,17
2020-05-15,3533.TW,3533,嘉澤,82,neutral,0.0228137306419575,2.281373064195757,bullish_cluster_5_rep_2,bullish,5,2021-04-19,1802.TW,0.7860063390409466,0.559908427053502,False,0.0,18
2025-07-28,1326.TW,1326,台化,51,neutral,0.0158450974994321,1.5845097499432192,bullish_cluster_5_rep_2,bullish,5,2021-04-19,1802.TW,0.7861429821467913,0.5598655930658392,False,0.0,19
2022-02-08,6805.TW,6805,富世達,93,neutral,-0.0013947001394699,-0.1394700139469962,bullish_cluster_5_rep_2,bullish,5,2021-04-19,1802.TW,0.7893981811238237,0.5588471087927196,False,0.0,20
2023-10-05,1519.TW,1519,華城,66,neutral,-0.0174216143760886,-1.742161437608869,bullish_cluster_5_rep_2,bullish,5,2021-04-19,1802.TW,0.7906929600114455,0.5584430286661809,False,0.0,21
2020-12-02,2409.TW,2409,友達,80,bullish,0.0974729241877256,9.747292418772568,bullish_cluster_5_rep_2,bullish,5,2021-04-19,1802.TW,0.7956647611585266,0.5568968226312022,True,0.0,22
2021-02-22,2492.TW,2492,華新科,100,neutral,-0.03584229390681,-3.584229390681004,bullish_cluster_5_rep_2,bullish,5,2021-04-19,1802.TW,0.7974936852470783,0.5563301880877222,False,0.0,23
2023-06-06,2376.TW,2376,技嘉,70,bullish,0.1507177033492823,15.071770334928235,bullish_cluster_5_rep_2,bullish,5,2021-04-19,1802.TW,0.7979633625886143,0.5561848593845938,True,0.0,24
2021-04-16,2376.TW,2376,技嘉,70,bearish,-0.0779220779220779,-7.792207792207795,bullish_cluster_5_rep_2,bullish,5,2021-04-19,1802.TW,0.8015145880203308,0.5550884831295714,False,0.0,25
2021-01-18,6515.TW,6515,穎崴,73,neutral,-0.0294736842105263,-2.947368421052632,bullish_cluster_5_rep_2,bullish,5,2021-04-19,1802.TW,0.8015717621248716,0.5550708670192219,False,0.0,26
2020-06-08,3481.TW,3481,群創,52,neutral,-0.0063694179699261,-0.6369417969926183,bullish_cluster_5_rep_2,bullish,5,2021-04-19,1802.TW,0.8047978442041951,0.5540786760197725,False,0.0,27
2024-03-13,6239.TW,6239,力成,76,bullish,0.0533333333333332,5.333333333333323,bullish_cluster_5_rep_2,bullish,5,2021-04-19,1802.TW,0.8048501193185318,0.5540626278583044,True,0.0,28
2019-07-16,2337.TW,2337,旺宏,67,neutral,0.0086655111505846,0.866551115058467,bullish_cluster_5_rep_2,bullish,5,2021-04-19,1802.TW,0.8055708425472514,0.5538414646689944,False,0.0,29
2021-02-26,2618.TW,2618,長榮航,72,neutral,-0.0443037848616999,-4.430378486169994,bullish_cluster_5_rep_2,bullish,5,2021-04-19,1802.TW,0.8124803901908947,0.5517301072121822,False,0.0,30
2024-09-16,6515.TW,6515,穎崴,73,bearish,-0.0699300699300699,-6.99300699300699,bullish_cluster_5_rep_2,bullish,5,2021-04-19,1802.TW,0.8160011413943999,0.5506604468498071,False,0.0,31
2022-11-21,6531.TW,6531,愛普*,95,neutral,0.0314009661835748,3.14009661835748,bullish_cluster_5_rep_2,bullish,5,2021-04-19,1802.TW,0.8175774924414292,0.5501828693184176,False,0.0,32
2018-05-21,2376.TW,2376,技嘉,70,neutral,0.0011587308294893,0.1158730829489362,bullish_cluster_5_rep_2,bullish,5,2021-04-19,1802.TW,0.820621824335239,0.5492628873462662,False,0.0,33
2021-04-28,2409.TW,2409,友達,80,bearish,-0.1784107946026986,-17.84107946026986,bullish_cluster_5_rep_2,bullish,5,2021-04-19,1802.TW,0.8214908887258046,0.5490008246483925,False,0.0,34
2022-03-04,2609.TW,2609,陽明,77,bearish,-0.0563909774436089,-5.6390977443609,bullish_cluster_5_rep_2,bullish,5,2021-04-19,1802.TW,0.8216974752330133,0.5489385661425973,False,0.0,35
2022-06-08,1590.TW,1590,亞德客-KY,64,bearish,-0.0628571428571428,-6.285714285714283,bullish_cluster_5_rep_2,bullish,5,2021-04-19,1802.TW,0.8229720734154975,0.5485547554913514,False,0.0,36
2020-01-03,2492.TW,2492,華新科,100,bearish,-0.076320939334638,-7.632093933463802,bullish_cluster_5_rep_2,bullish,5,2021-04-19,1802.TW,0.8309977972731714,0.5461503020316345,False,0.0,37
2020-07-09,2379.TW,2379,瑞昱,53,neutral,-0.0340136054421769,-3.401360544217691,bullish_cluster_5_rep_2,bullish,5,2021-04-19,1802.TW,0.8327580245260204,0.5456257654409209,False,0.0,38
2021-11-08,2618.TW,2618,長榮航,72,bullish,0.1531915055944563,15.31915055944564,bullish_cluster_5_rep_2,bullish,5,2021-04-19,1802.TW,0.8371222695351542,0.5443295836008941,True,0.0,39
2025-08-13,2404.TW,2404,漢唐,79,bullish,0.0523809523809524,5.238095238095242,bullish_cluster_5_rep_2,bullish,5,2021-04-19,1802.TW,0.8395044075337561,0.5436246827702419,True,0.0,40
2021-03-29,3481.TW,3481,群創,52,neutral,0.0070754956185716,0.7075495618571681,bullish_cluster_5_rep_2,bullish,5,2021-04-19,1802.TW,0.8423762206632819,0.5427773050826642,False,0.0,41
2021-09-27,6805.TW,6805,富世達,93,bearish,-0.074074074074074,-7.4074074074074066,bullish_cluster_5_rep_2,bullish,5,2021-04-19,1802.TW,0.8436533903707675,0.5424013023396417,False,0.0,42
2021-04-19,1605.TW,1605,華新,88,neutral,-0.0191897749860422,-1.918977498604224,bullish_cluster_5_rep_2,bullish,5,2021-04-19,1802.TW,0.8447685604856096,0.5420734185413285,False,0.0,43
2025-05-23,7750.TW,7750,新代,91,neutral,0.0,0.0,bullish_cluster_5_rep_2,bullish,5,2021-04-19,1802.TW,0.8462815863091806,0.5416291899433691,False,0.0,44
2022-02-07,6805.TW,6805,富世達,93,neutral,0.0144508670520231,1.4450867052023142,bullish_cluster_5_rep_2,bullish,5,2021-04-19,1802.TW,0.8478165938990229,0.5411792508529918,False,0.0,45
2025-08-14,2404.TW,2404,漢唐,79,neutral,0.0093896713615022,0.938967136150226,bullish_cluster_5_rep_2,bullish,5,2021-04-19,1802.TW,0.8484105623910743,0.5410053482416893,False,0.0,46
2018-07-13,3533.TW,3533,嘉澤,82,neutral,0.0126050547121985,1.260505471219853,bullish_cluster_5_rep_2,bullish,5,2021-04-19,1802.TW,0.8486120526627692,0.5409463811293368,False,0.0,47
2021-12-08,2615.TW,2615,萬海,59,neutral,0.0228426196991753,2.2842619699175337,bullish_cluster_5_rep_2,bullish,5,2021-04-19,1802.TW,0.8491372040344656,0.5407927534085574,False,0.0,48
2023-03-17,3661.TW,3661,世芯-KY,56,bullish,0.0829875518672198,8.298755186721984,bullish_cluster_5_rep_2,bullish,5,2021-04-19,1802.TW,0.852118062214822,0.5399223842157059,True,0.0,49
2020-12-10,2492.TW,2492,華新科,100,bearish,-0.051063829787234,-5.106382978723401,bullish_cluster_5_rep_2,bullish,5,2021-04-19,1802.TW,0.8534017627180833,0.5395484239388347,False,0.0,50
2020-04-28,3661.TW,3661,世芯-KY,56,bullish,0.0706319702602229,7.063197026022294,bullish_cluster_5_rep_2,bullish,5,2021-04-19,1802.TW,0.8585859054767309,0.5380434646863945,True,0.0,51
2018-05-18,2376.TW,2376,技嘉,70,neutral,0.0269953419500124,2.699534195001241,bullish_cluster_5_rep_2,bullish,5,2021-04-19,1802.TW,0.8611111122153527,0.53731343251702,False,0.0,52
2021-04-27,2409.TW,2409,友達,80,neutral,-0.0401929260450161,-4.019292604501612,bullish_cluster_5_rep_2,bullish,5,2021-04-19,1802.TW,0.8611459698271529,0.5373033691134239,False,0.0,53
2023-02-22,1519.TW,1519,華城,66,neutral,-0.0200617698696645,-2.006176986966457,bullish_cluster_5_rep_2,bullish,5,2021-04-19,1802.TW,0.8621599055084648,0.5370108104260514,False,0.0,54
2025-05-19,2615.TW,2615,萬海,59,bullish,0.1294642857142858,12.94642857142858,bullish_cluster_5_rep_2,bullish,5,2021-04-19,1802.TW,0.8632262288554167,0.5367034794343261,True,0.0,55
2021-05-27,6415.TW,6415,矽力*-KY,92,neutral,-0.0256410256410256,-2.564102564102566,bullish_cluster_5_rep_2,bullish,5,2021-04-19,1802.TW,0.8642205966594056,0.5364172039467605,False,0.0,56
2020-05-18,3533.TW,3533,嘉澤,82,neutral,0.0211179785038904,2.111797850389041,bullish_cluster_5_rep_2,bullish,5,2021-04-19,1802.TW,0.8652082824256769,0.5361331543625327,False,0.0,57
2020-04-29,3661.TW,3661,世芯-KY,56,neutral,-0.02,-2.0000000000000018,bullish_cluster_5_rep_2,bullish,5,2021-04-19,1802.TW,0.8656577675014283,0.5360039860575524,False,0.0,58
2023-12-29,6415.TW,6415,矽力*-KY,92,bearish,-0.125,-12.5,bullish_cluster_5_rep_2,bullish,5,2021-04-19,1802.TW,0.8657174172615789,0.5359868492130806,False,0.0,59
2024-04-12,6515.TW,6515,穎崴,73,bearish,-0.0934479054779806,-9.344790547798066,bullish_cluster_5_rep_2,bullish,5,2021-04-19,1802.TW,0.8672989627164537,0.535532884645986,False,0.0,60
2024-02-23,1519.TW,1519,華城,66,neutral,-0.0392857254248246,-3.928572542482467,bullish_cluster_5_rep_2,bullish,5,2021-04-19,1802.TW,0.8711027999668932,0.5344441791320572,False,0.0,61
2021-11-03,2609.TW,2609,陽明,77,bullish,0.0875576036866359,8.75576036866359,bullish_cluster_5_rep_2,bullish,5,2021-04-19,1802.TW,0.8733978494145378,0.5337894459057447,True,0.0,62
2021-09-23,6213.TW,6213,聯茂,81,bearish,-0.0838323353293413,-8.383233532934131,bullish_cluster_5_rep_2,bullish,5,2021-04-19,1802.TW,0.8746476673383448,0.5334335712373175,False,0.0,63
2024-08-23,6415.TW,6415,矽力*-KY,92,neutral,-0.0342741935483871,-3.427419354838712,bullish_cluster_5_rep_2,bullish,5,2021-04-19,1802.TW,0.8774518879360331,0.5326368182458965,False,0.0,64
2022-11-16,6415.TW,6415,矽力*-KY,92,neutral,-0.0231388329979879,-2.3138832997987917,bullish_cluster_5_rep_2,bullish,5,2021-04-19,1802.TW,0.8808528873676376,0.5316736926722418,False,0.0,65
2023-02-03,6531.TW,6531,愛普*,95,bullish,0.0828282828282829,8.28282828282829,bullish_cluster_5_rep_2,bullish,5,2021-04-19,1802.TW,0.881577543548673,0.5314689279900686,True,0.0,66
2018-04-17,2492.TW,2492,華新科,100,neutral,0.0412698412698413,4.126984126984135,bullish_cluster_5_rep_2,bullish,5,2021-04-19,1802.TW,0.882573189839894,0.5311878472491401,False,0.0,67
2023-03-24,1504.TW,1504,東元,89,neutral,-0.0249999653209339,-2.499996532093396,bullish_cluster_5_rep_2,bullish,5,2021-04-19,1802.TW,0.8829677183036054,0.5310765502134659,False,0.0,68
2025-09-19,2337.TW,2337,旺宏,67,bearish,-0.0574506412766264,-5.745064127662647,bullish_cluster_5_rep_2,bullish,5,2021-04-19,1802.TW,0.8853472453936762,0.5304062699554276,False,0.0,69
2023-06-12,6789.TW,6789,采鈺,96,neutral,-0.0036101083032491,-0.3610108303249149,bullish_cluster_5_rep_2,bullish,5,2021-04-19,1802.TW,0.8853736269090214,0.5303988481261677,False,0.0,70
2025-10-09,2313.TW,2313,華通,60,neutral,-0.0091954373765266,-0.9195437376526616,bullish_cluster_5_rep_2,bullish,5,2021-04-19,1802.TW,0.8871612768309045,0.5298964175861495,False,0.0,71
2024-01-12,6805.TW,6805,富世達,93,neutral,0.0,0.0,bullish_cluster_5_rep_2,bullish,5,2021-04-19,1802.TW,0.8887958519957093,0.5294378420745661,False,0.0,72
2021-04-13,2615.TW,2615,萬海,59,bullish,0.1399688850631042,13.996888506310423,bullish_cluster_5_rep_2,bullish,5,2021-04-19,1802.TW,0.8893009557013147,0.5292962971210675,True,0.0,73
2021-06-24,6789.TW,6789,采鈺,96,neutral,0.0040816326530612,0.4081632653061273,bullish_cluster_5_rep_2,bullish,5,2021-04-19,1802.TW,0.8895499705356847,0.5292265436708727,False,0.0,74
2020-11-16,6531.TW,6531,愛普*,95,bullish,0.0565275908479139,5.652759084791392,bullish_cluster_5_rep_2,bullish,5,2021-04-19,1802.TW,0.8903752773154965,0.5289954920591695,True,0.0,75
2023-09-18,2313.TW,2313,華通,60,neutral,-0.0364583078081952,-3.6458307808195256,bullish_cluster_5_rep_2,bullish,5,2021-04-19,1802.TW,0.8913933699339728,0.5287107462129411,False,0.0,76
2023-04-14,6919.TW,6919,康霈*,97,neutral,0.0402801460368478,4.028014603684782,bullish_cluster_5_rep_2,bullish,5,2021-04-19,1802.TW,0.8925059058359748,0.5283999362518612,False,0.0,77
2025-08-22,1504.TW,1504,東元,89,neutral,0.0444444444444445,4.444444444444451,bullish_cluster_5_rep_2,bullish,5,2021-04-19,1802.TW,0.8937901346610233,0.5280416143782446,False,0.0,78
2024-10-28,1802.TW,1802,台玻,86,neutral,-0.0100756049922373,-1.0075604992237364,bullish_cluster_5_rep_2,bullish,5,2021-04-19,1802.TW,0.8940498883378554,0.5279691977266561,False,0.0,79
2020-01-02,2492.TW,2492,華新科,100,neutral,-0.0187891440501043,-1.8789144050104345,bullish_cluster_5_rep_2,bullish,5,2021-04-19,1802.TW,0.894650819902497,0.5278017402971711,False,0.0,80
2020-05-15,6415.TW,6415,矽力*-KY,92,neutral,0.0068027210884353,0.6802721088435382,bullish_cluster_5_rep_2,bullish,5,2021-04-19,1802.TW,0.895777465744175,0.5274880718172565,False,0.0,81
2021-01-12,1590.TW,1590,亞德客-KY,64,neutral,0.0365296628554265,3.652966285542658,bullish_cluster_5_rep_2,bullish,5,2021-04-19,1802.TW,0.8959617102529633,0.5274368119314908,False,0.0,82
2021-04-15,2002.TW,2002,中鋼,62,bullish,0.1818181818181818,18.181818181818187,bullish_cluster_5_rep_2,bullish,5,2021-04-19,1802.TW,0.8973962645210232,0.5270380355958164,True,0.0,83
2023-07-04,6515.TW,6515,穎崴,73,bearish,-0.092511013215859,-9.251101321585908,bullish_cluster_5_rep_2,bullish,5,2021-04-19,1802.TW,0.8985233822696828,0.5267251429921822,False,0.0,84
2021-03-15,6805.TW,6805,富世達,93,bearish,-0.0704225817886728,-7.042258178867289,bullish_cluster_5_rep_2,bullish,5,2021-04-19,1802.TW,0.8996941299570044,0.5264005316596061,False,0.0,85
2025-10-29,6239.TW,6239,力成,76,neutral,-0.0494505494505495,-4.94505494505495,bullish_cluster_5_rep_2,bullish,5,2021-04-19,1802.TW,0.9006310647593062,0.5261410373331128,False,0.0,86
2022-06-10,6515.TW,6515,穎崴,73,neutral,-0.0089686098654708,-0.8968609865470878,bullish_cluster_5_rep_2,bullish,5,2021-04-19,1802.TW,0.902346691471464,0.5256665383250939,False,0.0,87
2022-11-29,6515.TW,6515,穎崴,73,bullish,0.0857142857142856,8.571428571428562,bullish_cluster_5_rep_2,bullish,5,2021-04-19,1802.TW,0.9026029227215289,0.5255957446809637,True,0.0,88
2024-06-13,1519.TW,1519,華城,66,bullish,0.1290323112900349,12.90323112900349,bullish_cluster_5_rep_2,bullish,5,2021-04-19,1802.TW,0.9050431140555739,0.5249225031296735,True,0.0,89
2020-09-03,3481.TW,3481,群創,52,neutral,-0.0360975242337604,-3.6097524233760447,bullish_cluster_5_rep_2,bullish,5,2021-04-19,1802.TW,0.9097839549091282,0.5236194373868757,False,0.0,90
2018-11-01,2379.TW,2379,瑞昱,53,neutral,-0.0078125,-0.78125,bullish_cluster_5_rep_2,bullish,5,2021-04-19,1802.TW,0.9118349396290634,0.5230577071648358,False,0.0,91
2024-12-05,6805.TW,6805,富世達,93,neutral,-0.0283018867924528,-2.8301886792452824,bullish_cluster_5_rep_2,bullish,5,2021-04-19,1802.TW,0.9121552174669278,0.5229700972312912,False,0.0,92
2024-08-22,6415.TW,6415,矽力*-KY,92,neutral,0.0201058201058201,2.0105820105820182,bullish_cluster_5_rep_2,bullish,5,2021-04-19,1802.TW,0.9128211734810067,0.5227880231899418,False,0.0,93
2021-10-26,6515.TW,6515,穎崴,73,neutral,0.0168711656441717,1.6871165644171793,bullish_cluster_5_rep_2,bullish,5,2021-04-19,1802.TW,0.9130280806226535,0.5227314800703392,False,0.0,94
2023-10-25,6139.TW,6139,亞翔,85,neutral,-0.0037453506785247,-0.3745350678524772,bullish_cluster_5_rep_2,bullish,5,2021-04-19,1802.TW,0.9145283147890246,0.5223218650125825,False,0.0,95
2022-08-16,3661.TW,3661,世芯-KY,56,neutral,0.0114503816793893,1.1450381679389388,bullish_cluster_5_rep_3,bullish,5,2024-01-11,6805.TW,0.5142956386556038,0.660373030518534,False,0.0,1
2019-09-23,3661.TW,3661,世芯-KY,56,neutral,-0.0457317073170732,-4.573170731707322,bullish_cluster_5_rep_3,bullish,5,2024-01-11,6805.TW,0.5388142632889706,0.6498510079199936,False,0.0,2
2025-06-19,6919.TW,6919,康霈*,97,bullish,0.0630252100840336,6.302521008403361,bullish_cluster_5_rep_3,bullish,5,2024-01-11,6805.TW,0.5611615000099995,0.6405487196511026,True,0.0,3
2022-11-04,6213.TW,6213,聯茂,81,neutral,0.0058996147268464,0.5899614726846414,bullish_cluster_5_rep_3,bullish,5,2024-01-11,6805.TW,0.6042029598201183,0.623362520233806,False,0.0,4
2023-12-22,2609.TW,2609,陽明,77,bearish,-0.0852174178413723,-8.521741784137237,bullish_cluster_5_rep_3,bullish,5,2024-01-11,6805.TW,0.6251112432576275,0.6153424906441749,False,0.0,5
2023-10-25,6139.TW,6139,亞翔,85,neutral,-0.0037453506785247,-0.3745350678524772,bullish_cluster_5_rep_3,bullish,5,2024-01-11,6805.TW,0.6479621166291243,0.6068100655405121,False,0.0,6
2024-01-18,3036.TW,3036,文曄,68,bullish,0.0616438356164383,6.164383561643838,bullish_cluster_5_rep_3,bullish,5,2024-01-11,6805.TW,0.6549121655459932,0.6042616767338085,True,0.0,7
2025-07-25,1802.TW,1802,台玻,86,neutral,0.0481927710843372,4.819277108433728,bullish_cluster_5_rep_3,bullish,5,2024-01-11,6805.TW,0.6682359808515098,0.5994355783464007,False,0.0,8
2024-04-12,6515.TW,6515,穎崴,73,bearish,-0.0934479054779806,-9.344790547798066,bullish_cluster_5_rep_3,bullish,5,2024-01-11,6805.TW,0.6708145692995295,0.5985104621270084,False,0.0,9
2025-12-09,2337.TW,2337,旺宏,67,neutral,-0.0167742329259074,-1.6774232925907406,bullish_cluster_5_rep_3,bullish,5,2024-01-11,6805.TW,0.6983477102635617,0.5888075768917855,False,0.0,10
2022-11-15,1605.TW,1605,華新,88,bearish,-0.0961736888920586,-9.617368889205869,bullish_cluster_5_rep_3,bullish,5,2024-01-11,6805.TW,0.7004741151140308,0.5880712861853482,False,0.0,11
2022-11-16,1605.TW,1605,華新,88,bearish,-0.0999999841054281,-9.99999841054281,bullish_cluster_5_rep_3,bullish,5,2024-01-11,6805.TW,0.7086603497077832,0.5852538219026509,False,0.0,12
2023-05-18,2207.TW,2207,和泰車,63,neutral,-0.0416184393657416,-4.1618439365741615,bullish_cluster_5_rep_3,bullish,5,2024-01-11,6805.TW,0.712996571324515,0.5837723301610492,False,0.0,13
2024-05-28,2615.TW,2615,萬海,59,bearish,-0.0839080810546875,-8.39080810546875,bullish_cluster_5_rep_3,bullish,5,2024-01-11,6805.TW,0.7138514117929458,0.5834811542698733,False,0.0,14
2021-12-07,2615.TW,2615,萬海,59,bullish,0.1020941828763832,10.209418287638329,bullish_cluster_5_rep_3,bullish,5,2024-01-11,6805.TW,0.7142933374670636,0.5833307393456593,True,0.0,15
2022-08-15,3661.TW,3661,世芯-KY,56,neutral,0.044155844155844,4.415584415584406,bullish_cluster_5_rep_3,bullish,5,2024-01-11,6805.TW,0.7145825643422186,0.5832323393441479,False,0.0,16
2019-06-25,6415.TW,6415,矽力*-KY,92,neutral,0.0235690235690235,2.3569023569023573,bullish_cluster_5_rep_3,bullish,5,2024-01-11,6805.TW,0.7151007539494609,0.5830561252435127,False,0.0,17
2024-06-28,6919.TW,6919,康霈*,97,bullish,0.1391586148056303,13.91586148056303,bullish_cluster_5_rep_3,bullish,5,2024-01-11,6805.TW,0.718669693994327,0.5818453676668489,True,0.0,18
2021-01-05,3661.TW,3661,世芯-KY,56,bullish,0.1019283746556474,10.19283746556474,bullish_cluster_5_rep_3,bullish,5,2024-01-11,6805.TW,0.7207070727100033,0.581156441941663,True,0.0,19
2020-04-30,2609.TW,2609,陽明,77,bearish,-0.0605612774840803,-6.056127748408036,bullish_cluster_5_rep_3,bullish,5,2024-01-11,6805.TW,0.7219817545499401,0.5807262459998374,False,0.0,20
2021-11-11,3532.TW,3532,台勝科,98,neutral,-0.0210526315789473,-2.1052631578947323,bullish_cluster_5_rep_3,bullish,5,2024-01-11,6805.TW,0.7248016273471393,0.5797768184727812,False,0.0,21
2024-01-10,6805.TW,6805,富世達,93,bullish,0.0911016949152543,9.110169491525433,bullish_cluster_5_rep_3,bullish,5,2024-01-11,6805.TW,0.7262784324825763,0.5792808281581154,True,0.0,22
2020-10-07,2615.TW,2615,萬海,59,neutral,0.0245398639814529,2.4539863981452914,bullish_cluster_5_rep_3,bullish,5,2024-01-11,6805.TW,0.7276667306453752,0.5788153364662216,False,0.0,23
2025-04-29,7750.TW,7750,新代,91,neutral,-0.0174418604651163,-1.744186046511631,bullish_cluster_5_rep_3,bullish,5,2024-01-11,6805.TW,0.7328857391823004,0.577072092746214,False,0.0,24
2025-05-19,2404.TW,2404,漢唐,79,neutral,0.0109090909090909,1.090909090909098,bullish_cluster_5_rep_3,bullish,5,2024-01-11,6805.TW,0.7336004424110711,0.5768341859726407,False,0.0,25
2020-07-06,3034.TW,3034,聯詠,58,neutral,0.0106571936056838,1.0657193605683846,bullish_cluster_5_rep_3,bullish,5,2024-01-11,6805.TW,0.7345311295815141,0.5765246774448306,False,0.0,26
2023-02-09,6515.TW,6515,穎崴,73,neutral,-0.0259740259740259,-2.5974025974025983,bullish_cluster_5_rep_3,bullish,5,2024-01-11,6805.TW,0.7381965645500974,0.5753089267316743,False,0.0,27
2019-09-20,3661.TW,3661,世芯-KY,56,neutral,-0.0335365853658536,-3.353658536585369,bullish_cluster_5_rep_3,bullish,5,2024-01-11,6805.TW,0.7487816063876307,0.5718266914218346,False,0.0,28
2024-04-12,6415.TW,6415,矽力*-KY,92,neutral,-0.0478036175710594,-4.780361757105944,bullish_cluster_5_rep_3,bullish,5,2024-01-11,6805.TW,0.7494782796677508,0.5715989798912584,False,0.0,29
2020-12-03,3481.TW,3481,群創,52,bullish,0.0759493825034651,7.594938250346517,bullish_cluster_5_rep_3,bullish,5,2024-01-11,6805.TW,0.7568370399925661,0.5692047567509343,True,0.0,30
2023-09-28,6139.TW,6139,亞翔,85,bearish,-0.0595744630775451,-5.957446307754511,bullish_cluster_5_rep_3,bullish,5,2024-01-11,6805.TW,0.7570272616407104,0.5691431327401266,False,0.0,31
2023-10-26,6139.TW,6139,亞翔,85,neutral,-0.04868915603307,-4.868915603307,bullish_cluster_5_rep_3,bullish,5,2024-01-11,6805.TW,0.7596229560884409,0.5683035655677924,False,0.0,32
2020-09-07,2409.TW,2409,友達,80,neutral,0.0123966942148761,1.2396694214876105,bullish_cluster_5_rep_3,bullish,5,2024-01-11,6805.TW,0.7604329540944473,0.5680420817357353,False,0.0,33
2023-02-02,6531.TW,6531,愛普*,95,neutral,0.044967880085653,4.4967880085653,bullish_cluster_5_rep_3,bullish,5,2024-01-11,6805.TW,0.7607463770508807,0.5679409669863559,False,0.0,34
2025-11-04,1519.TW,1519,華城,66,neutral,-0.033678740930735,-3.3678740930735085,bullish_cluster_5_rep_3,bullish,5,2024-01-11,6805.TW,0.7608716956838948,0.5679005474681197,False,0.0,35
2025-10-16,6139.TW,6139,亞翔,85,neutral,-0.0462555066079295,-4.625550660792954,bullish_cluster_5_rep_3,bullish,5,2024-01-11,6805.TW,0.7675701163196222,0.5657484196905116,False,0.0,36
2025-11-28,6515.TW,6515,穎崴,73,bearish,-0.0865724381625441,-8.657243816254411,bullish_cluster_5_rep_3,bullish,5,2024-01-11,6805.TW,0.7736863220244958,0.5637975484067522,False,0.0,37
2023-02-03,6531.TW,6531,愛普*,95,bullish,0.0828282828282829,8.28282828282829,bullish_cluster_5_rep_3,bullish,5,2024-01-11,6805.TW,0.7750404390804937,0.563367446725901,True,0.0,38
2018-04-17,2492.TW,2492,華新科,100,neutral,0.0412698412698413,4.126984126984135,bullish_cluster_5_rep_3,bullish,5,2024-01-11,6805.TW,0.7788904363399346,0.5621481680780178,False,0.0,39
2023-05-19,2207.TW,2207,和泰車,63,neutral,-0.0235294195197611,-2.352941951976117,bullish_cluster_5_rep_3,bullish,5,2024-01-11,6805.TW,0.7821146145197577,0.5611311370506206,False,0.0,40
2025-09-19,6770.TW,6770,力積電,55,bullish,0.0791855189951638,7.9185518995163795,bullish_cluster_5_rep_3,bullish,5,2024-01-11,6805.TW,0.7848208978654754,0.5602803066660258,True,0.0,41
2023-05-29,6515.TW,6515,穎崴,73,neutral,-0.0277108433734939,-2.7710843373493943,bullish_cluster_5_rep_3,bullish,5,2024-01-11,6805.TW,0.7877612442321049,0.5593588088042085,False,0.0,42
2025-09-08,6789.TW,6789,采鈺,96,bearish,-0.0804953560371517,-8.049535603715174,bullish_cluster_5_rep_3,bullish,5,2024-01-11,6805.TW,0.7908975385315323,0.5583792363799672,False,0.0,43
2023-12-06,1519.TW,1519,華城,66,neutral,-0.0173913038359307,-1.7391303835930794,bullish_cluster_5_rep_3,bullish,5,2024-01-11,6805.TW,0.7919620805150344,0.5580475228095152,False,0.0,44
2022-11-15,5871.TW,5871,中租-KY,78,neutral,-0.0487179526334998,-4.871795263349988,bullish_cluster_5_rep_3,bullish,5,2024-01-11,6805.TW,0.7949005475351542,0.5571339322244061,False,0.0,45
2023-12-15,6239.TW,6239,力成,76,neutral,-0.0491803278688525,-4.918032786885251,bullish_cluster_5_rep_3,bullish,5,2024-01-11,6805.TW,0.7955128514161176,0.5569439390040021,False,0.0,46
2025-05-16,2404.TW,2404,漢唐,79,neutral,0.0277777777777776,2.777777777777768,bullish_cluster_5_rep_3,bullish,5,2024-01-11,6805.TW,0.7968144664029803,0.5565404880125921,False,0.0,47
2024-12-06,3661.TW,3661,世芯-KY,56,neutral,0.044921875,4.4921875,bullish_cluster_5_rep_3,bullish,5,2024-01-11,6805.TW,0.7976317861332946,0.5562874486943735,False,0.0,48
2020-02-20,3532.TW,3532,台勝科,98,bearish,-0.0506756756756756,-5.067567567567566,bullish_cluster_5_rep_3,bullish,5,2024-01-11,6805.TW,0.8005782735373173,0.5553771333891833,False,0.0,49
2025-08-14,7750.TW,7750,新代,91,neutral,-0.0078828828828828,-0.7882882882882858,bullish_cluster_5_rep_3,bullish,5,2024-01-11,6805.TW,0.8050793802260363,0.5539922570467664,False,0.0,50
2018-05-14,1605.TW,1605,華新,88,bearish,-0.0618762762639937,-6.187627626399372,bullish_cluster_5_rep_3,bullish,5,2024-01-11,6805.TW,0.8182932734483653,0.549966286848499,False,0.0,51
2025-09-09,6789.TW,6789,采鈺,96,bearish,-0.064873417721519,-6.4873417721519,bullish_cluster_5_rep_3,bullish,5,2024-01-11,6805.TW,0.8185506763571946,0.5498884430337331,False,0.0,52
2023-08-31,6213.TW,6213,聯茂,81,neutral,-0.0355691051394904,-3.556910513949041,bullish_cluster_5_rep_3,bullish,5,2024-01-11,6805.TW,0.8186317479833898,0.5498639299071191,False,0.0,53
2019-04-25,2404.TW,2404,漢唐,79,neutral,-0.0107913669064748,-1.0791366906474864,bullish_cluster_5_rep_3,bullish,5,2024-01-11,6805.TW,0.8216186980567678,0.5489623053753023,False,0.0,54
2024-03-05,6805.TW,6805,富世達,93,neutral,0.0048367593712213,0.48367593712213,bullish_cluster_5_rep_3,bullish,5,2024-01-11,6805.TW,0.8258692032999481,0.5476843566848436,False,0.0,55
2020-02-21,3532.TW,3532,台勝科,98,bearish,-0.0510204081632652,-5.102040816326525,bullish_cluster_5_rep_3,bullish,5,2024-01-11,6805.TW,0.8277821722380478,0.5471111466064575,False,0.0,56
2025-02-18,6515.TW,6515,穎崴,73,neutral,-0.0277777777777777,-2.777777777777779,bullish_cluster_5_rep_3,bullish,5,2024-01-11,6805.TW,0.8307255206927292,0.546231528810288,False,0.0,57
2025-06-18,6919.TW,6919,康霈*,97,bullish,0.0555555555555555,5.555555555555558,bullish_cluster_5_rep_3,bullish,5,2024-01-11,6805.TW,0.830741251496981,0.5462268352681237,True,0.0,58
2023-09-01,6213.TW,6213,聯茂,81,neutral,-0.0238094767980711,-2.3809476798071105,bullish_cluster_5_rep_3,bullish,5,2024-01-11,6805.TW,0.8317667095367843,0.5459210470381783,False,0.0,59
2025-11-12,1802.TW,1802,台玻,86,bearish,-0.0822695468334441,-8.226954683344411,bullish_cluster_5_rep_3,bullish,5,2024-01-11,6805.TW,0.8321461225412635,0.5458079940768905,False,0.0,60
2023-06-15,2618.TW,2618,長榮航,72,neutral,-0.0362756966227888,-3.627569662278885,bullish_cluster_5_rep_3,bullish,5,2024-01-11,6805.TW,0.8334045814377614,0.5454333484951789,False,0.0,61
2022-05-13,6531.TW,6531,愛普*,95,neutral,-0.0492957746478873,-4.929577464788737,bullish_cluster_5_rep_3,bullish,5,2024-01-11,6805.TW,0.8361416524461037,0.5446202904159394,False,0.0,62
2021-02-18,2609.TW,2609,陽明,77,bullish,0.1056751797872099,10.567517978720996,bullish_cluster_5_rep_3,bullish,5,2024-01-11,6805.TW,0.8436085655429701,0.542414490087534,True,0.0,63
2024-01-17,3036.TW,3036,文曄,68,bullish,0.0612244897959184,6.122448979591844,bullish_cluster_5_rep_3,bullish,5,2024-01-11,6805.TW,0.8441672190210123,0.5422501764947629,True,0.0,64
2022-04-15,1605.TW,1605,華新,88,bullish,0.1690322841689511,16.90322841689511,bullish_cluster_5_rep_3,bullish,5,2024-01-11,6805.TW,0.8492044949821048,0.5407730744293249,True,0.0,65
2021-03-15,6805.TW,6805,富世達,93,bearish,-0.0704225817886728,-7.042258178867289,bullish_cluster_5_rep_3,bullish,5,2024-01-11,6805.TW,0.8507974820704847,0.5403076293800126,False,0.0,66
2021-03-12,6531.TW,6531,愛普*,95,bullish,0.0845070422535212,8.450704225352123,bullish_cluster_5_rep_3,bullish,5,2024-01-11,6805.TW,0.8511594086056892,0.5402019919792912,True,0.0,67
2024-05-09,3044.TW,3044,健鼎,65,bearish,-0.0756302521008402,-7.563025210084029,bullish_cluster_5_rep_3,bullish,5,2024-01-11,6805.TW,0.8524292329416443,0.5398316881514589,False,0.0,68
2025-09-16,6239.TW,6239,力成,76,neutral,0.0134680134680134,1.346801346801341,bullish_cluster_5_rep_3,bullish,5,2024-01-11,6805.TW,0.8558303229581185,0.5388423648591109,False,0.0,69
2024-12-09,3661.TW,3661,世芯-KY,56,neutral,0.0261682242990655,2.6168224299065512,bullish_cluster_5_rep_3,bullish,5,2024-01-11,6805.TW,0.8578608676056158,0.5382534383690343,False,0.0,70
2024-01-12,6805.TW,6805,富世達,93,neutral,0.0,0.0,bullish_cluster_5_rep_3,bullish,5,2024-01-11,6805.TW,0.8597602144871453,0.5377037277226429,False,0.0,71
2025-06-18,1519.TW,1519,華城,66,neutral,-0.038655474179849,-3.8655474179849048,bullish_cluster_5_rep_3,bullish,5,2024-01-11,6805.TW,0.8600016150977124,0.537633941757339,False,0.0,72
2023-12-14,6239.TW,6239,力成,76,neutral,-0.0067340067340067,-0.6734006734006703,bullish_cluster_5_rep_3,bullish,5,2024-01-11,6805.TW,0.860274858586139,0.5375549722582543,False,0.0,73
2024-03-07,2404.TW,2404,漢唐,79,bullish,0.1101813110181311,11.018131101813111,bullish_cluster_5_rep_3,bullish,5,2024-01-11,6805.TW,0.8667498366298443,0.5356904178469677,True,0.0,74
2023-03-21,6515.TW,6515,穎崴,73,bullish,0.090643274853801,9.064327485380108,bullish_cluster_5_rep_3,bullish,5,2024-01-11,6805.TW,0.8702915693619483,0.5346759919049151,True,0.0,75
2024-01-31,1519.TW,1519,華城,66,bullish,0.1081081081081081,10.81081081081081,bullish_cluster_5_rep_3,bullish,5,2024-01-11,6805.TW,0.8740993637994311,0.5335896374099732,True,0.0,76
2020-12-02,3481.TW,3481,群創,52,bullish,0.0675105757561218,6.751057575612185,bullish_cluster_5_rep_3,bullish,5,2024-01-11,6805.TW,0.874858528146279,0.5333735772526399,True,0.0,77
2023-07-28,6531.TW,6531,愛普*,95,bearish,-0.0830039525691699,-8.300395256916993,bullish_cluster_5_rep_3,bullish,5,2024-01-11,6805.TW,0.8761291792787849,0.5330123378734595,False,0.0,78
2023-11-24,6789.TW,6789,采鈺,96,bullish,0.0628366247755833,6.283662477558338,bullish_cluster_5_rep_3,bullish,5,2024-01-11,6805.TW,0.8777440360527797,0.532553948141999,True,0.0,79
2020-10-06,2615.TW,2615,萬海,59,neutral,-0.0127931701713774,-1.2793170171377488,bullish_cluster_5_rep_3,bullish,5,2024-01-11,6805.TW,0.8779877410662481,0.5324848390289487,False,0.0,80
2025-05-12,6805.TW,6805,富世達,93,bullish,0.1109022556390977,11.090225563909772,bullish_cluster_5_rep_3,bullish,5,2024-01-11,6805.TW,0.8801838543238952,0.5318628801647671,True,0.0,81
2021-02-19,2337.TW,2337,旺宏,67,neutral,-0.0151024157774894,-1.5102415777489495,bullish_cluster_5_rep_3,bullish,5,2024-01-11,6805.TW,0.8824992511835179,0.5312087106389577,False,0.0,82
2018-05-02,3661.TW,3661,世芯-KY,56,bearish,-0.0899653979238754,-8.996539792387548,bullish_cluster_5_rep_3,bullish,5,2024-01-11,6805.TW,0.8829867351698267,0.5310711867069048,False,0.0,83
2025-08-12,3044.TW,3044,健鼎,65,neutral,-0.0152905198776758,-1.5290519877675823,bullish_cluster_5_rep_3,bullish,5,2024-01-11,6805.TW,0.8860511436075464,0.5302083156065688,False,0.0,84
2024-06-12,6919.TW,6919,康霈*,97,neutral,-0.01609656387887,-1.609656387887004,bullish_cluster_5_rep_3,bullish,5,2024-01-11,6805.TW,0.8875089503604313,0.5297988122435361,False,0.0,85
2020-09-04,2409.TW,2409,友達,80,neutral,0.0,0.0,bullish_cluster_5_rep_3,bullish,5,2024-01-11,6805.TW,0.8879975843516038,0.529661694637936,False,0.0,86
2023-04-10,6919.TW,6919,康霈*,97,neutral,-0.0036629705866169,-0.3662970586616909,bullish_cluster_5_rep_3,bullish,5,2024-01-11,6805.TW,0.8882539951752763,0.529589770526171,False,0.0,87
2022-11-07,6213.TW,6213,聯茂,81,neutral,0.0178305630583599,1.783056305835995,bullish_cluster_5_rep_3,bullish,5,2024-01-11,6805.TW,0.8914664021755216,0.5286903319296725,False,0.0,88
2020-04-30,3661.TW,3661,世芯-KY,56,bearish,-0.0799319727891156,-7.993197278911568,bullish_cluster_5_rep_3,bullish,5,2024-01-11,6805.TW,0.8936427937477511,0.5280827003391054,False,0.0,89
2019-04-24,2404.TW,2404,漢唐,79,neutral,0.0418250950570342,4.1825095057034245,bullish_cluster_5_rep_3,bullish,5,2024-01-11,6805.TW,0.8938444895845823,0.5280264591415061,False,0.0,90
2018-12-25,2376.TW,2376,技嘉,70,bearish,-0.1046770735682609,-10.467707356826097,bullish_cluster_5_rep_3,bullish,5,2024-01-11,6805.TW,0.8953641155488328,0.5276031089733036,False,0.0,91
2024-04-11,6415.TW,6415,矽力*-KY,92,neutral,-0.0080536912751677,-0.8053691275167751,bullish_cluster_5_rep_3,bullish,5,2024-01-11,6805.TW,0.9007289860450601,0.5261139317292934,False,0.0,92
2024-08-23,6415.TW,6415,矽力*-KY,92,neutral,-0.0342741935483871,-3.427419354838712,bullish_cluster_5_rep_3,bullish,5,2024-01-11,6805.TW,0.9029637542456295,0.5254960835533196,False,0.0,93
2023-04-18,6805.TW,6805,富世達,93,bearish,-0.1228070175438597,-12.28070175438597,bullish_cluster_5_rep_3,bullish,5,2024-01-11,6805.TW,0.9054578710116254,0.5248082443665315,False,0.0,94
2021-10-12,2376.TW,2376,技嘉,70,neutral,0.0190476190476189,1.904761904761898,bullish_cluster_5_rep_3,bullish,5,2024-01-11,6805.TW,0.9054899058036957,0.5247994213741168,False,0.0,95
2024-05-29,2615.TW,2615,萬海,59,neutral,-0.0420560576903451,-4.2056057690345146,bullish_cluster_6_rep_1,bullish,6,2021-03-15,6531.TW,0.6136557185002275,0.6197108766976797,False,0.1942024861481529,1
2021-07-20,6805.TW,6805,富世達,93,neutral,0.0202463349814279,2.024633498142792,bullish_cluster_6_rep_1,bullish,6,2021-03-15,6531.TW,0.6469534922042516,0.607181687117114,False,0.1942024861481529,2
2023-06-16,2618.TW,2618,長榮航,72,neutral,0.0062189053546106,0.6218905354610671,bullish_cluster_6_rep_1,bullish,6,2021-03-15,6531.TW,0.6566055814488866,0.6036439881636692,False,0.1942024861481529,3
2024-07-03,6139.TW,6139,亞翔,85,neutral,-0.0191570881226054,-1.9157088122605412,bullish_cluster_6_rep_1,bullish,6,2021-03-15,6531.TW,0.6704407886368111,0.5986443858426526,False,0.1942024861481529,4
2024-01-12,6805.TW,6805,富世達,93,neutral,0.0,0.0,bullish_cluster_6_rep_1,bullish,6,2021-03-15,6531.TW,0.679822012695172,0.5953011643153556,False,0.1942024861481529,5
2025-10-30,6239.TW,6239,力成,76,neutral,-0.0169491525423728,-1.6949152542372836,bullish_cluster_6_rep_1,bullish,6,2021-03-15,6531.TW,0.6813299348156996,0.594767260900292,False,0.1942024861481529,6
2023-05-23,3044.TW,3044,健鼎,65,bearish,-0.0639999999999999,-6.399999999999995,bullish_cluster_6_rep_1,bullish,6,2021-03-15,6531.TW,0.6829510402910399,0.5941943503163739,False,0.1942024861481529,7
2018-05-21,2376.TW,2376,技嘉,70,neutral,0.0011587308294893,0.1158730829489362,bullish_cluster_6_rep_1,bullish,6,2021-03-15,6531.TW,0.68348255833583,0.59400674812368,False,0.1942024861481529,8
2024-01-19,3036.TW,3036,文曄,68,bullish,0.073943661971831,7.3943661971831,bullish_cluster_6_rep_1,bullish,6,2021-03-15,6531.TW,0.6843241192128574,0.5937099567673081,True,0.1942024861481529,9
2025-07-29,6213.TW,6213,聯茂,81,neutral,-0.0470588534486058,-4.705885344860583,bullish_cluster_6_rep_1,bullish,6,2021-03-15,6531.TW,0.6967610011382136,0.589358194424073,False,0.1942024861481529,10
2023-05-31,2356.TW,2356,英業達,71,neutral,-0.0162821845038189,-1.6282184503818908,bullish_cluster_6_rep_1,bullish,6,2021-03-15,6531.TW,0.7016590441174408,0.5876617900965269,False,0.1942024861481529,11
2024-04-15,6415.TW,6415,矽力*-KY,92,bearish,-0.0592686002522068,-5.926860025220682,bullish_cluster_6_rep_1,bullish,6,2021-03-15,6531.TW,0.7078065898099654,0.5855463996723856,False,0.1942024861481529,12
2021-02-19,2492.TW,2492,華新科,100,neutral,0.0245283018867925,2.452830188679256,bullish_cluster_6_rep_1,bullish,6,2021-03-15,6531.TW,0.7150601646148547,0.5830699240948009,False,0.1942024861481529,13
2024-12-05,6805.TW,6805,富世達,93,neutral,-0.0283018867924528,-2.8301886792452824,bullish_cluster_6_rep_1,bullish,6,2021-03-15,6531.TW,0.7168082265452368,0.5824762396510166,False,0.1942024861481529,14
2021-03-26,3481.TW,3481,群創,52,bullish,0.0549999927846909,5.499999278469092,bullish_cluster_6_rep_1,bullish,6,2021-03-15,6531.TW,0.7182849487257758,0.5819756500466162,True,0.1942024861481529,15
2020-05-18,3533.TW,3533,嘉澤,82,neutral,0.0211179785038904,2.111797850389041,bullish_cluster_6_rep_1,bullish,6,2021-03-15,6531.TW,0.7193664248485763,0.5816095891764721,False,0.1942024861481529,16
2023-02-23,1519.TW,1519,華城,66,neutral,-0.0202176932887853,-2.021769328878531,bullish_cluster_6_rep_1,bullish,6,2021-03-15,6531.TW,0.7222008130153319,0.5806523794685362,False,0.1942024861481529,17
2025-10-23,6805.TW,6805,富世達,93,bullish,0.0555555555555555,5.555555555555558,bullish_cluster_6_rep_1,bullish,6,2021-03-15,6531.TW,0.7274907527799657,0.5788742998425602,True,0.1942024861481529,18
2023-06-06,2376.TW,2376,技嘉,70,bullish,0.1507177033492823,15.071770334928235,bullish_cluster_6_rep_1,bullish,6,2021-03-15,6531.TW,0.7453071671822076,0.572965045238711,True,0.1942024861481529,19
2020-12-03,2409.TW,2409,友達,80,bullish,0.0607142857142857,6.071428571428572,bullish_cluster_6_rep_1,bullish,6,2021-03-15,6531.TW,0.7458116307252355,0.5727994832893774,True,0.1942024861481529,20
2023-06-13,6789.TW,6789,采鈺,96,neutral,0.0055555555555555,0.5555555555555536,bullish_cluster_6_rep_1,bullish,6,2021-03-15,6531.TW,0.7513886477529085,0.5709754949496985,False,0.1942024861481529,21
2024-09-18,6515.TW,6515,穎崴,73,bearish,-0.072463768115942,-7.246376811594201,bullish_cluster_6_rep_1,bullish,6,2021-03-15,6531.TW,0.7536727993580045,0.5702318017169943,False,0.1942024861481529,22
2022-07-18,3533.TW,3533,嘉澤,82,neutral,0.0114777166388877,1.1477716638887747,bullish_cluster_6_rep_1,bullish,6,2021-03-15,6531.TW,0.7556702648558147,0.5695830361871086,False,0.1942024861481529,23
2021-01-12,6415.TW,6415,矽力*-KY,92,neutral,0.0,0.0,bullish_cluster_6_rep_1,bullish,6,2021-03-15,6531.TW,0.7582596828348289,0.568744201873359,False,0.1942024861481529,24
2021-01-19,6515.TW,6515,穎崴,73,neutral,-0.002171552660152,-0.2171552660152009,bullish_cluster_6_rep_1,bullish,6,2021-03-15,6531.TW,0.758966898995269,0.5685155306624617,False,0.1942024861481529,25
2022-03-21,6515.TW,6515,穎崴,73,bullish,0.060908084163898,6.090808416389804,bullish_cluster_6_rep_1,bullish,6,2021-03-15,6531.TW,0.7600042340989025,0.5681804512885085,True,0.1942024861481529,26
2025-08-12,2449.TW,2449,京元電子,57,neutral,-0.0177305983978953,-1.773059839789537,bullish_cluster_6_rep_1,bullish,6,2021-03-15,6531.TW,0.7673112053805105,0.5658313017851857,False,0.1942024861481529,27
2022-02-08,6805.TW,6805,富世達,93,neutral,-0.0013947001394699,-0.1394700139469962,bullish_cluster_6_rep_1,bullish,6,2021-03-15,6531.TW,0.7687756140287695,0.5653628374728005,False,0.1942024861481529,28
2025-09-17,6239.TW,6239,力成,76,neutral,0.0413793103448276,4.137931034482767,bullish_cluster_6_rep_1,bullish,6,2021-03-15,6531.TW,0.771336193855693,0.5645455693101858,False,0.1942024861481529,29
2023-03-22,6515.TW,6515,穎崴,73,bullish,0.0899854862119013,8.998548621190139,bullish_cluster_6_rep_1,bullish,6,2021-03-15,6531.TW,0.7737156962630252,0.5637882114404593,True,0.1942024861481529,30
2020-04-08,6213.TW,6213,聯茂,81,neutral,-0.0070422411649032,-0.7042241164903262,bullish_cluster_6_rep_1,bullish,6,2021-03-15,6531.TW,0.7759071757591957,0.5630924935997865,False,0.1942024861481529,31
2021-04-20,1605.TW,1605,華新,88,neutral,-0.0022075921362151,-0.220759213621513,bullish_cluster_6_rep_1,bullish,6,2021-03-15,6531.TW,0.7803730539160405,0.5616800354287761,False,0.1942024861481529,32
2021-04-29,2409.TW,2409,友達,80,bearish,-0.1855203619909502,-18.552036199095024,bullish_cluster_6_rep_1,bullish,6,2021-03-15,6531.TW,0.7813103560838437,0.5613844867541607,False,0.1942024861481529,33
2022-08-16,1605.TW,1605,華新,88,neutral,0.0067385447515417,0.6738544751541786,bullish_cluster_6_rep_1,bullish,6,2021-03-15,6531.TW,0.7834611198997813,0.5607074854854102,False,0.1942024861481529,34
2020-06-29,6415.TW,6415,矽力*-KY,92,bullish,0.0616621983914209,6.166219839142095,bullish_cluster_6_rep_1,bullish,6,2021-03-15,6531.TW,0.7835044761867562,0.5606938549086584,True,0.1942024861481529,35
2022-11-16,1605.TW,1605,華新,88,bearish,-0.0999999841054281,-9.99999841054281,bullish_cluster_6_rep_1,bullish,6,2021-03-15,6531.TW,0.7849910128699858,0.5602269102700729,False,0.1942024861481529,36
2021-01-13,1590.TW,1590,亞德客-KY,64,neutral,0.0418605308397403,4.18605308397404,bullish_cluster_6_rep_1,bullish,6,2021-03-15,6531.TW,0.7878107405801191,0.5593433227028909,False,0.1942024861481529,37
2025-12-17,6139.TW,6139,亞翔,85,neutral,-0.0390492359932088,-3.9049235993208864,bullish_cluster_6_rep_1,bullish,6,2021-03-15,6531.TW,0.7926015188623937,0.5578484618458941,False,0.1942024861481529,38
2020-06-08,3481.TW,3481,群創,52,neutral,-0.0063694179699261,-0.6369417969926183,bullish_cluster_6_rep_1,bullish,6,2021-03-15,6531.TW,0.7950377321931199,0.5570913536052704,False,0.1942024861481529,39
2025-10-09,1802.TW,1802,台玻,86,bearish,-0.0913385706623708,-9.133857066237084,bullish_cluster_6_rep_1,bullish,6,2021-03-15,6531.TW,0.7957439969131854,0.5568722500083316,False,0.1942024861481529,40
2024-06-13,6919.TW,6919,康霈*,97,neutral,0.0041321682218387,0.4132168221838705,bullish_cluster_6_rep_1,bullish,6,2021-03-15,6531.TW,0.7962504783365377,0.5567152310105854,False,0.1942024861481529,41
2021-04-20,1802.TW,1802,台玻,86,bullish,0.0852713499223383,8.527134992233831,bullish_cluster_6_rep_1,bullish,6,2021-03-15,6531.TW,0.7992277853843482,0.5557939956926474,True,0.1942024861481529,42
2021-03-30,6531.TW,6531,愛普*,95,neutral,-0.03646408839779,-3.646408839779003,bullish_cluster_6_rep_1,bullish,6,2021-03-15,6531.TW,0.7996135535870141,0.5556748547524475,False,0.1942024861481529,43
2024-11-08,3661.TW,3661,世芯-KY,56,bearish,-0.0537190082644628,-5.371900826446286,bullish_cluster_6_rep_1,bullish,6,2021-03-15,6531.TW,0.8002943207284205,0.5554647306754754,False,0.1942024861481529,44
2025-05-13,6805.TW,6805,富世達,93,bullish,0.0560578661844484,5.605786618444841,bullish_cluster_6_rep_1,bullish,6,2021-03-15,6531.TW,0.8029053411068487,0.5546602903655912,True,0.1942024861481529,45
2018-04-11,2492.TW,2492,華新科,100,bullish,0.127906976744186,12.790697674418606,bullish_cluster_6_rep_1,bullish,6,2021-03-15,6531.TW,0.808225135267919,0.553028481075634,True,0.1942024861481529,46
2021-09-24,6805.TW,6805,富世達,93,neutral,0.0050251256281406,0.5025125628140614,bullish_cluster_6_rep_1,bullish,6,2021-03-15,6531.TW,0.8126769633955879,0.5516702756164314,False,0.1942024861481529,47
2021-10-26,6515.TW,6515,穎崴,73,neutral,0.0168711656441717,1.6871165644171793,bullish_cluster_6_rep_1,bullish,6,2021-03-15,6531.TW,0.8132520778388858,0.5514953007481697,False,0.1942024861481529,48
2024-06-20,2449.TW,2449,京元電子,57,neutral,0.0491071712757866,4.910717127578668,bullish_cluster_6_rep_1,bullish,6,2021-03-15,6531.TW,0.8141734104708943,0.551215222441407,False,0.1942024861481529,49
2025-06-20,6919.TW,6919,康霈*,97,neutral,-0.0120967741935483,-1.2096774193548376,bullish_cluster_6_rep_1,bullish,6,2021-03-15,6531.TW,0.8161609183337973,0.550612002441629,False,0.1942024861481529,50
2022-11-29,6515.TW,6515,穎崴,73,bullish,0.0857142857142856,8.571428571428562,bullish_cluster_6_rep_1,bullish,6,2021-03-15,6531.TW,0.8176771196656069,0.5501527136920594,True,0.1942024861481529,51
2025-07-30,6213.TW,6213,聯茂,81,neutral,-0.0285714436047183,-2.8571443604718305,bullish_cluster_6_rep_1,bullish,6,2021-03-15,6531.TW,0.8240264729679915,0.5482376570844585,False,0.1942024861481529,52
2020-12-01,3532.TW,3532,台勝科,98,neutral,0.0209059233449477,2.0905923344947785,bullish_cluster_6_rep_1,bullish,6,2021-03-15,6531.TW,0.8244063305101301,0.5481235091529121,False,0.1942024861481529,53
2020-09-10,6213.TW,6213,聯茂,81,neutral,-0.0075471565067164,-0.7547156506716446,bullish_cluster_6_rep_1,bullish,6,2021-03-15,6531.TW,0.8254337065850313,0.547815018640568,False,0.1942024861481529,54
2021-11-04,2609.TW,2609,陽明,77,bullish,0.0943396226415094,9.433962264150942,bullish_cluster_6_rep_1,bullish,6,2021-03-15,6531.TW,0.8281860027907393,0.5469902944631961,True,0.1942024861481529,55
2025-08-12,3044.TW,3044,健鼎,65,neutral,-0.0152905198776758,-1.5290519877675823,bullish_cluster_6_rep_1,bullish,6,2021-03-15,6531.TW,0.8301023397944194,0.5464175299138369,False,0.1942024861481529,56
2025-07-30,1519.TW,1519,華城,66,neutral,-0.0226245164091768,-2.262451640917684,bullish_cluster_6_rep_1,bullish,6,2021-03-15,6531.TW,0.8303203642641322,0.5463524416404792,False,0.1942024861481529,57
2023-07-05,6515.TW,6515,穎崴,73,bearish,-0.0635964912280702,-6.359649122807021,bullish_cluster_6_rep_1,bullish,6,2021-03-15,6531.TW,0.8305476438624061,0.5462846068786426,False,0.1942024861481529,58
2025-05-26,7750.TW,7750,新代,91,bullish,0.1123417721518986,11.234177215189868,bullish_cluster_6_rep_1,bullish,6,2021-03-15,6531.TW,0.8320845366422507,0.5458263415250194,True,0.1942024861481529,59
2021-11-10,2376.TW,2376,技嘉,70,neutral,-0.0215827338129496,-2.1582733812949617,bullish_cluster_6_rep_1,bullish,6,2021-03-15,6531.TW,0.8354476997474016,0.5448262024233228,False,0.1942024861481529,60
2023-02-03,2492.TW,2492,華新科,100,neutral,-0.013000030517578,-1.3000030517578032,bullish_cluster_6_rep_1,bullish,6,2021-03-15,6531.TW,0.8358713035069905,0.5447004907641078,False,0.1942024861481529,61
2019-12-19,6531.TW,6531,愛普*,95,neutral,-0.0090191144293959,-0.9019114429395958,bullish_cluster_6_rep_1,bullish,6,2021-03-15,6531.TW,0.8369848180028964,0.5443703128081178,False,0.1942024861481529,62
2022-02-09,6805.TW,6805,富世達,93,neutral,0.0,0.0,bullish_cluster_6_rep_1,bullish,6,2021-03-15,6531.TW,0.8374660537177951,0.5442277412291088,False,0.1942024861481529,63
2023-10-27,6139.TW,6139,亞翔,85,bearish,-0.0530303524078639,-5.303035240786391,bullish_cluster_6_rep_1,bullish,6,2021-03-15,6531.TW,0.837999301023443,0.5440698478194064,False,0.1942024861481529,64
2025-10-09,6531.TW,6531,愛普*,95,bearish,-0.1070063694267515,-10.700636942675157,bullish_cluster_6_rep_1,bullish,6,2021-03-15,6531.TW,0.8384889176962236,0.5439249540068382,False,0.1942024861481529,65
2025-09-16,6239.TW,6239,力成,76,neutral,0.0134680134680134,1.346801346801341,bullish_cluster_6_rep_1,bullish,6,2021-03-15,6531.TW,0.8386288801554809,0.5438835486557986,False,0.1942024861481529,66
2023-11-30,2313.TW,2313,華通,60,neutral,-0.0190996107447684,-1.9099610744768405,bullish_cluster_6_rep_1,bullish,6,2021-03-15,6531.TW,0.8401413407194626,0.5434365164629245,False,0.1942024861481529,67
2025-09-09,6789.TW,6789,采鈺,96,bearish,-0.064873417721519,-6.4873417721519,bullish_cluster_6_rep_1,bullish,6,2021-03-15,6531.TW,0.8409235445111146,0.5432056116516046,False,0.1942024861481529,68
2020-05-18,6415.TW,6415,矽力*-KY,92,neutral,0.0206896551724138,2.0689655172413834,bullish_cluster_6_rep_1,bullish,6,2021-03-15,6531.TW,0.8426850153714164,0.5426863471825852,False,0.1942024861481529,69
2022-03-30,3661.TW,3661,世芯-KY,56,neutral,0.0091743119266054,0.917431192660545,bullish_cluster_6_rep_1,bullish,6,2021-03-15,6531.TW,0.844231608744635,0.5422312443070522,False,0.1942024861481529,70
2024-09-19,6515.TW,6515,穎崴,73,bearish,-0.0902527075812273,-9.02527075812274,bullish_cluster_6_rep_1,bullish,6,2021-03-15,6531.TW,0.8464895939852527,0.5415681752322872,False,0.1942024861481529,71
2021-05-03,1590.TW,1590,亞德客-KY,64,bearish,-0.0851063449619324,-8.510634496193248,bullish_cluster_6_rep_1,bullish,6,2021-03-15,6531.TW,0.8476782209945511,0.5412197798498318,False,0.1942024861481529,72
2025-06-25,6139.TW,6139,亞翔,85,bearish,-0.0931952662721893,-9.319526627218933,bullish_cluster_6_rep_1,bullish,6,2021-03-15,6531.TW,0.8484813621052862,0.5409846268945186,False,0.1942024861481529,73
2024-03-05,6805.TW,6805,富世達,93,neutral,0.0048367593712213,0.48367593712213,bullish_cluster_6_rep_1,bullish,6,2021-03-15,6531.TW,0.8489774127683278,0.5408394894899116,False,0.1942024861481529,74
2024-06-12,1519.TW,1519,華城,66,bullish,0.1484771161491143,14.847711614911429,bullish_cluster_6_rep_1,bullish,6,2021-03-15,6531.TW,0.8499850389764967,0.5405449119487201,True,0.1942024861481529,75
2023-03-22,6531.TW,6531,愛普*,95,neutral,-0.0216383307573415,-2.163833075734156,bullish_cluster_6_rep_1,bullish,6,2021-03-15,6531.TW,0.8507173068432794,0.5403310361352129,False,0.1942024861481529,76
2025-10-09,2313.TW,2313,華通,60,neutral,-0.0091954373765266,-0.9195437376526616,bullish_cluster_6_rep_1,bullish,6,2021-03-15,6531.TW,0.8510425920762709,0.5402360833190357,False,0.1942024861481529,77
2022-08-17,3661.TW,3661,世芯-KY,56,neutral,0.0077922077922076,0.7792207792207684,bullish_cluster_6_rep_1,bullish,6,2021-03-15,6531.TW,0.8513753471847945,0.540138984523372,False,0.1942024861481529,78
2023-10-11,1519.TW,1519,華城,66,neutral,-0.0171526697761834,-1.715266977618346,bullish_cluster_6_rep_1,bullish,6,2021-03-15,6531.TW,0.8520230892578868,0.539950071789172,False,0.1942024861481529,79
2025-07-14,6531.TW,6531,愛普*,95,neutral,-0.0061633281972265,-0.6163328197226536,bullish_cluster_6_rep_1,bullish,6,2021-03-15,6531.TW,0.853123647219286,0.5396293989883271,False,0.1942024861481529,80
2025-05-20,2404.TW,2404,漢唐,79,neutral,0.0,0.0,bullish_cluster_6_rep_1,bullish,6,2021-03-15,6531.TW,0.8547980694246194,0.5391422476033803,False,0.1942024861481529,81
2023-10-06,1519.TW,1519,華城,66,bearish,-0.0715473819431362,-7.154738194313626,bullish_cluster_6_rep_1,bullish,6,2021-03-15,6531.TW,0.8559934141087401,0.5387950153261759,False,0.1942024861481529,82
2023-09-01,6213.TW,6213,聯茂,81,neutral,-0.0238094767980711,-2.3809476798071105,bullish_cluster_6_rep_1,bullish,6,2021-03-15,6531.TW,0.8564548419451511,0.5386610960879731,False,0.1942024861481529,83
2021-06-02,2409.TW,2409,友達,80,neutral,0.0140280561122243,1.4028056112224352,bullish_cluster_6_rep_1,bullish,6,2021-03-15,6531.TW,0.8601035317416954,0.5376044843394586,False,0.1942024861481529,84
2023-04-13,6919.TW,6919,康霈*,97,bullish,0.0808823224623789,8.088232246237892,bullish_cluster_6_rep_1,bullish,6,2021-03-15,6531.TW,0.8613193440939751,0.5372533215071511,True,0.1942024861481529,85
2025-08-13,3044.TW,3044,健鼎,65,neutral,0.007587253414264,0.7587253414264028,bullish_cluster_6_rep_1,bullish,6,2021-03-15,6531.TW,0.8613738865214616,0.537237578780479,False,0.1942024861481529,86
2023-08-21,3044.TW,3044,健鼎,65,bullish,0.0648648648648648,6.486486486486487,bullish_cluster_6_rep_1,bullish,6,2021-03-15,6531.TW,0.8615855334968245,0.537176499283161,True,0.1942024861481529,87
2024-03-19,3533.TW,3533,嘉澤,82,bullish,0.0725190839694656,7.25190839694656,bullish_cluster_6_rep_1,bullish,6,2021-03-15,6531.TW,0.8620414153877862,0.5370449828538004,True,0.1942024861481529,88
2025-09-15,2337.TW,2337,旺宏,67,bullish,0.1864035150094121,18.64035150094121,bullish_cluster_6_rep_1,bullish,6,2021-03-15,6531.TW,0.8632610886997099,0.5366934382222607,True,0.1942024861481529,89
2023-11-13,3044.TW,3044,健鼎,65,neutral,-0.0050632911392405,-0.5063291139240533,bullish_cluster_6_rep_1,bullish,6,2021-03-15,6531.TW,0.8639070431998617,0.5365074420681679,False,0.1942024861481529,90
2025-02-12,6919.TW,6919,康霈*,97,neutral,0.0349886966987542,3.4988696698754262,bullish_cluster_6_rep_1,bullish,6,2021-03-15,6531.TW,0.8639207201102006,0.5365035053319633,False,0.1942024861481529,91
2020-11-24,3661.TW,3661,世芯-KY,56,neutral,-0.0260736196319018,-2.60736196319018,bullish_cluster_6_rep_1,bullish,6,2021-03-15,6531.TW,0.86437825666976,0.5363718421530226,False,0.1942024861481529,92
2021-06-24,3661.TW,3661,世芯-KY,56,neutral,-0.0329153605015674,-3.2915360501567403,bullish_cluster_6_rep_1,bullish,6,2021-03-15,6531.TW,0.8659662032934258,0.5359153870177297,False,0.1942024861481529,93
2023-10-26,6139.TW,6139,亞翔,85,neutral,-0.04868915603307,-4.868915603307,bullish_cluster_6_rep_1,bullish,6,2021-03-15,6531.TW,0.8664526526620232,0.5357757125924156,False,0.1942024861481529,94
2024-06-13,1519.TW,1519,華城,66,bullish,0.1290323112900349,12.90323112900349,bullish_cluster_6_rep_1,bullish,6,2021-03-15,6531.TW,0.866930549443997,0.5356385647542254,True,0.1942024861481529,95
2021-06-03,2409.TW,2409,友達,80,neutral,0.0,0.0,bullish_cluster_6_rep_2,bullish,6,2020-11-25,6531.TW,0.6211078229466949,0.616862114811275,False,0.035051575656447446,1
2021-11-10,2615.TW,2615,萬海,59,bearish,-0.1129943009930261,-11.29943009930261,bullish_cluster_6_rep_2,bullish,6,2020-11-25,6531.TW,0.6472398828575795,0.6070761219460227,False,0.035051575656447446,2
2018-06-07,6213.TW,6213,聯茂,81,neutral,0.0041840127113492,0.4184012711349272,bullish_cluster_6_rep_2,bullish,6,2020-11-25,6531.TW,0.6478431629985382,0.6068538696245372,False,0.035051575656447446,3
2023-08-29,2449.TW,2449,京元電子,57,neutral,0.0093208696662285,0.9320869666228582,bullish_cluster_6_rep_2,bullish,6,2020-11-25,6531.TW,0.6565331799937002,0.6036703713980561,False,0.035051575656447446,4
2020-12-11,2409.TW,2409,友達,80,neutral,-0.0067340067340067,-0.6734006734006703,bullish_cluster_6_rep_2,bullish,6,2020-11-25,6531.TW,0.6711029298826191,0.5984071849303989,False,0.035051575656447446,5
2021-04-12,3034.TW,3034,聯詠,58,neutral,0.0427350427350428,4.2735042735042805,bullish_cluster_6_rep_2,bullish,6,2020-11-25,6531.TW,0.6711585515669537,0.5983872679599161,False,0.035051575656447446,6
2021-06-02,6531.TW,6531,愛普*,95,neutral,0.0028860028860029,0.2886002886002936,bullish_cluster_6_rep_2,bullish,6,2020-11-25,6531.TW,0.6769515970837661,0.5963201333532876,False,0.035051575656447446,7
2023-10-12,1519.TW,1519,華城,66,neutral,0.0,0.0,bullish_cluster_6_rep_2,bullish,6,2020-11-25,6531.TW,0.6839959031120618,0.593825672706197,False,0.035051575656447446,8
2025-09-02,2449.TW,2449,京元電子,57,bullish,0.0526315900427485,5.263159004274853,bullish_cluster_6_rep_2,bullish,6,2020-11-25,6531.TW,0.6943957859429856,0.5901808823512081,True,0.035051575656447446,9
2021-09-03,3661.TW,3661,世芯-KY,56,bullish,0.1138888888888889,11.388888888888893,bullish_cluster_6_rep_2,bullish,6,2020-11-25,6531.TW,0.7039615334810032,0.586867708191224,True,0.035051575656447446,10
2023-08-21,2324.TW,2324,仁寶,84,neutral,-0.0202020413308393,-2.020204133083936,bullish_cluster_6_rep_2,bullish,6,2020-11-25,6531.TW,0.715839770075663,0.5828050016324677,False,0.035051575656447446,11
2020-09-11,2409.TW,2409,友達,80,neutral,-0.0123966942148759,-1.2396694214875992,bullish_cluster_6_rep_2,bullish,6,2020-11-25,6531.TW,0.7167985113559422,0.5824795358251978,False,0.035051575656447446,12
2023-09-21,2313.TW,2313,華通,60,neutral,-0.0216216353682784,-2.162163536827844,bullish_cluster_6_rep_2,bullish,6,2020-11-25,6531.TW,0.729186016660715,0.5783067815521266,False,0.035051575656447446,13
2023-01-13,6789.TW,6789,采鈺,96,bullish,0.0692840646651269,6.928406466512693,bullish_cluster_6_rep_2,bullish,6,2020-11-25,6531.TW,0.7295085652755992,0.5781989289198165,True,0.035051575656447446,14
2025-09-24,2337.TW,2337,旺宏,67,neutral,-0.0457143147786458,-4.571431477864585,bullish_cluster_6_rep_2,bullish,6,2020-11-25,6531.TW,0.7315105703582535,0.5775304044451185,False,0.035051575656447446,15
2021-04-29,3481.TW,3481,群創,52,bearish,-0.1594684085942055,-15.946840859420552,bullish_cluster_6_rep_2,bullish,6,2020-11-25,6531.TW,0.7346520490553243,0.5764844889466973,False,0.035051575656447446,16
2020-12-15,3481.TW,3481,群創,52,neutral,-0.003610155321387,-0.3610155321387087,bullish_cluster_6_rep_2,bullish,6,2020-11-25,6531.TW,0.734987507669328,0.5763730260763298,False,0.035051575656447446,17
2020-12-02,1802.TW,1802,台玻,86,neutral,0.0257878989063733,2.578789890637334,bullish_cluster_6_rep_2,bullish,6,2020-11-25,6531.TW,0.7362273923417192,0.5759614232622261,False,0.035051575656447446,18
2025-11-03,6239.TW,6239,力成,76,neutral,-0.0173410404624277,-1.7341040462427793,bullish_cluster_6_rep_2,bullish,6,2020-11-25,6531.TW,0.7389236648701658,0.5750683714311655,False,0.035051575656447446,19
2021-03-31,3481.TW,3481,群創,52,bullish,0.1374407660729732,13.744076607297329,bullish_cluster_6_rep_2,bullish,6,2020-11-25,6531.TW,0.7390075683366432,0.5750406255888224,True,0.035051575656447446,20
2021-01-19,6415.TW,6415,矽力*-KY,92,neutral,-0.0346083788706739,-3.460837887067392,bullish_cluster_6_rep_2,bullish,6,2020-11-25,6531.TW,0.7396959724860366,0.5748130798802699,False,0.035051575656447446,21
2021-06-03,3481.TW,3481,群創,52,neutral,-0.0021458887229607,-0.2145888722960731,bullish_cluster_6_rep_2,bullish,6,2020-11-25,6531.TW,0.7398526440695213,0.5747613186717908,False,0.035051575656447446,22
2020-07-17,3533.TW,3533,嘉澤,82,neutral,0.0164835584908853,1.6483558490885342,bullish_cluster_6_rep_2,bullish,6,2020-11-25,6531.TW,0.7417946872140089,0.5741204789179226,False,0.035051575656447446,23
2021-06-28,3661.TW,3661,世芯-KY,56,neutral,-0.0160513643659711,-1.60513643659711,bullish_cluster_6_rep_2,bullish,6,2020-11-25,6531.TW,0.7463696387668137,0.5726164597697329,False,0.035051575656447446,24
2021-03-17,6805.TW,6805,富世達,93,neutral,0.0149999869346999,1.499998693469995,bullish_cluster_6_rep_2,bullish,6,2020-11-25,6531.TW,0.7488062827935424,0.5718186227022243,False,0.035051575656447446,25
2020-06-29,6415.TW,6415,矽力*-KY,92,bullish,0.0616621983914209,6.166219839142095,bullish_cluster_6_rep_2,bullish,6,2020-11-25,6531.TW,0.7550352926595277,0.5697891114683113,True,0.035051575656447446,26
2021-10-28,6515.TW,6515,穎崴,73,bearish,-0.0842266462480857,-8.422664624808574,bullish_cluster_6_rep_2,bullish,6,2020-11-25,6531.TW,0.7578343761855819,0.5688818090871297,False,0.035051575656447446,27
2023-06-07,1519.TW,1519,華城,66,neutral,-0.0483871284746846,-4.838712847468463,bullish_cluster_6_rep_2,bullish,6,2020-11-25,6531.TW,0.7579127643693023,0.568856441723817,False,0.035051575656447446,28
2025-09-03,2449.TW,2449,京元電子,57,bullish,0.1009771793177958,10.09771793177958,bullish_cluster_6_rep_2,bullish,6,2020-11-25,6531.TW,0.7594225083207287,0.5683683113469116,True,0.035051575656447446,29
2018-01-25,3532.TW,3532,台勝科,98,neutral,-0.0149253731343284,-1.49253731343284,bullish_cluster_6_rep_2,bullish,6,2020-11-25,6531.TW,0.7601100577094613,0.5681462904094537,False,0.035051575656447446,30
2025-07-24,3532.TW,3532,台勝科,98,neutral,-0.0067568252578313,-0.6756825257831389,bullish_cluster_6_rep_2,bullish,6,2020-11-25,6531.TW,0.7604964411057948,0.5680215970058335,False,0.035051575656447446,31
2020-01-17,6415.TW,6415,矽力*-KY,92,neutral,0.0137614678899082,1.3761467889908283,bullish_cluster_6_rep_2,bullish,6,2020-11-25,6531.TW,0.7614409034016775,0.5677170310220512,False,0.035051575656447446,32
2025-12-11,2337.TW,2337,旺宏,67,neutral,0.0206043947406644,2.0604394740664445,bullish_cluster_6_rep_2,bullish,6,2020-11-25,6531.TW,0.7622084983285184,0.5674697409236849,False,0.035051575656447446,33
2022-03-30,3661.TW,3661,世芯-KY,56,neutral,0.0091743119266054,0.917431192660545,bullish_cluster_6_rep_2,bullish,6,2020-11-25,6531.TW,0.762797510349359,0.5672801295265135,False,0.035051575656447446,34
2023-12-05,2492.TW,2492,華新科,100,neutral,-0.0293040293040293,-2.930402930402931,bullish_cluster_6_rep_2,bullish,6,2020-11-25,6531.TW,0.7647010798986893,0.5666682087922843,False,0.035051575656447446,35
2023-04-13,6919.TW,6919,康霈*,97,bullish,0.0808823224623789,8.088232246237892,bullish_cluster_6_rep_2,bullish,6,2020-11-25,6531.TW,0.7684562852372389,0.5654649246056144,True,0.035051575656447446,36
2022-11-21,6789.TW,6789,采鈺,96,neutral,0.0308788598574822,3.087885985748229,bullish_cluster_6_rep_2,bullish,6,2020-11-25,6531.TW,0.7687743392119868,0.5653632449493323,False,0.035051575656447446,37
2021-11-09,6789.TW,6789,采鈺,96,bullish,0.070469798657718,7.046979865771808,bullish_cluster_6_rep_2,bullish,6,2020-11-25,6531.TW,0.7706657528127233,0.5647593276209744,True,0.035051575656447446,38
2025-12-05,3532.TW,3532,台勝科,98,neutral,-0.037810975639381,-3.7810975639381073,bullish_cluster_6_rep_2,bullish,6,2020-11-25,6531.TW,0.7764454915521163,0.5629218598349899,False,0.035051575656447446,39
2020-10-15,2615.TW,2615,萬海,59,neutral,0.0498961243570226,4.989612435702262,bullish_cluster_6_rep_2,bullish,6,2020-11-25,6531.TW,0.7776978212443173,0.5625252998847915,False,0.035051575656447446,40
2023-07-27,3661.TW,3661,世芯-KY,56,bearish,-0.0841121495327102,-8.41121495327103,bullish_cluster_6_rep_2,bullish,6,2020-11-25,6531.TW,0.7780813162319296,0.5624039749313477,False,0.035051575656447446,41
2021-01-13,3533.TW,3533,嘉澤,82,neutral,-0.042780682931626,-4.278068293162606,bullish_cluster_6_rep_2,bullish,6,2020-11-25,6531.TW,0.7784875536685897,0.5622755120986042,False,0.035051575656447446,42
2023-05-26,3661.TW,3661,世芯-KY,56,bullish,0.0960264900662251,9.60264900662251,bullish_cluster_6_rep_2,bullish,6,2020-11-25,6531.TW,0.7791999427960157,0.5620503777830042,True,0.035051575656447446,43
2023-06-20,2618.TW,2618,長榮航,72,neutral,-0.0163111100645021,-1.6311110064502143,bullish_cluster_6_rep_2,bullish,6,2020-11-25,6531.TW,0.7804846659913726,0.5616448257605188,False,0.035051575656447446,44
2019-12-13,3661.TW,3661,世芯-KY,56,neutral,-0.010752688172043,-1.0752688172043,bullish_cluster_6_rep_2,bullish,6,2020-11-25,6531.TW,0.7831297959537664,0.5608116707315278,False,0.035051575656447446,45
2018-07-20,3532.TW,3532,台勝科,98,neutral,0.0203389830508473,2.033898305084736,bullish_cluster_6_rep_2,bullish,6,2020-11-25,6531.TW,0.7842338767508779,0.5604646414521722,False,0.035051575656447446,46
2021-05-03,1590.TW,1590,亞德客-KY,64,bearish,-0.0851063449619324,-8.510634496193248,bullish_cluster_6_rep_2,bullish,6,2020-11-25,6531.TW,0.7857236193543955,0.5599970729857606,False,0.035051575656447446,47
2020-10-16,1519.TW,1519,華城,66,neutral,0.0,0.0,bullish_cluster_6_rep_2,bullish,6,2020-11-25,6531.TW,0.7878145365342988,0.5593421350843878,False,0.035051575656447446,48
2025-09-04,2449.TW,2449,京元電子,57,bullish,0.1291390570374593,12.913905703745932,bullish_cluster_6_rep_2,bullish,6,2020-11-25,6531.TW,0.7886558694019404,0.559079036446716,True,0.035051575656447446,49
2024-10-18,2449.TW,2449,京元電子,57,bullish,0.0549020016856114,5.490200168561144,bullish_cluster_6_rep_2,bullish,6,2020-11-25,6531.TW,0.7898051431188509,0.5587200393543599,True,0.035051575656447446,50
2025-12-04,1326.TW,1326,台化,51,bearish,-0.056603794477625,-5.660379447762509,bullish_cluster_6_rep_2,bullish,6,2020-11-25,6531.TW,0.7905553132374147,0.5584859582985735,False,0.035051575656447446,51
2020-04-13,2492.TW,2492,華新科,100,bullish,0.1404011461318051,14.04011461318051,bullish_cluster_6_rep_2,bullish,6,2020-11-25,6531.TW,0.7917379237677116,0.5581173377729121,True,0.035051575656447446,52
2024-09-20,1519.TW,1519,華城,66,bullish,0.0693068908745255,6.930689087452557,bullish_cluster_6_rep_2,bullish,6,2020-11-25,6531.TW,0.7924806206739782,0.5578860872838876,True,0.035051575656447446,53
2021-03-16,6531.TW,6531,愛普*,95,neutral,0.0129870129870128,1.298701298701288,bullish_cluster_6_rep_2,bullish,6,2020-11-25,6531.TW,0.7951205201177989,0.5570656614935126,False,0.035051575656447446,54
2023-12-14,6139.TW,6139,亞翔,85,neutral,-0.0156740207469539,-1.5674020746953898,bullish_cluster_6_rep_2,bullish,6,2020-11-25,6531.TW,0.7987889072836833,0.5559296012727145,False,0.035051575656447446,55
2020-04-09,2313.TW,2313,華通,60,neutral,0.0264706331140853,2.6470633114085373,bullish_cluster_6_rep_2,bullish,6,2020-11-25,6531.TW,0.7997324880765582,0.5556381332365332,False,0.035051575656447446,56
2025-07-30,6213.TW,6213,聯茂,81,neutral,-0.0285714436047183,-2.8571443604718305,bullish_cluster_6_rep_2,bullish,6,2020-11-25,6531.TW,0.8003970512777338,0.55543303589078,False,0.035051575656447446,57
2025-10-02,1605.TW,1605,華新,88,bullish,0.172549004648246,17.25490046482461,bullish_cluster_6_rep_2,bullish,6,2020-11-25,6531.TW,0.801889180826191,0.5549730863811981,True,0.035051575656447446,58
2019-12-12,3661.TW,3661,世芯-KY,56,neutral,-0.0209643605870021,-2.096436058700213,bullish_cluster_6_rep_2,bullish,6,2020-11-25,6531.TW,0.8031451139738455,0.554586534522537,False,0.035051575656447446,59
2021-06-11,6805.TW,6805,富世達,93,neutral,-0.0273722941835914,-2.737229418359144,bullish_cluster_6_rep_2,bullish,6,2020-11-25,6531.TW,0.8034254727900764,0.5545003190250506,False,0.035051575656447446,60
2023-01-16,6789.TW,6789,采鈺,96,bullish,0.0704545454545455,7.045454545454555,bullish_cluster_6_rep_2,bullish,6,2020-11-25,6531.TW,0.8038227661699071,0.5543781898946314,True,0.035051575656447446,61
2024-06-19,6805.TW,6805,富世達,93,neutral,-0.0253164556962025,-2.531645569620256,bullish_cluster_6_rep_2,bullish,6,2020-11-25,6531.TW,0.8049259199355776,0.5540393591531405,False,0.035051575656447446,62
2021-04-12,1590.TW,1590,亞德客-KY,64,bearish,-0.0655021768121081,-6.550217681210812,bullish_cluster_6_rep_2,bullish,6,2020-11-25,6531.TW,0.8049524388254109,0.5540312190446187,False,0.035051575656447446,63
2024-08-28,6415.TW,6415,矽力*-KY,92,bearish,-0.092901878914405,-9.290187891440503,bullish_cluster_6_rep_2,bullish,6,2020-11-25,6531.TW,0.8095169812592493,0.5526336643185832,False,0.035051575656447446,64
2020-10-13,6415.TW,6415,矽力*-KY,92,bearish,-0.0703517587939698,-7.035175879396983,bullish_cluster_6_rep_2,bullish,6,2020-11-25,6531.TW,0.8122990161941137,0.551785324090741,False,0.035051575656447446,65
2025-10-31,6239.TW,6239,力成,76,neutral,-0.0028901734104046,-0.289017341040465,bullish_cluster_6_rep_2,bullish,6,2020-11-25,6531.TW,0.8132273153838143,0.5515028322790986,False,0.035051575656447446,66
2021-07-02,1605.TW,1605,華新,88,neutral,-0.0338681090923178,-3.386810909231785,bullish_cluster_6_rep_2,bullish,6,2020-11-25,6531.TW,0.8133347773426434,0.5514701490838073,False,0.035051575656447446,67
2021-11-10,6805.TW,6805,富世達,93,neutral,0.0460829493087557,4.608294930875578,bullish_cluster_6_rep_2,bullish,6,2020-11-25,6531.TW,0.8136981351765618,0.5513596670829961,False,0.035051575656447446,68
2021-07-01,1605.TW,1605,華新,88,neutral,-0.0142857212159549,-1.428572121595495,bullish_cluster_6_rep_2,bullish,6,2020-11-25,6531.TW,0.816208470021215,0.5505975864038996,False,0.035051575656447446,69
2021-07-02,2002.TW,2002,中鋼,62,neutral,-0.0231065855776632,-2.310658557766321,bullish_cluster_6_rep_2,bullish,6,2020-11-25,6531.TW,0.8163114063323571,0.5505663822368879,False,0.035051575656447446,70
2018-02-27,3661.TW,3661,世芯-KY,56,bullish,0.0779220779220779,7.792207792207795,bullish_cluster_6_rep_2,bullish,6,2020-11-25,6531.TW,0.8184448616337867,0.5499204408659096,True,0.035051575656447446,71
2020-07-10,2379.TW,2379,瑞昱,53,neutral,-0.0264255910987483,-2.642559109874832,bullish_cluster_6_rep_2,bullish,6,2020-11-25,6531.TW,0.819426818981806,0.549623644967278,False,0.035051575656447446,72
2025-03-17,6805.TW,6805,富世達,93,bearish,-0.0505181347150258,-5.051813471502586,bullish_cluster_6_rep_2,bullish,6,2020-11-25,6531.TW,0.8206880890482902,0.5492428966911734,False,0.035051575656447446,73
2020-11-26,6531.TW,6531,愛普*,95,neutral,0.0059031877213695,0.5903187721369552,bullish_cluster_6_rep_2,bullish,6,2020-11-25,6531.TW,0.8211323680553818,0.5491089047348091,False,0.035051575656447446,74
2025-11-18,1326.TW,1326,台化,51,neutral,-0.0303951933425302,-3.039519334253027,bullish_cluster_6_rep_2,bullish,6,2020-11-25,6531.TW,0.826386641036029,0.5475291909892331,False,0.035051575656447446,75
2021-01-13,1590.TW,1590,亞德客-KY,64,neutral,0.0418605308397403,4.18605308397404,bullish_cluster_6_rep_2,bullish,6,2020-11-25,6531.TW,0.8265975012041122,0.5474659848931084,False,0.035051575656447446,76
2023-06-20,1519.TW,1519,華城,66,neutral,-0.0493827369438768,-4.938273694387685,bullish_cluster_6_rep_2,bullish,6,2020-11-25,6531.TW,0.8279946107128447,0.5470475646588696,False,0.035051575656447446,77
2023-07-26,3661.TW,3661,世芯-KY,56,bearish,-0.0765661252900231,-7.656612529002316,bullish_cluster_6_rep_2,bullish,6,2020-11-25,6531.TW,0.8285862798546524,0.5468705584291523,False,0.035051575656447446,78
2020-05-20,3661.TW,3661,世芯-KY,56,neutral,-0.0219224283305227,-2.1922428330522714,bullish_cluster_6_rep_2,bullish,6,2020-11-25,6531.TW,0.8286231399667711,0.5468595349931816,False,0.035051575656447446,79
2023-10-13,1519.TW,1519,華城,66,neutral,-0.0322580997388964,-3.2258099738896484,bullish_cluster_6_rep_2,bullish,6,2020-11-25,6531.TW,0.8325686165897438,0.5456821594276322,False,0.035051575656447446,80
2025-10-31,2492.TW,2492,華新科,100,bearish,-0.0604838709677418,-6.048387096774189,bullish_cluster_6_rep_2,bullish,6,2020-11-25,6531.TW,0.8328334468996268,0.5456033125604369,False,0.035051575656447446,81
2021-06-15,6805.TW,6805,富世達,93,bullish,0.1030534636676474,10.305346366764743,bullish_cluster_6_rep_2,bullish,6,2020-11-25,6531.TW,0.8329332269264125,0.5455736113621925,True,0.035051575656447446,82
2022-12-07,6515.TW,6515,穎崴,73,neutral,0.0053134962805525,0.5313496280552554,bullish_cluster_6_rep_2,bullish,6,2020-11-25,6531.TW,0.8333730851427519,0.5454427187263617,False,0.035051575656447446,83
2021-03-02,2618.TW,2618,長榮航,72,neutral,-0.0231022730434472,-2.310227304344725,bullish_cluster_6_rep_2,bullish,6,2020-11-25,6531.TW,0.8344229582083612,0.5451305521037946,False,0.035051575656447446,84
2022-02-15,2615.TW,2615,萬海,59,bullish,0.0896358325877648,8.963583258776486,bullish_cluster_6_rep_2,bullish,6,2020-11-25,6531.TW,0.8345745125013824,0.5450855188413867,True,0.035051575656447446,85
2020-11-12,6531.TW,6531,愛普*,95,neutral,0.0376811594202899,3.768115942028994,bullish_cluster_6_rep_2,bullish,6,2020-11-25,6531.TW,0.8348331784081567,0.545008675321409,False,0.035051575656447446,86
2025-12-03,2449.TW,2449,京元電子,57,neutral,0.0088495236442427,0.884952364424274,bullish_cluster_6_rep_2,bullish,6,2020-11-25,6531.TW,0.8356847526871963,0.5447558457606264,False,0.035051575656447446,87
2018-12-06,1590.TW,1590,亞德客-KY,64,neutral,0.0105580174051145,1.0558017405114528,bullish_cluster_6_rep_2,bullish,6,2020-11-25,6531.TW,0.8376633855687527,0.5441693010009568,False,0.035051575656447446,88
2025-06-03,6515.TW,6515,穎崴,73,neutral,0.0186915887850467,1.869158878504673,bullish_cluster_6_rep_2,bullish,6,2020-11-25,6531.TW,0.8378239971705712,0.5441217448131888,False,0.035051575656447446,89
2023-04-21,1519.TW,1519,華城,66,neutral,-0.0324946921873127,-3.2494692187312717,bullish_cluster_6_rep_2,bullish,6,2020-11-25,6531.TW,0.8401828397548123,0.5434242611094238,False,0.035051575656447446,90
2020-05-18,6415.TW,6415,矽力*-KY,92,neutral,0.0206896551724138,2.0689655172413834,bullish_cluster_6_rep_2,bullish,6,2020-11-25,6531.TW,0.8450449518881062,0.5419922148653674,False,0.035051575656447446,91
2025-10-09,6531.TW,6531,愛普*,95,bearish,-0.1070063694267515,-10.700636942675157,bullish_cluster_6_rep_2,bullish,6,2020-11-25,6531.TW,0.845348991549682,0.541902916239287,False,0.035051575656447446,92
2023-04-18,6919.TW,6919,康霈*,97,bearish,-0.0867347227291237,-8.673472272912374,bullish_cluster_6_rep_2,bullish,6,2020-11-25,6531.TW,0.8454342001129185,0.5418778951527028,False,0.035051575656447446,93
2023-07-31,6213.TW,6213,聯茂,81,bearish,-0.0580807910526465,-5.808079105264651,bullish_cluster_6_rep_2,bullish,6,2020-11-25,6531.TW,0.8457447892758675,0.5417867116896076,False,0.035051575656447446,94
2024-10-08,1802.TW,1802,台玻,86,bearish,-0.0722221798366971,-7.22221798366971,bullish_cluster_6_rep_2,bullish,6,2020-11-25,6531.TW,0.8466055904314091,0.5415341560654418,False,0.035051575656447446,95
2021-03-25,3481.TW,3481,群創,52,bullish,0.1023017906588945,10.230179065889455,bullish_cluster_6_rep_3,bullish,6,2023-04-11,6919.TW,0.7371050013905921,0.5756704397255648,True,0.09193725410707564,1
2022-12-26,6805.TW,6805,富世達,93,neutral,-0.0375586854460093,-3.7558685446009377,bullish_cluster_6_rep_3,bullish,6,2023-04-11,6919.TW,0.748196690202805,0.5720180146800254,False,0.09193725410707564,2
2022-11-25,6805.TW,6805,富世達,93,neutral,-0.021680216802168,-2.168021680216803,bullish_cluster_6_rep_3,bullish,6,2023-04-11,6919.TW,0.7589953819361036,0.5685063248428275,False,0.09193725410707564,3
2025-12-10,1802.TW,1802,台玻,86,bearish,-0.0627451379314746,-6.274513793147463,bullish_cluster_6_rep_3,bullish,6,2023-04-11,6919.TW,0.7610379925528613,0.5678469199579083,False,0.09193725410707564,4
2023-06-16,2356.TW,2356,英業達,71,neutral,-0.0164835164835165,-1.6483516483516536,bullish_cluster_6_rep_3,bullish,6,2023-04-11,6919.TW,0.7860239921792049,0.5599028928944324,False,0.09193725410707564,5
2025-11-13,6770.TW,6770,力積電,55,neutral,0.0070126224207458,0.7012622420745851,bullish_cluster_6_rep_3,bullish,6,2023-04-11,6919.TW,0.7931143287438425,0.5576889236619648,False,0.09193725410707564,6
2024-05-29,2615.TW,2615,萬海,59,neutral,-0.0420560576903451,-4.2056057690345146,bullish_cluster_6_rep_3,bullish,6,2023-04-11,6919.TW,0.7981000359488473,0.5561425838425644,False,0.09193725410707564,7
2021-09-22,6213.TW,6213,聯茂,81,neutral,-0.0063694267515923,-0.6369426751592355,bullish_cluster_6_rep_3,bullish,6,2023-04-11,6919.TW,0.8040096471006295,0.5543207607604435,False,0.09193725410707564,8
2021-01-06,3661.TW,3661,世芯-KY,56,bullish,0.1342465753424657,13.424657534246576,bullish_cluster_6_rep_3,bullish,6,2023-04-11,6919.TW,0.8089786937868224,0.5527981083661365,True,0.09193725410707564,9
2022-06-01,6805.TW,6805,富世達,93,neutral,-0.0476190476190476,-4.761904761904767,bullish_cluster_6_rep_3,bullish,6,2023-04-11,6919.TW,0.8103581352113944,0.5523768919254369,False,0.09193725410707564,10
2022-11-09,6805.TW,6805,富世達,93,neutral,-0.0437499999999999,-4.374999999999996,bullish_cluster_6_rep_3,bullish,6,2023-04-11,6919.TW,0.8141293174794972,0.5512286199031132,False,0.09193725410707564,11
2020-07-23,1519.TW,1519,華城,66,bearish,-0.0813793309199172,-8.137933091991723,bullish_cluster_6_rep_3,bullish,6,2023-04-11,6919.TW,0.8167210488220434,0.5504422380356065,False,0.09193725410707564,12
2018-01-30,3661.TW,3661,世芯-KY,56,neutral,-0.0408163265306122,-4.081632653061229,bullish_cluster_6_rep_3,bullish,6,2023-04-11,6919.TW,0.8197166380177572,0.5495361085939808,False,0.09193725410707564,13
2021-11-05,6805.TW,6805,富世達,93,neutral,-0.0398230088495574,-3.9823008849557473,bullish_cluster_6_rep_3,bullish,6,2023-04-11,6919.TW,0.8218144862038129,0.5489033090760737,False,0.09193725410707564,14
2020-05-18,6415.TW,6415,矽力*-KY,92,neutral,0.0206896551724138,2.0689655172413834,bullish_cluster_6_rep_3,bullish,6,2023-04-11,6919.TW,0.8347366250015926,0.5450373565192944,False,0.09193725410707564,15
2023-02-21,6531.TW,6531,愛普*,95,neutral,0.0053285968028418,0.5328596802841812,bullish_cluster_6_rep_3,bullish,6,2023-04-11,6919.TW,0.8369881592592829,0.5443693226652172,False,0.09193725410707564,16
2021-01-14,1590.TW,1590,亞德客-KY,64,neutral,0.0272727711606819,2.727277116068194,bullish_cluster_6_rep_3,bullish,6,2023-04-11,6919.TW,0.8441640895151215,0.5422510966813837,False,0.09193725410707564,17
2024-07-02,6139.TW,6139,亞翔,85,neutral,0.0115384615384614,1.1538461538461495,bullish_cluster_6_rep_3,bullish,6,2023-04-11,6919.TW,0.8485298898173746,0.5409704249352414,False,0.09193725410707564,18
2020-11-10,2609.TW,2609,陽明,77,bearish,-0.0808823787217315,-8.088237872173154,bullish_cluster_6_rep_3,bullish,6,2023-04-11,6919.TW,0.8554125021366383,0.5389637069106894,False,0.09193725410707564,19
2023-02-10,6515.TW,6515,穎崴,73,neutral,-0.0149532710280373,-1.495327102803734,bullish_cluster_6_rep_3,bullish,6,2023-04-11,6919.TW,0.8582362513781528,0.5381447053669061,False,0.09193725410707564,20
2023-02-22,1519.TW,1519,華城,66,neutral,-0.0200617698696645,-2.006176986966457,bullish_cluster_6_rep_3,bullish,6,2023-04-11,6919.TW,0.8608938683691797,0.5373761593810634,False,0.09193725410707564,21
2020-10-16,1519.TW,1519,華城,66,neutral,0.0,0.0,bullish_cluster_6_rep_3,bullish,6,2023-04-11,6919.TW,0.8685651486875605,0.535169994314824,False,0.09193725410707564,22
2023-10-03,3036.TW,3036,文曄,68,neutral,0.0401785200936934,4.017852009369349,bullish_cluster_6_rep_3,bullish,6,2023-04-11,6919.TW,0.8772336904264156,0.5326987285066512,False,0.09193725410707564,23
2022-02-10,3661.TW,3661,世芯-KY,56,neutral,-0.0363636363636363,-3.6363636363636376,bullish_cluster_6_rep_3,bullish,6,2023-04-11,6919.TW,0.8818962187781305,0.5313789304753881,False,0.09193725410707564,24
2020-09-15,6531.TW,6531,愛普*,95,bullish,0.0948905109489051,9.48905109489051,bullish_cluster_6_rep_3,bullish,6,2023-04-11,6919.TW,0.8828255383596326,0.5311166540003629,True,0.09193725410707564,25
2025-05-23,7750.TW,7750,新代,91,neutral,0.0,0.0,bullish_cluster_6_rep_3,bullish,6,2023-04-11,6919.TW,0.8890757922654529,0.5293593852053767,False,0.09193725410707564,26
2020-05-18,3533.TW,3533,嘉澤,82,neutral,0.0211179785038904,2.111797850389041,bullish_cluster_6_rep_3,bullish,6,2023-04-11,6919.TW,0.8893215067073083,0.5292905397254438,False,0.09193725410707564,27
2021-11-08,6789.TW,6789,采鈺,96,neutral,-0.0011098779134295,-0.1109877913429535,bullish_cluster_6_rep_3,bullish,6,2023-04-11,6919.TW,0.8923162931915846,0.5284528826380277,False,0.09193725410707564,28
2025-07-29,6213.TW,6213,聯茂,81,neutral,-0.0470588534486058,-4.705885344860583,bullish_cluster_6_rep_3,bullish,6,2023-04-11,6919.TW,0.8929460788848795,0.5282770656568795,False,0.09193725410707564,29
2025-03-17,6805.TW,6805,富世達,93,bearish,-0.0505181347150258,-5.051813471502586,bullish_cluster_6_rep_3,bullish,6,2023-04-11,6919.TW,0.9000628965458037,0.5262983671845484,False,0.09193725410707564,30
2019-03-05,6415.TW,6415,矽力*-KY,92,neutral,-0.029090909090909,-2.9090909090909056,bullish_cluster_6_rep_3,bullish,6,2023-04-11,6919.TW,0.9019142050816746,0.5257860724359312,False,0.09193725410707564,31
2021-06-16,6789.TW,6789,采鈺,96,neutral,0.0204313280363224,2.0431328036322416,bullish_cluster_6_rep_3,bullish,6,2023-04-11,6919.TW,0.9036398262882898,0.525309455176611,False,0.09193725410707564,32
2021-02-26,2618.TW,2618,長榮航,72,neutral,-0.0443037848616999,-4.430378486169994,bullish_cluster_6_rep_3,bullish,6,2023-04-11,6919.TW,0.9043336796494289,0.5251180560877814,False,0.09193725410707564,33
2021-02-04,6805.TW,6805,富世達,93,neutral,0.0104529528449737,1.0452952844973715,bullish_cluster_6_rep_3,bullish,6,2023-04-11,6919.TW,0.9054080407167008,0.5248219691693228,False,0.09193725410707564,34
2022-11-18,6789.TW,6789,采鈺,96,neutral,-0.0273972602739726,-2.73972602739726,bullish_cluster_6_rep_3,bullish,6,2023-04-11,6919.TW,0.9076462834211825,0.5242061951897051,False,0.09193725410707564,35
2021-01-08,3661.TW,3661,世芯-KY,56,neutral,-0.03125,-3.125,bullish_cluster_6_rep_3,bullish,6,2023-04-11,6919.TW,0.9079697433603775,0.5241173260110341,False,0.09193725410707564,36
2022-01-21,6805.TW,6805,富世達,93,neutral,0.0045871559633028,0.4587155963302836,bullish_cluster_6_rep_3,bullish,6,2023-04-11,6919.TW,0.9092160476453798,0.5237751909917642,False,0.09193725410707564,37
2021-11-04,6805.TW,6805,富世達,93,neutral,0.0155555555555555,1.5555555555555545,bullish_cluster_6_rep_3,bullish,6,2023-04-11,6919.TW,0.9115869253360838,0.5231255700413341,False,0.09193725410707564,38
2020-10-14,2615.TW,2615,萬海,59,neutral,-0.0407332069637521,-4.073320696375216,bullish_cluster_6_rep_3,bullish,6,2023-04-11,6919.TW,0.9123663062517575,0.5229123713019198,False,0.09193725410707564,39
2020-07-09,3533.TW,3533,嘉澤,82,bullish,0.1081703546469117,10.817035464691171,bullish_cluster_6_rep_3,bullish,6,2023-04-11,6919.TW,0.914160464668323,0.5224222412164778,True,0.09193725410707564,40
2024-03-04,3533.TW,3533,嘉澤,82,bullish,0.094170403587444,9.4170403587444,bullish_cluster_6_rep_3,bullish,6,2023-04-11,6919.TW,0.9159625669339814,0.5219308650691697,True,0.09193725410707564,41
2025-10-16,6139.TW,6139,亞翔,85,neutral,-0.0462555066079295,-4.625550660792954,bullish_cluster_6_rep_3,bullish,6,2023-04-11,6919.TW,0.9205947092916038,0.5206720580672859,False,0.09193725410707564,42
2019-07-16,2337.TW,2337,旺宏,67,neutral,0.0086655111505846,0.866551115058467,bullish_cluster_6_rep_3,bullish,6,2023-04-11,6919.TW,0.9233504525435481,0.5199260481507897,False,0.09193725410707564,43
2021-07-07,1802.TW,1802,台玻,86,neutral,0.0037221223007111,0.3722122300711117,bullish_cluster_6_rep_3,bullish,6,2023-04-11,6919.TW,0.9257622661049735,0.5192748957650881,False,0.09193725410707564,44
2021-11-09,2376.TW,2376,技嘉,70,neutral,-0.0073260073260073,-0.73260073260073,bullish_cluster_6_rep_3,bullish,6,2023-04-11,6919.TW,0.9281865217312919,0.5186220257893484,False,0.09193725410707564,45
2023-08-21,6139.TW,6139,亞翔,85,neutral,0.0457019127779154,4.5701912777915465,bullish_cluster_6_rep_3,bullish,6,2023-04-11,6919.TW,0.9310586752050292,0.5178506551044212,False,0.09193725410707564,46
2020-05-15,3533.TW,3533,嘉澤,82,neutral,0.0228137306419575,2.281373064195757,bullish_cluster_6_rep_3,bullish,6,2023-04-11,6919.TW,0.9323510602148726,0.5175043089162082,False,0.09193725410707564,47
2024-09-30,6415.TW,6415,矽力*-KY,92,bullish,0.1901709401709401,19.017094017094017,bullish_cluster_6_rep_3,bullish,6,2023-04-11,6919.TW,0.9342739978091019,0.5169898375993639,True,0.09193725410707564,48
2023-08-01,1802.TW,1802,台玻,86,neutral,0.0303738144914467,3.037381449144672,bullish_cluster_6_rep_3,bullish,6,2023-04-11,6919.TW,0.9353717871398091,0.5166965885546213,False,0.09193725410707564,49
2025-03-06,6515.TW,6515,穎崴,73,bearish,-0.064625850340136,-6.4625850340136015,bullish_cluster_6_rep_3,bullish,6,2023-04-11,6919.TW,0.9353796492484029,0.5166944895738395,False,0.09193725410707564,50
2021-11-10,2376.TW,2376,技嘉,70,neutral,-0.0215827338129496,-2.1582733812949617,bullish_cluster_6_rep_3,bullish,6,2023-04-11,6919.TW,0.9388328200810561,0.5157742274850667,False,0.09193725410707564,51
2024-01-26,6919.TW,6919,康霈*,97,neutral,-0.019911537847071,-1.9911537847071004,bullish_cluster_6_rep_3,bullish,6,2023-04-11,6919.TW,0.9398375744582923,0.5155070781012447,False,0.09193725410707564,52
2023-11-10,3661.TW,3661,世芯-KY,56,neutral,-0.0296874999999999,-2.968749999999998,bullish_cluster_6_rep_3,bullish,6,2023-04-11,6919.TW,0.9399203335725466,0.515485086007839,False,0.09193725410707564,53
2021-12-08,2615.TW,2615,萬海,59,neutral,0.0228426196991753,2.2842619699175337,bullish_cluster_6_rep_3,bullish,6,2023-04-11,6919.TW,0.9403022746686787,0.5153836147363985,False,0.09193725410707564,54
2020-07-10,3533.TW,3533,嘉澤,82,neutral,0.0292135058427633,2.9213505842763388,bullish_cluster_6_rep_3,bullish,6,2023-04-11,6919.TW,0.9423391723377778,0.5148431408075919,False,0.09193725410707564,55
2021-02-02,6415.TW,6415,矽力*-KY,92,neutral,-0.0191304347826086,-1.9130434782608676,bullish_cluster_6_rep_3,bullish,6,2023-04-11,6919.TW,0.945022913535964,0.5141327606172233,False,0.09193725410707564,56
2020-08-18,1519.TW,1519,華城,66,neutral,-0.0384122925993448,-3.841229259934487,bullish_cluster_6_rep_3,bullish,6,2023-04-11,6919.TW,0.9481145692593437,0.5133168324798225,False,0.09193725410707564,57
2021-03-15,6531.TW,6531,愛普*,95,bullish,0.051413881748072,5.141388174807204,bullish_cluster_6_rep_3,bullish,6,2023-04-11,6919.TW,0.9505082958815269,0.5126868735249612,True,0.09193725410707564,58
2023-11-20,6415.TW,6415,矽力*-KY,92,neutral,-0.0157384987893463,-1.57384987893463,bullish_cluster_6_rep_3,bullish,6,2023-04-11,6919.TW,0.9514128621654091,0.5124492204537064,False,0.09193725410707564,59
2021-01-18,6515.TW,6515,穎崴,73,neutral,-0.0294736842105263,-2.947368421052632,bullish_cluster_6_rep_3,bullish,6,2023-04-11,6919.TW,0.9519563924777508,0.512306526853621,False,0.09193725410707564,60
2024-06-13,1519.TW,1519,華城,66,bullish,0.1290323112900349,12.90323112900349,bullish_cluster_6_rep_3,bullish,6,2023-04-11,6919.TW,0.9530652893914249,0.512015653256323,True,0.09193725410707564,61
2023-09-04,1802.TW,1802,台玻,86,bearish,-0.0801887123471849,-8.018871234718494,bullish_cluster_6_rep_3,bullish,6,2023-04-11,6919.TW,0.9555832897294604,0.5113563841805696,False,0.09193725410707564,62
2018-05-21,2376.TW,2376,技嘉,70,neutral,0.0011587308294893,0.1158730829489362,bullish_cluster_6_rep_3,bullish,6,2023-04-11,6919.TW,0.9568987613929476,0.5110126388389076,False,0.09193725410707564,63
2024-07-03,6139.TW,6139,亞翔,85,neutral,-0.0191570881226054,-1.9157088122605412,bullish_cluster_6_rep_3,bullish,6,2023-04-11,6919.TW,0.9571658752652925,0.5109428958669385,False,0.09193725410707564,64
2023-06-06,2376.TW,2376,技嘉,70,bullish,0.1507177033492823,15.071770334928235,bullish_cluster_6_rep_3,bullish,6,2023-04-11,6919.TW,0.9573482128151459,0.5108952987786242,True,0.09193725410707564,65
2025-07-30,1802.TW,1802,台玻,86,bullish,0.0712643327384159,7.1264332738415925,bullish_cluster_6_rep_3,bullish,6,2023-04-11,6919.TW,0.9579002461517827,0.5107512509717907,True,0.09193725410707564,66
2020-08-05,3661.TW,3661,世芯-KY,56,neutral,0.0120120120120119,1.2012012012011963,bullish_cluster_6_rep_3,bullish,6,2023-04-11,6919.TW,0.9586554764957037,0.5105543123842962,False,0.09193725410707564,67
2021-04-27,6415.TW,6415,矽力*-KY,92,neutral,0.0466321243523315,4.663212435233155,bullish_cluster_6_rep_3,bullish,6,2023-04-11,6919.TW,0.9596122308558662,0.5103050410964455,False,0.09193725410707564,68
2024-06-12,1519.TW,1519,華城,66,bullish,0.1484771161491143,14.847711614911429,bullish_cluster_6_rep_3,bullish,6,2023-04-11,6919.TW,0.9609170162206201,0.5099654864168364,True,0.09193725410707564,69
2021-04-29,1590.TW,1590,亞德客-KY,64,bearish,-0.1016949666972273,-10.169496669722731,bullish_cluster_6_rep_3,bullish,6,2023-04-11,6919.TW,0.9614279106811351,0.5098326553601122,False,0.09193725410707564,70
2020-04-09,2492.TW,2492,華新科,100,neutral,-0.005524861878453,-0.5524861878453025,bullish_cluster_6_rep_3,bullish,6,2023-04-11,6919.TW,0.9617556018832576,0.5097474930312492,False,0.09193725410707564,71
2020-12-02,3532.TW,3532,台勝科,98,neutral,0.0,0.0,bullish_cluster_6_rep_3,bullish,6,2023-04-11,6919.TW,0.9625845740707735,0.5095321818034113,False,0.09193725410707564,72
2020-08-19,1519.TW,1519,華城,66,neutral,0.0052355975709474,0.5235597570947492,bullish_cluster_6_rep_3,bullish,6,2023-04-11,6919.TW,0.9626317991820826,0.5095199213712654,False,0.09193725410707564,73
2022-05-18,3532.TW,3532,台勝科,98,neutral,-0.0365853658536585,-3.658536585365857,bullish_cluster_6_rep_3,bullish,6,2023-04-11,6919.TW,0.9641856010676952,0.509116857111883,False,0.09193725410707564,74
2025-10-23,6805.TW,6805,富世達,93,bullish,0.0555555555555555,5.555555555555558,bullish_cluster_6_rep_3,bullish,6,2023-04-11,6919.TW,0.9645430724940228,0.5090242173873449,True,0.09193725410707564,75
2023-12-11,1519.TW,1519,華城,66,neutral,0.04719765867415,4.7197658674150045,bullish_cluster_6_rep_3,bullish,6,2023-04-11,6919.TW,0.9646320841814854,0.5090011550007975,False,0.09193725410707564,76
2022-07-22,6415.TW,6415,矽力*-KY,92,bearish,-0.0829268292682926,-8.292682926829265,bullish_cluster_6_rep_3,bullish,6,2023-04-11,6919.TW,0.9653840573964964,0.5088064066850524,False,0.09193725410707564,77
2020-03-03,6531.TW,6531,愛普*,95,neutral,0.0225563909774435,2.2556390977443552,bullish_cluster_6_rep_3,bullish,6,2023-04-11,6919.TW,0.9686984519594768,0.5079498076532158,False,0.09193725410707564,78
2024-03-13,6805.TW,6805,富世達,93,neutral,0.0443925233644859,4.439252336448596,bullish_cluster_6_rep_3,bullish,6,2023-04-11,6919.TW,0.9688668690289162,0.5079063575757256,False,0.09193725410707564,79
2021-01-07,3533.TW,3533,嘉澤,82,neutral,0.0149532469361817,1.495324693618172,bullish_cluster_6_rep_3,bullish,6,2023-04-11,6919.TW,0.970357803993289,0.5075220338018394,False,0.09193725410707564,80
2018-01-31,3661.TW,3661,世芯-KY,56,bearish,-0.0720338983050847,-7.203389830508478,bullish_cluster_6_rep_3,bullish,6,2023-04-11,6919.TW,0.9715457331539717,0.5072162330215157,False,0.09193725410707564,81
2024-04-12,6805.TW,6805,富世達,93,bearish,-0.0858524788391777,-8.585247883917779,bullish_cluster_6_rep_3,bullish,6,2023-04-11,6919.TW,0.9715840743894694,0.5072063692285935,False,0.09193725410707564,82
2023-07-18,2449.TW,2449,京元電子,57,neutral,0.0172955951077298,1.7295595107729822,bullish_cluster_6_rep_3,bullish,6,2023-04-11,6919.TW,0.9738054552008399,0.5066355437234554,False,0.09193725410707564,83
2022-07-15,3533.TW,3533,嘉澤,82,neutral,-0.0099857174405065,-0.998571744050658,bullish_cluster_6_rep_3,bullish,6,2023-04-11,6919.TW,0.976119603495263,0.5060422447261033,False,0.09193725410707564,84
2025-07-30,6213.TW,6213,聯茂,81,neutral,-0.0285714436047183,-2.8571443604718305,bullish_cluster_6_rep_3,bullish,6,2023-04-11,6919.TW,0.9779555177459145,0.5055725424703199,False,0.09193725410707564,85
2020-11-13,2615.TW,2615,萬海,59,bullish,0.1895424841754871,18.954248417548712,bullish_cluster_6_rep_3,bullish,6,2023-04-11,6919.TW,0.9782697857527454,0.5054922271986746,True,0.09193725410707564,86
2021-01-13,1590.TW,1590,亞德客-KY,64,neutral,0.0418605308397403,4.18605308397404,bullish_cluster_6_rep_3,bullish,6,2023-04-11,6919.TW,0.9792819337100542,0.50523373298596,False,0.09193725410707564,87
2024-06-07,2609.TW,2609,陽明,77,bearish,-0.1266586225179045,-12.66586225179045,bullish_cluster_6_rep_3,bullish,6,2023-04-11,6919.TW,0.9807045077192529,0.5048708659483402,False,0.09193725410707564,88
2021-07-20,6805.TW,6805,富世達,93,neutral,0.0202463349814279,2.024633498142792,bullish_cluster_6_rep_3,bullish,6,2023-04-11,6919.TW,0.9812188693482045,0.5047397919892551,False,0.09193725410707564,89
2023-04-14,2492.TW,2492,華新科,100,bearish,-0.0678733031674208,-6.78733031674208,bullish_cluster_6_rep_3,bullish,6,2023-04-11,6919.TW,0.9817226032641061,0.5046114922204018,False,0.09193725410707564,90
2019-09-16,6213.TW,6213,聯茂,81,neutral,0.0030864203559208,0.3086420355920882,bullish_cluster_6_rep_3,bullish,6,2023-04-11,6919.TW,0.9832088739304079,0.5042333226445066,False,0.09193725410707564,91
2020-05-28,1605.TW,1605,華新,88,neutral,-0.0486111340381227,-4.861113403812278,bullish_cluster_6_rep_3,bullish,6,2023-04-11,6919.TW,0.9864543270517888,0.5034095102927222,False,0.09193725410707564,92
2025-04-30,7750.TW,7750,新代,91,neutral,-0.0361904761904762,-3.6190476190476217,bullish_cluster_6_rep_3,bullish,6,2023-04-11,6919.TW,0.9867145511721774,0.5033435726385515,False,0.09193725410707564,93
2024-03-08,3702.TW,3702,大聯大,90,neutral,-0.0215827958648523,-2.1582795864852344,bullish_cluster_6_rep_3,bullish,6,2023-04-11,6919.TW,0.9868897427345404,0.5032991909373431,False,0.09193725410707564,94
2020-12-10,2609.TW,2609,陽明,77,bullish,0.0836236778651731,8.36236778651731,bullish_cluster_6_rep_3,bullish,6,2023-04-11,6919.TW,0.9909492205715154,0.5022729809818772,True,0.09193725410707564,95
2019-12-16,6213.TW,6213,聯茂,81,neutral,-0.0155038788211258,-1.5503878821125805,bullish_cluster_7_rep_1,bullish,7,2019-12-16,6139.TW,3.187493722944636,0.23880632811953265,False,0.0009099256149768967,1
2019-12-16,3661.TW,3661,世芯-KY,56,neutral,-0.0084210526315789,-0.8421052631578996,bullish_cluster_7_rep_1,bullish,7,2019-12-16,6139.TW,6.348865082814007,0.136075433244596,False,0.0009099256149768967,2
2024-11-20,6805.TW,6805,富世達,93,neutral,0.0224852071005916,2.2485207100591653,bullish_cluster_7_rep_1,bullish,7,2019-12-16,6139.TW,6.757456227338013,0.12890823624320366,False,0.0009099256149768967,3
2019-12-16,3533.TW,3533,嘉澤,82,neutral,-0.0046948284430715,-0.4694828443071563,bullish_cluster_7_rep_1,bullish,7,2019-12-16,6139.TW,6.910341300888388,0.12641679568082514,False,0.0009099256149768967,4
2019-12-16,2404.TW,2404,漢唐,79,neutral,0.0302197802197801,3.0219780219780112,bullish_cluster_7_rep_1,bullish,7,2019-12-16,6139.TW,7.112130344431637,0.12327218098590147,False,0.0009099256149768967,5
2019-12-16,1402.TW,1402,遠東新,94,neutral,0.0150753383530999,1.5075338353099932,bullish_cluster_7_rep_1,bullish,7,2019-12-16,6139.TW,7.981208128265302,0.1113435949505323,False,0.0009099256149768967,6
2019-12-16,1590.TW,1590,亞德客-KY,64,neutral,0.0056947931812423,0.569479318124233,bullish_cluster_7_rep_1,bullish,7,2019-12-16,6139.TW,8.744814916575523,0.10261867552754048,False,0.0009099256149768967,7
2019-12-16,6531.TW,6531,愛普*,95,neutral,0.0459904924072229,4.599049240722297,bullish_cluster_7_rep_1,bullish,7,2019-12-16,6139.TW,8.928991482642429,0.10071516344315237,False,0.0009099256149768967,8
2019-12-16,2324.TW,2324,仁寶,84,neutral,0.0053050599175601,0.530505991756014,bullish_cluster_7_rep_1,bullish,7,2019-12-16,6139.TW,9.323557329792045,0.09686583491081786,False,0.0009099256149768967,9
2019-12-16,4938.TW,4938,和碩,69,neutral,0.0218340621052732,2.183406210527328,bullish_cluster_7_rep_1,bullish,7,2019-12-16,6139.TW,9.86464652845415,0.09204165063088182,False,0.0009099256149768967,10
2019-12-16,5876.TW,5876,上海商銀,75,neutral,0.0117646581654795,1.1764658165479558,bullish_cluster_7_rep_1,bullish,7,2019-12-16,6139.TW,10.05434674302955,0.09046215242258092,False,0.0009099256149768967,11
2019-12-16,6415.TW,6415,矽力*-KY,92,neutral,-0.0453172205438066,-4.53172205438066,bullish_cluster_7_rep_1,bullish,7,2019-12-16,6139.TW,10.168587274555527,0.08953683894096594,False,0.0009099256149768967,12
2019-12-16,1504.TW,1504,東元,89,neutral,-0.0037523595835324,-0.3752359583532483,bullish_cluster_7_rep_1,bullish,7,2019-12-16,6139.TW,10.390317016088483,0.08779386900184866,False,0.0009099256149768967,13
2019-12-16,2347.TW,2347,聯強,99,neutral,0.0242260477581595,2.422604775815951,bullish_cluster_7_rep_1,bullish,7,2019-12-16,6139.TW,10.636616816072356,0.08593563024424865,False,0.0009099256149768967,14
2019-12-16,3034.TW,3034,聯詠,58,neutral,-0.0404255319148936,-4.042553191489362,bullish_cluster_7_rep_1,bullish,7,2019-12-16,6139.TW,10.638639767028945,0.085920693484551,False,0.0009099256149768967,15
2019-12-16,2449.TW,2449,京元電子,57,neutral,0.0064599235821523,0.6459923582152305,bullish_cluster_7_rep_1,bullish,7,2019-12-16,6139.TW,10.764419328100724,0.08500207040490135,False,0.0009099256149768967,16
2019-12-16,3044.TW,3044,健鼎,65,neutral,0.0119047619047618,1.1904761904761862,bullish_cluster_7_rep_1,bullish,7,2019-12-16,6139.TW,11.005749350137243,0.08329342641061956,False,0.0009099256149768967,17
2019-12-16,1519.TW,1519,華城,66,neutral,0.0154109237703654,1.541092377036546,bullish_cluster_7_rep_1,bullish,7,2019-12-16,6139.TW,11.053159481399838,0.08296579843178689,False,0.0009099256149768967,18
2019-12-16,2615.TW,2615,萬海,59,neutral,0.0165745760610638,1.6574576061063828,bullish_cluster_7_rep_1,bullish,7,2019-12-16,6139.TW,11.350778893149604,0.0809665534984723,False,0.0009099256149768967,19
2019-12-16,1326.TW,1326,台化,51,neutral,0.0103329683311799,1.0332968331179917,bullish_cluster_7_rep_1,bullish,7,2019-12-16,6139.TW,11.445544920293674,0.08035003741534873,False,0.0009099256149768967,20
2019-12-16,1605.TW,1605,華新,88,neutral,0.00990099517163,0.9900995171630012,bullish_cluster_7_rep_1,bullish,7,2019-12-16,6139.TW,11.494972086449318,0.080032191595249,False,0.0009099256149768967,21
2019-12-16,2801.TW,2801,彰銀,61,neutral,0.0155211091518161,1.5521109151816148,bullish_cluster_7_rep_1,bullish,7,2019-12-16,6139.TW,11.751849296488881,0.07841999828803983,False,0.0009099256149768967,22
2019-12-16,5871.TW,5871,中租-KY,78,neutral,0.0036231776984509,0.3623177698450996,bullish_cluster_7_rep_1,bullish,7,2019-12-16,6139.TW,12.012778912916161,0.07684753630966748,False,0.0009099256149768967,23
2019-12-16,2337.TW,2337,旺宏,67,neutral,-0.0040322990000674,-0.4032299000067407,bullish_cluster_7_rep_1,bullish,7,2019-12-16,6139.TW,12.05251589194067,0.07661358226098419,False,0.0009099256149768967,24
2019-12-16,2409.TW,2409,友達,80,neutral,0.0049504950495049,0.4950495049504955,bullish_cluster_7_rep_1,bullish,7,2019-12-16,6139.TW,12.058484052514725,0.07657856731137379,False,0.0009099256149768967,25
2019-12-16,3702.TW,3702,大聯大,90,neutral,0.0103627342407044,1.036273424070444,bullish_cluster_7_rep_1,bullish,7,2019-12-16,6139.TW,12.26682304210364,0.0753759959582182,False,0.0009099256149768967,26
2019-12-16,1802.TW,1802,台玻,86,neutral,-0.0043103611284993,-0.4310361128499362,bullish_cluster_7_rep_1,bullish,7,2019-12-16,6139.TW,12.589016414019955,0.07358884333735058,False,0.0009099256149768967,27
2019-12-16,4904.TW,4904,遠傳,54,neutral,0.0041551670974844,0.4155167097484424,bullish_cluster_7_rep_1,bullish,7,2019-12-16,6139.TW,12.594567216450416,0.07355879625133835,False,0.0009099256149768967,28
2019-12-16,3481.TW,3481,群創,52,neutral,-0.009302296314319,-0.9302296314319004,bullish_cluster_7_rep_1,bullish,7,2019-12-16,6139.TW,12.672312327128619,0.07314051757110601,False,0.0009099256149768967,29
2019-12-16,2313.TW,2313,華通,60,neutral,-0.0417536521145925,-4.175365211459258,bullish_cluster_7_rep_1,bullish,7,2019-12-16,6139.TW,12.762070387306935,0.07266348535190768,False,0.0009099256149768967,30
2019-12-16,2492.TW,2492,華新科,100,neutral,-0.016042780748663,-1.6042780748663057,bullish_cluster_7_rep_1,bullish,7,2019-12-16,6139.TW,13.18880016032225,0.07047812279409033,False,0.0009099256149768967,31
2019-12-16,2834.TW,2834,臺企銀,87,neutral,0.0080321814397417,0.8032181439741715,bullish_cluster_7_rep_1,bullish,7,2019-12-16,6139.TW,13.21064092601893,0.07036980282634916,False,0.0009099256149768967,32
2019-12-16,6239.TW,6239,力成,76,neutral,-0.0095238095238094,-0.952380952380949,bullish_cluster_7_rep_1,bullish,7,2019-12-16,6139.TW,13.320112576782176,0.06983185325102427,False,0.0009099256149768967,33
2019-12-16,2376.TW,2376,技嘉,70,neutral,0.023437514551915,2.3437514551915006,bullish_cluster_7_rep_1,bullish,7,2019-12-16,6139.TW,13.405964637406504,0.06941569170615633,False,0.0009099256149768967,34
2019-12-16,2356.TW,2356,英業達,71,neutral,0.0175439271606956,1.7543927160695638,bullish_cluster_7_rep_1,bullish,7,2019-12-16,6139.TW,13.44927732741966,0.0692076134563734,False,0.0009099256149768967,35
2019-12-16,3532.TW,3532,台勝科,98,neutral,0.0,0.0,bullish_cluster_7_rep_1,bullish,7,2019-12-16,6139.TW,13.55155156728971,0.06872119411980027,False,0.0009099256149768967,36
2019-12-16,2912.TW,2912,統一超,74,neutral,0.0149750415973377,1.4975041597337757,bullish_cluster_7_rep_1,bullish,7,2019-12-16,6139.TW,13.567900762617588,0.06864407002044391,False,0.0009099256149768967,37
2019-12-16,2207.TW,2207,和泰車,63,bullish,0.0694006547666976,6.940065476669766,bullish_cluster_7_rep_1,bullish,7,2019-12-16,6139.TW,13.693444958380265,0.06805755919272422,True,0.0009099256149768967,38
2019-12-16,2618.TW,2618,長榮航,72,neutral,-0.003610121975286,-0.3610121975286096,bullish_cluster_7_rep_1,bullish,7,2019-12-16,6139.TW,13.721180996942799,0.06792933258599793,False,0.0009099256149768967,39
2019-12-16,2379.TW,2379,瑞昱,53,neutral,0.0,0.0,bullish_cluster_7_rep_1,bullish,7,2019-12-16,6139.TW,13.755699501742223,0.06777042321049767,False,0.0009099256149768967,40
2019-12-16,1101.TW,1101,台泥,83,neutral,0.0046728798795538,0.4672879879553893,bullish_cluster_7_rep_1,bullish,7,2019-12-16,6139.TW,13.774009297846392,0.06768643364437099,False,0.0009099256149768967,41
2019-12-16,2609.TW,2609,陽明,77,neutral,0.0068870127164453,0.6887012716445318,bullish_cluster_7_rep_1,bullish,7,2019-12-16,6139.TW,13.774993619635751,0.06768192432049612,False,0.0009099256149768967,42
2019-12-16,2002.TW,2002,中鋼,62,neutral,0.008510670763381,0.8510670763381079,bullish_cluster_7_rep_1,bullish,7,2019-12-16,6139.TW,13.778615879353158,0.0676653353848296,False,0.0009099256149768967,43
2025-04-07,3661.TW,3661,世芯-KY,56,bearish,-0.1085594989561586,-10.855949895615868,bullish_cluster_7_rep_1,bullish,7,2019-12-16,6139.TW,14.167663851494591,0.06592973115642077,False,0.0009099256149768967,44
2019-12-16,3036.TW,3036,文曄,68,neutral,0.0012180925200331,0.1218092520033131,bullish_cluster_7_rep_1,bullish,7,2019-12-16,6139.TW,14.189941310315824,0.06583303908625887,False,0.0009099256149768967,45
2025-04-07,6805.TW,6805,富世達,93,bearish,-0.1083650190114068,-10.836501901140682,bullish_cluster_7_rep_1,bullish,7,2019-12-16,6139.TW,14.332255796066317,0.06522197472446048,False,0.0009099256149768967,46
2025-04-07,1519.TW,1519,華城,66,bearish,-0.1084488703401771,-10.844887034017711,bullish_cluster_7_rep_1,bullish,7,2019-12-16,6139.TW,14.390980485240357,0.0649731185715543,False,0.0009099256149768967,47
2025-04-07,2404.TW,2404,漢唐,79,bullish,0.1152912621359223,11.529126213592232,bullish_cluster_7_rep_1,bullish,7,2019-12-16,6139.TW,14.466616778882393,0.06465538095993734,True,0.0009099256149768967,48
2023-08-29,6919.TW,6919,康霈*,97,neutral,0.027220630843171,2.7220630843171056,bullish_cluster_7_rep_1,bullish,7,2019-12-16,6139.TW,14.47198643312189,0.06463294188645582,False,0.0009099256149768967,49
2024-03-19,1519.TW,1519,華城,66,bullish,0.0818182125900732,8.181821259007327,bullish_cluster_7_rep_1,bullish,7,2019-12-16,6139.TW,14.475670163239048,0.06461755707196468,True,0.0009099256149768967,50
2024-03-20,1519.TW,1519,華城,66,bullish,0.1612426017725703,16.12426017725703,bullish_cluster_7_rep_1,bullish,7,2019-12-16,6139.TW,14.481380888385125,0.06459372114216555,True,0.0009099256149768967,51
2019-05-21,6531.TW,6531,愛普*,95,neutral,0.0013623770033006,0.1362377003300663,bullish_cluster_7_rep_1,bullish,7,2019-12-16,6139.TW,14.484922272908033,0.06457894862989211,False,0.0009099256149768967,52
2024-08-08,7750.TW,7750,新代,91,neutral,0.0281329923273656,2.813299232736566,bullish_cluster_7_rep_1,bullish,7,2019-12-16,6139.TW,14.492200969629113,0.06454860751938336,False,0.0009099256149768967,53
2019-03-06,5876.TW,5876,上海商銀,75,neutral,-0.0195652021300742,-1.9565202130074288,bullish_cluster_7_rep_1,bullish,7,2019-12-16,6139.TW,14.496899475506888,0.06452903702321339,False,0.0009099256149768967,54
2023-05-10,6805.TW,6805,富世達,93,neutral,-0.0458515283842795,-4.585152838427953,bullish_cluster_7_rep_1,bullish,7,2019-12-16,6139.TW,14.49854248162741,0.06452219627654922,False,0.0009099256149768967,55
2024-12-26,1590.TW,1590,亞德客-KY,64,neutral,0.0047619047619047,0.4761904761904745,bullish_cluster_7_rep_1,bullish,7,2019-12-16,6139.TW,14.49997211367964,0.06451624510455996,False,0.0009099256149768967,56
2018-12-05,1504.TW,1504,東元,89,neutral,-0.0428954023283564,-4.289540232835643,bullish_cluster_7_rep_1,bullish,7,2019-12-16,6139.TW,14.501734493787882,0.0645089103029559,False,0.0009099256149768967,57
2022-12-26,4938.TW,4938,和碩,69,neutral,0.0,0.0,bullish_cluster_7_rep_1,bullish,7,2019-12-16,6139.TW,14.502266130607014,0.06450669802562882,False,0.0009099256149768967,58
2022-03-31,6805.TW,6805,富世達,93,bearish,-0.1575663026521061,-15.756630265210614,bullish_cluster_7_rep_1,bullish,7,2019-12-16,6139.TW,14.503096717638897,0.06450324204339343,False,0.0009099256149768967,59
2023-10-19,6919.TW,6919,康霈*,97,neutral,-0.0283600983656524,-2.8360098365652453,bullish_cluster_7_rep_1,bullish,7,2019-12-16,6139.TW,14.508470195873665,0.06448089252968806,False,0.0009099256149768967,60
2025-11-28,3702.TW,3702,大聯大,90,neutral,-0.0351391130108761,-3.5139113010876133,bullish_cluster_7_rep_1,bullish,7,2019-12-16,6139.TW,14.510014891070181,0.06447447065803562,False,0.0009099256149768967,61
2025-04-07,6139.TW,6139,亞翔,85,bearish,-0.108294930875576,-10.829493087557609,bullish_cluster_7_rep_1,bullish,7,2019-12-16,6139.TW,14.512702662538576,0.06446329964248505,False,0.0009099256149768967,62
2024-06-20,1519.TW,1519,華城,66,neutral,-0.0264550655717932,-2.6455065571793224,bullish_cluster_7_rep_1,bullish,7,2019-12-16,6139.TW,14.51497610099096,0.06445385371467822,False,0.0009099256149768967,63
2023-09-04,2337.TW,2337,旺宏,67,neutral,0.0253730887797341,2.53730887797341,bullish_cluster_7_rep_1,bullish,7,2019-12-16,6139.TW,14.515677077606508,0.064450941779607,False,0.0009099256149768967,64
2021-07-08,3702.TW,3702,大聯大,90,neutral,-0.0390071046705555,-3.900710467055557,bullish_cluster_7_rep_1,bullish,7,2019-12-16,6139.TW,14.516120428979704,0.06444910018436595,False,0.0009099256149768967,65
2019-03-07,5876.TW,5876,上海商銀,75,neutral,0.0,0.0,bullish_cluster_7_rep_1,bullish,7,2019-12-16,6139.TW,14.516294138299545,0.06444837865838444,False,0.0009099256149768967,66
2019-03-19,2207.TW,2207,和泰車,63,neutral,-0.005376345885532,-0.5376345885532041,bullish_cluster_7_rep_1,bullish,7,2019-12-16,6139.TW,14.517057327564858,0.0644452088363157,False,0.0009099256149768967,67
2018-03-21,2207.TW,2207,和泰車,63,neutral,-0.0232172032664195,-2.321720326641952,bullish_cluster_7_rep_1,bullish,7,2019-12-16,6139.TW,14.518783642329234,0.06443803992939158,False,0.0009099256149768967,68
2022-08-22,1519.TW,1519,華城,66,neutral,0.0064184633999435,0.6418463399943564,bullish_cluster_7_rep_1,bullish,7,2019-12-16,6139.TW,14.519187407132105,0.0644363634361702,False,0.0009099256149768967,69
2025-07-21,1802.TW,1802,台玻,86,bullish,0.2017803882229771,20.178038822297715,bullish_cluster_7_rep_1,bullish,7,2019-12-16,6139.TW,14.520120585258525,0.0644324890716268,True,0.0009099256149768967,70
2022-07-25,3044.TW,3044,健鼎,65,neutral,0.0049751243781095,0.4975124378109541,bullish_cluster_7_rep_1,bullish,7,2019-12-16,6139.TW,14.52074929178875,0.06442987907349614,False,0.0009099256149768967,71
2022-06-02,6770.TW,6770,力積電,55,neutral,-0.0332168094499386,-3.3216809449938656,bullish_cluster_7_rep_1,bullish,7,2019-12-16,6139.TW,14.52110909540454,0.06442838548799829,False,0.0009099256149768967,72
2020-05-08,1519.TW,1519,華城,66,neutral,-0.0248668094280213,-2.486680942802133,bullish_cluster_7_rep_1,bullish,7,2019-12-16,6139.TW,14.521444936879929,0.06442699143453694,False,0.0009099256149768967,73
2019-11-22,2404.TW,2404,漢唐,79,neutral,0.0358208955223879,3.5820895522387985,bullish_cluster_7_rep_1,bullish,7,2019-12-16,6139.TW,14.522394528461144,0.0644230500755825,False,0.0009099256149768967,74
2021-12-07,6805.TW,6805,富世達,93,neutral,0.0232974910394265,2.3297491039426577,bullish_cluster_7_rep_1,bullish,7,2019-12-16,6139.TW,14.522964209871596,0.06442068579685735,False,0.0009099256149768967,75
2023-04-07,2207.TW,2207,和泰車,63,neutral,0.0251177461542349,2.51177461542349,bullish_cluster_7_rep_1,bullish,7,2019-12-16,6139.TW,14.523177931712539,0.06441979885813746,False,0.0009099256149768967,76
2021-11-16,3532.TW,3532,台勝科,98,neutral,0.0268817204301075,2.6881720430107503,bullish_cluster_7_rep_1,bullish,7,2019-12-16,6139.TW,14.523262323756088,0.06441944864061505,False,0.0009099256149768967,77
2020-06-09,6531.TW,6531,愛普*,95,neutral,0.0492957746478872,4.929577464788726,bullish_cluster_7_rep_1,bullish,7,2019-12-16,6139.TW,14.523360188109184,0.0644190425192862,False,0.0009099256149768967,78
2022-03-18,1519.TW,1519,華城,66,neutral,0.0061124487980925,0.6112448798092585,bullish_cluster_7_rep_1,bullish,7,2019-12-16,6139.TW,14.523365513912795,0.0644190204182045,False,0.0009099256149768967,79
2023-09-05,2337.TW,2337,旺宏,67,neutral,0.02067949171326,2.067949171326,bullish_cluster_7_rep_1,bullish,7,2019-12-16,6139.TW,14.523574527739914,0.06441815306217302,False,0.0009099256149768967,80
2019-12-25,6139.TW,6139,亞翔,85,neutral,-0.0047095567335562,-0.4709556733556219,bullish_cluster_7_rep_1,bullish,7,2019-12-16,6139.TW,14.524825703038553,0.06441296148041635,False,0.0009099256149768967,81
2024-06-19,1519.TW,1519,華城,66,neutral,-0.0322580419735577,-3.225804197355775,bullish_cluster_7_rep_1,bullish,7,2019-12-16,6139.TW,14.524968521694245,0.06441236892703663,False,0.0009099256149768967,82
2018-04-12,1605.TW,1605,華新,88,neutral,0.0176767763386849,1.767677633868492,bullish_cluster_7_rep_1,bullish,7,2019-12-16,6139.TW,14.5256453540989,0.0644095609034372,False,0.0009099256149768967,83
2024-02-27,1519.TW,1519,華城,66,neutral,0.0,0.0,bullish_cluster_7_rep_1,bullish,7,2019-12-16,6139.TW,14.526028058787485,0.06440797325714066,False,0.0009099256149768967,84
2024-04-09,2492.TW,2492,華新科,100,neutral,-0.025531914893617,-2.553191489361706,bullish_cluster_7_rep_1,bullish,7,2019-12-16,6139.TW,14.526124658220791,0.06440757252779875,False,0.0009099256149768967,85
2019-09-26,6531.TW,6531,愛普*,95,neutral,0.010752688172043,1.0752688172043,bullish_cluster_7_rep_1,bullish,7,2019-12-16,6139.TW,14.526146690327533,0.06440748113136012,False,0.0009099256149768967,86
2023-03-07,6139.TW,6139,亞翔,85,neutral,-0.003318612834451,-0.3318612834451007,bullish_cluster_7_rep_1,bullish,7,2019-12-16,6139.TW,14.526582099683695,0.0644056749630926,False,0.0009099256149768967,87
2021-11-24,3481.TW,3481,群創,52,neutral,-0.0428954583323049,-4.28954583323049,bullish_cluster_7_rep_1,bullish,7,2019-12-16,6139.TW,14.527147960302086,0.06440332780731386,False,0.0009099256149768967,88
2021-06-01,5876.TW,5876,上海商銀,75,neutral,-0.004410125491152,-0.441012549115205,bullish_cluster_7_rep_1,bullish,7,2019-12-16,6139.TW,14.52727751144761,0.06440279046102847,False,0.0009099256149768967,89
2020-06-09,6139.TW,6139,亞翔,85,neutral,-0.021778565035919,-2.1778565035919017,bullish_cluster_7_rep_1,bullish,7,2019-12-16,6139.TW,14.527288447257765,0.06440274510238826,False,0.0009099256149768967,90
2018-03-02,6213.TW,6213,聯茂,81,neutral,-0.0322581331112753,-3.2258133111275344,bullish_cluster_7_rep_1,bullish,7,2019-12-16,6139.TW,14.527667082167987,0.06440117467152567,False,0.0009099256149768967,91
2021-10-19,1605.TW,1605,華新,88,neutral,-0.0019417484507723,-0.1941748450772329,bullish_cluster_7_rep_1,bullish,7,2019-12-16,6139.TW,14.527927012708401,0.06440009662471866,False,0.0009099256149768967,92
2023-02-06,1519.TW,1519,華城,66,neutral,0.0109289991464667,1.0928999146466722,bullish_cluster_7_rep_1,bullish,7,2019-12-16,6139.TW,14.528451953314816,0.06439791957411008,False,0.0009099256149768967,93
2022-12-09,1519.TW,1519,華城,66,neutral,0.009221342816625,0.9221342816625012,bullish_cluster_7_rep_1,bullish,7,2019-12-16,6139.TW,14.528736193003562,0.06439674082753417,False,0.0009099256149768967,94
2025-11-27,2347.TW,2347,聯強,99,neutral,-0.0016128786148563,-0.1612878614856372,bullish_cluster_7_rep_1,bullish,7,2019-12-16,6139.TW,14.52881705352428,0.06439640550553392,False,0.0009099256149768967,95
2020-10-16,2207.TW,2207,和泰車,63,neutral,0.006359302207846,0.6359302207846085,bullish_cluster_8_rep_1,bullish,8,2025-02-11,2409.TW,0.20654970365257205,0.8288096188434784,False,0.08166666656366761,1
2024-03-13,1605.TW,1605,華新,88,bullish,0.0627674981691084,6.276749816910843,bullish_cluster_8_rep_1,bullish,8,2025-02-11,2409.TW,0.21870780081054025,0.8205412317332491,True,0.08166666656366761,2
2020-12-18,3044.TW,3044,健鼎,65,neutral,-0.020746887966805,-2.0746887966805017,bullish_cluster_8_rep_1,bullish,8,2025-02-11,2409.TW,0.22730544111610462,0.8147930959147428,False,0.08166666656366761,3
2021-09-07,2492.TW,2492,華新科,100,neutral,-0.0196078431372549,-1.9607843137254943,bullish_cluster_8_rep_1,bullish,8,2025-02-11,2409.TW,0.22774828187946244,0.8144992053820506,False,0.08166666656366761,4
2020-09-02,2449.TW,2449,京元電子,57,neutral,0.0129031766242464,1.2903176624246449,bullish_cluster_8_rep_1,bullish,8,2025-02-11,2409.TW,0.2298807206557654,0.8130869792534073,False,0.08166666656366761,5
2023-03-17,6213.TW,6213,聯茂,81,neutral,0.0282637737263378,2.826377372633781,bullish_cluster_8_rep_1,bullish,8,2025-02-11,2409.TW,0.23354285101848657,0.8106730943107006,False,0.08166666656366761,6
2025-04-25,2002.TW,2002,中鋼,62,neutral,0.0172413987499444,1.724139874994446,bullish_cluster_8_rep_1,bullish,8,2025-02-11,2409.TW,0.23914537151502682,0.8070078160219099,False,0.08166666656366761,7
2020-06-10,2337.TW,2337,旺宏,67,neutral,-0.031152590036961,-3.1152590036961025,bullish_cluster_8_rep_1,bullish,8,2025-02-11,2409.TW,0.2394658664607791,0.8067991439372513,False,0.08166666656366761,8
2025-10-29,3702.TW,3702,大聯大,90,neutral,-0.024390243902439,-2.4390243902439046,bullish_cluster_8_rep_1,bullish,8,2025-02-11,2409.TW,0.2394669921579704,0.8067984111936316,False,0.08166666656366761,9
2019-05-30,2912.TW,2912,統一超,74,neutral,0.0049504950495049,0.4950495049504955,bullish_cluster_8_rep_1,bullish,8,2025-02-11,2409.TW,0.23980617539327362,0.8065776891962925,False,0.08166666656366761,10
2025-11-25,2356.TW,2356,英業達,71,bullish,0.0621193491949778,6.211934919497786,bullish_cluster_8_rep_1,bullish,8,2025-02-11,2409.TW,0.24103030710656445,0.8057820943402088,True,0.08166666656366761,11
2023-10-23,2615.TW,2615,萬海,59,neutral,0.0044943991671786,0.4494399167178642,bullish_cluster_8_rep_1,bullish,8,2025-02-11,2409.TW,0.24350619591207584,0.8041777381467158,False,0.08166666656366761,12
2023-08-30,1504.TW,1504,東元,89,neutral,-0.0101214571772445,-1.0121457177244553,bullish_cluster_8_rep_1,bullish,8,2025-02-11,2409.TW,0.24656081546646189,0.8022071507404162,False,0.08166666656366761,13
2018-06-11,1802.TW,1802,台玻,86,neutral,0.0,0.0,bullish_cluster_8_rep_1,bullish,8,2025-02-11,2409.TW,0.2480961719158198,0.8012203085800722,False,0.08166666656366761,14
2019-05-24,3044.TW,3044,健鼎,65,neutral,0.0312499332016937,3.124993320169378,bullish_cluster_8_rep_1,bullish,8,2025-02-11,2409.TW,0.24837555303090328,0.8010409988982259,False,0.08166666656366761,15
2022-09-23,5871.TW,5871,中租-KY,78,bearish,-0.0595854495919999,-5.958544959199996,bullish_cluster_8_rep_1,bullish,8,2025-02-11,2409.TW,0.249119578396521,0.8005638669787623,False,0.08166666656366761,16
2023-10-05,2492.TW,2492,華新科,100,bullish,0.08,8.000000000000007,bullish_cluster_8_rep_1,bullish,8,2025-02-11,2409.TW,0.2503617752002877,0.7997685308636503,True,0.08166666656366761,17
2023-04-21,1605.TW,1605,華新,88,neutral,-0.023046122058383,-2.304612205838308,bullish_cluster_8_rep_1,bullish,8,2025-02-11,2409.TW,0.25183700692067346,0.7988260408276683,False,0.08166666656366761,18
2025-12-02,2376.TW,2376,技嘉,70,neutral,0.0082644628099173,0.8264462809917328,bullish_cluster_8_rep_1,bullish,8,2025-02-11,2409.TW,0.25204676485629585,0.7986922118797818,False,0.08166666656366761,19
2023-11-01,5871.TW,5871,中租-KY,78,neutral,0.0432277093481396,4.322770934813969,bullish_cluster_8_rep_1,bullish,8,2025-02-11,2409.TW,0.2555510470095466,0.7964630369922319,False,0.08166666656366761,20
2025-12-12,2409.TW,2409,友達,80,neutral,-0.0044053030003854,-0.4405303000385441,bullish_cluster_8_rep_1,bullish,8,2025-02-11,2409.TW,0.25599958283176305,0.7961786083920592,False,0.08166666656366761,21
2024-09-23,2313.TW,2313,華通,60,neutral,-0.0028288112712169,-0.2828811271216924,bullish_cluster_8_rep_1,bullish,8,2025-02-11,2409.TW,0.2569946519891421,0.7955483330160087,False,0.08166666656366761,22
2025-02-11,3481.TW,3481,群創,52,neutral,0.0481481198911313,4.8148119891131325,bullish_cluster_8_rep_1,bullish,8,2025-02-11,2409.TW,0.2587420293331301,0.7944439580918663,False,0.08166666656366761,23
2025-09-05,2409.TW,2409,友達,80,neutral,0.0203252029368516,2.0325202936851694,bullish_cluster_8_rep_1,bullish,8,2025-02-11,2409.TW,0.2594598170872541,0.7939911908525153,False,0.08166666656366761,24
2023-02-23,2618.TW,2618,長榮航,72,neutral,-0.0087565676595702,-0.8756567659570225,bullish_cluster_8_rep_1,bullish,8,2025-02-11,2409.TW,0.2607514567673512,0.7931777469954824,False,0.08166666656366761,25
2024-12-10,6213.TW,6213,聯茂,81,neutral,0.0077921879755986,0.7792187975598663,bullish_cluster_8_rep_1,bullish,8,2025-02-11,2409.TW,0.2610566131666635,0.7929858101206738,False,0.08166666656366761,26
2023-04-20,3034.TW,3034,聯詠,58,bearish,-0.0808988764044943,-8.089887640449433,bullish_cluster_8_rep_1,bullish,8,2025-02-11,2409.TW,0.261168713101351,0.792915324977331,False,0.08166666656366761,27
2019-01-03,1504.TW,1504,東元,89,neutral,-0.0028985064962635,-0.2898506496263553,bullish_cluster_8_rep_1,bullish,8,2025-02-11,2409.TW,0.2633277117250465,0.7915602505342986,False,0.08166666656366761,28
2022-09-06,1802.TW,1802,台玻,86,neutral,0.008823506972369,0.8823506972369,bullish_cluster_8_rep_1,bullish,8,2025-02-11,2409.TW,0.2640203009312797,0.7911265343311653,False,0.08166666656366761,29
2023-05-18,2615.TW,2615,萬海,59,neutral,0.0083892619597483,0.8389261959748318,bullish_cluster_8_rep_1,bullish,8,2025-02-11,2409.TW,0.2646754452216432,0.7907167042566744,False,0.08166666656366761,30
2025-12-10,2347.TW,2347,聯強,99,neutral,-0.0099833359293585,-0.9983335929358516,bullish_cluster_8_rep_1,bullish,8,2025-02-11,2409.TW,0.2663934462885912,0.7896440106593189,False,0.08166666656366761,31
2025-03-17,2356.TW,2356,英業達,71,neutral,0.0128617032046236,1.2861703204623651,bullish_cluster_8_rep_1,bullish,8,2025-02-11,2409.TW,0.2668412270977415,0.7893649011494054,False,0.08166666656366761,32
2024-04-10,3044.TW,3044,健鼎,65,neutral,-0.0414634146341463,-4.146341463414638,bullish_cluster_8_rep_1,bullish,8,2025-02-11,2409.TW,0.2674827759738752,0.7889653563391789,False,0.08166666656366761,33
2025-12-11,2347.TW,2347,聯強,99,neutral,-0.0133333206176757,-1.333332061767578,bullish_cluster_8_rep_1,bullish,8,2025-02-11,2409.TW,0.2674921783301694,0.7889595037323455,False,0.08166666656366761,34
2021-07-13,3034.TW,3034,聯詠,58,neutral,0.009090909090909,0.9090909090909038,bullish_cluster_8_rep_1,bullish,8,2025-02-11,2409.TW,0.2676911166717862,0.7888356925821283,False,0.08166666656366761,35
2019-07-23,6415.TW,6415,矽力*-KY,92,neutral,-0.0144230769230768,-1.4423076923076872,bullish_cluster_8_rep_1,bullish,8,2025-02-11,2409.TW,0.26857542785979677,0.788285803144628,False,0.08166666656366761,36
2021-01-13,6213.TW,6213,聯茂,81,neutral,0.0141343607799522,1.4134360779952226,bullish_cluster_8_rep_1,bullish,8,2025-02-11,2409.TW,0.26924478192120893,0.7878700895554103,False,0.08166666656366761,37
2020-09-07,2207.TW,2207,和泰車,63,neutral,0.0249169241098006,2.491692410980062,bullish_cluster_8_rep_1,bullish,8,2025-02-11,2409.TW,0.26926814556568535,0.7878555870905605,False,0.08166666656366761,38
2025-09-04,2376.TW,2376,技嘉,70,bullish,0.0735849056603774,7.358490566037745,bullish_cluster_8_rep_1,bullish,8,2025-02-11,2409.TW,0.27019429301009823,0.7872811313222062,True,0.08166666656366761,39
2021-07-08,2337.TW,2337,旺宏,67,neutral,0.0102272900668056,1.0227290066805672,bullish_cluster_8_rep_1,bullish,8,2025-02-11,2409.TW,0.2718026820758118,0.7862854938848055,False,0.08166666656366761,40
2021-12-24,3481.TW,3481,群創,52,neutral,0.0183727155402313,1.8372715540231344,bullish_cluster_8_rep_1,bullish,8,2025-02-11,2409.TW,0.27300826613433754,0.7855408535850562,False,0.08166666656366761,41
2020-11-05,3481.TW,3481,群創,52,neutral,-0.0289999169517854,-2.89999169517855,bullish_cluster_8_rep_1,bullish,8,2025-02-11,2409.TW,0.27318315718340036,0.7854329476147407,False,0.08166666656366761,42
2019-12-27,6239.TW,6239,力成,76,neutral,-0.0099009900990099,-0.990099009900991,bullish_cluster_8_rep_1,bullish,8,2025-02-11,2409.TW,0.2739913092214986,0.7849347109055812,False,0.08166666656366761,43
2019-03-13,3661.TW,3661,世芯-KY,56,bearish,-0.0666666485014415,-6.666664850144155,bullish_cluster_8_rep_1,bullish,8,2025-02-11,2409.TW,0.27399900956023465,0.7849299665823013,False,0.08166666656366761,44
2023-10-30,6770.TW,6770,力積電,55,neutral,0.037593984423272,3.7593984423272,bullish_cluster_8_rep_1,bullish,8,2025-02-11,2409.TW,0.2741910577689707,0.7848116606240653,False,0.08166666656366761,45
2024-04-22,2002.TW,2002,中鋼,62,neutral,-0.0060729360828187,-0.6072936082818781,bullish_cluster_8_rep_1,bullish,8,2025-02-11,2409.TW,0.2752052956869357,0.7841874585858849,False,0.08166666656366761,46
2018-03-05,1326.TW,1326,台化,51,neutral,0.0047619047619047,0.4761904761904745,bullish_cluster_8_rep_1,bullish,8,2025-02-11,2409.TW,0.27540137297431533,0.7840668994011961,False,0.08166666656366761,47
2024-03-13,6770.TW,6770,力積電,55,neutral,0.0075187538617536,0.7518753861753602,bullish_cluster_8_rep_1,bullish,8,2025-02-11,2409.TW,0.27698058831497285,0.7830972601702115,False,0.08166666656366761,48
2020-07-16,3532.TW,3532,台勝科,98,neutral,0.0150375939849625,1.5037593984962516,bullish_cluster_8_rep_1,bullish,8,2025-02-11,2409.TW,0.277118928447359,0.7830124334745686,False,0.08166666656366761,49
2021-02-02,2313.TW,2313,華通,60,neutral,0.0333333696637834,3.333336966378342,bullish_cluster_8_rep_1,bullish,8,2025-02-11,2409.TW,0.2771231503995062,0.7830098449685002,False,0.08166666656366761,50
2023-05-11,6770.TW,6770,力積電,55,neutral,0.0151006971295426,1.510069712954265,bullish_cluster_8_rep_1,bullish,8,2025-02-11,2409.TW,0.27744880058932564,0.7828102382957891,False,0.08166666656366761,51
2022-05-26,2409.TW,2409,友達,80,bullish,0.0619469026548673,6.194690265486735,bullish_cluster_8_rep_1,bullish,8,2025-02-11,2409.TW,0.27779473834417234,0.7825983078439092,True,0.08166666656366761,52
2025-12-22,2409.TW,2409,友達,80,neutral,0.0133332994249131,1.3333299424913123,bullish_cluster_8_rep_1,bullish,8,2025-02-11,2409.TW,0.27860946735841224,0.7820996367764934,False,0.08166666656366761,53
2024-07-02,3044.TW,3044,健鼎,65,neutral,0.0465116279069768,4.651162790697683,bullish_cluster_8_rep_1,bullish,8,2025-02-11,2409.TW,0.27871745870964393,0.7820335862224809,False,0.08166666656366761,54
2025-02-07,2409.TW,2409,友達,80,neutral,-0.0108696065312593,-1.0869606531259346,bullish_cluster_8_rep_1,bullish,8,2025-02-11,2409.TW,0.2787517940461675,0.7820125881003428,False,0.08166666656366761,55
2022-01-13,3481.TW,3481,群創,52,neutral,-0.0160428343956171,-1.6042834395617156,bullish_cluster_8_rep_1,bullish,8,2025-02-11,2409.TW,0.2790823497411319,0.7818104910933888,False,0.08166666656366761,56
2023-06-20,3034.TW,3034,聯詠,58,neutral,0.0066815144766148,0.6681514476614803,bullish_cluster_8_rep_1,bullish,8,2025-02-11,2409.TW,0.27982747069945485,0.7813553177237845,False,0.08166666656366761,57
2025-10-31,2376.TW,2376,技嘉,70,neutral,-0.0481283422459892,-4.812834224598928,bullish_cluster_8_rep_1,bullish,8,2025-02-11,2409.TW,0.2809797021640734,0.7806524945794306,False,0.08166666656366761,58
2023-03-09,3533.TW,3533,嘉澤,82,neutral,-0.040621520433277,-4.062152043327705,bullish_cluster_8_rep_1,bullish,8,2025-02-11,2409.TW,0.281037052307289,0.7806175459163259,False,0.08166666656366761,59
2025-12-19,2409.TW,2409,友達,80,neutral,0.0177777608235676,1.7777760823567634,bullish_cluster_8_rep_1,bullish,8,2025-02-11,2409.TW,0.2813927201432612,0.7804008749856162,False,0.08166666656366761,60
2024-10-14,3532.TW,3532,台勝科,98,neutral,0.0113636363636364,1.1363636363636465,bullish_cluster_8_rep_1,bullish,8,2025-02-11,2409.TW,0.2818941316410431,0.7800956220306816,False,0.08166666656366761,61
2019-11-07,2337.TW,2337,旺宏,67,neutral,-0.0402576499424847,-4.025764994248471,bullish_cluster_8_rep_1,bullish,8,2025-02-11,2409.TW,0.2819858118141176,0.7800398341264916,False,0.08166666656366761,62
2023-10-05,5871.TW,5871,中租-KY,78,neutral,0.0338028691517078,3.3802869151707826,bullish_cluster_8_rep_1,bullish,8,2025-02-11,2409.TW,0.2822109272236026,0.7799028839703622,False,0.08166666656366761,63
2019-10-16,3034.TW,3034,聯詠,58,neutral,0.0163487738419618,1.6348773841961872,bullish_cluster_8_rep_1,bullish,8,2025-02-11,2409.TW,0.28272717553870913,0.7795890030785606,False,0.08166666656366761,64
2023-08-22,6789.TW,6789,采鈺,96,neutral,-0.0024570024570024,-0.2457002457002421,bullish_cluster_8_rep_1,bullish,8,2025-02-11,2409.TW,0.28312444297339745,0.7793476349672599,False,0.08166666656366761,65
2024-11-28,4938.TW,4938,和碩,69,neutral,-0.0147213622328276,-1.4721362232827606,bullish_cluster_8_rep_1,bullish,8,2025-02-11,2409.TW,0.2839177465121121,0.7788660938106025,False,0.08166666656366761,66
2024-09-27,2313.TW,2313,華通,60,neutral,-0.0427960066376822,-4.279600663768224,bullish_cluster_8_rep_1,bullish,8,2025-02-11,2409.TW,0.2840663022886642,0.7787759854905025,False,0.08166666656366761,67
2021-05-05,2207.TW,2207,和泰車,63,neutral,0.0342465862947773,3.4246586294777392,bullish_cluster_8_rep_1,bullish,8,2025-02-11,2409.TW,0.2846125617193333,0.7784448243769264,False,0.08166666656366761,68
2021-10-13,1504.TW,1504,東元,89,neutral,-0.004975111788661,-0.4975111788661057,bullish_cluster_8_rep_1,bullish,8,2025-02-11,2409.TW,0.2854494330398766,0.7779380303083291,False,0.08166666656366761,69
2024-01-15,5871.TW,5871,中租-KY,78,neutral,-0.0380434629311652,-3.804346293116523,bullish_cluster_8_rep_1,bullish,8,2025-02-11,2409.TW,0.28546571727049735,0.7779281754190669,False,0.08166666656366761,70
2024-12-06,3532.TW,3532,台勝科,98,neutral,-0.0044052863436123,-0.4405286343612369,bullish_cluster_8_rep_1,bullish,8,2025-02-11,2409.TW,0.2856343991859942,0.7778261071990256,False,0.08166666656366761,71
2024-05-08,3481.TW,3481,群創,52,neutral,0.0150376115391692,1.503761153916927,bullish_cluster_8_rep_1,bullish,8,2025-02-11,2409.TW,0.2857117125455384,0.7777793343891477,False,0.08166666656366761,72
2021-01-05,1519.TW,1519,華城,66,neutral,-0.0051281880367552,-0.5128188036755299,bullish_cluster_8_rep_1,bullish,8,2025-02-11,2409.TW,0.28593551247594057,0.7776439722662295,False,0.08166666656366761,73
2021-09-15,2376.TW,2376,技嘉,70,neutral,0.0224719101123596,2.2471910112359605,bullish_cluster_8_rep_1,bullish,8,2025-02-11,2409.TW,0.2863775198364204,0.7773767689341795,False,0.08166666656366761,74
2022-08-01,2912.TW,2912,統一超,74,neutral,-0.0017699115044247,-0.1769911504424737,bullish_cluster_8_rep_1,bullish,8,2025-02-11,2409.TW,0.2864349429022331,0.7773420688837728,False,0.08166666656366761,75
2020-11-04,3481.TW,3481,群創,52,neutral,0.0,0.0,bullish_cluster_8_rep_1,bullish,8,2025-02-11,2409.TW,0.28657425455745916,0.7772578974417363,False,0.08166666656366761,76
2018-07-27,6213.TW,6213,聯茂,81,neutral,0.0495048452550515,4.95048452550515,bullish_cluster_8_rep_1,bullish,8,2025-02-11,2409.TW,0.2868580660963242,0.7770864762370365,False,0.08166666656366761,77
2020-11-19,3044.TW,3044,健鼎,65,neutral,0.0381355932203388,3.813559322033888,bullish_cluster_8_rep_1,bullish,8,2025-02-11,2409.TW,0.28704810174047074,0.7769717376123731,False,0.08166666656366761,78
2025-07-28,2337.TW,2337,旺宏,67,neutral,-0.0477386368744556,-4.773863687445568,bullish_cluster_8_rep_1,bullish,8,2025-02-11,2409.TW,0.2872639082013846,0.7768414803124862,False,0.08166666656366761,79
2018-03-05,2409.TW,2409,友達,80,bullish,0.05,5.000000000000004,bullish_cluster_8_rep_1,bullish,8,2025-02-11,2409.TW,0.28733920551444536,0.7767960423456388,False,0.08166666656366761,80
2018-04-17,1504.TW,1504,東元,89,neutral,0.0144927696479617,1.4492769647961756,bullish_cluster_8_rep_1,bullish,8,2025-02-11,2409.TW,0.2873858715252376,0.7767678845311892,False,0.08166666656366761,81
2020-02-12,1605.TW,1605,華新,88,neutral,-0.0140351624950817,-1.4035162495081743,bullish_cluster_8_rep_1,bullish,8,2025-02-11,2409.TW,0.28748459777432656,0.7767083208053123,False,0.08166666656366761,82
2025-05-13,2347.TW,2347,聯強,99,neutral,0.0069444444444444,0.694444444444442,bullish_cluster_8_rep_1,bullish,8,2025-02-11,2409.TW,0.2881298425466255,0.7763192552258595,False,0.08166666656366761,83
2021-09-16,2449.TW,2449,京元電子,57,neutral,-0.0184757730091036,-1.8475773009103635,bullish_cluster_8_rep_1,bullish,8,2025-02-11,2409.TW,0.2883719507862671,0.7761733708885236,False,0.08166666656366761,84
2023-08-01,2313.TW,2313,華通,60,neutral,0.0322222391764321,3.222223917643219,bullish_cluster_8_rep_1,bullish,8,2025-02-11,2409.TW,0.2885269354777828,0.7760800123508496,False,0.08166666656366761,85
2019-04-10,3533.TW,3533,嘉澤,82,neutral,-0.0487804740700456,-4.87804740700456,bullish_cluster_8_rep_1,bullish,8,2025-02-11,2409.TW,0.2885786782529347,0.776048848919189,False,0.08166666656366761,86
2025-07-29,2615.TW,2615,萬海,59,neutral,-0.0231532364363745,-2.315323643637457,bullish_cluster_8_rep_1,bullish,8,2025-02-11,2409.TW,0.28878602815730664,0.7759239921539108,False,0.08166666656366761,87
2023-12-07,3532.TW,3532,台勝科,98,bullish,0.0610932475884244,6.109324758842449,bullish_cluster_8_rep_1,bullish,8,2025-02-11,2409.TW,0.2892789278272307,0.7756273513949842,True,0.08166666656366761,88
2025-03-25,6531.TW,6531,愛普*,95,bearish,-0.0587219343696027,-5.872193436960272,bullish_cluster_8_rep_1,bullish,8,2025-02-11,2409.TW,0.28936112025866273,0.7755779077620913,False,0.08166666656366761,89
2019-08-22,2207.TW,2207,和泰車,63,neutral,-0.0129107836280829,-1.2910783628082956,bullish_cluster_8_rep_1,bullish,8,2025-02-11,2409.TW,0.2898603633375408,0.7752777187543611,False,0.08166666656366761,90
2018-06-07,1802.TW,1802,台玻,86,neutral,0.0028168584259462,0.2816858425946256,bullish_cluster_8_rep_1,bullish,8,2025-02-11,2409.TW,0.29013384847148194,0.7751133738447176,False,0.08166666656366761,91
2024-10-23,5871.TW,5871,中租-KY,78,neutral,-0.0064724756153172,-0.6472475615317275,bullish_cluster_8_rep_1,bullish,8,2025-02-11,2409.TW,0.29083042957640515,0.7746950932417643,False,0.08166666656366761,92
2023-02-20,2376.TW,2376,技嘉,70,neutral,0.0343347639484978,3.433476394849788,bullish_cluster_8_rep_1,bullish,8,2025-02-11,2409.TW,0.291002038237322,0.7745921155673438,False,0.08166666656366761,93
2023-09-28,2379.TW,2379,瑞昱,53,neutral,0.018987341772152,1.8987341772152,bullish_cluster_8_rep_1,bullish,8,2025-02-11,2409.TW,0.2913124662786637,0.7744059057075665,False,0.08166666656366761,94
2023-09-20,2324.TW,2324,仁寶,84,neutral,0.0016366987122056,0.1636698712205619,bullish_cluster_8_rep_1,bullish,8,2025-02-11,2409.TW,0.2918029612252849,0.7741118653664429,False,0.08166666656366761,95
2021-08-10,2379.TW,2379,瑞昱,53,bearish,-0.0687285223367697,-6.872852233676974,bullish_cluster_8_rep_2,bullish,8,2025-03-14,1590.TW,0.23635816981886534,0.808827105616576,False,0.0,1
2019-03-13,3661.TW,3661,世芯-KY,56,bearish,-0.0666666485014415,-6.666664850144155,bullish_cluster_8_rep_2,bullish,8,2025-03-14,1590.TW,0.25329462157208815,0.7978969851044566,False,0.0,2
2018-05-16,6213.TW,6213,聯茂,81,neutral,-0.0139535032031877,-1.3953503203187778,bullish_cluster_8_rep_2,bullish,8,2025-03-14,1590.TW,0.25635735154632366,0.7959518832513702,False,0.0,3
2024-06-12,2492.TW,2492,華新科,100,bullish,0.0765765765765766,7.657657657657668,bullish_cluster_8_rep_2,bullish,8,2025-03-14,1590.TW,0.2662390305959412,0.7897403064012023,True,0.0,4
2024-07-01,2609.TW,2609,陽明,77,neutral,0.0013569349749886,0.1356934974988677,bullish_cluster_8_rep_2,bullish,8,2025-03-14,1590.TW,0.2719519615421177,0.7861932134509211,False,0.0,5
2025-09-03,2337.TW,2337,旺宏,67,bullish,0.0507614193539143,5.076141935391432,bullish_cluster_8_rep_2,bullish,8,2025-03-14,1590.TW,0.27659797573235295,0.7833319643377349,True,0.0,6
2025-07-30,6531.TW,6531,愛普*,95,bullish,0.1114808652246255,11.148086522462552,bullish_cluster_8_rep_2,bullish,8,2025-03-14,1590.TW,0.27767689566585085,0.7826704884405522,True,0.0,7
2023-08-23,1504.TW,1504,東元,89,neutral,0.006085177316494,0.608517731649405,bullish_cluster_8_rep_2,bullish,8,2025-03-14,1590.TW,0.27781825771876534,0.7825839034302559,False,0.0,8
2023-12-13,3481.TW,3481,群創,52,neutral,-0.0120000308837898,-1.200003088378987,bullish_cluster_8_rep_2,bullish,8,2025-03-14,1590.TW,0.27958625982626145,0.7815026086133319,False,0.0,9
2022-11-18,3481.TW,3481,群創,52,neutral,-0.0158730480129709,-1.5873048012970958,bullish_cluster_8_rep_2,bullish,8,2025-03-14,1590.TW,0.28291296309168995,0.77947610537047,False,0.0,10
2018-06-13,1605.TW,1605,華新,88,bearish,-0.1157894487430222,-11.578944874302222,bullish_cluster_8_rep_2,bullish,8,2025-03-14,1590.TW,0.2840296339584404,0.778798225175827,False,0.0,11
2022-02-17,6213.TW,6213,聯茂,81,neutral,0.0,0.0,bullish_cluster_8_rep_2,bullish,8,2025-03-14,1590.TW,0.2844421282672178,0.778548116721346,False,0.0,12
2021-12-30,3532.TW,3532,台勝科,98,neutral,-0.0362068965517241,-3.620689655172416,bullish_cluster_8_rep_2,bullish,8,2025-03-14,1590.TW,0.2876932919610452,0.7765824410540236,False,0.0,13
2025-01-08,1519.TW,1519,華城,66,bearish,-0.0953271291220499,-9.532712912205,bullish_cluster_8_rep_2,bullish,8,2025-03-14,1590.TW,0.2889041629166228,0.7758528746909543,False,0.0,14
2019-04-30,2376.TW,2376,技嘉,70,neutral,-0.0322256241620535,-3.2225624162053546,bullish_cluster_8_rep_2,bullish,8,2025-03-14,1590.TW,0.2890432030688081,0.7757691888210676,False,0.0,15
2023-07-27,3533.TW,3533,嘉澤,82,neutral,-0.0394736842105263,-3.9473684210526327,bullish_cluster_8_rep_2,bullish,8,2025-03-14,1590.TW,0.2896244529977857,0.7754195399098228,False,0.0,16
2024-02-05,2324.TW,2324,仁寶,84,neutral,0.0278551520193985,2.785515201939859,bullish_cluster_8_rep_2,bullish,8,2025-03-14,1590.TW,0.2904682189341327,0.7749125358747339,False,0.0,17
2024-05-10,1504.TW,1504,東元,89,neutral,-0.0127041191946847,-1.2704119194684729,bullish_cluster_8_rep_2,bullish,8,2025-03-14,1590.TW,0.2904943404756855,0.7748968504824227,False,0.0,18
2018-05-21,6213.TW,6213,聯茂,81,neutral,-0.0172955884884383,-1.7295588488438374,bullish_cluster_8_rep_2,bullish,8,2025-03-14,1590.TW,0.29082830447677716,0.774696368627692,False,0.0,19
2025-07-08,2409.TW,2409,友達,80,neutral,-0.0161290173724085,-1.6129017372408572,bullish_cluster_8_rep_2,bullish,8,2025-03-14,1590.TW,0.29124513026331716,0.7744462895252701,False,0.0,20
2020-05-11,2492.TW,2492,華新科,100,bearish,-0.0780487804878048,-7.804878048780484,bullish_cluster_8_rep_2,bullish,8,2025-03-14,1590.TW,0.29180607032351635,0.774110002246361,False,0.0,21
2024-12-23,6515.TW,6515,穎崴,73,bullish,0.1074766355140186,10.747663551401864,bullish_cluster_8_rep_2,bullish,8,2025-03-14,1590.TW,0.2918348414915661,0.7740927616144719,True,0.0,22
2025-03-14,2449.TW,2449,京元電子,57,neutral,-0.0130390681106685,-1.3039068110668572,bullish_cluster_8_rep_2,bullish,8,2025-03-14,1590.TW,0.29280637769809387,0.7735110355663234,False,0.0,23
2021-10-19,3481.TW,3481,群創,52,bearish,-0.0593750496052503,-5.937504960525031,bullish_cluster_8_rep_2,bullish,8,2025-03-14,1590.TW,0.2962432110123355,0.7714601638831524,False,0.0,24
2019-04-23,3044.TW,3044,健鼎,65,neutral,0.0122448668187979,1.2244866818797997,bullish_cluster_8_rep_2,bullish,8,2025-03-14,1590.TW,0.2980499798116505,0.7703863607355873,False,0.0,25
2025-09-25,3044.TW,3044,健鼎,65,neutral,0.0,0.0,bullish_cluster_8_rep_2,bullish,8,2025-03-14,1590.TW,0.2990404918661556,0.7697989448838777,False,0.0,26
2021-10-18,3481.TW,3481,群創,52,neutral,-0.022151912029491,-2.215191202949107,bullish_cluster_8_rep_2,bullish,8,2025-03-14,1590.TW,0.2994035005971979,0.7695838894849877,False,0.0,27
2021-10-04,6239.TW,6239,力成,76,neutral,0.0099502487562188,0.995024875621886,bullish_cluster_8_rep_2,bullish,8,2025-03-14,1590.TW,0.29956703370693266,0.769487047657375,False,0.0,28
2021-10-14,2313.TW,2313,華通,60,neutral,0.0499306317657306,4.993063176573065,bullish_cluster_8_rep_2,bullish,8,2025-03-14,1590.TW,0.30051677841056035,0.7689251046973495,False,0.0,29
2025-07-04,3533.TW,3533,嘉澤,82,bullish,0.0641509433962264,6.41509433962264,bullish_cluster_8_rep_2,bullish,8,2025-03-14,1590.TW,0.304642253852839,0.7664936476239547,True,0.0,30
2019-10-29,2492.TW,2492,華新科,100,neutral,-0.0027472527472527,-0.2747252747252737,bullish_cluster_8_rep_2,bullish,8,2025-03-14,1590.TW,0.30508693620435745,0.7662324801965643,False,0.0,31
2025-12-12,2409.TW,2409,友達,80,neutral,-0.0044053030003854,-0.4405303000385441,bullish_cluster_8_rep_2,bullish,8,2025-03-14,1590.TW,0.30612680080168303,0.7656224490502863,False,0.0,32
2024-06-07,3036.TW,3036,文曄,68,neutral,-0.017391304347826,-1.7391304347826098,bullish_cluster_8_rep_2,bullish,8,2025-03-14,1590.TW,0.3061853811572808,0.765588112090184,False,0.0,33
2024-06-28,2609.TW,2609,陽明,77,neutral,0.0026810265647136,0.2681026564713695,bullish_cluster_8_rep_2,bullish,8,2025-03-14,1590.TW,0.3096073913439078,0.7635876268030289,False,0.0,34
2018-05-18,6213.TW,6213,聯茂,81,neutral,-0.0094637115736154,-0.9463711573615474,bullish_cluster_8_rep_2,bullish,8,2025-03-14,1590.TW,0.3101108146000476,0.7632942105781192,False,0.0,35
2019-07-19,2492.TW,2492,華新科,100,neutral,-0.0029585798816568,-0.295857988165682,bullish_cluster_8_rep_2,bullish,8,2025-03-14,1590.TW,0.31084245640041447,0.7628681807774287,False,0.0,36
2023-07-10,6415.TW,6415,矽力*-KY,92,bearish,-0.1243093922651933,-12.430939226519332,bullish_cluster_8_rep_2,bullish,8,2025-03-14,1590.TW,0.31096146293837257,0.7627989290841644,False,0.0,37
2024-06-11,3036.TW,3036,文曄,68,neutral,0.0,0.0,bullish_cluster_8_rep_2,bullish,8,2025-03-14,1590.TW,0.31189536687871555,0.7622559125116948,False,0.0,38
2021-09-14,3481.TW,3481,群創,52,neutral,-0.0060241744143582,-0.6024174414358208,bullish_cluster_8_rep_2,bullish,8,2025-03-14,1590.TW,0.31247659832465474,0.7619183467929839,False,0.0,39
2024-06-27,2609.TW,2609,陽明,77,neutral,-0.0146276398771424,-1.462763987714244,bullish_cluster_8_rep_2,bullish,8,2025-03-14,1590.TW,0.3147457822672323,0.7606033147149828,False,0.0,40
2023-04-19,1590.TW,1590,亞德客-KY,64,neutral,-0.0344827586206896,-3.4482758620689613,bullish_cluster_8_rep_2,bullish,8,2025-03-14,1590.TW,0.31502411675682224,0.7604423274504271,False,0.0,41
2024-06-05,2492.TW,2492,華新科,100,neutral,-0.0133333333333333,-1.3333333333333308,bullish_cluster_8_rep_2,bullish,8,2025-03-14,1590.TW,0.3155455991366387,0.7601408880515249,False,0.0,42
2022-09-27,5871.TW,5871,中租-KY,78,neutral,-0.0188172712466317,-1.8817271246631797,bullish_cluster_8_rep_2,bullish,8,2025-03-14,1590.TW,0.3165025395419375,0.7595883562426996,False,0.0,43
2024-06-05,2376.TW,2376,技嘉,70,neutral,-0.0487421383647799,-4.874213836477992,bullish_cluster_8_rep_2,bullish,8,2025-03-14,1590.TW,0.31667632535722,0.7594880994983301,False,0.0,44
2025-07-11,2409.TW,2409,友達,80,neutral,-0.0122950508914235,-1.2295050891423576,bullish_cluster_8_rep_2,bullish,8,2025-03-14,1590.TW,0.3167301051578147,0.7594570793838928,False,0.0,45
2024-09-10,2609.TW,2609,陽明,77,neutral,0.0434782996988238,4.347829969882389,bullish_cluster_8_rep_2,bullish,8,2025-03-14,1590.TW,0.3197305811002693,0.757730414314028,False,0.0,46
2025-05-27,1605.TW,1605,華新,88,bearish,-0.0651158455358331,-6.511584553583316,bullish_cluster_8_rep_2,bullish,8,2025-03-14,1590.TW,0.3199053095994677,0.7576301062865299,False,0.0,47
2020-09-17,3481.TW,3481,群創,52,neutral,-0.0138613949093062,-1.3861394909306268,bullish_cluster_8_rep_2,bullish,8,2025-03-14,1590.TW,0.3204059183461431,0.7573428641190405,False,0.0,48
2025-07-25,2337.TW,2337,旺宏,67,neutral,-0.0248756214184429,-2.4875621418442906,bullish_cluster_8_rep_2,bullish,8,2025-03-14,1590.TW,0.32055758964076936,0.7572558802770802,False,0.0,49
2022-08-01,6213.TW,6213,聯茂,81,bearish,-0.1436540566354347,-14.365405663543472,bullish_cluster_8_rep_2,bullish,8,2025-03-14,1590.TW,0.3206182382469978,0.757221103751687,False,0.0,50
2020-08-07,2376.TW,2376,技嘉,70,neutral,-0.0303398052634117,-3.033980526341173,bullish_cluster_8_rep_2,bullish,8,2025-03-14,1590.TW,0.32208163861363676,0.7563829424698928,False,0.0,51
2024-11-19,2409.TW,2409,友達,80,neutral,-0.0094043649105964,-0.9404364910596484,bullish_cluster_8_rep_2,bullish,8,2025-03-14,1590.TW,0.32223781508621535,0.7562936020966817,False,0.0,52
2021-10-13,1605.TW,1605,華新,88,bullish,0.0980810721508826,9.808107215088269,bullish_cluster_8_rep_2,bullish,8,2025-03-14,1590.TW,0.3225466302248901,0.7561170072543731,True,0.0,53
2020-09-22,2409.TW,2409,友達,80,bearish,-0.0811965811965812,-8.119658119658125,bullish_cluster_8_rep_2,bullish,8,2025-03-14,1590.TW,0.32281997478515895,0.7559607649275264,False,0.0,54
2025-05-26,1605.TW,1605,華新,88,neutral,-0.0386098225911458,-3.860982259114587,bullish_cluster_8_rep_2,bullish,8,2025-03-14,1590.TW,0.3231092825231106,0.7557954684537052,False,0.0,55
2025-05-28,6789.TW,6789,采鈺,96,neutral,-0.0489510489510489,-4.895104895104896,bullish_cluster_8_rep_2,bullish,8,2025-03-14,1590.TW,0.32339955295072476,0.7556296945773819,False,0.0,56
2023-05-30,6805.TW,6805,富世達,93,bullish,0.0528735632183907,5.287356321839076,bullish_cluster_8_rep_2,bullish,8,2025-03-14,1590.TW,0.32353570816025906,0.7555519611858602,True,0.0,57
2018-02-07,6415.TW,6415,矽力*-KY,92,neutral,0.0,0.0,bullish_cluster_8_rep_2,bullish,8,2025-03-14,1590.TW,0.32362613330299494,0.7555003447269406,False,0.0,58
2018-12-10,2609.TW,2609,陽明,77,neutral,0.0368663229923398,3.686632299233983,bullish_cluster_8_rep_2,bullish,8,2025-03-14,1590.TW,0.32370592670054,0.755454802935417,False,0.0,59
2023-09-26,2356.TW,2356,英業達,71,bullish,0.0718685820363167,7.186858203631674,bullish_cluster_8_rep_2,bullish,8,2025-03-14,1590.TW,0.3238210756887462,0.7553890917469559,True,0.0,60
2018-09-05,2313.TW,2313,華通,60,bearish,-0.163375263270609,-16.337526327060903,bullish_cluster_8_rep_2,bullish,8,2025-03-14,1590.TW,0.32393176460702283,0.7553259365272695,False,0.0,61
2023-03-08,3533.TW,3533,嘉澤,82,neutral,-0.0367279099813071,-3.672790998130715,bullish_cluster_8_rep_2,bullish,8,2025-03-14,1590.TW,0.32394706817755475,0.7553172056769039,False,0.0,62
2022-12-20,6139.TW,6139,亞翔,85,neutral,0.015193396251439,1.5193396251439006,bullish_cluster_8_rep_2,bullish,8,2025-03-14,1590.TW,0.32483121192109066,0.7548131346859919,False,0.0,63
2023-08-23,2609.TW,2609,陽明,77,neutral,-0.0221187600946257,-2.2118760094625767,bullish_cluster_8_rep_2,bullish,8,2025-03-14,1590.TW,0.32589103163530203,0.7542097926151888,False,0.0,64
2021-07-16,3533.TW,3533,嘉澤,82,neutral,-0.0198197890379799,-1.9819789037979985,bullish_cluster_8_rep_2,bullish,8,2025-03-14,1590.TW,0.3275423299041018,0.7532716490269936,False,0.0,65
2025-07-09,2337.TW,2337,旺宏,67,neutral,-0.0285714467366534,-2.857144673665346,bullish_cluster_8_rep_2,bullish,8,2025-03-14,1590.TW,0.3277583153926129,0.7531491148705809,False,0.0,66
2020-09-02,5871.TW,5871,中租-KY,78,neutral,0.0116278527237154,1.162785272371547,bullish_cluster_8_rep_2,bullish,8,2025-03-14,1590.TW,0.3279450479267858,0.7530432087993549,False,0.0,67
2018-12-28,6531.TW,6531,愛普*,95,neutral,-0.013953452886537,-1.3953452886537043,bullish_cluster_8_rep_2,bullish,8,2025-03-14,1590.TW,0.328104971009324,0.7529525314855399,False,0.0,68
2021-07-07,3481.TW,3481,群創,52,neutral,0.0,0.0,bullish_cluster_8_rep_2,bullish,8,2025-03-14,1590.TW,0.32881746880869395,0.7525488063432187,False,0.0,69
2019-10-29,3533.TW,3533,嘉澤,82,neutral,0.0,0.0,bullish_cluster_8_rep_2,bullish,8,2025-03-14,1590.TW,0.32909475691274565,0.7523918026152062,False,0.0,70
2024-02-02,2409.TW,2409,友達,80,neutral,-0.0083102285246799,-0.8310228524679997,bullish_cluster_8_rep_2,bullish,8,2025-03-14,1590.TW,0.3297081623933652,0.7520447179929184,False,0.0,71
2019-01-14,2449.TW,2449,京元電子,57,neutral,0.0303738088167981,3.0373808816798187,bullish_cluster_8_rep_2,bullish,8,2025-03-14,1590.TW,0.32970928659678894,0.7520440821763114,False,0.0,72
2020-06-01,2337.TW,2337,旺宏,67,neutral,0.0015674340127618,0.1567434012761825,bullish_cluster_8_rep_2,bullish,8,2025-03-14,1590.TW,0.3299771299483261,0.7518926284385455,False,0.0,73
2024-01-04,3034.TW,3034,聯詠,58,neutral,0.0101010101010101,1.0101010101010166,bullish_cluster_8_rep_2,bullish,8,2025-03-14,1590.TW,0.33000108509647963,0.7518790858185345,False,0.0,74
2023-08-02,2618.TW,2618,長榮航,72,neutral,-0.0245232018302231,-2.452320183022316,bullish_cluster_8_rep_2,bullish,8,2025-03-14,1590.TW,0.33004046262842185,0.7518568254861984,False,0.0,75
2020-05-26,2337.TW,2337,旺宏,67,neutral,-0.0243162010533202,-2.431620105332022,bullish_cluster_8_rep_2,bullish,8,2025-03-14,1590.TW,0.3303026341463137,0.7517086521005977,False,0.0,76
2020-08-19,6213.TW,6213,聯茂,81,neutral,-0.0164608758140499,-1.646087581404998,bullish_cluster_8_rep_2,bullish,8,2025-03-14,1590.TW,0.33037967920884226,0.7516651190844148,False,0.0,77
2019-10-16,2337.TW,2337,旺宏,67,neutral,0.0235849062262218,2.358490622622189,bullish_cluster_8_rep_2,bullish,8,2025-03-14,1590.TW,0.3305668347648222,0.7515593909844822,False,0.0,78
2019-03-12,3661.TW,3661,世芯-KY,56,neutral,-0.0094562108367886,-0.9456210836788604,bullish_cluster_8_rep_2,bullish,8,2025-03-14,1590.TW,0.33104109236942414,0.7512916060464156,False,0.0,79
2024-03-20,3481.TW,3481,群創,52,bullish,0.079584767047967,7.958476704796702,bullish_cluster_8_rep_2,bullish,8,2025-03-14,1590.TW,0.3313303194005567,0.751128390473567,True,0.0,80
2025-11-04,7750.TW,7750,新代,91,neutral,0.032967032967033,3.296703296703307,bullish_cluster_8_rep_2,bullish,8,2025-03-14,1590.TW,0.3313555051767256,0.7511141810821287,False,0.0,81
2022-12-26,1605.TW,1605,華新,88,neutral,-0.0010718767443144,-0.1071876744314415,bullish_cluster_8_rep_2,bullish,8,2025-03-14,1590.TW,0.3317751854278625,0.7508774836337919,False,0.0,82
2023-07-19,3481.TW,3481,群創,52,neutral,-0.0095237275669239,-0.952372756692399,bullish_cluster_8_rep_2,bullish,8,2025-03-14,1590.TW,0.3318399261822789,0.7508409834705148,False,0.0,83
2022-02-24,2409.TW,2409,友達,80,neutral,0.031941031941032,3.194103194103204,bullish_cluster_8_rep_2,bullish,8,2025-03-14,1590.TW,0.3320096321912159,0.7507453218299592,False,0.0,84
2022-07-07,1504.TW,1504,東元,89,neutral,-0.0123239572595403,-1.2323957259540386,bullish_cluster_8_rep_2,bullish,8,2025-03-14,1590.TW,0.3320433994294313,0.7507262904709718,False,0.0,85
2019-05-21,2313.TW,2313,華通,60,neutral,-0.0086207222569985,-0.8620722256998503,bullish_cluster_8_rep_2,bullish,8,2025-03-14,1590.TW,0.3322032202723882,0.7506362278538372,False,0.0,86
2025-06-02,2609.TW,2609,陽明,77,bearish,-0.0606826234507915,-6.068262345079156,bullish_cluster_8_rep_2,bullish,8,2025-03-14,1590.TW,0.33226822908026954,0.7505996001198267,False,0.0,87
2024-07-08,3533.TW,3533,嘉澤,82,neutral,0.0384615384615385,3.846153846153855,bullish_cluster_8_rep_2,bullish,8,2025-03-14,1590.TW,0.3323806254074353,0.7505362813979715,False,0.0,88
2025-07-08,1802.TW,1802,台玻,86,neutral,0.022012603136281,2.201260313628106,bullish_cluster_8_rep_2,bullish,8,2025-03-14,1590.TW,0.33239684553429166,0.7505271446353504,False,0.0,89
2021-09-09,2449.TW,2449,京元電子,57,neutral,0.0,0.0,bullish_cluster_8_rep_2,bullish,8,2025-03-14,1590.TW,0.332440139552565,0.7505027582971203,False,0.0,90
2025-06-20,2449.TW,2449,京元電子,57,neutral,0.0449999871826178,4.499998718261788,bullish_cluster_8_rep_2,bullish,8,2025-03-14,1590.TW,0.33260885505067067,0.750407740583396,False,0.0,91
2020-09-18,3481.TW,3481,群創,52,neutral,0.0,0.0,bullish_cluster_8_rep_2,bullish,8,2025-03-14,1590.TW,0.33260925151821263,0.7504075173279202,False,0.0,92
2020-12-15,6213.TW,6213,聯茂,81,bullish,0.0620155122977807,6.20155122977808,bullish_cluster_8_rep_2,bullish,8,2025-03-14,1590.TW,0.33291034649240187,0.7502380056029525,True,0.0,93
2021-03-04,2376.TW,2376,技嘉,70,bullish,0.06588233498966,6.588233498966001,bullish_cluster_8_rep_2,bullish,8,2025-03-14,1590.TW,0.3332371425628759,0.7500541112121316,True,0.0,94
2018-06-14,2376.TW,2376,技嘉,70,neutral,-0.0199733692473627,-1.9973369247362704,bullish_cluster_8_rep_2,bullish,8,2025-03-14,1590.TW,0.33325747349098334,0.7500426735892306,False,0.0,95
2019-05-30,2912.TW,2912,統一超,74,neutral,0.0049504950495049,0.4950495049504955,bullish_cluster_8_rep_3,bullish,8,2018-03-07,2379.TW,0.18335165257774652,0.8450573401589091,False,0.0555430667550496,1
2023-05-12,6770.TW,6770,力積電,55,neutral,0.0251256278196092,2.5125627819609253,bullish_cluster_8_rep_3,bullish,8,2018-03-07,2379.TW,0.1952455172302086,0.83664819117443,False,0.0555430667550496,2
2020-02-18,2404.TW,2404,漢唐,79,neutral,0.0162162162162162,1.6216216216216273,bullish_cluster_8_rep_3,bullish,8,2018-03-07,2379.TW,0.20835738906189477,0.827569731481799,False,0.0555430667550496,3
2021-11-04,6239.TW,6239,力成,76,neutral,0.007201693411672,0.7201693411672094,bullish_cluster_8_rep_3,bullish,8,2018-03-07,2379.TW,0.21140106040932535,0.8254904446444069,False,0.0555430667550496,4
2019-05-03,2376.TW,2376,技嘉,70,neutral,-0.029000015258789,-2.900001525878904,bullish_cluster_8_rep_3,bullish,8,2018-03-07,2379.TW,0.21157233140498669,0.8253737511819546,False,0.0555430667550496,5
2023-12-11,2409.TW,2409,友達,80,neutral,-0.0210843598449808,-2.1084359844980805,bullish_cluster_8_rep_3,bullish,8,2018-03-07,2379.TW,0.2123960775885406,0.8248129621047628,False,0.0555430667550496,6
2021-04-29,1326.TW,1326,台化,51,neutral,0.0022001864123759,0.2200186412375959,bullish_cluster_8_rep_3,bullish,8,2018-03-07,2379.TW,0.21442838531459044,0.823432663541503,False,0.0555430667550496,7
2019-02-20,1605.TW,1605,華新,88,neutral,0.0227271724965214,2.2727172496521453,bullish_cluster_8_rep_3,bullish,8,2018-03-07,2379.TW,0.2181708644511593,0.8209029038389823,False,0.0555430667550496,8
2023-04-10,1802.TW,1802,台玻,86,neutral,0.0148883945453424,1.488839454534241,bullish_cluster_8_rep_3,bullish,8,2018-03-07,2379.TW,0.22214487162905097,0.8182336016081757,False,0.0555430667550496,9
2018-09-07,1101.TW,1101,台泥,83,bearish,-0.0665859888942301,-6.6585988894230175,bullish_cluster_8_rep_3,bullish,8,2018-03-07,2379.TW,0.22303926201017527,0.8176352395722847,False,0.0555430667550496,10
2018-03-07,1504.TW,1504,東元,89,neutral,0.0484496138358185,4.844961383581858,bullish_cluster_8_rep_3,bullish,8,2018-03-07,2379.TW,0.2263622634447358,0.8154197416276447,False,0.0555430667550496,11
2025-12-09,2615.TW,2615,萬海,59,neutral,-0.006353240398838,-0.6353240398838,bullish_cluster_8_rep_3,bullish,8,2018-03-07,2379.TW,0.22759543625042233,0.8146006171661963,False,0.0555430667550496,12
2019-11-14,3481.TW,3481,群創,52,neutral,0.0434131568362032,4.341315683620328,bullish_cluster_8_rep_3,bullish,8,2018-03-07,2379.TW,0.2288892849970116,0.8137429565124996,False,0.0555430667550496,13
2021-03-15,2207.TW,2207,和泰車,63,neutral,-0.0067911734510578,-0.6791173451057841,bullish_cluster_8_rep_3,bullish,8,2018-03-07,2379.TW,0.22968463203261746,0.8132166361606403,False,0.0555430667550496,14
2021-08-06,2376.TW,2376,技嘉,70,bearish,-0.0520939570442495,-5.209395704424957,bullish_cluster_8_rep_3,bullish,8,2018-03-07,2379.TW,0.22979556162966708,0.8131432826728104,False,0.0555430667550496,15
2022-06-09,3034.TW,3034,聯詠,58,neutral,-0.0489335006273525,-4.893350062735258,bullish_cluster_8_rep_3,bullish,8,2018-03-07,2379.TW,0.23044456283856848,0.8127143881176203,False,0.0555430667550496,16
2025-08-08,2002.TW,2002,中鋼,62,neutral,0.0261096610945192,2.6109661094519288,bullish_cluster_8_rep_3,bullish,8,2018-03-07,2379.TW,0.23063764013078247,0.8125868796713612,False,0.0555430667550496,17
2021-02-04,2356.TW,2356,英業達,71,neutral,-0.0021505048198084,-0.2150504819808496,bullish_cluster_8_rep_3,bullish,8,2018-03-07,2379.TW,0.2308429248664138,0.8124513532939487,False,0.0555430667550496,18
2021-03-08,2347.TW,2347,聯強,99,neutral,0.01334697537985,1.334697537985008,bullish_cluster_8_rep_3,bullish,8,2018-03-07,2379.TW,0.2308436859071096,0.8124508509486467,False,0.0555430667550496,19
2022-09-06,1802.TW,1802,台玻,86,neutral,0.008823506972369,0.8823506972369,bullish_cluster_8_rep_3,bullish,8,2018-03-07,2379.TW,0.23180539720462104,0.811816543643448,False,0.0555430667550496,20
2018-09-06,6239.TW,6239,力成,76,neutral,-0.0184119498967397,-1.8411949896739777,bullish_cluster_8_rep_3,bullish,8,2018-03-07,2379.TW,0.23237011145314684,0.8114445414623468,False,0.0555430667550496,21
2018-12-12,1802.TW,1802,台玻,86,neutral,-0.007325965610992,-0.732596561099208,bullish_cluster_8_rep_3,bullish,8,2018-03-07,2379.TW,0.23303508177450866,0.8110069330394568,False,0.0555430667550496,22
2020-11-04,3044.TW,3044,健鼎,65,neutral,0.0258620689655173,2.586206896551735,bullish_cluster_8_rep_3,bullish,8,2018-03-07,2379.TW,0.23486877166626705,0.8098026470056835,False,0.0555430667550496,23
2021-02-18,2356.TW,2356,英業達,71,bullish,0.0732758103312851,7.327581033128516,bullish_cluster_8_rep_3,bullish,8,2018-03-07,2379.TW,0.2372048193862999,0.8082736054132392,True,0.0555430667550496,24
2022-06-14,2912.TW,2912,統一超,74,neutral,-0.0094876660341556,-0.9487666034155628,bullish_cluster_8_rep_3,bullish,8,2018-03-07,2379.TW,0.2372125723673817,0.8082685403742057,False,0.0555430667550496,25
2020-12-11,2207.TW,2207,和泰車,63,neutral,0.0109204154534383,1.092041545343836,bullish_cluster_8_rep_3,bullish,8,2018-03-07,2379.TW,0.23836547285578671,0.8075160539593423,False,0.0555430667550496,26
2024-10-24,5871.TW,5871,中租-KY,78,neutral,-0.0226537160298039,-2.2653716029803928,bullish_cluster_8_rep_3,bullish,8,2018-03-07,2379.TW,0.23912065209293387,0.8070239151538249,False,0.0555430667550496,27
2019-03-07,1101.TW,1101,台泥,83,neutral,0.0105263608462677,1.052636084626779,bullish_cluster_8_rep_3,bullish,8,2018-03-07,2379.TW,0.2395712457337493,0.8067305557802464,False,0.0555430667550496,28
2018-10-22,2002.TW,2002,中鋼,62,neutral,-0.0165631314637105,-1.656313146371058,bullish_cluster_8_rep_3,bullish,8,2018-03-07,2379.TW,0.23972556603440956,0.8066301344407737,False,0.0555430667550496,29
2019-01-03,1605.TW,1605,華新,88,neutral,0.003012049601152,0.3012049601152089,bullish_cluster_8_rep_3,bullish,8,2018-03-07,2379.TW,0.24016934454190905,0.8063414923140014,False,0.0555430667550496,30
2023-02-09,2618.TW,2618,長榮航,72,neutral,-0.0068846423698238,-0.688464236982389,bullish_cluster_8_rep_3,bullish,8,2018-03-07,2379.TW,0.2403299847044744,0.8062370597597571,False,0.0555430667550496,31
2019-08-23,2609.TW,2609,陽明,77,neutral,-0.0112782145830545,-1.1278214583054558,bullish_cluster_8_rep_3,bullish,8,2018-03-07,2379.TW,0.24068559889624153,0.8060059703196651,False,0.0555430667550496,32
2025-08-08,1101.TW,1101,台泥,83,neutral,-0.022587315638308,-2.258731563830807,bullish_cluster_8_rep_3,bullish,8,2018-03-07,2379.TW,0.24088775664922654,0.8058746608156595,False,0.0555430667550496,33
2018-12-20,1605.TW,1605,華新,88,neutral,0.0059880267352252,0.5988026735225249,bullish_cluster_8_rep_3,bullish,8,2018-03-07,2379.TW,0.2423235197699239,0.8049433050943109,False,0.0555430667550496,34
2019-05-31,2912.TW,2912,統一超,74,neutral,0.0066445182724252,0.6644518272425293,bullish_cluster_8_rep_3,bullish,8,2018-03-07,2379.TW,0.24244833177994426,0.8048624433077147,False,0.0555430667550496,35
2025-09-17,1101.TW,1101,台泥,83,bullish,0.108108087209475,10.810808720947506,bullish_cluster_8_rep_3,bullish,8,2018-03-07,2379.TW,0.24287916209946375,0.8045834466407871,True,0.0555430667550496,36
2023-04-20,3034.TW,3034,聯詠,58,bearish,-0.0808988764044943,-8.089887640449433,bullish_cluster_8_rep_3,bullish,8,2018-03-07,2379.TW,0.24334020756265323,0.8042850974475616,False,0.0555430667550496,37
2022-06-13,2912.TW,2912,統一超,74,neutral,0.0057034220532319,0.5703422053231932,bullish_cluster_8_rep_3,bullish,8,2018-03-07,2379.TW,0.24422128889645545,0.8037155519874892,False,0.0555430667550496,38
2019-05-28,1605.TW,1605,華新,88,neutral,0.0161290403349321,1.612904033493212,bullish_cluster_8_rep_3,bullish,8,2018-03-07,2379.TW,0.24425529516537772,0.8036935859429771,False,0.0555430667550496,39
2018-03-07,1101.TW,1101,台泥,83,neutral,0.0219779593515034,2.1977959351503484,bullish_cluster_8_rep_3,bullish,8,2018-03-07,2379.TW,0.24462676092631602,0.8034537191340382,False,0.0555430667550496,40
2023-10-30,1504.TW,1504,東元,89,neutral,-0.0157894736842105,-1.5789473684210575,bullish_cluster_8_rep_3,bullish,8,2018-03-07,2379.TW,0.2463136343309921,0.8023662523252337,False,0.0555430667550496,41
2024-05-08,6919.TW,6919,康霈*,97,neutral,0.0079575392835391,0.795753928353915,bullish_cluster_8_rep_3,bullish,8,2018-03-07,2379.TW,0.24637042047160038,0.8023296955503975,False,0.0555430667550496,42
2019-10-03,1605.TW,1605,華新,88,neutral,-0.006872922124509,-0.6872922124509073,bullish_cluster_8_rep_3,bullish,8,2018-03-07,2379.TW,0.2465880336750555,0.8021896352172647,False,0.0555430667550496,43
2024-02-19,2337.TW,2337,旺宏,67,neutral,-0.0051457845795278,-0.5145784579527857,bullish_cluster_8_rep_3,bullish,8,2018-03-07,2379.TW,0.24679239343671586,0.8020581495878027,False,0.0555430667550496,44
2024-11-19,2002.TW,2002,中鋼,62,neutral,-0.0111856821357047,-1.11856821357047,bullish_cluster_8_rep_3,bullish,8,2018-03-07,2379.TW,0.24718085867717787,0.8018083287941492,False,0.0555430667550496,45
2020-06-18,1504.TW,1504,東元,89,neutral,-0.0073936732433177,-0.7393673243317744,bullish_cluster_8_rep_3,bullish,8,2018-03-07,2379.TW,0.24722208258910217,0.8017818269574774,False,0.0555430667550496,46
2025-12-22,2409.TW,2409,友達,80,neutral,0.0133332994249131,1.3333299424913123,bullish_cluster_8_rep_3,bullish,8,2018-03-07,2379.TW,0.24753366179789704,0.80158157701239,False,0.0555430667550496,47
2022-10-27,2002.TW,2002,中鋼,62,neutral,-0.0018484006828378,-0.1848400682837869,bullish_cluster_8_rep_3,bullish,8,2018-03-07,2379.TW,0.24784315521451453,0.8013827665930432,False,0.0555430667550496,48
2021-11-08,6239.TW,6239,力成,76,neutral,0.0051546391752577,0.5154639175257714,bullish_cluster_8_rep_3,bullish,8,2018-03-07,2379.TW,0.24826729857632557,0.8011104681990151,False,0.0555430667550496,49
2023-02-17,6770.TW,6770,力積電,55,neutral,0.0030030718050906,0.3003071805090629,bullish_cluster_8_rep_3,bullish,8,2018-03-07,2379.TW,0.24859981547685261,0.8008971230050118,False,0.0555430667550496,50
2020-02-19,2404.TW,2404,漢唐,79,neutral,0.005420054200542,0.5420054200542035,bullish_cluster_8_rep_3,bullish,8,2018-03-07,2379.TW,0.24919933439957662,0.8005127544201315,False,0.0555430667550496,51
2023-10-24,1326.TW,1326,台化,51,neutral,-0.01298700092333,-1.298700092333005,bullish_cluster_8_rep_3,bullish,8,2018-03-07,2379.TW,0.249723332418735,0.8001771064517004,False,0.0555430667550496,52
2020-02-12,2347.TW,2347,聯強,99,neutral,-0.0026525805515811,-0.2652580551581129,bullish_cluster_8_rep_3,bullish,8,2018-03-07,2379.TW,0.24979223711303378,0.8001329903520259,False,0.0555430667550496,53
2022-01-21,2834.TW,2834,臺企銀,87,neutral,-0.0048309779500789,-0.4830977950078918,bullish_cluster_8_rep_3,bullish,8,2018-03-07,2379.TW,0.24982900615311818,0.8001094510343671,False,0.0555430667550496,54
2023-02-24,2618.TW,2618,長榮航,72,neutral,0.0017668249384155,0.1766824938415512,bullish_cluster_8_rep_3,bullish,8,2018-03-07,2379.TW,0.24990410410190517,0.8000613780835059,False,0.0555430667550496,55
2019-02-18,2356.TW,2356,英業達,71,neutral,0.0129031929918514,1.2903192991851498,bullish_cluster_8_rep_3,bullish,8,2018-03-07,2379.TW,0.25012980579796107,0.7999169329153762,False,0.0555430667550496,56
2024-02-20,2618.TW,2618,長榮航,72,neutral,-0.0191082926356358,-1.9108292635635848,bullish_cluster_8_rep_3,bullish,8,2018-03-07,2379.TW,0.25039590036587894,0.799746703989824,False,0.0555430667550496,57
2023-07-17,6770.TW,6770,力積電,55,neutral,-0.0099668153025628,-0.9966815302562826,bullish_cluster_8_rep_3,bullish,8,2018-03-07,2379.TW,0.2506405220438963,0.7995902758417905,False,0.0555430667550496,58
2022-10-07,2912.TW,2912,統一超,74,neutral,0.02,2.0000000000000018,bullish_cluster_8_rep_3,bullish,8,2018-03-07,2379.TW,0.25108420716669083,0.799306708750391,False,0.0555430667550496,59
2020-09-07,2207.TW,2207,和泰車,63,neutral,0.0249169241098006,2.491692410980062,bullish_cluster_8_rep_3,bullish,8,2018-03-07,2379.TW,0.2515080437396807,0.7990360149918497,False,0.0555430667550496,60
2024-06-28,2376.TW,2376,技嘉,70,neutral,-0.0049099836333879,-0.4909983633387904,bullish_cluster_8_rep_3,bullish,8,2018-03-07,2379.TW,0.2520984315340965,0.7986592545881394,False,0.0555430667550496,61
2024-03-28,1802.TW,1802,台玻,86,neutral,0.0,0.0,bullish_cluster_8_rep_3,bullish,8,2018-03-07,2379.TW,0.2524278983301327,0.7984491572994374,False,0.0555430667550496,62
2018-05-10,2618.TW,2618,長榮航,72,neutral,0.0,0.0,bullish_cluster_8_rep_3,bullish,8,2018-03-07,2379.TW,0.2533658319417706,0.7978516523390103,False,0.0555430667550496,63
2024-03-13,1605.TW,1605,華新,88,bullish,0.0627674981691084,6.276749816910843,bullish_cluster_8_rep_3,bullish,8,2018-03-07,2379.TW,0.2536896854980481,0.7976455510222484,True,0.0555430667550496,64
2022-08-03,2404.TW,2404,漢唐,79,neutral,0.0168350168350168,1.683501683501687,bullish_cluster_8_rep_3,bullish,8,2018-03-07,2379.TW,0.25433577518179146,0.7972346956739471,False,0.0555430667550496,65
2024-11-26,4938.TW,4938,和碩,69,neutral,-0.0328204815204328,-3.282048152043282,bullish_cluster_8_rep_3,bullish,8,2018-03-07,2379.TW,0.2547751942970374,0.7969555060898618,False,0.0555430667550496,66
2019-03-05,1101.TW,1101,台泥,83,neutral,0.0,0.0,bullish_cluster_8_rep_3,bullish,8,2018-03-07,2379.TW,0.25566061656698713,0.796393537239409,False,0.0555430667550496,67
2023-04-21,1605.TW,1605,華新,88,neutral,-0.023046122058383,-2.304612205838308,bullish_cluster_8_rep_3,bullish,8,2018-03-07,2379.TW,0.25580189344948684,0.7963039434931573,False,0.0555430667550496,68
2018-05-08,2618.TW,2618,長榮航,72,neutral,-0.0130719078725147,-1.3071907872514776,bullish_cluster_8_rep_3,bullish,8,2018-03-07,2379.TW,0.25593022769892393,0.7962225750646743,False,0.0555430667550496,69
2020-09-30,1326.TW,1326,台化,51,neutral,0.0162482445066667,1.6248244506666731,bullish_cluster_8_rep_3,bullish,8,2018-03-07,2379.TW,0.2562518757420647,0.7960187119396759,False,0.0555430667550496,70
2019-05-27,2356.TW,2356,英業達,71,neutral,0.0127389025107511,1.273890251075116,bullish_cluster_8_rep_3,bullish,8,2018-03-07,2379.TW,0.25626205128777474,0.7960122643002036,False,0.0555430667550496,71
2018-12-18,3034.TW,3034,聯詠,58,neutral,0.0109090909090909,1.090909090909098,bullish_cluster_8_rep_3,bullish,8,2018-03-07,2379.TW,0.2563215186061194,0.7959745854783205,False,0.0555430667550496,72
2019-12-30,6515.TW,6515,穎崴,73,neutral,-0.0170575692963752,-1.7057569296375252,bullish_cluster_8_rep_3,bullish,8,2018-03-07,2379.TW,0.2566989603751974,0.7957355194289666,False,0.0555430667550496,73
2023-05-15,6770.TW,6770,力積電,55,neutral,0.0337837833483956,3.37837833483956,bullish_cluster_8_rep_3,bullish,8,2018-03-07,2379.TW,0.25747451030726926,0.7952447479477304,False,0.0555430667550496,74
2024-05-07,6919.TW,6919,康霈*,97,neutral,-0.0026246319718099,-0.2624631971809954,bullish_cluster_8_rep_3,bullish,8,2018-03-07,2379.TW,0.2576552815579154,0.795130442072532,False,0.0555430667550496,75
2021-11-29,6239.TW,6239,力成,76,neutral,0.0092592752483122,0.9259275248312272,bullish_cluster_8_rep_3,bullish,8,2018-03-07,2379.TW,0.25786044802437047,0.7950007503381055,False,0.0555430667550496,76
2022-10-19,6139.TW,6139,亞翔,85,neutral,0.003460237733855,0.3460237733855065,bullish_cluster_8_rep_3,bullish,8,2018-03-07,2379.TW,0.25825681130282147,0.7947503172779031,False,0.0555430667550496,77
2021-02-04,2313.TW,2313,華通,60,neutral,0.042704606687983,4.270460668798304,bullish_cluster_8_rep_3,bullish,8,2018-03-07,2379.TW,0.2583225761139242,0.7947087805483857,False,0.0555430667550496,78
2023-04-11,1802.TW,1802,台玻,86,neutral,0.0223325444892625,2.2332544489262585,bullish_cluster_8_rep_3,bullish,8,2018-03-07,2379.TW,0.25834994232645475,0.7946914974630874,False,0.0555430667550496,79
2019-01-16,1326.TW,1326,台化,51,neutral,0.0236966824644548,2.369668246445489,bullish_cluster_8_rep_3,bullish,8,2018-03-07,2379.TW,0.25835768785539875,0.7946866059238576,False,0.0555430667550496,80
2023-10-25,2615.TW,2615,萬海,59,bullish,0.0603352125796525,6.0335212579652575,bullish_cluster_8_rep_3,bullish,8,2018-03-07,2379.TW,0.25847421353908895,0.7946130236453506,True,0.0555430667550496,81
2025-04-23,5876.TW,5876,上海商銀,75,neutral,-0.0010717762182131,-0.1071776218213194,bullish_cluster_8_rep_3,bullish,8,2018-03-07,2379.TW,0.25873266540588963,0.7944498680961306,False,0.0555430667550496,82
2022-06-10,1802.TW,1802,台玻,86,neutral,-0.0386363809758965,-3.86363809758965,bullish_cluster_8_rep_3,bullish,8,2018-03-07,2379.TW,0.25946877683103303,0.7939855424730051,False,0.0555430667550496,83
2019-05-29,2912.TW,2912,統一超,74,neutral,-0.0032786885245901,-0.3278688524590123,bullish_cluster_8_rep_3,bullish,8,2018-03-07,2379.TW,0.25957331750334134,0.7939196441396094,False,0.0555430667550496,84
2018-04-20,1504.TW,1504,東元,89,neutral,-0.014285729855907,-1.4285729855907037,bullish_cluster_8_rep_3,bullish,8,2018-03-07,2379.TW,0.26051350482667146,0.7933274781831918,False,0.0555430667550496,85
2025-03-25,1402.TW,1402,遠東新,94,neutral,0.0044643313300873,0.446433133008739,bullish_cluster_8_rep_3,bullish,8,2018-03-07,2379.TW,0.2607059121515425,0.7932064015575073,False,0.0555430667550496,86
2023-08-15,2912.TW,2912,統一超,74,neutral,0.0,0.0,bullish_cluster_8_rep_3,bullish,8,2018-03-07,2379.TW,0.26075636557650606,0.7931746587237971,False,0.0555430667550496,87
2018-12-12,3481.TW,3481,群創,52,neutral,-0.0098522738283101,-0.985227382831011,bullish_cluster_8_rep_3,bullish,8,2018-03-07,2379.TW,0.2619382415671946,0.7924318061382348,False,0.0555430667550496,88
2019-07-02,2618.TW,2618,長榮航,72,neutral,-0.0066889891368635,-0.6688989136863555,bullish_cluster_8_rep_3,bullish,8,2018-03-07,2379.TW,0.26264020780949904,0.7919912527851917,False,0.0555430667550496,89
2025-01-21,3044.TW,3044,健鼎,65,neutral,0.0,0.0,bullish_cluster_8_rep_3,bullish,8,2018-03-07,2379.TW,0.2632578710860343,0.7916040128372926,False,0.0555430667550496,90
2022-01-17,2404.TW,2404,漢唐,79,neutral,-0.018970189701897,-1.897018970189701,bullish_cluster_8_rep_3,bullish,8,2018-03-07,2379.TW,0.2632902592294961,0.7915837177513886,False,0.0555430667550496,91
2020-12-10,2912.TW,2912,統一超,74,neutral,0.0018761726078799,0.1876172607879977,bullish_cluster_8_rep_3,bullish,8,2018-03-07,2379.TW,0.2633047684519229,0.7915746263076474,False,0.0555430667550496,92
2023-02-09,2002.TW,2002,中鋼,62,neutral,0.0047923811353098,0.4792381135309886,bullish_cluster_8_rep_3,bullish,8,2018-03-07,2379.TW,0.2633601156828661,0.7915399477839968,False,0.0555430667550496,93
2020-12-17,6239.TW,6239,力成,76,neutral,-0.0309597518344599,-3.095975183445998,bullish_cluster_8_rep_3,bullish,8,2018-03-07,2379.TW,0.2640522021685679,0.7911065684506001,False,0.0555430667550496,94
2022-11-10,2356.TW,2356,英業達,71,bullish,0.075156541950758,7.515654195075805,bullish_cluster_8_rep_3,bullish,8,2018-03-07,2379.TW,0.264317668759526,0.7909404611747148,True,0.0555430667550496,95
2025-05-15,1519.TW,1519,華城,66,neutral,-0.0444444577064042,-4.444445770640426,bullish_cluster_9_rep_1,bullish,9,2023-02-21,6515.TW,0.33900542751722185,0.7468229623640852,False,0.3929931668699186,1
2024-02-01,6919.TW,6919,康霈*,97,bullish,0.1096633945869069,10.9663394586907,bullish_cluster_9_rep_1,bullish,9,2023-02-21,6515.TW,0.3886137303005164,0.7201426704772574,True,0.3929931668699186,2
2023-12-25,3532.TW,3532,台勝科,98,bearish,-0.0973684210526315,-9.736842105263154,bullish_cluster_9_rep_1,bullish,9,2023-02-21,6515.TW,0.42294063393243314,0.7027700075135278,False,0.3929931668699186,3
2024-12-27,3661.TW,3661,世芯-KY,56,bearish,-0.0676691729323308,-6.766917293233088,bullish_cluster_9_rep_1,bullish,9,2023-02-21,6515.TW,0.42909467957523667,0.6997437008842727,False,0.3929931668699186,4
2025-10-31,6531.TW,6531,愛普*,95,neutral,-0.0259259259259259,-2.592592592592591,bullish_cluster_9_rep_1,bullish,9,2023-02-21,6515.TW,0.4405697580395825,0.694169785544341,False,0.3929931668699186,5
2020-10-13,2609.TW,2609,陽明,77,neutral,0.0146341091249044,1.4634109124904482,bullish_cluster_9_rep_1,bullish,9,2023-02-21,6515.TW,0.4412244012988034,0.6938544747777095,False,0.3929931668699186,6
2021-03-24,6805.TW,6805,富世達,93,bullish,0.1414867857240549,14.148678572405494,bullish_cluster_9_rep_1,bullish,9,2023-02-21,6515.TW,0.44768287701848375,0.6907590162698541,True,0.3929931668699186,7
2025-07-31,3044.TW,3044,健鼎,65,neutral,0.0071428571428571,0.7142857142857117,bullish_cluster_9_rep_1,bullish,9,2023-02-21,6515.TW,0.4531817120315708,0.6881451863318485,False,0.3929931668699186,8
2020-05-11,5871.TW,5871,中租-KY,78,neutral,-0.0300429118163844,-3.004291181638441,bullish_cluster_9_rep_1,bullish,9,2023-02-21,6515.TW,0.457523219575337,0.6860954162303907,False,0.3929931668699186,9
2019-07-05,2449.TW,2449,京元電子,57,neutral,0.0034130248047676,0.3413024804767683,bullish_cluster_9_rep_1,bullish,9,2023-02-21,6515.TW,0.4653717505320946,0.6824206892461845,False,0.3929931668699186,10
2021-04-16,6415.TW,6415,矽力*-KY,92,neutral,-0.0397727272727272,-3.977272727272729,bullish_cluster_9_rep_1,bullish,9,2023-02-21,6515.TW,0.47405891202771444,0.6783989376818058,False,0.3929931668699186,11
2019-09-17,2337.TW,2337,旺宏,67,bullish,0.076433109798955,7.643310979895501,bullish_cluster_9_rep_1,bullish,9,2023-02-21,6515.TW,0.47613813761739604,0.6774433737035473,True,0.3929931668699186,12
2020-04-08,2618.TW,2618,長榮航,72,bullish,0.0661763792514136,6.617637925141362,bullish_cluster_9_rep_1,bullish,9,2023-02-21,6515.TW,0.48040510038490064,0.6754907827188674,True,0.3929931668699186,13
2019-12-18,3481.TW,3481,群創,52,neutral,-0.0397726718348505,-3.977267183485056,bullish_cluster_9_rep_1,bullish,9,2023-02-21,6515.TW,0.48278419418623786,0.6744069729909732,False,0.3929931668699186,14
2020-11-05,2615.TW,2615,萬海,59,neutral,0.0293610207319614,2.936102073196145,bullish_cluster_9_rep_1,bullish,9,2023-02-21,6515.TW,0.48448479360397356,0.6736343843389864,False,0.3929931668699186,15
2018-11-20,3532.TW,3532,台勝科,98,neutral,-0.0041322314049586,-0.4132231404958664,bullish_cluster_9_rep_1,bullish,9,2023-02-21,6515.TW,0.4858989617956256,0.6729932692001858,False,0.3929931668699186,16
2020-12-17,3481.TW,3481,群創,52,neutral,-0.0140844870037033,-1.408448700370335,bullish_cluster_9_rep_1,bullish,9,2023-02-21,6515.TW,0.49087692020173246,0.6707461806201204,False,0.3929931668699186,17
2024-09-20,3481.TW,3481,群創,52,neutral,-0.0158227846191166,-1.582278461911668,bullish_cluster_9_rep_1,bullish,9,2023-02-21,6515.TW,0.4910402880040582,0.6706726894272076,False,0.3929931668699186,18
2020-10-14,3661.TW,3661,世芯-KY,56,bearish,-0.0841121495327102,-8.41121495327103,bullish_cluster_9_rep_1,bullish,9,2023-02-21,6515.TW,0.49304824219771703,0.6697707225642178,False,0.3929931668699186,19
2024-09-26,6415.TW,6415,矽力*-KY,92,neutral,0.0468920392584515,4.689203925845153,bullish_cluster_9_rep_1,bullish,9,2023-02-21,6515.TW,0.4948262152166051,0.6689740852953243,False,0.3929931668699186,20
2021-05-28,2379.TW,2379,瑞昱,53,neutral,-0.011066398390342,-1.106639839034207,bullish_cluster_9_rep_1,bullish,9,2023-02-21,6515.TW,0.4997900760236668,0.6667599792707388,False,0.3929931668699186,21
2023-05-15,3661.TW,3661,世芯-KY,56,bullish,0.0666666666666666,6.666666666666665,bullish_cluster_9_rep_1,bullish,9,2023-02-21,6515.TW,0.5034723063393549,0.6651269835723106,True,0.3929931668699186,22
2019-12-04,3481.TW,3481,群創,52,neutral,0.0151515123908365,1.5151512390836563,bullish_cluster_9_rep_1,bullish,9,2023-02-21,6515.TW,0.5084257046069304,0.6629428263824121,False,0.3929931668699186,23
2023-10-16,3036.TW,3036,文曄,68,neutral,-0.016949145856044,-1.6949145856044012,bullish_cluster_9_rep_1,bullish,9,2023-02-21,6515.TW,0.5099464261496719,0.6622751527350389,False,0.3929931668699186,24
2025-05-06,2376.TW,2376,技嘉,70,neutral,0.0208768267223382,2.087682672233826,bullish_cluster_9_rep_1,bullish,9,2023-02-21,6515.TW,0.5100054409527954,0.6622492693595938,False,0.3929931668699186,25
2025-05-22,2609.TW,2609,陽明,77,bearish,-0.0563866678922863,-5.63866678922863,bullish_cluster_9_rep_1,bullish,9,2023-02-21,6515.TW,0.5127164495573706,0.66106242203726,False,0.3929931668699186,26
2023-06-21,2376.TW,2376,技嘉,70,bearish,-0.1269230769230769,-12.692307692307692,bullish_cluster_9_rep_1,bullish,9,2023-02-21,6515.TW,0.5162424268073311,0.6595251407821673,False,0.3929931668699186,27
2024-05-07,2609.TW,2609,陽明,77,bullish,0.1542856852213541,15.42856852213541,bullish_cluster_9_rep_1,bullish,9,2023-02-21,6515.TW,0.5168607262316994,0.6592563065986129,True,0.3929931668699186,28
2019-08-15,1590.TW,1590,亞德客-KY,64,neutral,0.0184048992600402,1.8404899260040295,bullish_cluster_9_rep_1,bullish,9,2023-02-21,6515.TW,0.5175153583572351,0.6589719138543257,False,0.3929931668699186,29
2020-11-30,3661.TW,3661,世芯-KY,56,bearish,-0.0508982035928143,-5.089820359281438,bullish_cluster_9_rep_1,bullish,9,2023-02-21,6515.TW,0.5260473149890459,0.6552876769795163,False,0.3929931668699186,30
2022-02-18,2609.TW,2609,陽明,77,neutral,-0.0042918454935622,-0.4291845493562207,bullish_cluster_9_rep_1,bullish,9,2023-02-21,6515.TW,0.5271853146911538,0.6547993818302478,False,0.3929931668699186,31
2024-11-26,2404.TW,2404,漢唐,79,bullish,0.0580246913580246,5.802469135802468,bullish_cluster_9_rep_1,bullish,9,2023-02-21,6515.TW,0.5272703010240251,0.6547629449282857,True,0.3929931668699186,32
2018-11-27,2492.TW,2492,華新科,100,bullish,0.0869565217391303,8.695652173913038,bullish_cluster_9_rep_1,bullish,9,2023-02-21,6515.TW,0.5285083114412404,0.6542326217756013,True,0.3929931668699186,33
2018-11-14,2449.TW,2449,京元電子,57,neutral,0.0349126855733719,3.4912685573371904,bullish_cluster_9_rep_1,bullish,9,2023-02-21,6515.TW,0.5309606123419803,0.6531846684613619,False,0.3929931668699186,34
2021-05-26,2379.TW,2379,瑞昱,53,neutral,0.0278063851699279,2.780638516992795,bullish_cluster_9_rep_1,bullish,9,2023-02-21,6515.TW,0.531952637952481,0.6527616946020877,False,0.3929931668699186,35
2023-03-13,6139.TW,6139,亞翔,85,neutral,-0.0440859908636875,-4.408599086368758,bullish_cluster_9_rep_1,bullish,9,2023-02-21,6515.TW,0.5330440152114199,0.6522969921787218,False,0.3929931668699186,36
2019-07-26,2337.TW,2337,旺宏,67,neutral,-0.0201863823129788,-2.0186382312978868,bullish_cluster_9_rep_1,bullish,9,2023-02-21,6515.TW,0.5334242913007681,0.6521352281120598,False,0.3929931668699186,37
2023-11-14,6531.TW,6531,愛普*,95,bullish,0.0543352601156068,5.433526011560685,bullish_cluster_9_rep_1,bullish,9,2023-02-21,6515.TW,0.5334553536699544,0.6521220181642341,True,0.3929931668699186,38
2023-06-26,2618.TW,2618,長榮航,72,neutral,-0.0217653626213528,-2.176536262135287,bullish_cluster_9_rep_1,bullish,9,2023-02-21,6515.TW,0.5337143669326696,0.652011887976205,False,0.3929931668699186,39
2022-02-17,2376.TW,2376,技嘉,70,bearish,-0.081967213114754,-8.196721311475407,bullish_cluster_9_rep_1,bullish,9,2023-02-21,6515.TW,0.535017086773052,0.6514585463685116,False,0.3929931668699186,40
2023-01-17,1590.TW,1590,亞德客-KY,64,bullish,0.0560560560560561,5.6056056056056125,bullish_cluster_9_rep_1,bullish,9,2023-02-21,6515.TW,0.5360043871949917,0.6510398071363402,True,0.3929931668699186,41
2025-02-26,6515.TW,6515,穎崴,73,neutral,0.0315789473684211,3.157894736842115,bullish_cluster_9_rep_1,bullish,9,2023-02-21,6515.TW,0.536309477955296,0.6509105192340019,False,0.3929931668699186,42
2019-10-03,6415.TW,6415,矽力*-KY,92,bearish,-0.05625,-5.625000000000002,bullish_cluster_9_rep_1,bullish,9,2023-02-21,6515.TW,0.5364775846010816,0.6508393028458217,False,0.3929931668699186,43
2018-11-19,2449.TW,2449,京元電子,57,neutral,-0.0072288884519911,-0.72288884519911,bullish_cluster_9_rep_1,bullish,9,2023-02-21,6515.TW,0.5367435533067673,0.6507266601823046,False,0.3929931668699186,44
2020-12-30,6531.TW,6531,愛普*,95,neutral,0.0115740740740741,1.157407407407418,bullish_cluster_9_rep_1,bullish,9,2023-02-21,6515.TW,0.5380678355355997,0.6501663820645278,False,0.3929931668699186,45
2018-12-24,2449.TW,2449,京元電子,57,neutral,-0.0401691494841672,-4.016914948416728,bullish_cluster_9_rep_1,bullish,9,2023-02-21,6515.TW,0.5392348298272837,0.6496734485356007,False,0.3929931668699186,46
2018-07-13,1605.TW,1605,華新,88,bearish,-0.0532407646555369,-5.324076465553695,bullish_cluster_9_rep_1,bullish,9,2023-02-21,6515.TW,0.5401292976865925,0.6492961347479633,False,0.3929931668699186,47
2025-08-18,3044.TW,3044,健鼎,65,bearish,-0.0617469879518072,-6.174698795180722,bullish_cluster_9_rep_1,bullish,9,2023-02-21,6515.TW,0.5413072367328328,0.6487999122872724,False,0.3929931668699186,48
2021-06-18,6770.TW,6770,力積電,55,neutral,-0.0295420988206105,-2.954209882061054,bullish_cluster_9_rep_1,bullish,9,2023-02-21,6515.TW,0.5444809065017701,0.6474667286531806,False,0.3929931668699186,49
2025-08-26,2404.TW,2404,漢唐,79,bullish,0.055793991416309,5.579399141630903,bullish_cluster_9_rep_1,bullish,9,2023-02-21,6515.TW,0.5447227134483291,0.6473653758658544,True,0.3929931668699186,50
2021-03-26,3034.TW,3034,聯詠,58,neutral,0.0105448154657292,1.0544815465729274,bullish_cluster_9_rep_1,bullish,9,2023-02-21,6515.TW,0.5475912558527749,0.646165449835762,False,0.3929931668699186,51
2019-11-08,6415.TW,6415,矽力*-KY,92,bullish,0.09297052154195,9.297052154195008,bullish_cluster_9_rep_1,bullish,9,2023-02-21,6515.TW,0.5499362979471473,0.6451878063146695,True,0.3929931668699186,52
2022-11-18,3661.TW,3661,世芯-KY,56,neutral,0.0045714285714286,0.457142857142867,bullish_cluster_9_rep_1,bullish,9,2023-02-21,6515.TW,0.5510547035169403,0.6447225863359617,False,0.3929931668699186,53
2023-08-23,3533.TW,3533,嘉澤,82,neutral,0.0060313630880579,0.6031363088057962,bullish_cluster_9_rep_1,bullish,9,2023-02-21,6515.TW,0.5515230292575084,0.6445279774406936,False,0.3929931668699186,54
2025-07-24,3661.TW,3661,世芯-KY,56,neutral,-0.040251572327044,-4.025157232704402,bullish_cluster_9_rep_1,bullish,9,2023-02-21,6515.TW,0.5516497538320098,0.6444753382845351,False,0.3929931668699186,55
2024-05-02,2618.TW,2618,長榮航,72,neutral,-0.0040540952940246,-0.4054095294024673,bullish_cluster_9_rep_1,bullish,9,2023-02-21,6515.TW,0.553179838614585,0.6438404459923882,False,0.3929931668699186,56
2020-04-15,2376.TW,2376,技嘉,70,neutral,0.0092592592592593,0.92592592592593,bullish_cluster_9_rep_1,bullish,9,2023-02-21,6515.TW,0.5535567807258763,0.6436842298951988,False,0.3929931668699186,57
2020-04-20,2337.TW,2337,旺宏,67,neutral,0.0348101382338832,3.481013823388324,bullish_cluster_9_rep_1,bullish,9,2023-02-21,6515.TW,0.5541732462971319,0.6434289114051682,False,0.3929931668699186,58
2025-12-18,6770.TW,6770,力積電,55,bullish,0.0985915492957747,9.859154929577477,bullish_cluster_9_rep_1,bullish,9,2023-02-21,6515.TW,0.5550177580389724,0.6430794727779164,True,0.3929931668699186,59
2023-08-23,3044.TW,3044,健鼎,65,neutral,0.0263852242744062,2.638522427440626,bullish_cluster_9_rep_1,bullish,9,2023-02-21,6515.TW,0.5594103258610803,0.6412680379346705,False,0.3929931668699186,60
2019-01-18,2492.TW,2492,華新科,100,neutral,0.0,0.0,bullish_cluster_9_rep_1,bullish,9,2023-02-21,6515.TW,0.5601761365590856,0.6409532722410851,False,0.3929931668699186,61
2024-03-06,3036.TW,3036,文曄,68,bearish,-0.0784883720930232,-7.848837209302328,bullish_cluster_9_rep_1,bullish,9,2023-02-21,6515.TW,0.561219971251718,0.6405247296434746,False,0.3929931668699186,62
2019-12-18,2409.TW,2409,友達,80,neutral,-0.0097087378640776,-0.9708737864077666,bullish_cluster_9_rep_1,bullish,9,2023-02-21,6515.TW,0.5613719710431488,0.6404623744666701,False,0.3929931668699186,63
2019-08-13,6415.TW,6415,矽力*-KY,92,neutral,0.0109034267912773,1.0903426791277315,bullish_cluster_9_rep_1,bullish,9,2023-02-21,6515.TW,0.5627640684959512,0.6398918558208396,False,0.3929931668699186,64
2023-04-10,6805.TW,6805,富世達,93,bullish,0.106951871657754,10.6951871657754,bullish_cluster_9_rep_1,bullish,9,2023-02-21,6515.TW,0.5631007790886368,0.6397540154660075,True,0.3929931668699186,65
2021-11-01,3532.TW,3532,台勝科,98,neutral,-0.0060060060060059,-0.6006006006005982,bullish_cluster_9_rep_1,bullish,9,2023-02-21,6515.TW,0.5641029026101704,0.6393441239263753,False,0.3929931668699186,66
2021-08-03,2409.TW,2409,友達,80,neutral,0.0117096018735363,1.1709601873536313,bullish_cluster_9_rep_1,bullish,9,2023-02-21,6515.TW,0.5648631838152441,0.6390335016777192,False,0.3929931668699186,67
2022-11-16,2376.TW,2376,技嘉,70,neutral,0.0384615384615385,3.846153846153855,bullish_cluster_9_rep_1,bullish,9,2023-02-21,6515.TW,0.5660122650712763,0.6385646027839287,False,0.3929931668699186,68
2025-12-10,1519.TW,1519,華城,66,neutral,0.0295249848507059,2.952498485070598,bullish_cluster_9_rep_1,bullish,9,2023-02-21,6515.TW,0.566200637832074,0.6384878002502886,False,0.3929931668699186,69
2024-02-02,6919.TW,6919,康霈*,97,bullish,0.1151003366117979,11.510033661179795,bullish_cluster_9_rep_1,bullish,9,2023-02-21,6515.TW,0.5664363316665829,0.63839173018674,True,0.3929931668699186,70
2021-08-31,6415.TW,6415,矽力*-KY,92,neutral,0.0351758793969849,3.5175879396984966,bullish_cluster_9_rep_1,bullish,9,2023-02-21,6515.TW,0.5674912509565813,0.6379620934979621,False,0.3929931668699186,71
2021-03-30,3034.TW,3034,聯詠,58,bullish,0.082167832167832,8.216783216783208,bullish_cluster_9_rep_1,bullish,9,2023-02-21,6515.TW,0.5675224726354231,0.6379493866641245,True,0.3929931668699186,72
2023-10-06,6805.TW,6805,富世達,93,neutral,-0.0238095238095238,-2.380952380952384,bullish_cluster_9_rep_1,bullish,9,2023-02-21,6515.TW,0.5683921114709286,0.6375956577989558,False,0.3929931668699186,73
2020-01-20,6213.TW,6213,聯茂,81,bearish,-0.1224489521366347,-12.244895213663476,bullish_cluster_9_rep_1,bullish,9,2023-02-21,6515.TW,0.5686598185196863,0.6374868459011594,False,0.3929931668699186,74
2020-05-07,5871.TW,5871,中租-KY,78,neutral,0.0265486785083994,2.654867850839948,bullish_cluster_9_rep_1,bullish,9,2023-02-21,6515.TW,0.5693954946729125,0.6371880149996328,False,0.3929931668699186,75
2021-11-05,3532.TW,3532,台勝科,98,bullish,0.0976331360946745,9.763313609467447,bullish_cluster_9_rep_1,bullish,9,2023-02-21,6515.TW,0.5702255274217422,0.6368511927340569,True,0.3929931668699186,76
2021-01-19,2379.TW,2379,瑞昱,53,bullish,0.0575692963752665,5.756929637526653,bullish_cluster_9_rep_1,bullish,9,2023-02-21,6515.TW,0.5703966668340222,0.636781789671037,True,0.3929931668699186,77
2025-11-28,6139.TW,6139,亞翔,85,neutral,0.021953896816685,2.1953896816685026,bullish_cluster_9_rep_1,bullish,9,2023-02-21,6515.TW,0.5704200499388444,0.636772308172544,False,0.3929931668699186,78
2025-11-27,3533.TW,3533,嘉澤,82,neutral,-0.0229885057471264,-2.298850574712641,bullish_cluster_9_rep_1,bullish,9,2023-02-21,6515.TW,0.5706906126525647,0.6366626195793017,False,0.3929931668699186,79
2020-04-20,2313.TW,2313,華通,60,neutral,-0.0380952796157525,-3.809527961575254,bullish_cluster_9_rep_1,bullish,9,2023-02-21,6515.TW,0.5724661992182755,0.6359437172621788,False,0.3929931668699186,80
2025-07-25,2404.TW,2404,漢唐,79,neutral,-0.0114213197969542,-1.1421319796954266,bullish_cluster_9_rep_1,bullish,9,2023-02-21,6515.TW,0.5730463758876141,0.6357091661939945,False,0.3929931668699186,81
2022-07-19,2492.TW,2492,華新科,100,neutral,0.0210210054258817,2.10210054258817,bullish_cluster_9_rep_1,bullish,9,2023-02-21,6515.TW,0.5745694629767774,0.6350942422758955,False,0.3929931668699186,82
2025-02-25,2002.TW,2002,中鋼,62,neutral,0.0041841164462692,0.4184116446269259,bullish_cluster_9_rep_1,bullish,9,2023-02-21,6515.TW,0.5747894974465383,0.6350055049398426,False,0.3929931668699186,83
2021-08-02,6805.TW,6805,富世達,93,neutral,0.0020120724346075,0.2012072434607548,bullish_cluster_9_rep_1,bullish,9,2023-02-21,6515.TW,0.5752255139541421,0.6348297378003948,False,0.3929931668699186,84
2024-07-15,6239.TW,6239,力成,76,neutral,-0.0298507462686566,-2.985074626865669,bullish_cluster_9_rep_1,bullish,9,2023-02-21,6515.TW,0.5752671312817401,0.634812966094414,False,0.3929931668699186,85
2025-12-08,6770.TW,6770,力積電,55,neutral,-0.010248968467926,-1.0248968467926,bullish_cluster_9_rep_1,bullish,9,2023-02-21,6515.TW,0.5755252045597857,0.6347089828241801,False,0.3929931668699186,86
2021-05-26,2492.TW,2492,華新科,100,neutral,0.0218978102189781,2.189781021897818,bullish_cluster_9_rep_1,bullish,9,2023-02-21,6515.TW,0.5755998648774688,0.6346789069303252,False,0.3929931668699186,87
2019-11-14,3661.TW,3661,世芯-KY,56,bullish,0.0585480093676815,5.854800936768156,bullish_cluster_9_rep_1,bullish,9,2023-02-21,6515.TW,0.5756355575876001,0.6346645296143637,True,0.3929931668699186,88
2021-05-25,2379.TW,2379,瑞昱,53,bullish,0.0597014925373133,5.970149253731338,bullish_cluster_9_rep_1,bullish,9,2023-02-21,6515.TW,0.5758309877564542,0.6345858202875693,True,0.3929931668699186,89
2025-05-12,6919.TW,6919,康霈*,97,neutral,0.0453938779254117,4.539387792541172,bullish_cluster_9_rep_1,bullish,9,2023-02-21,6515.TW,0.5759482095496266,0.6345386186807366,False,0.3929931668699186,90
2018-02-22,1605.TW,1605,華新,88,neutral,0.0210843472080648,2.1084347208064846,bullish_cluster_9_rep_1,bullish,9,2023-02-21,6515.TW,0.5762709173757701,0.6344087104422597,False,0.3929931668699186,91
2025-07-01,6515.TW,6515,穎崴,73,bearish,-0.1235521235521235,-12.355212355212352,bullish_cluster_9_rep_1,bullish,9,2023-02-21,6515.TW,0.5764343715292652,0.6343429311490597,False,0.3929931668699186,92
2023-06-26,3661.TW,3661,世芯-KY,56,neutral,-0.0163487738419618,-1.6348773841961872,bullish_cluster_9_rep_1,bullish,9,2023-02-21,6515.TW,0.5765906446575547,0.6342800544888468,False,0.3929931668699186,93
2021-07-06,1590.TW,1590,亞德客-KY,64,bearish,-0.0608695894969008,-6.08695894969008,bullish_cluster_9_rep_1,bullish,9,2023-02-21,6515.TW,0.5782915961060885,0.6335964801860243,False,0.3929931668699186,94
2020-03-05,6213.TW,6213,聯茂,81,neutral,0.0,0.0,bullish_cluster_9_rep_1,bullish,9,2023-02-21,6515.TW,0.5794604680522029,0.6331275902290888,False,0.3929931668699186,95
2018-02-02,2376.TW,2376,技嘉,70,bearish,-0.1129032440000299,-11.290324400002994,bullish_cluster_9_rep_2,bullish,9,2024-05-07,2609.TW,0.4020638694715504,0.7132342696890894,False,0.35454587236943097,1
2023-02-07,6415.TW,6415,矽力*-KY,92,bullish,0.0605042016806722,6.050420168067228,bullish_cluster_9_rep_2,bullish,9,2024-05-07,2609.TW,0.40693177183275814,0.7107665204669711,True,0.35454587236943097,2
2025-07-24,2449.TW,2449,京元電子,57,neutral,0.0043667954235229,0.4366795423522918,bullish_cluster_9_rep_2,bullish,9,2024-05-07,2609.TW,0.4150092221182561,0.7067091750137211,False,0.35454587236943097,3
2022-02-18,2609.TW,2609,陽明,77,neutral,-0.0042918454935622,-0.4291845493562207,bullish_cluster_9_rep_2,bullish,9,2024-05-07,2609.TW,0.4161290689183044,0.7061503234050832,False,0.35454587236943097,4
2024-02-01,6919.TW,6919,康霈*,97,bullish,0.1096633945869069,10.9663394586907,bullish_cluster_9_rep_2,bullish,9,2024-05-07,2609.TW,0.4416551743530673,0.6936471479379548,True,0.35454587236943097,5
2025-08-21,2313.TW,2313,華通,60,neutral,0.0159575083289251,1.5957508328925174,bullish_cluster_9_rep_2,bullish,9,2024-05-07,2609.TW,0.44341212315899836,0.6928028273806076,False,0.35454587236943097,6
2023-01-17,6789.TW,6789,采鈺,96,bullish,0.0586907449209932,5.869074492099324,bullish_cluster_9_rep_2,bullish,9,2024-05-07,2609.TW,0.44471244395731585,0.6921792666648791,True,0.35454587236943097,7
2024-07-15,6239.TW,6239,力成,76,neutral,-0.0298507462686566,-2.985074626865669,bullish_cluster_9_rep_2,bullish,9,2024-05-07,2609.TW,0.45264763057573115,0.6883981902780288,False,0.35454587236943097,8
2025-07-31,3044.TW,3044,健鼎,65,neutral,0.0071428571428571,0.7142857142857117,bullish_cluster_9_rep_2,bullish,9,2024-05-07,2609.TW,0.45314305273757255,0.6881634936877704,False,0.35454587236943097,9
2020-02-18,1590.TW,1590,亞德客-KY,64,neutral,-0.0386028668943219,-3.860286689432191,bullish_cluster_9_rep_2,bullish,9,2024-05-07,2609.TW,0.45806657701001835,0.685839738573974,False,0.35454587236943097,10
2023-10-06,6805.TW,6805,富世達,93,neutral,-0.0238095238095238,-2.380952380952384,bullish_cluster_9_rep_2,bullish,9,2024-05-07,2609.TW,0.4588765289741618,0.6854589680068196,False,0.35454587236943097,11
2023-12-19,2376.TW,2376,技嘉,70,neutral,-0.0038461538461538,-0.3846153846153832,bullish_cluster_9_rep_2,bullish,9,2024-05-07,2609.TW,0.4608164693882083,0.6845486896918689,False,0.35454587236943097,12
2018-11-12,2379.TW,2379,瑞昱,53,neutral,0.01171875,1.171875,bullish_cluster_9_rep_2,bullish,9,2024-05-07,2609.TW,0.4634260058338142,0.6833280234283055,False,0.35454587236943097,13
2021-11-15,3034.TW,3034,聯詠,58,bullish,0.05,5.000000000000004,bullish_cluster_9_rep_2,bullish,9,2024-05-07,2609.TW,0.4637261299443754,0.6831879130544742,False,0.35454587236943097,14
2021-05-26,2313.TW,2313,華通,60,neutral,0.032258084363669,3.225808436366906,bullish_cluster_9_rep_2,bullish,9,2024-05-07,2609.TW,0.4642228461350948,0.682956151544528,False,0.35454587236943097,15
2019-02-19,6415.TW,6415,矽力*-KY,92,neutral,-0.0290581162324649,-2.9058116232464903,bullish_cluster_9_rep_2,bullish,9,2024-05-07,2609.TW,0.46611788573320573,0.6820733924133937,False,0.35454587236943097,16
2021-11-25,3533.TW,3533,嘉澤,82,neutral,-0.0043478311111213,-0.4347831111121358,bullish_cluster_9_rep_2,bullish,9,2024-05-07,2609.TW,0.4661682524369533,0.6820499614132799,False,0.35454587236943097,17
2020-04-08,2618.TW,2618,長榮航,72,bullish,0.0661763792514136,6.617637925141362,bullish_cluster_9_rep_2,bullish,9,2024-05-07,2609.TW,0.46995341418640935,0.6802936680503446,True,0.35454587236943097,18
2020-06-04,1605.TW,1605,華新,88,neutral,0.024561347128309,2.456134712830904,bullish_cluster_9_rep_2,bullish,9,2024-05-07,2609.TW,0.4714873983874499,0.6795844810467722,False,0.35454587236943097,19
2020-04-14,2376.TW,2376,技嘉,70,neutral,0.0037735993007443,0.377359930074439,bullish_cluster_9_rep_2,bullish,9,2024-05-07,2609.TW,0.476489687281517,0.6772820755972768,False,0.35454587236943097,20
2019-10-03,6415.TW,6415,矽力*-KY,92,bearish,-0.05625,-5.625000000000002,bullish_cluster_9_rep_2,bullish,9,2024-05-07,2609.TW,0.4780379717775862,0.6765726044218836,False,0.35454587236943097,21
2020-05-07,5871.TW,5871,中租-KY,78,neutral,0.0265486785083994,2.654867850839948,bullish_cluster_9_rep_2,bullish,9,2024-05-07,2609.TW,0.4801192602312197,0.6756212332807446,False,0.35454587236943097,22
2021-01-22,4938.TW,4938,和碩,69,neutral,0.0451030936703846,4.510309367038468,bullish_cluster_9_rep_2,bullish,9,2024-05-07,2609.TW,0.48187548053731943,0.6748205319096081,False,0.35454587236943097,23
2025-06-05,6213.TW,6213,聯茂,81,neutral,0.0261363983154294,2.6136398315429465,bullish_cluster_9_rep_2,bullish,9,2024-05-07,2609.TW,0.48215387234856055,0.6746937808929655,False,0.35454587236943097,24
2023-06-21,2376.TW,2376,技嘉,70,bearish,-0.1269230769230769,-12.692307692307692,bullish_cluster_9_rep_2,bullish,9,2024-05-07,2609.TW,0.4821909505332415,0.6746769028917862,False,0.35454587236943097,25
2020-11-30,3661.TW,3661,世芯-KY,56,bearish,-0.0508982035928143,-5.089820359281438,bullish_cluster_9_rep_2,bullish,9,2024-05-07,2609.TW,0.4862751345618657,0.6728229361751294,False,0.35454587236943097,26
2020-04-01,2324.TW,2324,仁寶,84,neutral,0.0197183313504072,1.971833135040724,bullish_cluster_9_rep_2,bullish,9,2024-05-07,2609.TW,0.4871968494230705,0.6724059430249135,False,0.35454587236943097,27
2024-06-20,6415.TW,6415,矽力*-KY,92,neutral,-0.0384615384615384,-3.846153846153844,bullish_cluster_9_rep_2,bullish,9,2024-05-07,2609.TW,0.4893387384751263,0.6714389239776705,False,0.35454587236943097,28
2023-07-10,6139.TW,6139,亞翔,85,bullish,0.246913583173959,24.691358317395903,bullish_cluster_9_rep_2,bullish,9,2024-05-07,2609.TW,0.4915137783120597,0.6704597802185214,True,0.35454587236943097,29
2021-05-26,2379.TW,2379,瑞昱,53,neutral,0.0278063851699279,2.780638516992795,bullish_cluster_9_rep_2,bullish,9,2024-05-07,2609.TW,0.49492699319956696,0.6689289875351818,False,0.35454587236943097,30
2025-05-15,1519.TW,1519,華城,66,neutral,-0.0444444577064042,-4.444445770640426,bullish_cluster_9_rep_2,bullish,9,2024-05-07,2609.TW,0.4959479735700947,0.6684724453441319,False,0.35454587236943097,31
2022-11-23,5871.TW,5871,中租-KY,78,neutral,0.0132626471917318,1.326264719173187,bullish_cluster_9_rep_2,bullish,9,2024-05-07,2609.TW,0.5011402037050118,0.666160294376147,False,0.35454587236943097,32
2018-05-21,1590.TW,1590,亞德客-KY,64,neutral,-0.0359848316512098,-3.5984831651209803,bullish_cluster_9_rep_2,bullish,9,2024-05-07,2609.TW,0.5029390428164806,0.6653629798092264,False,0.35454587236943097,33
2018-12-19,2449.TW,2449,京元電子,57,neutral,0.028260937899863,2.826093789986306,bullish_cluster_9_rep_2,bullish,9,2024-05-07,2609.TW,0.5042840281522606,0.6647680765635184,False,0.35454587236943097,34
2023-03-06,3481.TW,3481,群創,52,bearish,-0.0608974519503259,-6.089745195032592,bullish_cluster_9_rep_2,bullish,9,2024-05-07,2609.TW,0.5044913156516216,0.6646764853985764,False,0.35454587236943097,35
2022-08-24,3533.TW,3533,嘉澤,82,neutral,-0.0328947479917125,-3.2894747991712547,bullish_cluster_9_rep_2,bullish,9,2024-05-07,2609.TW,0.506018771155734,0.6640023478808235,False,0.35454587236943097,36
2019-12-04,3481.TW,3481,群創,52,neutral,0.0151515123908365,1.5151512390836563,bullish_cluster_9_rep_2,bullish,9,2024-05-07,2609.TW,0.5063270122034828,0.6638664724847373,False,0.35454587236943097,37
2018-11-20,3532.TW,3532,台勝科,98,neutral,-0.0041322314049586,-0.4132231404958664,bullish_cluster_9_rep_2,bullish,9,2024-05-07,2609.TW,0.5075620954648252,0.6633225941460613,False,0.35454587236943097,38
2023-08-04,2409.TW,2409,友達,80,bearish,-0.1318944819993404,-13.18944819993404,bullish_cluster_9_rep_2,bullish,9,2024-05-07,2609.TW,0.5080624866608937,0.6631024966440017,False,0.35454587236943097,39
2021-03-26,3034.TW,3034,聯詠,58,neutral,0.0105448154657292,1.0544815465729274,bullish_cluster_9_rep_2,bullish,9,2024-05-07,2609.TW,0.5083970060090316,0.662955439460752,False,0.35454587236943097,40
2019-06-20,3661.TW,3661,世芯-KY,56,bullish,0.0544444613986545,5.444446139865455,bullish_cluster_9_rep_2,bullish,9,2024-05-07,2609.TW,0.5142399917617989,0.6603972986055617,True,0.35454587236943097,41
2020-04-08,3533.TW,3533,嘉澤,82,neutral,0.0155709093767706,1.5570909376770636,bullish_cluster_9_rep_2,bullish,9,2024-05-07,2609.TW,0.5148714975607345,0.6601219982092296,False,0.35454587236943097,42
2025-02-17,1590.TW,1590,亞德客-KY,64,neutral,-0.0111902339776195,-1.1190233977619537,bullish_cluster_9_rep_2,bullish,9,2024-05-07,2609.TW,0.5150911693280172,0.6600262876877081,False,0.35454587236943097,43
2025-10-31,6531.TW,6531,愛普*,95,neutral,-0.0259259259259259,-2.592592592592591,bullish_cluster_9_rep_2,bullish,9,2024-05-07,2609.TW,0.5162848658000266,0.6595066814654099,False,0.35454587236943097,44
2023-03-14,6139.TW,6139,亞翔,85,neutral,-0.0300429311896776,-3.00429311896776,bullish_cluster_9_rep_2,bullish,9,2024-05-07,2609.TW,0.5163186327440172,0.6594919948918273,False,0.35454587236943097,45
2022-04-21,2618.TW,2618,長榮航,72,neutral,-0.0168303580122656,-1.6830358012265625,bullish_cluster_9_rep_2,bullish,9,2024-05-07,2609.TW,0.5166588896926021,0.6593440402427476,False,0.35454587236943097,46
2023-02-21,6515.TW,6515,穎崴,73,bullish,0.0528169014084507,5.2816901408450745,bullish_cluster_9_rep_2,bullish,9,2024-05-07,2609.TW,0.5168607262316994,0.6592563065986129,True,0.35454587236943097,47
2024-12-11,3533.TW,3533,嘉澤,82,neutral,-0.0231362467866323,-2.31362467866324,bullish_cluster_9_rep_2,bullish,9,2024-05-07,2609.TW,0.5180473722490685,0.6587409709872534,False,0.35454587236943097,48
2018-11-27,2492.TW,2492,華新科,100,bullish,0.0869565217391303,8.695652173913038,bullish_cluster_9_rep_2,bullish,9,2024-05-07,2609.TW,0.518250783888942,0.6586527144340001,True,0.35454587236943097,49
2019-08-19,3034.TW,3034,聯詠,58,neutral,-0.0028901734104046,-0.289017341040465,bullish_cluster_9_rep_2,bullish,9,2024-05-07,2609.TW,0.5183358696611513,0.6586158043036756,False,0.35454587236943097,50
2021-01-13,3034.TW,3034,聯詠,58,neutral,-0.0198511166253101,-1.985111662531014,bullish_cluster_9_rep_2,bullish,9,2024-05-07,2609.TW,0.519472384070007,0.6581231817596014,False,0.35454587236943097,51
2022-10-27,3532.TW,3532,台勝科,98,neutral,-0.0068728522336769,-0.6872852233676952,bullish_cluster_9_rep_2,bullish,9,2024-05-07,2609.TW,0.519720759302747,0.6580156215401068,False,0.35454587236943097,52
2018-11-14,2449.TW,2449,京元電子,57,neutral,0.0349126855733719,3.4912685573371904,bullish_cluster_9_rep_2,bullish,9,2024-05-07,2609.TW,0.5199671213680219,0.6579089678597562,False,0.35454587236943097,53
2020-02-14,1590.TW,1590,亞德客-KY,64,neutral,0.0172083448252411,1.720834482524114,bullish_cluster_9_rep_2,bullish,9,2024-05-07,2609.TW,0.519984435453211,0.6579014736435981,False,0.35454587236943097,54
2023-06-20,3661.TW,3661,世芯-KY,56,bearish,-0.051490514905149,-5.1490514905149,bullish_cluster_9_rep_2,bullish,9,2024-05-07,2609.TW,0.5207038520493159,0.6575902327414965,False,0.35454587236943097,55
2023-12-08,6515.TW,6515,穎崴,73,bullish,0.0513784461152881,5.137844611528819,bullish_cluster_9_rep_2,bullish,9,2024-05-07,2609.TW,0.5210962796994475,0.6574205810283024,True,0.35454587236943097,56
2023-03-06,1519.TW,1519,華城,66,bullish,0.1509146024081091,15.091460240810918,bullish_cluster_9_rep_2,bullish,9,2024-05-07,2609.TW,0.5226132356984822,0.656765603079275,True,0.35454587236943097,57
2020-10-20,1519.TW,1519,華城,66,neutral,0.0453648790746583,4.536487907465836,bullish_cluster_9_rep_2,bullish,9,2024-05-07,2609.TW,0.5255406177756623,0.6555053260122731,False,0.35454587236943097,58
2025-05-29,6919.TW,6919,康霈*,97,neutral,0.0456100357946498,4.561003579464984,bullish_cluster_9_rep_2,bullish,9,2024-05-07,2609.TW,0.5273149951242181,0.6547437844795526,False,0.35454587236943097,59
2024-10-07,5871.TW,5871,中租-KY,78,bearish,-0.0787878741229769,-7.878787412297694,bullish_cluster_9_rep_2,bullish,9,2024-05-07,2609.TW,0.5292029164149459,0.6539354517740484,False,0.35454587236943097,60
2022-11-09,2492.TW,2492,華新科,100,neutral,0.0297265165916653,2.9726516591665364,bullish_cluster_9_rep_2,bullish,9,2024-05-07,2609.TW,0.5296950681013349,0.6537250598847814,False,0.35454587236943097,61
2023-01-10,3661.TW,3661,世芯-KY,56,neutral,-0.0164512338425382,-1.6451233842538215,bullish_cluster_9_rep_2,bullish,9,2024-05-07,2609.TW,0.5305710407887104,0.6533509215519296,False,0.35454587236943097,62
2023-04-14,3661.TW,3661,世芯-KY,56,neutral,-0.0477941176470588,-4.779411764705888,bullish_cluster_9_rep_2,bullish,9,2024-05-07,2609.TW,0.531005231466541,0.6531656322572496,False,0.35454587236943097,63
2025-04-23,5871.TW,5871,中租-KY,78,neutral,0.0132743027150459,1.3274302715045927,bullish_cluster_9_rep_2,bullish,9,2024-05-07,2609.TW,0.5315108674523433,0.6529499863513816,False,0.35454587236943097,64
2025-02-25,2337.TW,2337,旺宏,67,neutral,-0.0423162908977587,-4.231629089775879,bullish_cluster_9_rep_2,bullish,9,2024-05-07,2609.TW,0.5320013114547426,0.6527409555873225,False,0.35454587236943097,65
2021-05-25,2379.TW,2379,瑞昱,53,bullish,0.0597014925373133,5.970149253731338,bullish_cluster_9_rep_2,bullish,9,2024-05-07,2609.TW,0.5329261038200206,0.6523471663167718,True,0.35454587236943097,66
2024-11-13,2376.TW,2376,技嘉,70,bearish,-0.0831946755407654,-8.319467554076542,bullish_cluster_9_rep_2,bullish,9,2024-05-07,2609.TW,0.5332811565659359,0.652196106185563,False,0.35454587236943097,67
2025-12-22,1519.TW,1519,華城,66,neutral,-0.0012723034278391,-0.1272303427839127,bullish_cluster_9_rep_2,bullish,9,2024-05-07,2609.TW,0.5336290701349695,0.6520481513251398,False,0.35454587236943097,68
2024-02-02,6919.TW,6919,康霈*,97,bullish,0.1151003366117979,11.510033661179795,bullish_cluster_9_rep_2,bullish,9,2024-05-07,2609.TW,0.5338656464329353,0.6519475824532216,True,0.35454587236943097,69
2025-05-08,6805.TW,6805,富世達,93,bullish,0.1892473118279569,18.924731182795696,bullish_cluster_9_rep_2,bullish,9,2024-05-07,2609.TW,0.5340951689436447,0.6518500417992876,True,0.35454587236943097,70
2023-06-26,2618.TW,2618,長榮航,72,neutral,-0.0217653626213528,-2.176536262135287,bullish_cluster_9_rep_2,bullish,9,2024-05-07,2609.TW,0.5341414900403492,0.6518303601669095,False,0.35454587236943097,71
2025-05-12,6919.TW,6919,康霈*,97,neutral,0.0453938779254117,4.539387792541172,bullish_cluster_9_rep_2,bullish,9,2024-05-07,2609.TW,0.5352864179459785,0.6513442627453678,False,0.35454587236943097,72
2019-12-18,3481.TW,3481,群創,52,neutral,-0.0397726718348505,-3.977267183485056,bullish_cluster_9_rep_2,bullish,9,2024-05-07,2609.TW,0.5361040117038504,0.6509975837448648,False,0.35454587236943097,73
2020-05-07,2313.TW,2313,華通,60,bullish,0.0792682926829269,7.92682926829269,bullish_cluster_9_rep_2,bullish,9,2024-05-07,2609.TW,0.5382159360698959,0.6501037835786408,True,0.35454587236943097,74
2024-09-20,3481.TW,3481,群創,52,neutral,-0.0158227846191166,-1.582278461911668,bullish_cluster_9_rep_2,bullish,9,2024-05-07,2609.TW,0.5396417330485905,0.649501750007734,False,0.35454587236943097,75
2020-10-13,2609.TW,2609,陽明,77,neutral,0.0146341091249044,1.4634109124904482,bullish_cluster_9_rep_2,bullish,9,2024-05-07,2609.TW,0.5404971868096098,0.6491410750778541,False,0.35454587236943097,76
2025-12-09,6770.TW,6770,力積電,55,neutral,-0.0056657441150729,-0.5665744115072924,bullish_cluster_9_rep_2,bullish,9,2024-05-07,2609.TW,0.5409044851335668,0.6489694913914922,False,0.35454587236943097,77
2023-11-10,6213.TW,6213,聯茂,81,neutral,0.0298165847994107,2.981658479941074,bullish_cluster_9_rep_2,bullish,9,2024-05-07,2609.TW,0.541337028336086,0.6487873720126781,False,0.35454587236943097,78
2020-11-09,1590.TW,1590,亞德客-KY,64,neutral,0.0333333175001717,3.3333317500171766,bullish_cluster_9_rep_2,bullish,9,2024-05-07,2609.TW,0.5416620817135608,0.6486505777507985,False,0.35454587236943097,79
2024-01-29,2356.TW,2356,英業達,71,neutral,-0.0089605735992182,-0.8960573599218202,bullish_cluster_9_rep_2,bullish,9,2024-05-07,2609.TW,0.5421704593899329,0.6484367495896595,False,0.35454587236943097,80
2019-09-26,3533.TW,3533,嘉澤,82,neutral,-0.0017953293581559,-0.1795329358155961,bullish_cluster_9_rep_2,bullish,9,2024-05-07,2609.TW,0.5423375433841976,0.6483665033568461,False,0.35454587236943097,81
2020-03-05,6213.TW,6213,聯茂,81,neutral,0.0,0.0,bullish_cluster_9_rep_2,bullish,9,2024-05-07,2609.TW,0.5426452294483338,0.6482371843574238,False,0.35454587236943097,82
2022-03-03,2609.TW,2609,陽明,77,bearish,-0.056,-5.600000000000005,bullish_cluster_9_rep_2,bullish,9,2024-05-07,2609.TW,0.5428996361015986,0.6481302973968365,False,0.35454587236943097,83
2025-08-14,1504.TW,1504,東元,89,neutral,0.0377019469543409,3.7701946954340926,bullish_cluster_9_rep_2,bullish,9,2024-05-07,2609.TW,0.5432914856458593,0.647965733823449,False,0.35454587236943097,84
2024-12-27,3661.TW,3661,世芯-KY,56,bearish,-0.0676691729323308,-6.766917293233088,bullish_cluster_9_rep_2,bullish,9,2024-05-07,2609.TW,0.5433572330407135,0.6479381303250226,False,0.35454587236943097,85
2018-12-21,2449.TW,2449,京元電子,57,neutral,-0.0042372719544989,-0.4237271954498967,bullish_cluster_9_rep_2,bullish,9,2024-05-07,2609.TW,0.5448813865175256,0.6472988856796325,False,0.35454587236943097,86
2024-02-22,3036.TW,3036,文曄,68,neutral,-0.0201729106628242,-2.017291066282423,bullish_cluster_9_rep_2,bullish,9,2024-05-07,2609.TW,0.5451345378634757,0.6471928336950796,False,0.35454587236943097,87
2024-10-08,2449.TW,2449,京元電子,57,bullish,0.1277533111160658,12.77533111160658,bullish_cluster_9_rep_2,bullish,9,2024-05-07,2609.TW,0.5462972629245602,0.6467061825542321,True,0.35454587236943097,88
2024-05-08,2618.TW,2618,長榮航,72,neutral,-0.0228187509831165,-2.2818750983116587,bullish_cluster_9_rep_2,bullish,9,2024-05-07,2609.TW,0.5464027095000389,0.6466620847575377,False,0.35454587236943097,89
2020-06-03,1605.TW,1605,華新,88,neutral,0.0316902264935587,3.1690226493558797,bullish_cluster_9_rep_2,bullish,9,2024-05-07,2609.TW,0.546800353545027,0.6464958439582424,False,0.35454587236943097,90
2023-05-19,6515.TW,6515,穎崴,73,neutral,-0.0374999999999999,-3.749999999999998,bullish_cluster_9_rep_2,bullish,9,2024-05-07,2609.TW,0.5470344025123337,0.6463980363824052,False,0.35454587236943097,91
2019-01-18,2492.TW,2492,華新科,100,neutral,0.0,0.0,bullish_cluster_9_rep_2,bullish,9,2024-05-07,2609.TW,0.547616835581778,0.6461547697134487,False,0.35454587236943097,92
2020-04-14,3533.TW,3533,嘉澤,82,neutral,0.0180327577638097,1.8032757763809748,bullish_cluster_9_rep_2,bullish,9,2024-05-07,2609.TW,0.5479635821845023,0.6460100298928155,False,0.35454587236943097,93
2019-10-02,6415.TW,6415,矽力*-KY,92,neutral,-0.0128865979381442,-1.2886597938144284,bullish_cluster_9_rep_2,bullish,9,2024-05-07,2609.TW,0.5481427500962434,0.6459352665881961,False,0.35454587236943097,94
2023-11-03,3044.TW,3044,健鼎,65,neutral,0.0224719101123596,2.2471910112359605,bullish_cluster_9_rep_2,bullish,9,2024-05-07,2609.TW,0.5498036322853651,0.6452430354195157,False,0.35454587236943097,95
2020-10-12,3034.TW,3034,聯詠,58,neutral,-0.019298245614035,-1.929824561403504,bullish_cluster_9_rep_3,bullish,9,2023-09-14,2313.TW,0.37584153019758726,0.7268278926399235,False,0.0,1
2020-11-20,2618.TW,2618,長榮航,72,bullish,0.0515872697501023,5.158726975010231,bullish_cluster_9_rep_3,bullish,9,2023-09-14,2313.TW,0.3773438701815741,0.7260351039774626,True,0.0,2
2023-01-10,3661.TW,3661,世芯-KY,56,neutral,-0.0164512338425382,-1.6451233842538215,bullish_cluster_9_rep_3,bullish,9,2023-09-14,2313.TW,0.3802112841800796,0.7245267528688945,False,0.0,3
2024-02-05,6789.TW,6789,采鈺,96,neutral,0.0132669983416251,1.3266998341625147,bullish_cluster_9_rep_3,bullish,9,2023-09-14,2313.TW,0.39758319930329633,0.715520908163826,False,0.0,4
2021-11-18,6415.TW,6415,矽力*-KY,92,bearish,-0.1131008482563619,-11.31008482563619,bullish_cluster_9_rep_3,bullish,9,2023-09-14,2313.TW,0.40533011038251676,0.711576584470826,False,0.0,5
2023-12-29,2356.TW,2356,英業達,71,neutral,-0.0340908951338984,-3.40908951338984,bullish_cluster_9_rep_3,bullish,9,2023-09-14,2313.TW,0.4246422136140258,0.701930625418718,False,0.0,6
2025-08-29,6789.TW,6789,采鈺,96,neutral,0.0227272727272727,2.2727272727272707,bullish_cluster_9_rep_3,bullish,9,2023-09-14,2313.TW,0.42729601266058365,0.7006255122481057,False,0.0,7
2022-06-01,3532.TW,3532,台勝科,98,bearish,-0.0637065637065636,-6.370656370656369,bullish_cluster_9_rep_3,bullish,9,2023-09-14,2313.TW,0.42926311025261843,0.6996612399960793,False,0.0,8
2023-08-22,3533.TW,3533,嘉澤,82,neutral,-0.011015911872705,-1.1015911872705009,bullish_cluster_9_rep_3,bullish,9,2023-09-14,2313.TW,0.438306599583247,0.6952620535077518,False,0.0,9
2021-12-07,6515.TW,6515,穎崴,73,bearish,-0.0874704491725768,-8.747044917257686,bullish_cluster_9_rep_3,bullish,9,2023-09-14,2313.TW,0.4432072448054431,0.6929011779834909,False,0.0,10
2023-06-20,3661.TW,3661,世芯-KY,56,bearish,-0.051490514905149,-5.1490514905149,bullish_cluster_9_rep_3,bullish,9,2023-09-14,2313.TW,0.4451701418302732,0.6919600475093708,False,0.0,11
2024-06-06,6239.TW,6239,力成,76,neutral,0.0215633423180592,2.156334231805923,bullish_cluster_9_rep_3,bullish,9,2023-09-14,2313.TW,0.4467346726829087,0.6912117466194005,False,0.0,12
2023-03-14,6139.TW,6139,亞翔,85,neutral,-0.0300429311896776,-3.00429311896776,bullish_cluster_9_rep_3,bullish,9,2023-09-14,2313.TW,0.4478416424394933,0.6906832699707979,False,0.0,13
2025-08-28,3533.TW,3533,嘉澤,82,neutral,-0.0443686006825938,-4.436860068259385,bullish_cluster_9_rep_3,bullish,9,2023-09-14,2313.TW,0.44829594659816285,0.6904666151616698,False,0.0,14
2025-10-09,6239.TW,6239,力成,76,bearish,-0.0566037735849056,-5.660377358490565,bullish_cluster_9_rep_3,bullish,9,2023-09-14,2313.TW,0.4493804017317423,0.6899499943597861,False,0.0,15
2020-02-18,1590.TW,1590,亞德客-KY,64,neutral,-0.0386028668943219,-3.860286689432191,bullish_cluster_9_rep_3,bullish,9,2023-09-14,2313.TW,0.4529697962395557,0.6882455523770068,False,0.0,16
2020-11-19,2618.TW,2618,長榮航,72,neutral,0.0079364622831656,0.7936462283165691,bullish_cluster_9_rep_3,bullish,9,2023-09-14,2313.TW,0.4577141680982372,0.6860055433944363,False,0.0,17
2019-07-08,2449.TW,2449,京元電子,57,neutral,0.0256410660201373,2.564106602013738,bullish_cluster_9_rep_3,bullish,9,2023-09-14,2313.TW,0.4641578766696997,0.6829864565387921,False,0.0,18
2019-08-21,2376.TW,2376,技嘉,70,neutral,-0.0075329137980404,-0.7532913798040441,bullish_cluster_9_rep_3,bullish,9,2023-09-14,2313.TW,0.46535890285917586,0.6824266724341881,False,0.0,19
2023-09-13,2313.TW,2313,華通,60,bullish,0.1428570779813409,14.285707798134094,bullish_cluster_9_rep_3,bullish,9,2023-09-14,2313.TW,0.46771743695498746,0.6813300536066796,True,0.0,20
2021-01-08,3034.TW,3034,聯詠,58,neutral,0.0494791666666667,4.947916666666674,bullish_cluster_9_rep_3,bullish,9,2023-09-14,2313.TW,0.467811525278292,0.6812863796054494,False,0.0,21
2021-11-16,3034.TW,3034,聯詠,58,neutral,0.0276595744680852,2.76595744680852,bullish_cluster_9_rep_3,bullish,9,2023-09-14,2313.TW,0.46783204128189126,0.6812768572122715,False,0.0,22
2022-08-17,6531.TW,6531,愛普*,95,neutral,-0.0193704600484261,-1.937046004842613,bullish_cluster_9_rep_3,bullish,9,2023-09-14,2313.TW,0.47061729920085116,0.6799865611151253,False,0.0,23
2025-05-15,3533.TW,3533,嘉澤,82,neutral,-0.0452830188679245,-4.528301886792452,bullish_cluster_9_rep_3,bullish,9,2023-09-14,2313.TW,0.47308724188991064,0.6788464196574271,False,0.0,24
2025-07-24,7750.TW,7750,新代,91,neutral,-0.0126227208976157,-1.2622720897615736,bullish_cluster_9_rep_3,bullish,9,2023-09-14,2313.TW,0.47765749345014535,0.6767468134074325,False,0.0,25
2021-05-26,2313.TW,2313,華通,60,neutral,0.032258084363669,3.225808436366906,bullish_cluster_9_rep_3,bullish,9,2023-09-14,2313.TW,0.4792347803913356,0.6760252079358541,False,0.0,26
2022-05-18,3533.TW,3533,嘉澤,82,neutral,-0.0474452375015165,-4.744523750151652,bullish_cluster_9_rep_3,bullish,9,2023-09-14,2313.TW,0.4794710168014654,0.6759172627537813,False,0.0,27
2023-01-17,6415.TW,6415,矽力*-KY,92,bullish,0.11787072243346,11.787072243346008,bullish_cluster_9_rep_3,bullish,9,2023-09-14,2313.TW,0.47959597577088786,0.6758601783023825,True,0.0,28
2022-09-13,6515.TW,6515,穎崴,73,neutral,-0.0442260442260442,-4.422604422604426,bullish_cluster_9_rep_3,bullish,9,2023-09-14,2313.TW,0.48298623763996196,0.6743150911443448,False,0.0,29
2020-09-11,3481.TW,3481,群創,52,neutral,-0.0147059322858777,-1.47059322858778,bullish_cluster_9_rep_3,bullish,9,2023-09-14,2313.TW,0.4842618635800444,0.6737355614513983,False,0.0,30
2019-07-29,6213.TW,6213,聯茂,81,bullish,0.0658914236689123,6.589142366891232,bullish_cluster_9_rep_3,bullish,9,2023-09-14,2313.TW,0.48698556852823693,0.6725014829765718,True,0.0,31
2023-06-21,1519.TW,1519,華城,66,bearish,-0.0795106851302537,-7.951068513025373,bullish_cluster_9_rep_3,bullish,9,2023-09-14,2313.TW,0.487737845407465,0.6721614315901991,False,0.0,32
2024-10-08,5871.TW,5871,中租-KY,78,neutral,-0.039877345725503,-3.9877345725503055,bullish_cluster_9_rep_3,bullish,9,2023-09-14,2313.TW,0.4900916574492887,0.6710996568572041,False,0.0,33
2025-08-08,6515.TW,6515,穎崴,73,neutral,-0.0087336244541484,-0.8733624454148492,bullish_cluster_9_rep_3,bullish,9,2023-09-14,2313.TW,0.49043669424619485,0.670944296970467,False,0.0,34
2019-10-22,6213.TW,6213,聯茂,81,neutral,-0.0188679282830865,-1.8867928283086588,bullish_cluster_9_rep_3,bullish,9,2023-09-14,2313.TW,0.4906715754583081,0.6708385780365801,False,0.0,35
2024-02-22,1590.TW,1590,亞德客-KY,64,neutral,0.0138248847926267,1.382488479262678,bullish_cluster_9_rep_3,bullish,9,2023-09-14,2313.TW,0.49381116574107786,0.6694286553306765,False,0.0,36
2020-11-11,2492.TW,2492,華新科,100,neutral,0.010752688172043,1.0752688172043,bullish_cluster_9_rep_3,bullish,9,2023-09-14,2313.TW,0.4941690026519052,0.6692683345894366,False,0.0,37
2023-12-18,2376.TW,2376,技嘉,70,neutral,0.0254403131115459,2.544031311154593,bullish_cluster_9_rep_3,bullish,9,2023-09-14,2313.TW,0.49794357166551434,0.6675818895421627,False,0.0,38
2020-10-13,3034.TW,3034,聯詠,58,neutral,-0.0106571936056838,-1.0657193605683846,bullish_cluster_9_rep_3,bullish,9,2023-09-14,2313.TW,0.49820437262656575,0.6674656797636076,False,0.0,39
2021-02-18,2379.TW,2379,瑞昱,53,neutral,-0.0493096646942801,-4.930966469428011,bullish_cluster_9_rep_3,bullish,9,2023-09-14,2313.TW,0.49929406706629437,0.6669805623634092,False,0.0,40
2021-11-15,3034.TW,3034,聯詠,58,bullish,0.05,5.000000000000004,bullish_cluster_9_rep_3,bullish,9,2023-09-14,2313.TW,0.5016307063064158,0.6659426953646382,False,0.0,41
2020-10-08,3034.TW,3034,聯詠,58,neutral,-0.0053191489361702,-0.5319148936170248,bullish_cluster_9_rep_3,bullish,9,2023-09-14,2313.TW,0.5022430906895969,0.6656712260470142,False,0.0,42
2023-11-13,6213.TW,6213,聯茂,81,neutral,0.0137456690297106,1.374566902971064,bullish_cluster_9_rep_3,bullish,9,2023-09-14,2313.TW,0.5036369718714404,0.6650541445222584,False,0.0,43
2020-02-18,6213.TW,6213,聯茂,81,neutral,0.0,0.0,bullish_cluster_9_rep_3,bullish,9,2023-09-14,2313.TW,0.504139813080625,0.6648318137074655,False,0.0,44
2021-06-07,3532.TW,3532,台勝科,98,neutral,0.0145348837209302,1.4534883720930258,bullish_cluster_9_rep_3,bullish,9,2023-09-14,2313.TW,0.5045472676446537,0.6646517670165891,False,0.0,45
2023-12-19,2376.TW,2376,技嘉,70,neutral,-0.0038461538461538,-0.3846153846153832,bullish_cluster_9_rep_3,bullish,9,2023-09-14,2313.TW,0.5055430867452796,0.6642121429827855,False,0.0,46
2022-10-07,3034.TW,3034,聯詠,58,neutral,-0.0230607966457022,-2.3060796645702264,bullish_cluster_9_rep_3,bullish,9,2023-09-14,2313.TW,0.5070553372284967,0.66354564115676,False,0.0,47
2025-02-18,6770.TW,6770,力積電,55,neutral,0.0108400459252318,1.08400459252318,bullish_cluster_9_rep_3,bullish,9,2023-09-14,2313.TW,0.5076966474493008,0.6632633969782883,False,0.0,48
2023-05-19,1504.TW,1504,東元,89,neutral,0.0254403735924999,2.5440373592499954,bullish_cluster_9_rep_3,bullish,9,2023-09-14,2313.TW,0.5083271173321223,0.6629861576504479,False,0.0,49
2022-08-18,3532.TW,3532,台勝科,98,neutral,-0.0218579234972677,-2.1857923497267784,bullish_cluster_9_rep_3,bullish,9,2023-09-14,2313.TW,0.5084602535481769,0.6629276427057428,False,0.0,50
2025-07-24,2449.TW,2449,京元電子,57,neutral,0.0043667954235229,0.4366795423522918,bullish_cluster_9_rep_3,bullish,9,2023-09-14,2313.TW,0.5102918670071538,0.6621236741356719,False,0.0,51
2021-05-21,6239.TW,6239,力成,76,neutral,0.0294117647058822,2.941176470588225,bullish_cluster_9_rep_3,bullish,9,2023-09-14,2313.TW,0.5105536578889194,0.6620089228723951,False,0.0,52
2022-03-03,2609.TW,2609,陽明,77,bearish,-0.056,-5.600000000000005,bullish_cluster_9_rep_3,bullish,9,2023-09-14,2313.TW,0.5127917036074339,0.6610295373879825,False,0.0,53
2022-02-17,2376.TW,2376,技嘉,70,bearish,-0.081967213114754,-8.196721311475407,bullish_cluster_9_rep_3,bullish,9,2023-09-14,2313.TW,0.5130715880872587,0.6609072616743432,False,0.0,54
2023-06-28,1802.TW,1802,台玻,86,neutral,-0.027848062635977,-2.7848062635977056,bullish_cluster_9_rep_3,bullish,9,2023-09-14,2313.TW,0.5144832841617095,0.6602912098521548,False,0.0,55
2022-08-18,3533.TW,3533,嘉澤,82,neutral,0.0124481475640647,1.244814756406476,bullish_cluster_9_rep_3,bullish,9,2023-09-14,2313.TW,0.515070148052775,0.6600354454117108,False,0.0,56
2018-06-12,6213.TW,6213,聯茂,81,neutral,-0.0166666483555721,-1.666664835557219,bullish_cluster_9_rep_3,bullish,9,2023-09-14,2313.TW,0.5151210128783659,0.6600132870576723,False,0.0,57
2025-08-15,1326.TW,1326,台化,51,neutral,-0.0474576141874668,-4.745761418746685,bullish_cluster_9_rep_3,bullish,9,2023-09-14,2313.TW,0.5168183242045484,0.6592747358352367,False,0.0,58
2023-09-27,3661.TW,3661,世芯-KY,56,neutral,0.0227703984819733,2.277039848197337,bullish_cluster_9_rep_3,bullish,9,2023-09-14,2313.TW,0.5169575716189826,0.6592142184522298,False,0.0,59
2021-12-07,2609.TW,2609,陽明,77,neutral,-0.0197628458498023,-1.9762845849802368,bullish_cluster_9_rep_3,bullish,9,2023-09-14,2313.TW,0.5173300523353581,0.6590523917066539,False,0.0,60
2023-02-01,1590.TW,1590,亞德客-KY,64,neutral,0.028436018957346,2.8436018957346043,bullish_cluster_9_rep_3,bullish,9,2023-09-14,2313.TW,0.5174126875924419,0.659016501032834,False,0.0,61
2019-09-10,2337.TW,2337,旺宏,67,neutral,0.0033112076687034,0.3311207668703408,bullish_cluster_9_rep_3,bullish,9,2023-09-14,2313.TW,0.5187772328851645,0.6584244077061501,False,0.0,62
2022-11-09,2492.TW,2492,華新科,100,neutral,0.0297265165916653,2.9726516591665364,bullish_cluster_9_rep_3,bullish,9,2023-09-14,2313.TW,0.5197003161732937,0.6580244732185531,False,0.0,63
2025-06-19,3661.TW,3661,世芯-KY,56,neutral,-0.0348432055749129,-3.484320557491294,bullish_cluster_9_rep_3,bullish,9,2023-09-14,2313.TW,0.5210024458538046,0.6574611386891338,False,0.0,64
2023-05-23,6531.TW,6531,愛普*,95,neutral,0.0016129032258065,0.1612903225806539,bullish_cluster_9_rep_3,bullish,9,2023-09-14,2313.TW,0.5225261762784175,0.6568031575288559,False,0.0,65
2020-12-30,6531.TW,6531,愛普*,95,neutral,0.0115740740740741,1.157407407407418,bullish_cluster_9_rep_3,bullish,9,2023-09-14,2313.TW,0.5229943722214864,0.6566012443902661,False,0.0,66
2022-09-20,2376.TW,2376,技嘉,70,neutral,-0.0107296140852379,-1.0729614085237982,bullish_cluster_9_rep_3,bullish,9,2023-09-14,2313.TW,0.5235487244055368,0.6563623361571079,False,0.0,67
2024-06-20,6415.TW,6415,矽力*-KY,92,neutral,-0.0384615384615384,-3.846153846153844,bullish_cluster_9_rep_3,bullish,9,2023-09-14,2313.TW,0.5239587189521894,0.6561857533041042,False,0.0,68
2018-02-23,6415.TW,6415,矽力*-KY,92,neutral,0.0046728971962617,0.4672897196261738,bullish_cluster_9_rep_3,bullish,9,2023-09-14,2313.TW,0.5242686594023958,0.6560523263609315,False,0.0,69
2024-10-18,3533.TW,3533,嘉澤,82,neutral,0.0060606060606061,0.60606060606061,bullish_cluster_9_rep_3,bullish,9,2023-09-14,2313.TW,0.5246355288197957,0.6558944620515891,False,0.0,70
2022-05-17,3533.TW,3533,嘉澤,82,neutral,0.0147783426112781,1.4778342611278197,bullish_cluster_9_rep_3,bullish,9,2023-09-14,2313.TW,0.5250935126499923,0.6556974976979653,False,0.0,71
2021-01-07,3034.TW,3034,聯詠,58,neutral,0.0132275132275132,1.3227513227513257,bullish_cluster_9_rep_3,bullish,9,2023-09-14,2313.TW,0.5255153836676283,0.6555161689656713,False,0.0,72
2023-01-17,6789.TW,6789,采鈺,96,bullish,0.0586907449209932,5.869074492099324,bullish_cluster_9_rep_3,bullish,9,2023-09-14,2313.TW,0.525539630858496,0.6555057500782533,True,0.0,73
2018-05-28,1605.TW,1605,華新,88,neutral,-0.0233918234832865,-2.33918234832865,bullish_cluster_9_rep_3,bullish,9,2023-09-14,2313.TW,0.5256538229306434,0.6554566868118812,False,0.0,74
2021-02-26,2615.TW,2615,萬海,59,neutral,-0.0396246041404083,-3.962460414040836,bullish_cluster_9_rep_3,bullish,9,2023-09-14,2313.TW,0.5259209602491813,0.6553419384426707,False,0.0,75
2019-08-16,1590.TW,1590,亞德客-KY,64,neutral,0.0243160980128915,2.4316098012891585,bullish_cluster_9_rep_3,bullish,9,2023-09-14,2313.TW,0.526003257078566,0.655306596077937,False,0.0,76
2023-12-27,6415.TW,6415,矽力*-KY,92,neutral,0.0331491712707181,3.3149171270718147,bullish_cluster_9_rep_3,bullish,9,2023-09-14,2313.TW,0.5263713975110984,0.6551485448630656,False,0.0,77
2021-12-08,2609.TW,2609,陽明,77,neutral,0.0039370078740157,0.3937007874015741,bullish_cluster_9_rep_3,bullish,9,2023-09-14,2313.TW,0.5267372038730008,0.6549915712168519,False,0.0,78
2021-11-22,6789.TW,6789,采鈺,96,bearish,-0.0546875,-5.46875,bullish_cluster_9_rep_3,bullish,9,2023-09-14,2313.TW,0.5270465274745759,0.6548588939551151,False,0.0,79
2025-01-13,2404.TW,2404,漢唐,79,neutral,-0.0061349693251533,-0.6134969325153339,bullish_cluster_9_rep_3,bullish,9,2023-09-14,2313.TW,0.527546410911349,0.6546445940083682,False,0.0,80
2022-10-25,1802.TW,1802,台玻,86,bullish,0.0565551892531057,5.655518925310576,bullish_cluster_9_rep_3,bullish,9,2023-09-14,2313.TW,0.529165693598913,0.6539513698129639,True,0.0,81
2024-04-30,6515.TW,6515,穎崴,73,bullish,0.054958183990442,5.4958183990442055,bullish_cluster_9_rep_3,bullish,9,2023-09-14,2313.TW,0.5296492603620986,0.6537446367040245,True,0.0,82
2022-05-31,2618.TW,2618,長榮航,72,neutral,0.02346050110134,2.346050110134001,bullish_cluster_9_rep_3,bullish,9,2023-09-14,2313.TW,0.5297149805330229,0.6537165502893578,False,0.0,83
2023-02-01,6515.TW,6515,穎崴,73,neutral,-0.0199115044247787,-1.9911504424778736,bullish_cluster_9_rep_3,bullish,9,2023-09-14,2313.TW,0.5301101726102317,0.6535477104201517,False,0.0,84
2023-08-23,2356.TW,2356,英業達,71,bearish,-0.0793919037562201,-7.939190375622019,bullish_cluster_9_rep_3,bullish,9,2023-09-14,2313.TW,0.530185194995117,0.6535156680843401,False,0.0,85
2020-11-09,1590.TW,1590,亞德客-KY,64,neutral,0.0333333175001717,3.3333317500171766,bullish_cluster_9_rep_3,bullish,9,2023-09-14,2313.TW,0.5302054312025725,0.6535070256639401,False,0.0,86
2021-01-18,2379.TW,2379,瑞昱,53,bullish,0.1268403171007928,12.68403171007928,bullish_cluster_9_rep_3,bullish,9,2023-09-14,2313.TW,0.532209494914858,0.6526522667551856,True,0.0,87
2021-05-03,6415.TW,6415,矽力*-KY,92,neutral,0.0214521452145215,2.1452145214521545,bullish_cluster_9_rep_3,bullish,9,2023-09-14,2313.TW,0.5329247813582527,0.652347729099889,False,0.0,88
2019-07-26,6213.TW,6213,聯茂,81,bullish,0.0700388618810372,7.003886188103725,bullish_cluster_9_rep_3,bullish,9,2023-09-14,2313.TW,0.533997839953305,0.6518914003362873,True,0.0,89
2018-02-02,2376.TW,2376,技嘉,70,bearish,-0.1129032440000299,-11.290324400002994,bullish_cluster_9_rep_3,bullish,9,2023-09-14,2313.TW,0.5347417527309993,0.6515754186139446,False,0.0,90
2023-06-26,1519.TW,1519,華城,66,bearish,-0.0553846159614518,-5.538461596145183,bullish_cluster_9_rep_3,bullish,9,2023-09-14,2313.TW,0.5350098255208577,0.6514616280457235,False,0.0,91
2021-11-03,6789.TW,6789,采鈺,96,bullish,0.0829326923076922,8.29326923076923,bullish_cluster_9_rep_3,bullish,9,2023-09-14,2313.TW,0.5354803211129733,0.6512620098414305,True,0.0,92
2023-12-29,2324.TW,2324,仁寶,84,bearish,-0.0639899456637753,-6.398994566377536,bullish_cluster_9_rep_3,bullish,9,2023-09-14,2313.TW,0.5372325372097198,0.6505196681662309,False,0.0,93
2018-08-27,2379.TW,2379,瑞昱,53,neutral,0.028169014084507,2.8169014084507005,bullish_cluster_9_rep_3,bullish,9,2023-09-14,2313.TW,0.5379944842905757,0.6501973903120113,False,0.0,94
2019-10-24,6213.TW,6213,聯茂,81,neutral,0.0321543473788672,3.2154347378867243,bullish_cluster_9_rep_3,bullish,9,2023-09-14,2313.TW,0.5384761597138096,0.6499938225796246,False,0.0,95
