date,ticker,stock_id,name,rank,market_cap_date,open,high,low,close,adj_close,volume,dividends,stock_splits,is_ex_dividend,is_ex_right_or_split,is_corporate_action_day,corporate_action_type,is_corporate_action_window,upper_shadow_pct,lower_shadow_pct,body_pct,prev_upper_shadow_pct,prev_lower_shadow_pct,prev_body_pct,prev_close,open_pattern_pct,close_pattern_pct,volume_ma5,volume_vs_ma5_ratio,trend_5d_pct,future_close_3d,future_return_3d,future_return_3d_pct,target_3d,is_bullish_candidate,is_bearish_candidate,event_window_t_plus_1,event_window_t_plus_2,event_window_t_plus_3,future_has_event_window,euclidean_distance,similarity,pattern_id,direction,seed_rank,seed_date,seed_ticker,seed_future_return_3d,match_rank,is_direction_hit
2019-05-07,3533.TW,3533,嘉澤,82,current_snapshot,213.13693237304688,228.0069580078125,212.1455993652344,223.5459442138672,181.4169769287109,3341332.0,0.0,0.0,False,False,False,,False,1.9955691030911504,0.4434582838434717,4.6563188061519805,0.943401979984663,0.4716973597639132,-2.83018415858348,210.16293334960932,1.330374851530415,5.986693657682396,1647334.2,0.5069827841112466,-2.188180417240281,215.61526489257807,-0.0354767309654332,-3.5476730965433245,neutral,False,False,False,False,False,False,2.3066178565582223,0.3024238189534474,bearish_seed_01,bearish,1,2024-03-18,6919.TW,-0.4702258966555445,1,False
2020-08-28,6531.TW,6531,愛普*,95,current_snapshot,151.0,165.75,148.25,162.25,146.35325622558594,11911196.0,0.0,0.0,False,False,False,,False,2.157164869029276,1.694915254237288,6.933744221879815,1.1363636363636365,0.3246753246753247,-4.870129870129871,154.0,-1.848998459167951,5.084745762711865,8661120.8,0.2728588464164303,-1.8320610687022905,157.0,-0.0323574730354391,-3.235747303543912,neutral,False,False,False,False,False,False,2.391470463077276,0.2948573519619105,bearish_seed_01,bearish,1,2024-03-18,6919.TW,-0.4702258966555445,2,False
2025-10-15,3044.TW,3044,健鼎,65,current_snapshot,310.0,328.0,307.0,322.0,313.3360290527344,6250211.0,0.0,0.0,False,False,False,,False,1.8633540372670807,0.9316770186335404,3.7267080745341614,2.454991816693944,0.0,-3.436988543371522,305.5,1.3975155279503106,5.124223602484472,3862645.4,0.3819975997610321,0.6472491909385114,317.0,-0.0155279503105589,-1.552795031055898,neutral,False,False,False,False,False,False,2.4355082699228894,0.2910777449598295,bearish_seed_01,bearish,1,2024-03-18,6919.TW,-0.4702258966555445,3,False
2024-07-05,6515.TW,6515,穎崴,73,current_snapshot,1035.0,1120.0,1025.0,1095.0,1054.1605224609375,979057.0,0.0,0.0,False,False,False,,False,2.28310502283105,0.91324200913242,5.47945205479452,0.9708737864077668,0.4854368932038834,-0.9708737864077668,1030.0,0.45662100456621,5.93607305936073,629166.0,0.3573755154194291,-3.738317757009345,1060.0,-0.0319634703196347,-3.196347031963476,neutral,False,False,False,False,False,False,2.4540150806542385,0.28951813372238844,bearish_seed_01,bearish,1,2024-03-18,6919.TW,-0.4702258966555445,4,False
2021-10-25,2609.TW,2609,陽明,77,current_snapshot,84.0,91.3000030517578,83.5999984741211,89.5,42.33378601074219,118471483.0,0.0,0.0,False,False,False,,False,2.011176594142808,0.4469290791943086,6.145251396648044,0.4700370541141039,0.5875440763398486,-5.2878966870586375,85.0999984741211,-1.229048574436976,4.916202822211069,85651737.2,0.2770265465487589,-3.354976648190706,90.5999984741211,0.0122904857443697,1.229048574436975,neutral,False,False,False,False,False,False,2.5666715147909414,0.2803734506676639,bearish_seed_01,bearish,1,2024-03-18,6919.TW,-0.4702258966555445,5,False
2025-04-15,2404.TW,2404,漢唐,79,current_snapshot,434.0,458.0,428.0,450.0,419.1538696289063,2605955.0,0.0,0.0,False,False,False,,False,1.7777777777777777,1.3333333333333337,3.555555555555556,1.7321016166281753,0.0,-3.233256351039261,433.0,0.2222222222222222,3.7777777777777777,3872984.2,-0.4862053258786127,-2.622950819672131,458.0,0.0177777777777776,1.777777777777767,neutral,False,False,False,False,False,False,2.569995211111642,0.2801124205678179,bearish_seed_01,bearish,1,2024-03-18,6919.TW,-0.4702258966555445,6,False
2021-02-02,2615.TW,2615,萬海,59,current_snapshot,33.04347610473633,35.65217208862305,32.52964401245117,34.387351989746094,25.930707931518555,61081156.0,0.0,0.0,False,False,False,,False,3.6781549776037066,1.494247339656671,3.9080528370154632,1.2091988035332903,0.967359042826632,-3.990315206262837,32.687747955322266,1.034473807463094,4.942526644478558,33643079.8,0.4492068912382733,-4.464286579845505,33.35968399047852,-0.0298850577262829,-2.9885057726282915,neutral,False,False,False,False,False,False,2.5966697704604442,0.2780349778600832,bearish_seed_01,bearish,1,2024-03-18,6919.TW,-0.4702258966555445,7,False
2023-01-03,1519.TW,1519,華城,66,current_snapshot,36.0631103515625,39.894813537597656,35.42449188232422,39.368896484375,37.40537643432617,33923272.0,0.0,0.0,False,False,False,,False,1.3358694304052587,1.6221396235775634,8.396948931816068,2.2774333651430587,0.0,-3.1055899968190275,36.28850555419922,-0.572521007100555,7.824427924715513,11749034.4,0.6536585739724635,2.9227478852363564,39.14350128173828,-0.0057252100710055,-0.5725210071005571,neutral,False,False,False,False,False,False,2.6065084483014895,0.27727648897397067,bearish_seed_01,bearish,1,2024-03-18,6919.TW,-0.4702258966555445,8,False
2024-07-16,6415.TW,6415,矽力*-KY,92,current_snapshot,449.0,485.5,443.5,474.0,467.29876708984375,5031614.0,0.0,0.0,False,False,False,,False,2.4261603375527425,1.160337552742616,5.274261603375527,0.4509582863585118,0.3382187147688839,-3.269447576099211,443.5,1.160337552742616,6.434599156118144,3152382.6,0.3734848102418031,5.005820721769499,447.0,-0.0569620253164556,-5.696202531645566,bearish,False,True,False,False,False,False,2.638292725168602,0.2748541900112392,bearish_seed_01,bearish,1,2024-03-18,6919.TW,-0.4702258966555445,9,True
2020-03-20,3702.TW,3702,大聯大,90,current_snapshot,31.799999237060547,33.900001525878906,31.799999237060547,33.25,22.93477249145508,8015949.0,0.0,0.0,False,False,False,,False,1.9548918071546053,0.0,4.360904550193844,2.8616778675636603,0.0,-6.359300322678502,31.450000762939453,1.052626989837876,5.41353154003172,7931293.8,0.0105608456341226,-8.877278796109406,34.650001525878906,0.0421053090489895,4.210530904898957,neutral,False,False,False,False,False,False,2.669829662255242,0.27249221136478147,bearish_seed_01,bearish,1,2024-03-18,6919.TW,-0.4702258966555445,10,False
2023-12-18,6805.TW,6805,富世達,93,current_snapshot,358.0,382.5,355.5,379.5,371.2247924804688,1783801.0,0.0,0.0,False,False,False,,False,0.7905138339920948,0.6587615283267457,5.665349143610013,2.115655853314528,0.1410437235543018,-2.2566995768688294,354.5,0.922266139657444,6.587615283267458,1532493.8,0.1408829796597266,-2.553763440860215,389.0,0.0250329380764162,2.5032938076416267,neutral,False,False,False,False,False,False,2.687863334531117,0.2711597229313114,bearish_seed_01,bearish,1,2024-03-18,6919.TW,-0.4702258966555445,11,False
2019-12-27,3661.TW,3661,世芯-KY,56,current_snapshot,223.5,242.0,222.5,236.5,223.0037384033203,11801600.0,0.0,0.0,False,False,False,,False,2.3255813953488373,0.4228329809725158,5.496828752642706,0.2262443438914027,0.0,-2.48868778280543,221.0,1.0570824524312896,6.553911205073996,5298444.6,0.5510401470986985,-1.3043478260869563,241.0,0.0190274841437632,1.9027484143763207,neutral,False,False,False,False,False,False,2.6889135815484457,0.2710825227790355,bearish_seed_01,bearish,1,2024-03-18,6919.TW,-0.4702258966555445,12,False
2024-12-31,6789.TW,6789,采鈺,96,current_snapshot,289.5,315.0,288.0,307.5,301.797607421875,3379249.0,0.0,0.0,False,False,False,,False,2.4390243902439024,0.4878048780487805,5.853658536585367,1.2216404886561951,0.8726003490401396,-1.0471204188481675,286.5,0.975609756097561,6.829268292682928,1293612.2,0.6171894406123964,3.019538188277087,330.5,0.0747967479674796,7.479674796747959,bullish,True,False,False,False,False,False,2.7024201358283344,0.27009360453801445,bearish_seed_01,bearish,1,2024-03-18,6919.TW,-0.4702258966555445,13,False
2023-09-22,6213.TW,6213,聯茂,81,current_snapshot,82.0,87.69999694824219,81.4000015258789,86.0999984741211,82.54618072509766,14790980.0,0.0,0.0,False,False,False,,False,1.8583025580447623,0.696862351631091,4.7619030740789405,1.7262657857208776,0.4932201398333518,-0.4932201398333518,81.0999984741211,1.0452979579894162,5.807201032068357,6141378.4,0.5847889456952818,-4.572100101230345,89.5,0.0394889847402359,3.948898474023599,neutral,False,False,False,False,False,False,2.715834399115617,0.2691185592764855,bearish_seed_01,bearish,1,2024-03-18,6919.TW,-0.4702258966555445,14,False
2024-04-17,1605.TW,1605,華新,88,current_snapshot,38.20000076293945,41.20000076293945,38.09999847412109,40.34999847412109,37.661582946777344,125767160.0,0.0,0.0,False,False,False,,False,2.1065732861514666,0.2478371563817949,5.32837123292722,0.5256261943486538,0.5256261943486538,-4.599211655950592,38.04999923706055,0.3717510075622712,5.700122240489492,67186312.4,0.4657881087558946,5.319149152031316,38.0,-0.0582403609166994,-5.8240360916699485,bearish,False,True,False,False,False,False,2.749093817664969,0.2667311218748923,bearish_seed_01,bearish,1,2024-03-18,6919.TW,-0.4702258966555445,15,True
2025-04-01,2337.TW,2337,旺宏,67,current_snapshot,20.950000762939453,22.200000762939453,20.700000762939453,21.75,21.75,39679872.0,0.0,0.0,False,False,False,,False,2.06896902500898,1.1494252873563218,3.678157411772629,1.4492716232052263,0.2415514133637133,-7.246376544514659,20.700000762939453,1.1494252873563218,4.827582699128951,63702106.8,-0.6054010154065013,5.542728794841965,18.100000381469727,-0.1678160744151849,-16.7816074415185,bearish,False,True,False,False,False,False,2.7565567404088887,0.26620122338180185,bearish_seed_01,bearish,1,2024-03-18,6919.TW,-0.4702258966555445,16,True
2021-01-13,3481.TW,3481,群創,52,current_snapshot,17.579105377197266,18.83475685119629,17.513019561767578,18.372148513793945,12.291509628295898,356482289.0,0.0,0.0,False,False,False,,False,2.5179871426306724,0.3597065165245631,4.316550870472536,0.3831357038841366,0.3831357038841366,-3.0651409208017766,17.24867057800293,1.7985637278418638,6.1151145983144,201798549.4,0.4339170398448603,-6.27177791449713,18.50432205200196,0.0071942341478883,0.7194234147888334,neutral,False,False,False,False,False,False,2.761468101147799,0.26585364360656244,bearish_seed_01,bearish,1,2024-03-18,6919.TW,-0.4702258966555445,17,False
2021-10-26,2609.TW,2609,陽明,77,current_snapshot,90.5,91.5999984741211,88.5,90.4000015258789,42.75948715209961,75213903.0,0.0,0.0,False,False,False,,False,1.216812450834081,2.101771563947364,-0.1106177792402659,2.011176594142808,0.4469290791943086,6.145251396648044,89.5,1.1061946715938151,0.9955768923535492,84228863.8,-0.1198576385538721,-7.800654755774245,96.5,0.0674778580880315,6.747785808803153,bullish,True,False,False,False,False,False,1.276116827711201,0.439344759383714,bearish_seed_02,bearish,2,2024-03-19,6919.TW,-0.4396728269214957,1,False
2024-10-17,1802.TW,1802,台玻,86,current_snapshot,17.75,18.100000381469727,17.299999237060547,17.600000381469727,17.600000381469727,8957364.0,0.0,0.0,False,False,False,,False,1.988638487975413,1.704551919925171,-0.8522705413586326,1.971833135040713,1.6901365468199825,6.19718524771677,17.75,0.0,-0.8522705413586326,9229885.4,-0.0304242855375756,-11.345654033342669,18.350000381469727,0.0426136354400106,4.261363544001062,neutral,False,False,False,False,False,False,1.6940382769317277,0.37118997475377813,bearish_seed_02,bearish,2,2024-03-19,6919.TW,-0.4396728269214957,2,False
2023-08-18,3661.TW,3661,世芯-KY,56,current_snapshot,1975.0,2015.0,1940.0,1970.0,1907.32275390625,3044764.0,0.0,0.0,False,False,False,,False,2.030456852791878,1.5228426395939088,-0.2538071065989847,2.538071065989848,0.5076142131979695,4.568527918781726,1970.0,0.2538071065989847,0.0,2634480.6,0.1347504765558184,-7.971014492753622,2390.0,0.2131979695431471,21.31979695431472,bullish,True,False,False,False,False,False,1.7236671133950208,0.36715206314383664,bearish_seed_02,bearish,2,2024-03-19,6919.TW,-0.4396728269214957,3,False
2024-08-08,6919.TW,6919,康霈*,97,current_snapshot,57.59999847412109,58.20000076293945,55.79999923706055,57.0,57.0,1838740.0,0.0,0.0,False,False,False,,False,1.0526355944181742,2.1052644963850056,-1.0526289019668311,2.422148000620119,0.8650519145325646,3.979237486885328,57.79999923706055,-0.3508785314727247,-1.403507433439556,6600478.0,-2.5896744509827383,-6.197656140125778,61.5,0.0789473684210526,7.8947368421052655,bullish,True,False,False,False,False,False,1.8689970102349047,0.34855386618828266,bearish_seed_02,bearish,2,2024-03-19,6919.TW,-0.4396728269214957,4,False
2024-03-18,6139.TW,6139,亞翔,85,current_snapshot,177.0,181.5,175.0,180.0,161.84144592285156,10478729.0,0.0,0.0,False,False,False,,False,0.8333333333333334,1.1111111111111112,1.6666666666666667,1.9886363636363635,0.8522727272727272,6.8181818181818175,176.0,0.5555555555555556,2.2222222222222223,11172622.2,-0.0662192141814144,-6.552706552706552,189.0,0.05,5.000000000000004,bullish,True,False,False,False,False,False,1.8770688925259154,0.3475759661500676,bearish_seed_02,bearish,2,2024-03-19,6919.TW,-0.4396728269214957,5,False
2020-10-26,1519.TW,1519,華城,66,current_snapshot,39.81968307495117,40.04507827758789,38.76784133911133,39.44402694702149,35.41937255859375,9572816.0,0.0,0.0,False,False,False,,False,0.5714305056617422,1.7142915169852269,-0.9523777286590008,2.8301887696219694,1.1320793398202862,4.528298199423652,39.81968307495117,0.0,-0.9523777286590008,12294721.0,-0.284336918206722,-2.5193754017733574,38.76784133911133,-0.0171429151698524,-1.7142915169852446,neutral,False,False,False,False,False,False,2.0481285423359346,0.3280701539029091,bearish_seed_02,bearish,2,2024-03-19,6919.TW,-0.4396728269214957,6,False
2021-10-26,2615.TW,2615,萬海,59,current_snapshot,138.2608642578125,140.0,135.21739196777344,136.52174377441406,103.4874038696289,40931733.0,0.0,0.0,False,False,False,,False,1.273889194574906,0.9554168959311792,-1.273878017755272,2.857140310551415,0.6349225448642166,4.761907945144065,136.95652770996094,0.9554057191115456,-0.3184722986437265,57967541.4,-0.4162005161130118,-5.279508318219865,139.13043212890625,0.0191082261504271,1.9108226150427177,neutral,False,False,False,False,False,False,2.08377366366405,0.3242780142339724,bearish_seed_02,bearish,2,2024-03-19,6919.TW,-0.4396728269214957,7,False
2020-12-18,6770.TW,6770,力積電,55,current_snapshot,48.96843719482422,51.08495330810547,48.10259246826172,49.93049240112305,46.51813888549805,42907714.0,0.0,0.0,False,False,False,,False,2.312136034445468,1.7341001158302722,1.926788942055756,2.574257783350125,0.7920756940378948,6.13861411015661,48.5836181640625,0.7707094648100513,2.6974984068658068,36549404.0,0.1481857085185195,-15.624999336188395,48.48741149902344,-0.0289017959307598,-2.890179593075981,neutral,False,False,False,False,False,False,2.1675331715655015,0.3157030868616812,bearish_seed_02,bearish,2,2024-03-19,6919.TW,-0.4396728269214957,8,False
2025-10-08,6415.TW,6415,矽力*-KY,92,current_snapshot,254.0,258.5,246.5,253.0,250.79962158203125,3909584.0,0.0,0.0,False,False,False,,False,1.7786561264822136,2.569169960474309,-0.3952569169960474,1.761252446183953,0.1956947162426614,5.283757338551859,255.5,-0.592885375494071,-0.9881422924901186,4080982.0,-0.0438404699835072,-12.037037037037036,234.5,-0.0731225296442688,-7.31225296442688,bearish,False,True,False,False,False,False,2.1996960541786947,0.312529685028687,bearish_seed_02,bearish,2,2024-03-19,6919.TW,-0.4396728269214957,9,True
2020-08-14,5871.TW,5871,中租-KY,78,current_snapshot,111.2688217163086,112.10543060302734,108.75899505615234,110.43221282958984,88.12651062011719,6840306.0,0.0,0.0,False,False,False,,False,0.7575768566819701,1.51515371336394,-0.7575768566819701,2.264147333279236,0.3773590359793959,4.905660585135008,110.85051727294922,0.378788428340985,-0.378788428340985,7061036.2,-0.0322690534604738,-1.1952208605148391,115.4518585205078,0.0454545423142418,4.545454231424184,neutral,False,False,False,False,False,False,2.203935383543956,0.3121161572534194,bearish_seed_02,bearish,2,2024-03-19,6919.TW,-0.4396728269214957,10,False
2021-11-10,6531.TW,6531,愛普*,95,current_snapshot,550.0,554.0,524.0,535.0,486.4181823730469,8910045.0,0.0,0.0,False,False,False,,False,0.7476635514018692,2.0560747663551404,-2.803738317757009,3.107861060329068,0.5484460694698354,5.118829981718465,547.0,0.5607476635514018,-2.242990654205608,8558590.8,0.0394447166091752,-13.19796954314721,553.0,0.033644859813084,3.364485981308407,neutral,False,False,False,False,False,False,2.2501544967514207,0.30767768147622376,bearish_seed_02,bearish,2,2024-03-19,6919.TW,-0.4396728269214957,11,False
2018-08-09,3034.TW,3034,聯詠,58,current_snapshot,153.0,155.5,150.5,154.5,89.35420989990234,8009058.0,0.0,0.0,False,False,False,,False,0.6472491909385114,1.6181229773462782,0.9708737864077668,2.302631578947368,0.0,4.605263157894736,152.0,0.6472491909385114,1.6181229773462782,5739752.0,0.2833424355273741,-4.054054054054054,155.0,0.0032362459546926,0.3236245954692629,neutral,False,False,False,False,False,False,2.293641649394722,0.30361530076709214,bearish_seed_02,bearish,2,2024-03-19,6919.TW,-0.4396728269214957,12,False
2019-08-07,1590.TW,1590,亞德客-KY,64,current_snapshot,296.5303039550781,300.4840393066406,289.1170349121094,298.5071716308594,261.9483642578125,1951939.0,0.0,0.0,False,False,False,,False,0.6622513171060054,2.48344755084684,0.6622513171060054,2.72108700658691,0.0,5.612247201878608,290.5997009277344,1.986753951318016,2.649005268424021,2574841.4,-0.3191198085595912,-11.242598415508509,297.0245056152344,-0.0049669359952881,-0.4966935995288191,neutral,False,False,False,False,False,False,2.3544848838481545,0.29810836376547717,bearish_seed_02,bearish,2,2024-03-19,6919.TW,-0.4396728269214957,13,False
2024-07-03,4904.TW,4904,遠傳,54,current_snapshot,90.0,91.5999984741211,87.5999984741211,89.69999694824219,79.7622299194336,29312486.0,0.0,0.0,False,False,False,,False,1.783721882448122,2.3411355023042133,-0.334451574096393,2.663708730881105,0.5549389661128709,5.660375760811958,90.0999984741211,-0.111481022879849,-0.445932596976242,28525778.2,0.0268386584474616,1.5276181845680563,90.5,0.0089186519395247,0.8918651939524791,neutral,False,False,False,False,False,False,2.3845503714034626,0.29546022078712114,bearish_seed_02,bearish,2,2024-03-19,6919.TW,-0.4396728269214957,14,False
2023-04-28,6515.TW,6515,穎崴,73,current_snapshot,725.0,737.0,704.0,713.0,668.4730224609375,1154303.0,0.0,0.0,False,False,False,,False,1.6830294530154275,1.262272089761571,-1.6830294530154275,1.544943820224719,0.8426966292134831,4.634831460674158,712.0,1.82328190743338,0.1402524544179523,955117.4,0.1725591980615141,-6.456043956043957,710.0,-0.0042075736325385,-0.4207573632538541,neutral,False,False,False,False,False,False,2.3942298789832615,0.2946176410124435,bearish_seed_02,bearish,2,2024-03-19,6919.TW,-0.4396728269214957,15,False
2021-06-10,2376.TW,2376,技嘉,70,current_snapshot,114.5,116.0,112.0,114.0,84.24250030517578,8898809.0,0.0,0.0,False,False,False,,False,1.3157894736842104,1.7543859649122806,-0.4385964912280701,1.762114537444934,0.881057268722467,3.0837004405286343,113.5,0.8771929824561403,0.4385964912280701,8648519.6,0.0281261683445504,-2.643171806167401,112.0,-0.0175438596491228,-1.7543859649122862,neutral,False,False,False,False,False,False,2.411732118683608,0.2931062478568343,bearish_seed_02,bearish,2,2024-03-19,6919.TW,-0.4396728269214957,16,False
2018-05-03,2313.TW,2313,華通,60,current_snapshot,31.39999961853028,32.29999923706055,30.799999237060547,31.75,23.58210182189941,26732934.0,0.0,0.0,False,False,False,,False,1.7322810616080215,1.8897649810070127,1.1023634062038632,1.59489631233159,0.0,4.944182218655889,31.350000381469727,0.1574779120017224,1.2598413182055856,15681435.8,0.413403863563947,-4.032258064516129,32.79999923706055,0.0330708421121432,3.3070842112143284,neutral,False,False,False,False,False,False,2.41462920429975,0.29285756671347674,bearish_seed_02,bearish,2,2024-03-19,6919.TW,-0.4396728269214957,17,False
2024-01-31,3036.TW,3036,文曄,68,current_snapshot,160.0,163.0,155.0,158.0,144.31541442871094,20570442.0,0.0,0.0,False,False,False,,False,1.89873417721519,1.89873417721519,-1.2658227848101269,2.1875,0.0,5.0,160.0,0.0,-1.2658227848101269,17651317.4,0.1419086959823226,-2.8846153846153846,171.0,0.0822784810126582,8.227848101265822,bullish,True,False,False,False,False,False,2.423985488340941,0.2920573125689678,bearish_seed_02,bearish,2,2024-03-19,6919.TW,-0.4396728269214957,18,False
2023-03-24,6805.TW,6805,富世達,93,current_snapshot,171.5,173.0,166.5,168.5,162.09573364257812,568863.0,0.0,0.0,False,False,False,,False,0.8902077151335311,1.1869436201780417,-1.7804154302670625,2.366863905325444,0.0,7.988165680473373,169.0,1.483679525222552,-0.2967359050445104,598788.4,-0.0526056361549266,-4.049844236760125,169.0,0.002967359050445,0.2967359050445095,neutral,False,False,False,False,False,False,2.4387436958711346,0.29080387735808577,bearish_seed_02,bearish,2,2024-03-19,6919.TW,-0.4396728269214957,19,False
2020-11-05,3532.TW,3532,台勝科,98,current_snapshot,121.0,123.0,119.0,120.0,105.48052215576172,1747218.0,0.0,0.0,False,False,False,,False,1.6666666666666667,0.8333333333333334,-0.8333333333333334,2.0491803278688523,0.4098360655737705,5.737704918032787,122.0,-0.8333333333333334,-1.6666666666666667,1955365.6,-0.1191308697598125,-4.979253112033195,118.0,-0.0166666666666667,-1.6666666666666718,neutral,False,False,False,False,False,False,2.5000860142503525,0.28570726431538274,bearish_seed_02,bearish,2,2024-03-19,6919.TW,-0.4396728269214957,20,False
2024-06-14,2449.TW,2449,京元電子,57,current_snapshot,90.38095092773438,93.23809814453124,89.61904907226562,91.33333587646484,85.37215423583984,41773255.0,0.0,0.0,False,False,False,,False,2.0855060748495373,0.8341990885992374,1.0427572141004906,1.6895479622374456,0.9503659704574212,5.913413638230044,90.1904754638672,0.2085497721498093,1.2513069862503,25553578.6,0.3882789694027913,-3.200879674253144,103.8095245361328,0.1366006019592116,13.660060195921163,bullish,True,False,False,False,False,False,2.5052454171616967,0.285286729169945,bearish_seed_02,bearish,2,2024-03-19,6919.TW,-0.4396728269214957,21,False
2021-10-27,2609.TW,2609,陽明,77,current_snapshot,89.30000305175781,90.3000030517578,88.5999984741211,89.30000305175781,42.23918533325195,46729872.0,0.0,0.0,False,False,False,,False,1.1198207903984116,0.7838796794116566,0.0,1.216812450834081,2.101771563947364,-0.1106177792402659,90.4000015258789,-1.23180116072733,-1.23180116072733,80108724.0,-0.7142936749323858,0.5617977528089888,98.0,0.0974243745904432,9.742437459044329,bullish,True,False,False,False,False,False,0.720777871832771,0.5811325310308164,bearish_seed_03,bearish,3,2024-03-20,6919.TW,-0.3581011374253919,1,False
2019-07-26,3034.TW,3034,聯詠,58,current_snapshot,170.5,172.5,169.0,171.0,103.89282989501952,4676438.0,0.0,0.0,False,False,False,,False,0.8771929824561403,0.8771929824561403,0.2923976608187134,0.8695652173913043,2.0289855072463765,0.2898550724637681,172.5,-1.1695906432748535,-0.8771929824561403,8572351.8,-0.8330942909966946,0.2923976608187134,166.0,-0.0292397660818714,-2.92397660818714,neutral,False,False,False,False,False,False,0.7705004072206845,0.5648120700349293,bearish_seed_03,bearish,3,2024-03-20,6919.TW,-0.3581011374253919,2,False
2021-05-20,1402.TW,1402,遠東新,94,current_snapshot,30.200000762939453,30.600000381469727,30.0,30.350000381469727,23.15332221984864,8952114.0,0.0,0.0,False,False,False,,False,0.8237232186416649,0.6589810887170997,0.494232674283115,1.1437920820474057,1.9607855359147823,-0.1633961975073197,30.600000381469727,-1.31795589292478,-0.8237232186416649,11813050.2,-0.3195821903072279,-5.954200802868559,31.200000762939453,0.0280066020028353,2.800660200283533,neutral,False,False,False,False,False,False,0.8342582273724866,0.5451795091209521,bearish_seed_03,bearish,3,2024-03-20,6919.TW,-0.3581011374253919,3,False
2019-08-20,2207.TW,2207,和泰車,63,current_snapshot,423.5294189453125,428.4313659667969,419.60784912109375,421.0784301757813,347.6868591308594,302337.0,0.0,0.0,False,False,False,,False,1.1641410887368495,0.3492416018729809,-0.5820741681087945,1.3729981517702423,1.9450753726857328,0.1144182934215571,428.4313659667969,-1.1641410887368495,-1.7462152568456444,426456.0,-0.4105319560622749,-0.3452227223148578,421.5686340332031,0.0011641628311789,0.1164162831178927,neutral,False,False,False,False,False,False,0.8383676362960798,0.5439608380045178,bearish_seed_03,bearish,3,2024-03-20,6919.TW,-0.3581011374253919,4,False
2024-04-11,2404.TW,2404,漢唐,79,current_snapshot,398.5,403.5,395.5,401.5,352.9233093261719,1647032.0,0.0,0.0,False,False,False,,False,0.49813200498132,0.7471980074719801,0.7471980074719801,1.112484548825711,1.73053152039555,1.112484548825711,404.5,-1.49439601494396,-0.7471980074719801,2225100.6,-0.3509759373224079,0.0,407.5,0.0149439601494396,1.494396014943966,neutral,False,False,False,False,False,False,0.8406635651630804,0.54328233520035,bearish_seed_03,bearish,3,2024-03-20,6919.TW,-0.3581011374253919,5,False
2019-08-28,2379.TW,2379,瑞昱,53,current_snapshot,202.0,205.0,200.0,203.0,143.16934204101562,8003648.0,0.0,0.0,False,False,False,,False,0.9852216748768472,0.9852216748768472,0.4926108374384236,1.45985401459854,1.70316301703163,0.0,205.5,-1.7241379310344829,-1.2315270935960592,5118559.6,0.3604716749162382,-2.132701421800948,218.0,0.0738916256157635,7.389162561576357,bullish,True,False,False,False,False,False,0.841010560250287,0.5431799369277106,bearish_seed_03,bearish,3,2024-03-20,6919.TW,-0.3581011374253919,6,False
2018-09-10,5876.TW,5876,上海商銀,75,current_snapshot,33.020591735839844,33.489444732666016,32.848358154296875,33.020591735839844,24.13405418395996,2732344.0,0.0,0.0,False,False,False,,False,1.419880662881304,0.5215944732935544,0.0,1.371826371826372,2.143462327101726,0.0,33.47987365722656,-1.3908954904894208,-1.3908954904894208,3303444.4,-0.2090148239021148,-2.2357222133334096,33.56599044799805,0.0165169272713618,1.6516927271361892,neutral,False,False,False,False,False,False,0.8472922823357187,0.5413328521762667,bearish_seed_03,bearish,3,2024-03-20,6919.TW,-0.3581011374253919,7,False
2020-02-17,6239.TW,6239,力成,76,current_snapshot,114.5,116.0,114.0,115.0,81.24364471435547,3265183.0,0.0,0.0,False,False,False,,False,0.8695652173913043,0.4347826086956521,0.4347826086956521,0.8583690987124464,1.7167381974248928,0.4291845493562232,116.5,-1.7391304347826086,-1.3043478260869563,6385582.8,-0.9556584730472992,2.7149321266968327,114.0,-0.0086956521739129,-0.8695652173912993,neutral,False,False,False,False,False,False,0.9650764504832665,0.5088860536464485,bearish_seed_03,bearish,3,2024-03-20,6919.TW,-0.3581011374253919,8,False
2022-08-02,6515.TW,6515,穎崴,73,current_snapshot,383.0,390.0,381.0,387.5,363.300537109375,332007.0,0.0,0.0,False,False,False,,False,0.6451612903225806,0.5161290322580645,1.1612903225806452,1.0282776349614395,2.313624678663239,0.5141388174807198,389.0,-1.5483870967741935,-0.3870967741935484,415239.4,-0.2506947142680727,2.380952380952381,403.0,0.04,4.000000000000004,neutral,False,False,False,False,False,False,1.0016259993484748,0.4995938303786511,bearish_seed_03,bearish,3,2024-03-20,6919.TW,-0.3581011374253919,9,False
2018-10-29,2834.TW,2834,臺企銀,87,current_snapshot,6.532172203063965,6.630155086517334,6.512575149536133,6.564833164215088,5.872807502746582,16583167.0,0.0,0.0,False,False,False,,False,0.9950279111176192,0.2985156368429222,0.4975139555588096,0.9950279111176192,1.89054576761584,0.0,6.564833164215088,-0.4975139555588096,0.0,48184494.0,-1.905626772015261,-3.942305829556376,6.662815093994141,0.0149252733966116,1.492527339661165,neutral,False,False,False,False,False,False,1.0148880939857925,0.4963054786937717,bearish_seed_03,bearish,3,2024-03-20,6919.TW,-0.3581011374253919,10,False
2023-10-20,3036.TW,3036,文曄,68,current_snapshot,113.0882339477539,114.56329345703124,112.59654235839844,113.0882339477539,103.2935028076172,2886663.0,0.0,0.0,False,False,False,,False,1.3043439249027555,0.4347858059067642,0.0,0.8620686195732709,2.1551748930582253,0.8620686195732709,114.07160949707033,-0.86956486540476,-0.86956486540476,8394751.4,-1.9081161881383453,-2.542371878406615,110.62979125976562,-0.0217391553671628,-2.1739155367162866,neutral,False,False,False,False,False,False,1.0255032907080566,0.49370445586905437,bearish_seed_03,bearish,3,2024-03-20,6919.TW,-0.3581011374253919,11,False
2022-07-14,6770.TW,6770,力積電,55,current_snapshot,38.54999923706055,39.29999923706055,38.29999923706055,39.0,37.735626220703125,14726344.0,0.0,0.0,False,False,False,,False,0.7692288129757612,0.641025641025641,1.153848110101162,0.6369426751592357,1.5286585327925954,-0.6369426751592357,39.25,-1.7948737511268027,-0.641025641025641,14364443.2,0.0245750608569242,-1.6666705791766827,38.75,-0.0064102564102563,-0.6410256410256387,neutral,False,False,False,False,False,False,1.0501222711755185,0.4877757849177506,bearish_seed_03,bearish,3,2024-03-20,6919.TW,-0.3581011374253919,12,False
2024-04-03,3661.TW,3661,世芯-KY,56,current_snapshot,3340.0,3415.0,3330.0,3385.0,3294.59912109375,1073024.0,0.0,0.0,False,False,False,,False,0.8862629246676514,0.2954209748892171,1.329394387001477,1.911764705882353,2.2058823529411766,-0.2941176470588235,3400.0,-1.7725258493353029,-0.4431314623338257,1952551.0,-0.8196713214243111,-1.1560693641618496,3020.0,-0.1078286558345642,-10.782865583456424,bearish,False,True,False,False,False,False,1.068045844699108,0.4835482746009898,bearish_seed_03,bearish,3,2024-03-20,6919.TW,-0.3581011374253919,13,True
2024-06-04,2347.TW,2347,聯強,99,current_snapshot,82.80000305175781,83.5999984741211,81.9000015258789,82.69999694824219,71.6977767944336,29094363.0,0.0,0.0,False,False,False,,False,0.9673463747090084,0.9673463747090084,-0.1209263690520011,0.9580874871351048,1.916165837270771,-0.8383196984936379,83.5,-0.8464292310437216,-0.9673556000957224,35053949.0,-0.2048364489024901,1.1990407454485494,82.5999984741211,-0.0012091714366528,-0.1209171436652889,neutral,False,False,False,False,False,False,1.0731528844913734,0.48235709362329043,bearish_seed_03,bearish,3,2024-03-20,6919.TW,-0.3581011374253919,14,False
2020-05-18,5871.TW,5871,中租-KY,78,current_snapshot,89.29177856445312,90.90064239501952,88.88956451416016,89.6939926147461,68.90191650390625,3182994.0,0.0,0.0,False,False,False,,False,1.3452960951980846,0.4484291963906209,0.4484291963906209,0.8888946965092175,2.2222240956481345,-1.3333293991389172,90.49842834472656,-1.3452960951980846,-0.8968668988074637,5128859.8,-0.6113319095166374,0.0,91.70507049560548,0.0224215448797935,2.242154487979353,neutral,False,False,False,False,False,False,1.0735804783015543,0.4822576265856285,bearish_seed_03,bearish,3,2024-03-20,6919.TW,-0.3581011374253919,15,False
2023-04-17,6531.TW,6531,愛普*,95,current_snapshot,310.5,317.5,308.0,315.0,293.894775390625,3317633.0,0.0,0.0,False,False,False,,False,0.7936507936507936,0.7936507936507936,1.4285714285714286,1.1182108626198082,1.9169329073482428,-0.3194888178913738,313.0,-0.7936507936507936,0.6349206349206349,5028823.2,-0.5157864658327187,-3.7151702786377694,301.0,-0.0444444444444444,-4.444444444444439,neutral,False,False,False,False,False,False,1.0785056150645855,0.48111488982863626,bearish_seed_03,bearish,3,2024-03-20,6919.TW,-0.3581011374253919,16,False
2023-10-11,6919.TW,6919,康霈*,97,current_snapshot,44.01645278930664,44.76502990722656,43.51739883422852,44.21607208251953,44.21607208251953,1638313.0,0.0,0.0,False,False,False,,False,1.241534579739518,1.128670936999449,0.4514631983599658,1.0089744412622574,1.905835850513558,-0.8968528398840291,44.515506744384766,-1.128670936999449,-0.6772077386394832,1311526.0,0.1994655477921496,-3.1216388338522503,39.47507095336914,-0.107223480192957,-10.7223480192957,bearish,False,True,False,False,False,False,1.1580290756278577,0.46338578626845406,bearish_seed_03,bearish,3,2024-03-20,6919.TW,-0.3581011374253919,17,True
2022-06-13,2313.TW,2313,華通,60,current_snapshot,46.84999847412109,47.650001525878906,46.70000076293945,47.34999847412109,41.5609016418457,9761601.0,0.0,0.0,False,False,False,,False,0.6335861909726939,0.3167850391032665,1.0559662431103825,1.1482238403758696,1.252614341764053,0.0,47.900001525878906,-2.217535555638268,-1.1615693125278852,26901813.8,-1.7558813149605277,-1.033057818671051,47.59999847412109,0.0052798312155519,0.5279831215551978,neutral,False,False,False,False,False,False,1.1852690795967877,0.45760954993447023,bearish_seed_03,bearish,3,2024-03-20,6919.TW,-0.3581011374253919,18,False
2018-03-09,3533.TW,3533,嘉澤,82,current_snapshot,197.6527709960937,198.6288452148437,195.70065307617188,196.1886749267578,155.40809631347656,1072220.0,0.0,0.0,False,False,False,,False,0.4975181259134316,0.2487512853471936,-0.7462694112606253,1.2224925231095027,1.711488003454089,1.466994085529833,199.6049041748047,-0.9950284742173412,-1.7412978854779664,1447557.4,-0.3500563317229672,-0.2499950365241474,192.284423828125,-0.0199004917082515,-1.9900491708251589,neutral,False,False,False,False,False,False,1.2142941115237662,0.4516111905802117,bearish_seed_03,bearish,3,2024-03-20,6919.TW,-0.3581011374253919,19,False
2024-03-19,2449.TW,2449,京元電子,57,current_snapshot,104.76190185546876,105.71428680419922,102.85713958740234,103.8095245361328,97.0340347290039,23795283.0,0.0,0.0,False,False,False,,False,0.917435035933503,0.917435035933503,-0.9174276865168042,0.9008974549484514,2.2522580713606337,0.4504487274742257,105.71428680419922,-0.917435035933503,-1.8348627224503071,23793323.2,8.23608611841576e-05,-3.153155526309085,104.28571319580078,0.0045871384325841,0.4587138432584181,neutral,False,False,False,False,False,False,1.2316484713274447,0.44809924719244565,bearish_seed_03,bearish,3,2024-03-20,6919.TW,-0.3581011374253919,20,False
2018-10-23,3481.TW,3481,群創,52,current_snapshot,12.305374145507812,12.371460914611816,12.13354778289795,12.199634552001951,7.999447345733643,16338689.0,0.0,0.0,False,False,False,,False,0.5417110555427179,0.5417110555427179,-0.8667439426577541,0.7446890332053153,1.489355038826809,-0.1063797613943171,12.42432975769043,-0.975075209634838,-1.841819152292592,28029615.6,-0.7155363934034121,-2.275083253998509,11.908851623535156,-0.0238353802507205,-2.383538025072052,neutral,False,False,False,False,False,False,1.2334669687178565,0.44773440306308165,bearish_seed_03,bearish,3,2024-03-20,6919.TW,-0.3581011374253919,21,False
2022-01-20,6415.TW,6415,矽力*-KY,92,current_snapshot,950.0,962.5,941.25,950.0,918.0015258789062,2568392.0,0.0,0.0,False,False,False,,False,1.3157894736842104,0.9210526315789472,0.0,1.4397905759162304,1.7015706806282722,-0.9162303664921464,955.0,-0.5263157894736842,-0.5263157894736842,2466085.6,0.0398328604044865,-2.010050251256281,891.25,-0.0618421052631579,-6.184210526315792,bearish,False,True,False,False,False,False,1.2413402960805258,0.4461616122053037,bearish_seed_03,bearish,3,2024-03-20,6919.TW,-0.3581011374253919,22,True
2021-04-14,6239.TW,6239,力成,76,current_snapshot,109.5,110.0,105.0,107.5,79.39720916748047,5422343.0,0.0,0.0,False,False,False,,False,0.4651162790697674,2.3255813953488373,-1.8604651162790693,0.45662100456621,0.91324200913242,-2.73972602739726,109.5,0.0,-1.8604651162790693,4559625.6,0.1591041732328627,6.161137440758294,112.0,0.041860465116279,4.1860465116279055,neutral,False,False,False,False,False,False,0.7250053893780601,0.5797083337580433,bearish_seed_04,bearish,4,2025-03-28,7750.TW,-0.3345323741007194,1,False
2020-12-11,2449.TW,2449,京元電子,57,current_snapshot,34.14285659790039,34.28571319580078,32.9523811340332,33.66666412353516,26.281639099121094,18821634.0,0.0,0.0,False,False,False,,False,0.424326560470019,2.121632802350095,-1.4144331990182102,0.0,0.8379856390711784,-1.3966427317852972,34.095237731933594,0.1414421868233397,-1.2729910121948704,21339871.6,-0.1337948448046541,1.9746045440920104,33.380950927734375,-0.0084865312094005,-0.8486531209400572,neutral,False,False,False,False,False,False,1.122405896246135,0.47116341024527114,bearish_seed_04,bearish,4,2025-03-28,7750.TW,-0.3345323741007194,2,False
2024-07-08,3661.TW,3661,世芯-KY,56,current_snapshot,2515.0,2520.0,2430.0,2490.0,2423.501220703125,2217917.0,0.0,0.0,False,False,False,,False,0.2008032128514056,2.409638554216868,-1.0040160642570282,0.396039603960396,0.594059405940594,-3.564356435643564,2525.0,-0.4016064257028112,-1.4056224899598393,2325468.4,-0.0484920761236781,6.73469387755102,2890.0,0.1606425702811245,16.06425702811245,bullish,True,False,False,False,False,False,1.1939540864350702,0.45579805255856015,bearish_seed_04,bearish,4,2025-03-28,7750.TW,-0.3345323741007194,3,False
2020-12-11,2379.TW,2379,瑞昱,53,current_snapshot,402.0,403.5,386.5,394.5,295.9036865234375,3362945.0,0.0,0.0,False,False,False,,False,0.3802281368821292,2.027883396704689,-1.9011406844106464,0.0,0.8793969849246231,-2.512562814070352,398.0,1.0139416983523446,-0.8871989860583016,3893425.2,-0.1577427522602957,5.958549222797927,392.0,-0.0063371356147021,-0.6337135614702172,neutral,False,False,False,False,False,False,1.2052908729085219,0.45345492165444656,bearish_seed_04,bearish,4,2025-03-28,7750.TW,-0.3345323741007194,4,False
2019-04-29,3533.TW,3533,嘉澤,82,current_snapshot,221.5632781982422,222.05894470214844,213.63259887695312,218.09361267089844,176.99221801757812,1345979.0,0.0,0.0,False,False,False,,False,0.2272723615497198,2.0454582503876204,-1.590906530848039,0.0,1.1235937178645243,-2.2471874357290487,220.5719451904297,0.4545447230994397,-1.1363618077485993,1628577.8,-0.2099578076626753,0.4395597555466443,221.5632781982422,0.0159090653084803,1.5909065308480352,neutral,False,False,False,False,False,False,1.2303197827756804,0.4483661974048756,bearish_seed_04,bearish,4,2025-03-28,7750.TW,-0.3345323741007194,5,False
2018-09-07,6415.TW,6415,矽力*-KY,92,current_snapshot,151.25,151.75,145.0,149.0,141.55165100097656,784840.0,0.0,0.0,False,False,False,,False,0.3355704697986577,2.684563758389262,-1.51006711409396,0.0,1.6528925619834711,-3.96694214876033,151.25,0.0,-1.51006711409396,603692.8,0.2308078079608582,1.9704433497536944,142.5,-0.0436241610738254,-4.36241610738255,neutral,False,False,False,False,False,False,1.254124345457008,0.44363124954282723,bearish_seed_04,bearish,4,2025-03-28,7750.TW,-0.3345323741007194,6,False
2021-05-04,3036.TW,3036,文曄,68,current_snapshot,53.102298736572266,53.59398651123047,50.5455207824707,51.43056106567383,39.15508270263672,5004142.0,0.0,0.0,False,False,False,,False,0.9560225758189698,1.720845086782118,-3.2504752743485064,0.0,1.111106401812183,-2.777783963721285,53.102298736572266,0.0,-3.2504752743485064,6661634.0,-0.3312240140267802,3.584908739972581,53.20063781738281,0.0344168275638427,3.441682756384279,neutral,False,False,False,False,False,False,1.260561811505101,0.4423679082387894,bearish_seed_04,bearish,4,2025-03-28,7750.TW,-0.3345323741007194,7,False
2023-03-13,3532.TW,3532,台勝科,98,current_snapshot,157.5,159.0,152.5,156.0,140.74041748046875,1773720.0,0.0,0.0,False,False,False,,False,0.9615384615384616,2.243589743589744,-0.9615384615384616,0.0,0.9433962264150944,-2.830188679245284,159.0,-0.9615384615384616,-1.9230769230769231,3655443.0,-1.0608906704553145,10.333333333333334,165.5,0.0608974358974359,6.08974358974359,bullish,True,False,False,False,False,False,1.271106730088546,0.4403139609211638,bearish_seed_04,bearish,4,2025-03-28,7750.TW,-0.3345323741007194,8,False
2018-06-12,3034.TW,3034,聯詠,58,current_snapshot,145.0,145.5,140.5,143.5,78.7379379272461,2789776.0,0.0,0.0,False,False,False,,False,0.3484320557491289,2.0905923344947737,-1.0452961672473868,0.3448275862068966,0.6896551724137931,-1.3793103448275863,145.0,0.0,-1.0452961672473868,3918059.2,-0.4044350514163145,6.204379562043796,146.0,0.0174216027874565,1.7421602787456525,neutral,False,False,False,False,False,False,1.2933249794549255,0.43604810001139865,bearish_seed_04,bearish,4,2025-03-28,7750.TW,-0.3345323741007194,9,False
2020-02-10,6139.TW,6139,亞翔,85,current_snapshot,29.79557991027832,29.994216918945312,29.19966697692871,29.696260452270508,22.59268569946289,390793.0,0.0,0.0,False,False,False,,False,0.668895698117454,1.6722424567226224,-0.3344510604877146,0.0,0.990094930946434,-2.640261599947622,30.09353446960449,-1.0033403357471933,-1.337791396234908,634335.6,-0.6232010297011461,4.18760245936576,30.441150665283203,0.0250836368508393,2.5083636850839364,neutral,False,False,False,False,False,False,1.33096204999818,0.42900741348439403,bearish_seed_04,bearish,4,2025-03-28,7750.TW,-0.3345323741007194,10,False
2023-11-24,1590.TW,1590,亞德客-KY,64,current_snapshot,1090.0,1095.0,1060.0,1085.0,1013.7623291015624,570014.0,0.0,0.0,False,False,False,,False,0.4608294930875576,2.3041474654377883,-0.4608294930875576,0.0,0.4587155963302752,-2.293577981651376,1090.0,0.0,-0.4608294930875576,397279.2,0.3030360657808404,2.7649769585253456,1085.0,0.0,0.0,neutral,False,False,False,False,False,False,1.331761402268089,0.4288603452425735,bearish_seed_04,bearish,4,2025-03-28,7750.TW,-0.3345323741007194,11,False
2025-02-10,7750.TW,7750,新代,91,current_snapshot,520.0,520.0,505.0,514.0,497.3672790527344,89416.0,0.0,0.0,False,False,False,,False,0.0,1.7509727626459144,-1.1673151750972763,0.0,1.153846153846154,-2.1153846153846154,520.0,0.0,-1.1673151750972763,112756.6,-0.2610338194506577,3.784860557768925,485.5,-0.0554474708171206,-5.544747081712065,bearish,False,True,False,False,False,False,1.336758386938778,0.4279432591702514,bearish_seed_04,bearish,4,2025-03-28,7750.TW,-0.3345323741007194,12,True
2019-10-25,2313.TW,2313,華通,60,current_snapshot,41.400001525878906,41.400001525878906,39.84999847412109,40.75,32.45372009277344,34717821.0,0.0,0.0,False,False,False,,False,0.0,2.208592701543328,-1.5950957690279908,0.1204800893025225,1.084339187805911,-1.2048192771084338,41.5,-0.2453950285180214,-1.8404907975460123,24646442.0,0.2900924859310727,1.331717305619234,41.79999923706055,0.0257668524432035,2.5766852443203536,neutral,False,False,False,False,False,False,1.3576182625692783,0.424156877250443,bearish_seed_04,bearish,4,2025-03-28,7750.TW,-0.3345323741007194,13,False
2021-08-09,2912.TW,2912,統一超,74,current_snapshot,282.0,282.0,273.5,280.0,228.46554565429688,1111986.0,0.0,0.0,False,False,False,,False,0.0,2.321428571428572,-0.7142857142857143,0.3539823008849557,0.8849557522123894,-1.592920353982301,282.5,-0.1785714285714285,-0.8928571428571428,2350571.4,-1.11384981465594,5.109489051094891,284.5,0.0160714285714285,1.6071428571428514,neutral,False,False,False,False,False,False,1.3727748624409402,0.42144748573881635,bearish_seed_04,bearish,4,2025-03-28,7750.TW,-0.3345323741007194,14,False
2020-05-15,5871.TW,5871,中租-KY,78,current_snapshot,91.70507049560548,92.50950622558594,88.48735046386719,90.49842834472656,69.5198745727539,5303007.0,0.0,0.0,False,False,False,,False,0.8888946965092175,2.2222240956481345,-1.3333293991389172,0.0,0.4424765762876569,-2.654867850839928,90.90064239501952,0.8888862660926115,-0.4444431330463057,5893506.0,-0.1113517293113133,3.0973444271275854,90.90064239501952,0.0044444313304627,0.4444431330462794,neutral,False,False,False,False,False,False,1.379217639759233,0.42030623146405216,bearish_seed_04,bearish,4,2025-03-28,7750.TW,-0.3345323741007194,15,False
2024-09-24,6515.TW,6515,穎崴,73,current_snapshot,1270.0,1270.0,1230.0,1260.0,1226.790771484375,630115.0,0.0,0.0,False,False,False,,False,0.0,2.380952380952381,-0.7936507936507936,0.0,1.171875,-4.296875,1280.0,-0.7936507936507936,-1.5873015873015872,651667.0,-0.0342032803535862,1.1406844106463878,1250.0,-0.0079365079365079,-0.7936507936507908,neutral,False,False,False,False,False,False,1.3972740160112112,0.4171404659296667,bearish_seed_04,bearish,4,2025-03-28,7750.TW,-0.3345323741007194,16,False
2022-03-28,6789.TW,6789,采鈺,96,current_snapshot,479.0,480.5,465.5,477.0,459.9427795410156,116907.0,0.0,0.0,False,False,False,,False,0.3144654088050315,2.410901467505241,-0.4192872117400419,0.3125,0.9375,-1.0416666666666663,480.0,-0.2096436058700209,-0.628930817610063,213834.0,-0.8290949216043522,4.901960784313726,467.0,-0.0209643605870021,-2.096436058700213,neutral,False,False,False,False,False,False,1.4152571528671232,0.4140345879166166,bearish_seed_04,bearish,4,2025-03-28,7750.TW,-0.3345323741007194,17,False
2023-09-06,6919.TW,6919,康霈*,97,current_snapshot,35.582462310791016,35.582462310791016,34.2849235534668,34.933692932128906,34.933692932128906,1179775.0,0.0,0.0,False,False,False,,False,0.0,1.8571451347058383,-1.8571451347058383,0.0,0.9845333537456712,-1.4064731479566233,35.48265075683594,0.2857171560676321,-1.5714279786382064,1475989.8,-0.251077366446992,2.407929189558596,37.82819747924805,0.0828571016738122,8.285710167381222,bullish,True,False,False,False,False,False,1.4215009091433297,0.4129670140630988,bearish_seed_04,bearish,4,2025-03-28,7750.TW,-0.3345323741007194,18,False
2022-07-27,3481.TW,3481,群創,52,current_snapshot,14.274762153625488,14.340848922729492,13.74606704711914,14.076501846313477,10.519701957702637,55478179.0,0.0,0.0,False,False,False,,False,0.4694829001234529,2.3474212755555754,-1.4084487003703587,0.4608288495338644,0.4608288495338644,-1.382493198656423,14.340848922729492,-0.4694829001234529,-1.877931600493812,43967151.4,0.2074874807985316,1.3761514955516294,14.010415077209473,-0.0046948290012345,-0.4694829001234524,neutral,False,False,False,False,False,False,1.4233549093214901,0.4126510715180336,bearish_seed_04,bearish,4,2025-03-28,7750.TW,-0.3345323741007194,19,False
2023-05-22,6805.TW,6805,富世達,93,current_snapshot,217.5,217.5,211.0,216.5,208.27137756347656,228235.0,0.0,0.0,False,False,False,,False,0.0,2.5404157043879905,-0.4618937644341801,0.4587155963302752,0.9174311926605504,-2.522935779816514,218.0,-0.23094688221709,-0.6928406466512702,159368.0,0.3017372445067584,1.6091954022988506,218.0,0.0069284064665127,0.6928406466512715,neutral,False,False,False,False,False,False,1.4620177540182664,0.4061709134176214,bearish_seed_04,bearish,4,2025-03-28,7750.TW,-0.3345323741007194,20,False
2024-05-22,3036.TW,3036,文曄,68,current_snapshot,121.0,121.0,117.0,118.0,107.77986145019533,10855943.0,0.0,0.0,False,False,False,,False,0.0,0.847457627118644,-2.5423728813559325,0.8333333333333334,0.8333333333333334,-1.25,120.0,0.847457627118644,-1.694915254237288,6588393.6,0.3931072040448259,0.0,118.5,0.0042372881355932,0.4237288135593209,neutral,False,False,False,False,False,False,0.8086218519728947,0.5529071756537567,bearish_seed_05,bearish,5,2025-03-26,7750.TW,-0.3324786324786325,1,False
2020-11-09,3533.TW,3533,嘉澤,82,current_snapshot,441.1438903808594,441.1438903808594,424.2911987304688,429.2478637695313,370.1446838378906,1233764.0,0.0,0.0,False,False,False,,False,0.0,1.1547326049649946,-2.771365361462872,0.9111602616430184,0.5694821759042232,-1.3667403924645274,435.1958923339844,1.3856791259579937,-1.3856862355048782,692021.4,0.4390974286816603,-2.2222187257295425,420.3258666992188,-0.0207851868893699,-2.078518688936992,neutral,False,False,False,False,False,False,0.8102986989739718,0.5523950277193332,bearish_seed_05,bearish,5,2025-03-26,7750.TW,-0.3324786324786325,2,False
2023-04-24,3044.TW,3044,健鼎,65,current_snapshot,117.5,117.5,113.5,114.5,96.84896087646484,3611093.0,0.0,0.0,False,False,False,,False,0.0,0.8733624454148471,-2.6200873362445414,1.2875536480686696,0.4291845493562232,0.0,116.5,0.8733624454148471,-1.7467248908296942,1870652.0,0.4819706941914816,0.0,114.5,0.0,0.0,neutral,False,False,False,False,False,False,0.825071169284202,0.5479238381658303,bearish_seed_05,bearish,5,2025-03-26,7750.TW,-0.3324786324786325,3,False
2024-06-06,2492.TW,2492,華新科,100,current_snapshot,113.5,113.5,109.5,110.5,104.6777801513672,3317183.0,0.0,0.0,False,False,False,,False,0.0,0.904977375565611,-2.7149321266968327,1.3333333333333337,0.4444444444444444,-0.4444444444444444,112.5,0.904977375565611,-1.809954751131222,2943777.8,0.1125669581690248,-3.0172413793103448,111.0,0.004524886877828,0.4524886877828038,neutral,False,False,False,False,False,False,0.8411616639161276,0.543135358289512,bearish_seed_05,bearish,5,2025-03-26,7750.TW,-0.3324786324786325,4,False
2020-09-21,1802.TW,1802,台玻,86,current_snapshot,13.399999618530272,13.399999618530272,12.850000381469728,12.949999809265137,11.70436668395996,8898929.0,0.0,0.0,False,False,False,,False,0.0,0.772196365005852,-3.4749020532276944,1.127823834988245,0.7518825566588301,-0.7518753861753509,13.300000190734863,0.772196365005852,-2.702705688221842,10958584.8,-0.231449851999044,-1.1070152774400426,11.949999809265137,-0.0772200783574178,-7.722007835741785,bearish,False,True,False,False,False,False,0.8686612574730255,0.5351424695090492,bearish_seed_05,bearish,5,2025-03-26,7750.TW,-0.3324786324786325,5,True
2023-07-13,1504.TW,1504,東元,89,current_snapshot,53.20000076293945,53.400001525878906,51.5,52.0,46.58717346191406,14371334.0,0.0,0.0,False,False,False,,False,0.3846168518066406,0.9615384615384616,-2.307693774883564,1.328274673255259,0.948766589680238,0.3795080835750213,52.70000076293945,0.9615384615384616,-1.3461553133451023,16377633.0,-0.1396042288071518,-1.5094325227557488,53.0,0.0192307692307691,1.923076923076916,neutral,False,False,False,False,False,False,0.8783279560197295,0.5323883919180172,bearish_seed_05,bearish,5,2025-03-26,7750.TW,-0.3324786324786325,6,False
2019-12-23,6515.TW,6515,穎崴,73,current_snapshot,484.0,484.0,472.0,477.0,398.691162109375,128469.0,0.0,0.0,False,False,False,,False,0.0,1.0482180293501049,-1.4675052410901468,1.455331741225855,0.8295370621810181,-0.0020810756623277,480.989990234375,0.6310293009696016,-0.836475940120545,125712.0,0.0214604301426803,-0.6160164271047228,470.989990234375,-0.0125996011857966,-1.2599601185796616,neutral,False,False,False,False,False,False,0.886374770423048,0.5301173529667887,bearish_seed_05,bearish,5,2025-03-26,7750.TW,-0.3324786324786325,7,False
2023-06-14,6531.TW,6531,愛普*,95,current_snapshot,338.5,339.0,328.5,332.0,309.7557678222656,4212236.0,0.0,0.0,False,False,False,,False,0.1506024096385542,1.0542168674698795,-1.957831325301205,1.483679525222552,0.4451038575667655,-0.741839762611276,337.0,0.4518072289156626,-1.5060240963855422,5568626.8,-0.3220120620022239,1.36986301369863,296.5,-0.1069277108433734,-10.692771084337348,bearish,False,True,False,False,False,False,0.8899661364994399,0.5291100092683043,bearish_seed_05,bearish,5,2025-03-26,7750.TW,-0.3324786324786325,8,True
2022-05-30,2347.TW,2347,聯強,99,current_snapshot,71.0999984741211,71.30000305175781,68.69999694824219,69.4000015258789,52.79104232788086,10929961.0,0.0,0.0,False,False,False,,False,0.2881910277222949,1.0086521069825778,-2.449563272139508,0.991507921764772,0.8498562140068987,0.0,70.5999984741211,0.7204610792602829,-1.7291021928792245,7107781.8,0.3496974234400287,-3.0219841832597254,69.30000305175781,-0.0014409001717933,-0.1440900171793324,neutral,False,False,False,False,False,False,0.8946492017899856,0.5278021910627264,bearish_seed_05,bearish,5,2025-03-26,7750.TW,-0.3324786324786325,9,False
2020-12-11,2376.TW,2376,技嘉,70,current_snapshot,78.69999694824219,79.0,75.9000015258789,76.9000015258789,56.82674026489258,8585966.0,0.0,0.0,False,False,False,,False,0.3901209958453037,1.300390091232278,-2.3406962115046706,1.4048511254769347,0.5108576121184791,-1.660275059636919,78.30000305175781,0.5201480995416707,-1.820548111963,11976413.6,-0.3948824861407557,1.3941678743317871,78.80000305175781,0.0247074315757913,2.470743157579136,neutral,False,False,False,False,False,False,0.9243130708941592,0.5196659603498592,bearish_seed_05,bearish,5,2025-03-26,7750.TW,-0.3324786324786325,10,False
2018-05-17,5871.TW,5871,中租-KY,78,current_snapshot,84.60838317871094,84.60838317871094,81.5456314086914,82.69416809082031,59.38030242919922,6147981.0,0.0,0.0,False,False,False,,False,0.0,1.388896833531847,-2.3148126791581056,0.9090900856099084,0.9090900856099084,0.0,84.22554016113281,0.4629625358316211,-1.8518501433264845,6534848.6,-0.0629259589448958,1.8518501433264845,82.31131744384766,-0.004629717618686,-0.4629717618686024,neutral,False,False,False,False,False,False,0.9249394010856081,0.5194968732189855,bearish_seed_05,bearish,5,2025-03-26,7750.TW,-0.3324786324786325,11,False
2022-05-27,2313.TW,2313,華通,60,current_snapshot,48.54999923706055,48.70000076293945,46.79999923706055,47.29999923706055,41.51701354980469,20958997.0,0.0,0.0,False,False,False,,False,0.3171279668042296,1.0570824694818164,-2.6427061737045414,1.0416666666666663,0.4166682561238606,-1.6666650772094729,48.0,1.1627891034501558,-1.4799170702543856,21370568.0,-0.0196369606808951,1.1446394293308066,48.400001525878906,0.0232558627179952,2.325586271799529,neutral,False,False,False,False,False,False,0.934655830619077,0.516887802043843,bearish_seed_05,bearish,5,2025-03-26,7750.TW,-0.3324786324786325,12,False
2023-11-15,3702.TW,3702,大聯大,90,current_snapshot,71.19999694824219,71.5,68.80000305175781,69.5,61.76646041870117,8664345.0,0.0,0.0,False,False,False,,False,0.431659067277428,1.0071898535858814,-2.4460387744491907,1.4144272180550117,0.424321690682534,-0.4243324819058164,70.69999694824219,0.7194244604316548,-1.7266143140175358,6973933.6,0.1950997334478255,-2.469139937011972,71.4000015258789,0.0273381514514949,2.7338151451494985,neutral,False,False,False,False,False,False,0.946212958751213,0.5138183853434259,bearish_seed_05,bearish,5,2025-03-26,7750.TW,-0.3324786324786325,13,False
2021-01-12,2409.TW,2409,友達,80,current_snapshot,17.8125,17.8125,17.1875,17.375,12.475176811218262,93574399.0,0.0,0.0,False,False,False,,False,0.0,1.079136690647482,-2.517985611510792,0.7067137809187279,1.060070671378092,0.0,17.6875,0.7194244604316548,-1.7985611510791366,137798796.6,-0.4726121468330242,-0.7142857142857143,18.375,0.0575539568345324,5.755395683453246,bullish,True,False,False,False,False,False,0.955639327743942,0.5113417314805264,bearish_seed_05,bearish,5,2025-03-26,7750.TW,-0.3324786324786325,14,False
2022-05-26,6770.TW,6770,力積電,55,current_snapshot,57.0,57.0,55.20000076293945,55.70000076293945,53.89421844482422,25743037.0,0.0,0.0,False,False,False,,False,0.0,0.8976660559270224,-2.3339303756805587,1.7667844999275475,0.5300340020286642,0.0,56.59999847412109,0.7181355842010171,-1.6157947914795416,23172960.4,0.0998357963747634,-2.0761259148426245,57.79999923706055,0.0377019469543409,3.7701946954340926,neutral,False,False,False,False,False,False,0.9626361622497513,0.5095187886753851,bearish_seed_05,bearish,5,2025-03-26,7750.TW,-0.3324786324786325,15,False
2022-04-08,6789.TW,6789,采鈺,96,current_snapshot,458.0,458.0,443.5,447.5,431.4976806640625,189476.0,0.0,0.0,False,False,False,,False,0.0,0.8938547486033519,-2.346368715083799,1.3303769401330376,0.9977827050997782,-1.5521064301552108,451.0,1.564245810055866,-0.782122905027933,152524.8,0.1950178386708607,-3.354297693920336,437.0,-0.023463687150838,-2.346368715083802,neutral,False,False,False,False,False,False,0.9671527859033693,0.5083489229540313,bearish_seed_05,bearish,5,2025-03-26,7750.TW,-0.3324786324786325,16,False
2022-11-21,1402.TW,1402,遠東新,94,current_snapshot,31.39999961853028,31.450000762939453,30.200000762939453,30.600000381469727,25.6115665435791,21044765.0,0.0,0.0,False,False,False,,False,0.1634024306727087,1.3071882795547252,-2.6143765591094503,0.9569414378269148,0.6379609585512765,-0.6379548745046749,31.350000381469727,0.1633961975073197,-2.4509803616021304,13686112.4,0.3496666558167791,-2.4729498448060805,31.799999237060547,0.0392156483866417,3.921564838664171,neutral,False,False,False,False,False,False,0.9895066612716766,0.5026371710466192,bearish_seed_05,bearish,5,2025-03-26,7750.TW,-0.3324786324786325,17,False
2021-08-11,3034.TW,3034,聯詠,58,current_snapshot,532.0,534.0,512.0,519.0,327.36346435546875,8069580.0,0.0,0.0,False,False,False,,False,0.3853564547206166,1.348747591522158,-2.5048169556840074,1.3182674199623352,1.1299435028248588,-1.694915254237288,531.0,0.1926782273603083,-2.312138728323699,10506198.2,-0.3019510556931091,-0.5545286506469501,470.5,-0.0934489402697494,-9.344894026974949,bearish,False,True,False,False,False,False,1.0051640630811562,0.49871230908825964,bearish_seed_05,bearish,5,2025-03-26,7750.TW,-0.3324786324786325,18,True
2023-05-03,1590.TW,1590,亞德客-KY,64,current_snapshot,1090.0,1090.0,1055.0,1065.0,981.4434814453124,605007.0,0.0,0.0,False,False,False,,False,0.0,0.9389671361502347,-2.3474178403755865,1.851851851851852,0.9259259259259258,-2.314814814814815,1080.0,0.9389671361502347,-1.4084507042253522,1381158.0,-1.282879371643634,-0.4484304932735426,1050.0,-0.0140845070422535,-1.4084507042253502,neutral,False,False,False,False,False,False,1.0313018304172095,0.49229513065254793,bearish_seed_05,bearish,5,2025-03-26,7750.TW,-0.3324786324786325,19,False
2020-07-09,6213.TW,6213,聯茂,81,current_snapshot,148.94338989257812,149.43333435058594,144.04393005371094,145.02381896972656,120.7782211303711,6681354.0,0.0,0.0,False,False,False,,False,0.337837233558225,0.67567446711645,-2.702708390040236,1.324500989230102,0.662250494615051,-1.3245113017670016,147.96348571777344,0.6756849886908857,-2.02702340134935,7263347.6,-0.0871071342724842,2.372877097248656,141.59420776367188,-0.0236486063490757,-2.364860634907573,neutral,False,False,False,False,False,False,1.0361693098396303,0.4911182951081609,bearish_seed_05,bearish,5,2025-03-26,7750.TW,-0.3324786324786325,20,False
2021-12-03,2404.TW,2404,漢唐,79,current_snapshot,180.5,180.5,176.0,177.0,133.72840881347656,811397.0,0.0,0.0,False,False,False,,False,0.0,0.5649717514124294,-1.977401129943503,1.11731843575419,0.8379888268156425,-0.2793296089385474,179.0,0.847457627118644,-1.1299435028248588,543727.6,0.3298870959591914,-0.5555555555555556,173.0,-0.0225988700564971,-2.259887005649719,neutral,False,False,False,False,False,False,1.036327782935965,0.49108007481890076,bearish_seed_05,bearish,5,2025-03-26,7750.TW,-0.3324786324786325,21,False
2018-09-10,2313.TW,2313,華通,60,current_snapshot,25.850000381469727,26.0,23.299999237060547,23.299999237060547,17.99515724182129,40395315.0,0.0,0.0,False,False,False,,False,0.6437752079051008,0.0,-10.944211278570323,0.5802693087687493,1.7408153048308308,-7.930364436396934,25.850000381469727,0.0,-10.944211278570323,21146493.4,0.4765112389889768,-3.7800699898622128,23.549999237060547,0.0107296140852379,1.0729614085237982,neutral,False,False,False,False,False,False,4.364257276996086,0.1864190974374717,bearish_seed_06,bearish,6,2020-03-16,6515.TW,-0.3145097919538909,1,False
2021-04-22,6805.TW,6805,富世達,93,current_snapshot,248.87371826171875,248.87371826171875,208.51580810546875,211.5052947998047,197.4964599609375,852467.0,0.0,0.0,False,False,False,,False,0.0,1.4134335015894357,-17.66784301891083,0.1515165669971427,3.48485010655964,-7.272727160238637,246.6316070556641,1.0600733225978596,-16.60776969631297,510365.0,0.4013082031327898,-4.203831468228639,218.60528564453125,0.0335688562853562,3.356885628535622,neutral,False,False,False,False,False,False,4.3666106655708745,0.18633734815447522,bearish_seed_06,bearish,6,2020-03-16,6515.TW,-0.3145097919538909,2,False
2024-12-16,6919.TW,6919,康霈*,97,current_snapshot,56.09999847412109,56.29999923706055,51.0,51.900001525878906,51.900001525878906,12207240.0,0.0,0.0,False,False,False,,False,0.3853579134091676,1.7341069352958272,-8.092479431138248,0.3533515081871089,2.826852503984876,-7.597178741486855,56.59999847412109,-0.9633911084774918,-9.05587053961574,8662300.0,0.2903965187872115,1.0581983528177796,55.0,0.0597302193252411,5.973021932524114,bullish,True,False,False,False,False,False,4.9008426552534425,0.16946732160528177,bearish_seed_06,bearish,6,2020-03-16,6515.TW,-0.3145097919538909,3,False
2018-09-10,3661.TW,3661,世芯-KY,56,current_snapshot,102.0,102.0,91.8000030517578,91.8000030517578,85.43856811523438,3362306.0,0.0,0.0,False,False,False,,False,0.0,0.0,-11.11110741738355,1.4705882352941175,1.4705882352941175,-6.862745098039216,102.0,0.0,-11.11110741738355,3394265.2,-0.0095051431963658,0.904977375565611,96.3000030517578,0.0490196062135515,4.90196062135515,neutral,False,False,False,False,False,False,4.982109382499168,0.1671651145205617,bearish_seed_06,bearish,6,2020-03-16,6515.TW,-0.3145097919538909,4,False
2021-07-13,2609.TW,2609,陽明,77,current_snapshot,202.0,204.0,176.0,176.0,83.24856567382812,543978363.0,0.0,0.0,False,False,False,,False,1.1363636363636365,0.0,-14.772727272727272,2.813299232736573,4.3478260869565215,-5.626598465473146,195.5,3.6931818181818175,-11.079545454545457,585803126.2,-0.076886813970577,2.356020942408377,188.0,0.0681818181818181,6.818181818181812,bullish,True,False,False,False,False,False,5.068040951504784,0.1647978331049356,bearish_seed_06,bearish,6,2020-03-16,6515.TW,-0.3145097919538909,5,False
2018-07-20,2492.TW,2492,華新科,100,current_snapshot,383.0,386.0,344.0,344.0,252.85006713867188,25390175.0,0.0,0.0,False,False,False,,False,0.872093023255814,0.0,-11.33720930232558,1.7015706806282722,4.18848167539267,-1.1780104712041886,382.0,0.2906976744186046,-11.046511627906977,20296529.4,0.2006148283735737,-5.658056580565805,415.0,0.2063953488372092,20.639534883720923,bullish,True,False,False,False,False,False,5.527882026120898,0.1531890429389754,bearish_seed_06,bearish,6,2020-03-16,6515.TW,-0.3145097919538909,6,False
2020-03-17,6515.TW,6515,穎崴,73,current_snapshot,251.75,251.75,229.0,229.9900054931641,192.232666015625,277938.0,0.0,0.0,False,False,False,,False,0.0,0.4304558761330557,-9.461278310844992,0.0,0.7019581514246324,-12.901958390778187,255.0,-1.413104883854007,-10.874383194698998,277353.6,0.0021026272046284,-21.134186390232017,228.9900054931641,-0.0043480150272431,-0.4348015027243135,neutral,False,False,False,False,False,False,5.636598807653909,0.15067959190884223,bearish_seed_06,bearish,6,2020-03-16,6515.TW,-0.3145097919538909,7,False
2021-05-12,1519.TW,1519,華城,66,current_snapshot,34.14725875854492,34.18482208251953,30.766340255737305,30.879037857055664,27.728307723999023,5810102.0,0.0,0.0,False,False,False,,False,0.1216466787226221,0.3649647435261934,-10.5839466780617,0.0,1.098897420097383,-6.373629586448286,34.18482208251953,-0.1216466787226221,-10.705593356784322,9087182.0,-0.5640314059890859,0.2024264034332011,29.30127716064453,-0.0510948787884796,-5.109487878847963,bearish,False,True,False,False,False,False,5.660424767341609,0.15014057435245717,bearish_seed_06,bearish,6,2020-03-16,6515.TW,-0.3145097919538909,8,True
2019-05-17,6213.TW,6213,聯茂,81,current_snapshot,98.37669372558594,99.34117126464844,88.53902435302734,88.53902435302734,68.98158264160156,12149247.0,0.0,0.0,False,False,False,,False,1.0893247876968757,0.0,-11.11111111111111,0.980392308927188,0.980392308927188,-5.882353853563128,98.37669372558594,0.0,-11.11111111111111,7622084.2,0.3726290855721346,-0.4587156629104641,89.69639587402344,0.0130718802183922,1.307188021839223,neutral,False,False,False,False,False,False,5.766269621497201,0.1477919231629327,bearish_seed_06,bearish,6,2020-03-16,6515.TW,-0.3145097919538909,9,False
2021-07-13,2615.TW,2615,萬海,59,current_snapshot,236.36363220214844,238.3399200439453,204.3478240966797,204.3478240966797,154.09396362304688,182804582.0,0.0,0.0,False,False,False,,False,0.9671195915753265,0.0,-15.667310502078868,2.787456984975494,4.181188840245128,-2.6132379809803745,226.87747192382807,4.6421635856676815,-11.025146916411186,219474174.6,-0.200594493851363,-15.773352230934137,226.0869598388672,0.1063830057319445,10.63830057319446,bullish,True,False,False,False,False,False,5.877401648464964,0.14540375146232734,bearish_seed_06,bearish,6,2020-03-16,6515.TW,-0.3145097919538909,10,False
2020-08-18,6531.TW,6531,愛普*,95,current_snapshot,182.5,182.5,166.0,166.0,149.7358856201172,7547702.0,0.0,0.0,False,False,False,,False,0.0,0.0,-9.939759036144578,0.8141112618724559,0.1356852103120759,-8.276797829036635,184.25,-1.0542168674698795,-10.993975903614457,7461404.4,0.0114336257578796,-10.508474576271183,163.0,-0.0180722891566265,-1.8072289156626509,neutral,False,False,False,False,False,False,6.035102708744692,0.14214433554139752,bearish_seed_06,bearish,6,2020-03-16,6515.TW,-0.3145097919538909,11,False
2020-03-19,6239.TW,6239,力成,76,current_snapshot,75.69999694824219,75.80000305175781,68.4000015258789,68.9000015258789,48.6755485534668,11925475.0,0.0,0.0,False,False,False,,False,0.1451467362857207,0.7256893888633653,-9.869369044656985,0.1315769396330181,0.2631538792660362,-7.631582962839227,76.0,-0.435418062574543,-10.304787107231524,8203006.4,0.3121442625975065,-18.921673983796502,75.19999694824219,0.0914367965579361,9.143679655793612,bullish,True,False,False,False,False,False,6.141205007543281,0.1400323893437727,bearish_seed_06,bearish,6,2020-03-16,6515.TW,-0.3145097919538909,12,False
2025-04-09,6415.TW,6415,矽力*-KY,92,current_snapshot,345.5,346.0,320.5,320.5,317.7125549316406,3311059.0,0.0,0.0,False,False,False,,False,0.15600624024961,0.0,-7.800312012480499,0.5617977528089888,1.4044943820224718,-5.8988764044943816,356.0,-3.2761310452418098,-11.076443057722308,2471273.0,0.2536306359989357,-13.817330210772832,426.0,0.3291731669266771,32.91731669266771,bullish,True,False,False,False,False,False,6.194292205626454,0.13899908030117653,bearish_seed_06,bearish,6,2020-03-16,6515.TW,-0.3145097919538909,13,False
2021-05-12,2618.TW,2618,長榮航,72,current_snapshot,16.5,16.700000762939453,15.25,15.25,12.4970703125,102421684.0,0.0,0.0,False,False,False,,False,1.3114804127177253,0.0,-8.19672131147541,2.958579948438384,3.5502981953434287,-3.254444714934326,16.899999618530273,-2.6229483182313014,-10.819669629706713,113732752.2,-0.1104362646488023,-2.506967932104767,13.149999618530272,-0.1377049430471952,-13.770494304719527,bearish,False,True,False,False,False,False,6.2213113329274305,0.13847900386737824,bearish_seed_06,bearish,6,2020-03-16,6515.TW,-0.3145097919538909,14,True
2024-05-10,3661.TW,3661,世芯-KY,56,current_snapshot,2660.0,2680.0,2540.0,2550.0,2481.89892578125,2734583.0,0.0,0.0,False,False,False,,False,0.7843137254901961,0.392156862745098,-4.313725490196078,0.5714285714285714,4.761904761904762,-6.666666666666667,2625.0,1.3725490196078431,-2.941176470588235,3822228.4,-0.3977372052704196,-11.21794871794872,2855.0,0.1196078431372549,11.960784313725492,bullish,True,False,False,False,False,False,6.302394945411708,0.1369413743676418,bearish_seed_06,bearish,6,2020-03-16,6515.TW,-0.3145097919538909,15,False
2022-06-17,2379.TW,2379,瑞昱,53,current_snapshot,417.0,432.0,410.0,432.0,332.5585632324219,2855536.0,0.0,0.0,False,False,False,,False,0.0,1.6203703703703702,3.4722222222222223,1.979045401629802,1.7462165308498252,-1.2805587892898718,429.5,-2.8935185185185186,0.5787037037037037,2062660.0,0.2776627575348376,-5.543237250554324,395.0,-0.0856481481481481,-8.564814814814813,bearish,False,True,False,False,False,False,1.4302352263798188,0.41148280180665575,bearish_seed_07,bearish,7,2024-07-26,6239.TW,-0.2989417989417989,1,True
2025-08-11,1326.TW,1326,台化,51,current_snapshot,26.549999237060547,28.049999237060547,26.100000381469727,28.0,27.6836166381836,20417097.0,0.0,0.0,False,False,False,,False,0.1785687037876674,1.6071387699672153,5.17857415335519,1.1194072871252967,0.7462715247501978,0.1865643227011929,26.799999237060547,-0.8928571428571428,4.285717010498047,13771182.8,0.3255073040011515,-9.15254495911679,28.64999961853028,0.0232142720903669,2.321427209036697,neutral,False,False,False,False,False,False,1.8245930792442202,0.35403329681299484,bearish_seed_07,bearish,7,2024-07-26,6239.TW,-0.2989417989417989,2,False
2022-10-17,1590.TW,1590,亞德客-KY,64,current_snapshot,676.0,696.0,667.0,696.0,641.3941040039062,355000.0,0.0,0.0,False,False,False,,False,0.0,1.293103448275862,2.8735632183908044,0.8708272859216255,1.0159651669085632,-2.0319303338171264,689.0,-1.8678160919540232,1.0057471264367817,513870.2,-0.4475216901408451,-8.133333333333333,694.0,-0.0028735632183908,-0.2873563218390829,neutral,False,False,False,False,False,False,1.8492263651794325,0.35097246474378463,bearish_seed_07,bearish,7,2024-07-26,6239.TW,-0.2989417989417989,3,False
2022-05-10,2492.TW,2492,華新科,100,current_snapshot,106.5,110.0,105.0,109.5,96.27271270751952,3209085.0,0.0,0.0,False,False,False,,False,0.45662100456621,1.36986301369863,2.73972602739726,0.9216589861751152,1.3824884792626728,-2.3041474654377883,108.5,-1.82648401826484,0.91324200913242,3444594.0,-0.0733882087884864,-7.755102040816326,106.5,-0.0273972602739726,-2.73972602739726,neutral,False,False,False,False,False,False,1.857858551524786,0.3499123493940799,bearish_seed_07,bearish,7,2024-07-26,6239.TW,-0.2989417989417989,4,False
2023-09-22,3661.TW,3661,世芯-KY,56,current_snapshot,2320.0,2500.0,2280.0,2500.0,2433.234130859375,2936716.0,0.0,0.0,False,False,False,,False,0.0,1.6,7.199999999999999,1.4830508474576272,1.4830508474576272,-1.2711864406779665,2360.0,-1.6,5.6000000000000005,2033435.2,0.3075819384645978,-6.488549618320611,2635.0,0.054,5.400000000000005,bullish,True,False,False,False,False,False,1.8872622923896762,0.34634885879119015,bearish_seed_07,bearish,7,2024-07-26,6239.TW,-0.2989417989417989,5,False
2021-03-05,6531.TW,6531,愛普*,95,current_snapshot,311.5,326.5,307.5,326.5,294.5106201171875,9662634.0,0.0,0.0,False,False,False,,False,0.0,1.2251148545176112,4.594180704441041,2.9874213836477987,0.9433962264150944,-0.3144654088050315,318.0,-1.9908116385911176,2.603369065849924,10519844.8,-0.0887139883389975,-12.668463611859837,338.0,0.0352220520673813,3.522205206738138,neutral,False,False,False,False,False,False,1.9198312829233684,0.3424855421778989,bearish_seed_07,bearish,7,2024-07-26,6239.TW,-0.2989417989417989,6,False
2021-08-18,6789.TW,6789,采鈺,96,current_snapshot,420.5,436.5,410.5,436.5,418.9236450195313,410175.0,0.0,0.0,False,False,False,,False,0.0,2.290950744558992,3.665521191294388,2.085747392815759,2.549246813441483,-1.2746234067207416,431.5,-2.520045819014891,1.145475372279496,316775.2,0.2277071981471323,-5.869797225186766,435.5,-0.0022909507445589,-0.2290950744558983,neutral,False,False,False,False,False,False,1.9651206386515085,0.3372544060988981,bearish_seed_07,bearish,7,2024-07-26,6239.TW,-0.2989417989417989,7,False
2019-01-04,3533.TW,3533,嘉澤,82,current_snapshot,195.2929077148437,200.2495880126953,191.8232421875,200.2495880126953,162.510986328125,1309199.0,0.0,0.0,False,False,False,,False,0.0,1.7326704947446794,2.4752511838063413,1.7499971716890927,0.5000068879952709,-2.249996363600262,198.2669219970703,-1.4851537582379533,0.9900974255683882,2069868.8,-0.5810192338979788,-2.3866311625525496,196.7799072265625,-0.0173267811463004,-1.7326781146300485,neutral,False,False,False,False,False,False,1.9736255084949488,0.33628982437204524,bearish_seed_07,bearish,7,2024-07-26,6239.TW,-0.2989417989417989,8,False
2018-02-09,1605.TW,1605,華新,88,current_snapshot,14.547402381896973,15.186307907104492,14.399962425231934,15.137161254882812,10.833562850952148,8845872.0,0.0,0.0,False,False,False,,False,0.3246754883173778,0.9740264649521334,3.896099559589488,1.6501594577552543,0.3300267682045629,-0.6600727489584557,14.891427993774414,-2.2727221180025987,1.6233774415868891,10631839.0,-0.2018983543962652,-8.955222237964787,16.316680908203125,0.0779221171961705,7.792211719617059,bullish,True,False,False,False,False,False,2.020965213831395,0.3310200314196043,bearish_seed_07,bearish,7,2024-07-26,6239.TW,-0.2989417989417989,9,False
2022-09-30,6515.TW,6515,穎崴,73,current_snapshot,362.0,376.0,357.5,375.0,351.5811767578125,191000.0,0.0,0.0,False,False,False,,False,0.2666666666666666,1.2,3.4666666666666663,2.585034013605442,0.4081632653061224,0.2721088435374149,367.5,-1.4666666666666666,2.0,323443.8,-0.6934230366492146,-8.491761723700888,390.0,0.04,4.000000000000004,neutral,False,False,False,False,False,False,2.0448747189443215,0.32842073724028514,bearish_seed_07,bearish,7,2024-07-26,6239.TW,-0.2989417989417989,10,False
2021-12-01,2618.TW,2618,長榮航,72,current_snapshot,24.700000762939453,25.850000381469727,24.200000762939453,25.850000381469727,21.18356132507324,139901429.0,0.0,0.0,False,False,False,,False,0.0,1.934235948245553,4.448741205259855,3.3730097158217136,1.3888903606084684,0.7936537971601397,25.200000762939453,-1.934235948245553,2.514505257014302,294890581.4,-1.1078453844813836,-10.037877487961126,26.200000762939453,0.013539666394768,1.3539666394768002,neutral,False,False,False,False,False,False,2.063393166408664,0.3264354086068355,bearish_seed_07,bearish,7,2024-07-26,6239.TW,-0.2989417989417989,11,False
2020-01-08,2409.TW,2409,友達,80,current_snapshot,12.449999809265137,12.9375,12.3125,12.9375,9.289071083068848,116149244.0,0.0,0.0,False,False,False,,False,0.0,1.0628004580880133,3.768117416308122,1.4925373134328357,0.6965143763603856,0.0,12.5625,-0.8695666916704408,2.898550724637681,60361065.0,0.4803146114321674,-1.871922685594981,12.9375,0.0,0.0,neutral,False,False,False,False,False,False,2.0651967844127634,0.32624332802553885,bearish_seed_07,bearish,7,2024-07-26,6239.TW,-0.2989417989417989,12,False
2024-11-18,3036.TW,3036,文曄,68,current_snapshot,109.5,114.5,107.5,113.5,105.39351654052734,9525048.0,0.0,0.0,False,False,False,,False,0.881057268722467,1.762114537444934,3.524229074889868,1.36986301369863,0.91324200913242,-0.45662100456621,109.5,0.0,3.524229074889868,5650930.0,0.4067294988959635,-5.982905982905983,114.0,0.0044052863436123,0.4405286343612369,neutral,False,False,False,False,False,False,2.0667685425651388,0.3260761241419183,bearish_seed_07,bearish,7,2024-07-26,6239.TW,-0.2989417989417989,13,False
2021-05-17,6415.TW,6415,矽力*-KY,92,current_snapshot,661.25,692.5,650.0,688.75,663.8055419921875,1437984.0,0.0,0.0,False,False,False,,False,0.5444646098003629,1.6333938294010888,3.992740471869329,0.9259259259259258,1.4814814814814816,-3.5185185185185186,675.0,-1.996370235934664,1.996370235934664,2338789.6,-0.6264364554821195,-14.05492730210016,743.75,0.0798548094373865,7.985480943738654,bullish,True,False,False,False,False,False,2.067176116306392,0.3260327943620783,bearish_seed_07,bearish,7,2024-07-26,6239.TW,-0.2989417989417989,14,False
2021-10-05,6805.TW,6805,富世達,93,current_snapshot,177.0,188.5,174.5,188.0,175.86166381835938,143481.0,0.0,0.0,False,False,False,,False,0.2659574468085106,1.3297872340425532,5.851063829787234,2.717391304347826,1.0869565217391304,-2.717391304347826,184.0,-3.723404255319149,2.127659574468085,180836.4,-0.2603508478474501,-7.035175879396985,204.0,0.0851063829787233,8.51063829787233,bullish,True,False,False,False,False,False,2.092538132809341,0.3233589876841953,bearish_seed_07,bearish,7,2024-07-26,6239.TW,-0.2989417989417989,15,False
2024-11-01,1519.TW,1519,華城,66,current_snapshot,447.1074523925781,461.98345947265625,439.66943359375,461.98345947265625,447.3208312988281,3242204.0,0.0,0.0,False,False,False,,False,0.0,1.6100184208582828,3.220030235943675,0.3649636266126015,0.912409066531504,-1.0948908798378048,452.8925476074219,-1.2522299437835516,1.9678002921601232,3882066.2,-0.1973540838269276,-6.655292199275073,482.6446228027344,0.04472273391273,4.472273391273007,neutral,False,False,False,False,False,False,2.1102304238626353,0.3215195865642929,bearish_seed_07,bearish,7,2024-07-26,6239.TW,-0.2989417989417989,16,False
2019-11-21,6213.TW,6213,聯茂,81,current_snapshot,126.82877349853516,130.68667602539062,123.93534088134766,130.68667602539062,105.22212982177734,5144187.0,0.0,0.0,False,False,False,,False,0.0,2.2140226572335084,2.952024371716312,0.7490638479517,1.1235898465395615,-2.9962553918068,128.75772094726562,-1.4760092668939722,1.4760151048223389,3244053.4,0.3693749080272548,-2.135231797594835,137.92025756835938,0.0553505664308378,5.53505664308378,bullish,True,False,False,False,False,False,2.140879763743735,0.31838213342113475,bearish_seed_07,bearish,7,2024-07-26,6239.TW,-0.2989417989417989,17,False
2019-05-14,2376.TW,2376,技嘉,70,current_snapshot,46.0,48.150001525878906,45.20000076293945,47.900001525878906,32.41440963745117,3851145.0,0.0,0.0,False,False,False,,False,0.5219206514324068,1.6701444918082762,3.966600136437143,1.6129032258064515,0.0,0.0,46.5,-1.0438413028648137,2.9227588335723294,3122236.4,0.1892706195170527,-7.300003051757812,44.900001525878906,-0.0626304781718888,-6.263047817188882,bearish,False,True,False,False,False,False,2.1834499641850638,0.3141246167680828,bearish_seed_07,bearish,7,2024-07-26,6239.TW,-0.2989417989417989,18,True
2020-02-03,2337.TW,2337,旺宏,67,current_snapshot,37.0,38.20000076293945,36.0,38.20000076293945,31.23454093933105,60895074.0,0.0,0.0,False,False,False,,False,0.0,2.617800994837077,3.141363191028152,1.0526355944181742,1.842107270893298,0.5263177972090871,38.0,-2.617800994837077,0.5235621961910748,58544759.4,0.0385961366924359,-7.006369426751593,40.900001525878906,0.0706806468328375,7.068064683283759,bullish,True,False,False,False,False,False,2.1880144744790133,0.3136748618945403,bearish_seed_07,bearish,7,2024-07-26,6239.TW,-0.2989417989417989,19,False
2022-09-07,3034.TW,3034,聯詠,58,current_snapshot,246.5,256.0,243.5,254.5,199.8921813964844,5373479.0,0.0,0.0,False,False,False,,False,0.5893909626719057,1.1787819253438114,3.143418467583497,1.1928429423459244,0.5964214711729622,-0.198807157057654,251.5,-1.9646365422396856,1.1787819253438114,4259929.8,0.2072305856224617,-2.509652509652509,263.0,0.0333988212180746,3.339882121807469,neutral,False,False,False,False,False,False,2.2318325248812965,0.3094219741589888,bearish_seed_07,bearish,7,2024-07-26,6239.TW,-0.2989417989417989,20,False
2018-10-04,6213.TW,6213,聯茂,81,current_snapshot,54.9752082824707,55.0716552734375,52.17822647094727,52.66046524047852,41.028263092041016,4657496.0,0.0,0.0,False,False,False,,False,0.1831487635484484,0.915751061691281,-4.395599300958917,0.3496545564828293,0.1748307355807514,-3.146849520273423,55.16810607910156,-0.3663047710459357,-4.761904072004854,2519983.6,0.4589402545917377,-3.8897850225750688,45.81267547607422,-0.1300366362722639,-13.003663627226391,bearish,False,True,False,False,False,False,0.7293365353642569,0.5782564466489839,bearish_seed_08,bearish,8,2020-03-12,6515.TW,-0.2923384446364182,1,True
2024-07-22,2492.TW,2492,華新科,100,current_snapshot,120.0,121.0,114.0,115.0,110.9666976928711,4431461.0,0.0,0.0,False,False,False,,False,0.8695652173913043,0.8695652173913043,-4.3478260869565215,0.8333333333333334,0.0,-3.333333333333333,120.0,0.0,-4.3478260869565215,8076557.2,-0.8225495384027977,-0.7874015748031495,111.0,-0.0347826086956521,-3.4782608695652195,neutral,False,False,False,False,False,False,0.8729548942305427,0.5339156874948797,bearish_seed_08,bearish,8,2020-03-12,6515.TW,-0.2923384446364182,2,False
2021-05-04,1504.TW,1504,東元,89,current_snapshot,34.0,34.0,32.29999923706055,32.599998474121094,26.153728485107425,4987048.0,0.0,0.0,False,False,False,,False,0.0,0.9202431015409273,-4.2944834092255295,0.1468406407660853,0.0,-2.790016987446677,34.04999923706055,-0.1533719000025041,-4.447855309228034,3766217.8,0.2448001703613039,0.5763710620809536,32.79999923706055,0.0061349930153591,0.6134993015359136,neutral,False,False,False,False,False,False,0.9020890668352817,0.5257377361743695,bearish_seed_08,bearish,8,2020-03-12,6515.TW,-0.2923384446364182,3,False
2024-10-29,6239.TW,6239,力成,76,current_snapshot,132.0,132.0,125.0,126.0,117.34375,7007713.0,0.0,0.0,False,False,False,,False,0.0,0.7936507936507936,-4.761904761904762,0.7575757575757576,0.3787878787878788,-2.272727272727273,132.0,0.0,-4.761904761904762,3310138.8,0.5276434979571795,0.7462686567164178,124.5,-0.0119047619047618,-1.1904761904761862,neutral,False,False,False,False,False,False,0.9067108509194872,0.5244633707925681,bearish_seed_08,bearish,8,2020-03-12,6515.TW,-0.2923384446364182,4,False
2018-09-07,2376.TW,2376,技嘉,70,current_snapshot,51.70000076293945,51.70000076293945,49.400001525878906,49.70000076293945,33.63248443603516,6043800.0,0.0,0.0,False,False,False,,False,0.0,0.6036201860267411,-4.02414480744107,0.3868486653540271,0.193428021939305,-1.5473872828915258,51.70000076293945,0.0,-4.02414480744107,3904336.2,0.3539931500049637,-1.3207561564895345,49.20000076293945,-0.0100603620186027,-1.006036201860272,neutral,False,False,False,False,False,False,0.9158815778553202,0.5219529283847606,bearish_seed_08,bearish,8,2020-03-12,6515.TW,-0.2923384446364182,5,False
2019-05-13,6531.TW,6531,愛普*,95,current_snapshot,19.875,19.875,18.75,18.850000381469727,16.759416580200195,543938.0,0.0,0.0,False,False,False,,False,0.0,0.5305059917560042,-5.437663648738635,0.8804993059650157,0.0,-1.8867924528301887,19.875,0.0,-5.437663648738635,285221.6,0.47563582614195,-3.456497584191822,18.575000762939453,-0.0145888388840887,-1.4588838884088795,neutral,False,False,False,False,False,False,0.9200565849021387,0.5208179841486119,bearish_seed_08,bearish,8,2020-03-12,6515.TW,-0.2923384446364182,6,False
2024-12-16,5871.TW,5871,中租-KY,78,current_snapshot,113.89849853515624,114.37908172607422,109.09265899658205,109.5732421875,99.04753875732422,17204692.0,0.0,0.0,False,False,False,,False,0.4385953918344429,0.4385953918344429,-3.947365489336293,0.4219398825258706,0.4219398825258706,-1.6877662285188515,113.89849853515624,0.0,-3.947365489336293,12239766.8,0.2885797199973123,-2.0325216630931235,107.6509017944336,-0.0175438853016407,-1.754388530164075,neutral,False,False,False,False,False,False,0.9847913532156299,0.5038312961107297,bearish_seed_08,bearish,8,2020-03-12,6515.TW,-0.2923384446364182,7,False
2020-07-17,3532.TW,3532,台勝科,98,current_snapshot,133.0,133.5,128.0,128.5,112.95205688476562,1222566.0,0.0,0.0,False,False,False,,False,0.3891050583657587,0.3891050583657587,-3.501945525291829,0.3759398496240601,0.0,-1.8796992481203008,133.0,0.0,-3.501945525291829,1317313.6,-0.0774989652910354,-0.3717472118959107,133.5,0.0389105058365759,3.891050583657596,neutral,False,False,False,False,False,False,0.9893188139776098,0.5026846340434075,bearish_seed_08,bearish,8,2020-03-12,6515.TW,-0.2923384446364182,8,False
2018-04-17,3481.TW,3481,群創,52,current_snapshot,15.860847473144531,15.926934242248535,15.19997787475586,15.266064643859863,9.328601837158203,106210977.0,0.0,0.0,False,False,False,,False,0.4328998379460194,0.4328998379460194,-3.896111035556858,0.0,0.0,-3.750000601275763,15.860847473144531,0.0,-3.896111035556858,55379596.0,0.4785887714788651,-3.461539016562243,15.530412673950195,0.0173160559880543,1.7316055988054302,neutral,False,False,False,False,False,False,0.9922760404402677,0.5019384762459989,bearish_seed_08,bearish,8,2020-03-12,6515.TW,-0.2923384446364182,9,False
2019-07-22,2207.TW,2207,和泰車,63,current_snapshot,469.60784912109375,469.60784912109375,450.9803771972656,452.4509887695313,373.59130859375,497852.0,0.0,0.0,False,False,False,,False,0.0,0.3250322374728465,-3.7919820659960655,0.0,0.0,-2.922756595839255,469.60784912109375,0.0,-3.7919820659960655,284886.6,0.427768493447852,-1.4084542327688905,451.4705810546875,-0.0021668815831524,-0.216688158315248,neutral,False,False,False,False,False,False,1.0215311904410267,0.4946745341989184,bearish_seed_08,bearish,8,2020-03-12,6515.TW,-0.2923384446364182,10,False
2018-04-17,2409.TW,2409,友達,80,current_snapshot,16.3125,16.375,15.6875,15.75,9.502641677856444,90823041.0,0.0,0.0,False,False,False,,False,0.3968253968253968,0.3968253968253968,-3.571428571428571,0.381679389312977,0.381679389312977,-1.9083969465648856,16.375,-0.3968253968253968,-3.968253968253968,38133470.8,0.5801343978341356,-2.197802197802198,15.8125,0.0039682539682539,0.3968253968253954,neutral,False,False,False,False,False,False,1.0297075662303805,0.49268181123117305,bearish_seed_08,bearish,8,2020-03-12,6515.TW,-0.2923384446364182,11,False
2018-05-02,1590.TW,1590,亞德客-KY,64,current_snapshot,512.9974365234375,515.9627075195312,486.3096923828125,487.2981262207031,417.59564208984375,827862.0,0.0,0.0,False,False,False,,False,0.6085127022940251,0.2028396549677992,-5.2738372917721525,0.5814010539988316,0.1937983568455474,-3.875967136910949,510.0321044921875,0.6085252275127702,-4.665312064259383,702134.8,0.1518697560704561,-3.811255949956821,494.2171630859375,0.0141987758477459,1.419877584774598,neutral,False,False,False,False,False,False,1.048470441997176,0.48816911364610194,bearish_seed_08,bearish,8,2020-03-12,6515.TW,-0.2923384446364182,12,False
2018-09-20,3533.TW,3533,嘉澤,82,current_snapshot,202.53309631347656,203.0211181640625,193.7485198974609,195.21261596679688,158.4232940673828,1618497.0,0.0,0.0,False,False,False,,False,0.2499950365241474,0.7500007425672535,-3.7500037128362673,0.485434830220369,0.0,-2.427181739934059,201.06900024414065,0.7500007425672535,-3.000002970269014,1286389.8,0.2051948196382198,-3.9534898770541305,195.70065307617188,0.0025000285302154,0.250002853021547,neutral,False,False,False,False,False,False,1.0650250221521511,0.48425563335683397,bearish_seed_08,bearish,8,2020-03-12,6515.TW,-0.2923384446364182,13,False
2020-02-27,6139.TW,6139,亞翔,85,current_snapshot,29.74591827392578,29.8452377319336,28.35545921325684,28.405118942260746,21.610395431518555,1485508.0,0.0,0.0,False,False,False,,False,0.3496533783565553,0.1748266891782776,-4.720273604171452,0.8347254079849555,0.1669399518884637,-1.8363971799940344,29.74591827392578,0.0,-4.720273604171452,1102691.0,0.2577010692638478,1.6393459138378457,28.405118942260746,0.0,0.0,neutral,False,False,False,False,False,False,1.077917896792673,0.48125096835805165,bearish_seed_08,bearish,8,2020-03-12,6515.TW,-0.2923384446364182,14,False
2020-03-12,2609.TW,2609,陽明,77,current_snapshot,6.5,6.510000228881836,6.139999866485596,6.190000057220459,2.927889823913574,4632502.0,0.0,0.0,False,False,False,,False,0.1615545846428701,0.8077575165211749,-5.008076573730155,0.1526752456584888,0.0,-1.984727233865542,6.550000190734863,-0.8077575165211749,-5.815834090251331,2391055.6,0.483852224996341,-2.2123907186674217,4.949999809265137,-0.200323139982672,-20.0323139982672,bearish,False,True,False,False,False,False,1.0895057199103004,0.47858208305978156,bearish_seed_08,bearish,8,2020-03-12,6515.TW,-0.2923384446364182,15,True
2024-01-09,6515.TW,6515,穎崴,73,current_snapshot,797.0,799.0,758.0,762.0,733.5802001953125,1095694.0,0.0,0.0,False,False,False,,False,0.2624671916010498,0.5249343832020997,-4.593175853018373,0.8860759493670887,0.0,-1.5189873417721518,790.0,0.9186351706036744,-3.674540682414698,532941.8,0.5136034330752929,-2.592592592592593,757.0,-0.0065616797900261,-0.6561679790026198,neutral,False,False,False,False,False,False,1.094016949908928,0.47755105327274994,bearish_seed_08,bearish,8,2020-03-12,6515.TW,-0.2923384446364182,16,False
2024-12-12,1326.TW,1326,台化,51,current_snapshot,32.45000076293945,32.54999923706055,31.14999961853028,31.200000762939453,30.173933029174805,19139679.0,0.0,0.0,False,False,False,,False,0.3205079220378601,0.1602600743156806,-4.006410158440757,0.3091143086176314,0.0,-1.8547212275708167,32.349998474121094,0.3205201486313612,-3.685890009809396,13347462.4,0.3026287222476406,-4.329004138368366,29.549999237060547,-0.052884662997792,-5.288466299779204,bearish,False,True,False,False,False,False,1.0981271612795513,0.47661553525199396,bearish_seed_08,bearish,8,2020-03-12,6515.TW,-0.2923384446364182,17,True
2024-11-28,1605.TW,1605,華新,88,current_snapshot,27.5,27.5,26.39999961853028,26.549999237060547,25.53827857971192,24094189.0,0.0,0.0,False,False,False,,False,0.0,0.5649703308499245,-3.578157402028729,0.0,0.0,-3.636363636363636,27.5,0.0,-3.578157402028729,14782955.0,0.3864514385605591,-0.5190298287550695,25.89999961853028,-0.0244820955634134,-2.448209556341341,neutral,False,False,False,False,False,False,1.100126992830364,0.4761616813716056,bearish_seed_08,bearish,8,2020-03-12,6515.TW,-0.2923384446364182,18,False
2020-03-12,1802.TW,1802,台玻,86,current_snapshot,9.470000267028809,9.470000267028809,8.90999984741211,8.949999809265137,8.089118003845215,3881154.0,0.0,0.0,False,False,False,,False,0.0,0.4469269576030488,-5.810061104418816,0.2105210956774259,0.0,-3.157896744577508,9.5,-0.3351925543074912,-6.145253658726307,2253158.8,0.4194616343489591,-3.3830860311956825,7.409999847412109,-0.1720670385108614,-17.206703851086147,bearish,False,True,False,False,False,False,1.10744127614656,0.474509069988651,bearish_seed_08,bearish,8,2020-03-12,6515.TW,-0.2923384446364182,19,True
2024-05-28,3044.TW,3044,健鼎,65,current_snapshot,218.5,220.0,210.5,211.0,189.9796600341797,8766677.0,0.0,0.0,False,False,False,,False,0.7109004739336493,0.2369668246445497,-3.5545023696682465,0.2293577981651376,0.0,-3.211009174311927,218.0,0.2369668246445497,-3.3175355450236967,6090266.8,0.3052935793117506,-0.6651884700665188,212.0,0.0047393364928909,0.4739336492890933,neutral,False,False,False,False,False,False,1.1391216479738036,0.4674815950496361,bearish_seed_08,bearish,8,2020-03-12,6515.TW,-0.2923384446364182,20,False
2022-10-20,1519.TW,1519,華城,66,current_snapshot,30.540945053100582,30.540945053100582,29.07588195800781,29.30127716064453,27.839879989624023,4441939.0,0.0,0.0,False,False,False,,False,0.0,0.7692333730061915,-4.230764023218386,0.0,0.4920045282827505,-2.337029315865708,30.540945053100582,0.0,-4.230764023218386,4120840.4,0.072287935516449,-3.301890012122202,28.88805389404297,-0.0141025684421898,-1.4102568442189822,neutral,False,False,False,False,False,False,1.1392650480730586,0.4674502586300605,bearish_seed_08,bearish,8,2020-03-12,6515.TW,-0.2923384446364182,21,False
2022-03-25,2615.TW,2615,萬海,59,current_snapshot,138.2608642578125,138.69564819335938,133.04347229003906,133.47825622558594,101.18035125732422,27136481.0,0.0,0.0,False,False,False,,False,0.3257339044136635,0.3257339044136635,-3.583061516883828,0.9374919116495498,0.0,-1.8750057578087949,139.13043212890625,-0.6514678088273271,-4.234529325711155,14348942.2,0.471230547542255,0.9287953953340098,139.13043212890625,0.0423452932571115,4.234529325711156,neutral,False,False,False,False,False,False,1.1465274205538076,0.46586872845164884,bearish_seed_08,bearish,8,2020-03-12,6515.TW,-0.2923384446364182,22,False
2021-05-03,6789.TW,6789,采鈺,96,current_snapshot,476.5,478.5,390.5,405.5,389.1719665527344,2486036.0,0.0,0.0,False,False,False,,False,0.4932182490752158,3.699136868064119,-17.50924784217016,0.9355509355509356,0.7276507276507277,-1.8711018711018712,481.0,-1.1097410604192357,-18.6189889025894,1031742.0,0.5849850927339749,-5.533980582524272,392.0,-0.033292231812577,-3.329223181257701,neutral,False,False,False,False,False,False,3.771229769728412,0.20958957087847854,bearish_seed_09,bearish,9,2020-03-13,6515.TW,-0.2819866449926418,1,False
2020-02-03,6515.TW,6515,穎崴,73,current_snapshot,360.0,360.0,318.0,328.0,274.15240478515625,237844.0,0.0,0.0,False,False,False,,False,0.0,3.048780487804878,-9.75609756097561,0.0,1.6621605125633443,1.0810810810810811,370.0,-3.048780487804878,-12.804878048780488,160639.8,0.3246001580868132,-6.887755102040815,339.510009765625,0.0350914931878811,3.5091493187881184,neutral,False,False,False,False,False,False,4.016421052029259,0.19934530806489553,bearish_seed_09,bearish,9,2020-03-13,6515.TW,-0.2819866449926418,2,False
2020-08-20,2313.TW,2313,華通,60,current_snapshot,47.29999923706055,48.0,43.0,44.04999923706055,35.9429817199707,49140955.0,0.0,0.0,False,False,False,,False,1.5891050512221625,2.3836532468703244,-7.377979696457475,0.524109006292171,0.2096484008781321,-3.0398338359483468,47.70000076293945,-0.9080625035343324,-8.286042199991808,31298542.4,0.3630864031844721,-6.380949474516369,45.04999923706055,0.0227014759890999,2.2701475989099995,neutral,False,False,False,False,False,False,4.041142871269117,0.19836771651509416,bearish_seed_09,bearish,9,2020-03-13,6515.TW,-0.2819866449926418,3,False
2021-05-12,6139.TW,6139,亞翔,85,current_snapshot,28.554096221923828,28.554096221923828,25.7235164642334,26.418746948242188,21.05628204345703,2016894.0,0.0,0.0,False,False,False,,False,0.0,2.6315800873176816,-8.08270459558537,0.347829107375337,1.2173885162689195,-4.521738317245102,28.554096221923828,0.0,-8.08270459558537,1873066.0,0.07131163065585,-8.384148733438302,25.2269229888916,-0.0451128118107011,-4.511281181070115,neutral,False,False,False,False,False,False,4.2237115184517755,0.19143476749580995,bearish_seed_09,bearish,9,2020-03-13,6515.TW,-0.2819866449926418,4,False
2018-10-05,6415.TW,6415,矽力*-KY,92,current_snapshot,129.5,129.5,117.0,120.375,114.35757446289062,2287764.0,0.0,0.0,False,False,False,,False,0.0,2.803738317757009,-7.580477673935618,0.0,0.3846153846153846,-4.807692307692308,130.0,-0.4153686396677051,-7.995846313603323,780776.0,0.6587165459374306,1.107011070110701,109.75,-0.0882658359293873,-8.82658359293873,bearish,False,True,False,False,False,False,4.281091213042957,0.18935480559969378,bearish_seed_09,bearish,9,2020-03-13,6515.TW,-0.2819866449926418,5,True
2018-08-20,3532.TW,3532,台勝科,98,current_snapshot,232.0,236.0,213.0,219.0,173.54013061523438,6339659.0,0.0,0.0,False,False,False,,False,1.82648401826484,2.73972602739726,-5.93607305936073,0.847457627118644,0.847457627118644,-4.23728813559322,236.0,-1.82648401826484,-7.76255707762557,3554101.8,0.4393859669739335,-6.8181818181818175,221.0,0.0091324200913243,0.9132420091324313,neutral,False,False,False,False,False,False,4.290287448822913,0.18902564551998013,bearish_seed_09,bearish,9,2020-03-13,6515.TW,-0.2819866449926418,6,False
2018-09-10,6213.TW,6213,聯茂,81,current_snapshot,62.7874755859375,63.17326736450195,56.9041633605957,58.8331184387207,45.83742904663086,6048974.0,0.0,0.0,False,False,False,,False,0.6557391292563991,3.278689162353612,-6.721311486039226,0.916023454132676,1.2213766824453838,-2.5954239405795465,63.17326736450195,-0.6557391292563991,-7.377050615295626,3203600.6,0.4703894247189688,0.595233470752855,58.35087966918945,-0.008196722905884,-0.8196722905884024,neutral,False,False,False,False,False,False,4.377939219242555,0.18594483113939747,bearish_seed_09,bearish,9,2020-03-13,6515.TW,-0.2819866449926418,7,False
2021-05-12,2337.TW,2337,旺宏,67,current_snapshot,39.400001525878906,39.900001525878906,35.75,36.84999847412109,31.27345848083496,73016015.0,0.0,0.0,False,False,False,,False,1.356852159305077,2.985070609686992,-6.919954294024248,1.259445819625166,1.7632260692370425,-2.26699671003987,39.70000076293945,-0.8141092251909574,-7.734063519215205,59366287.0,0.1869415634364598,-6.476401344347912,34.900001525878906,-0.0529171513972143,-5.291715139721431,bearish,False,True,False,False,False,False,4.416442139270312,0.18462303746398318,bearish_seed_09,bearish,9,2020-03-13,6515.TW,-0.2819866449926418,8,True
2018-08-15,6531.TW,6531,愛普*,95,current_snapshot,37.29594421386719,37.29594421386719,33.62826919555664,34.77144241333008,30.204389572143555,1477994.0,0.0,0.0,False,False,False,,False,0.0,3.287678446538034,-7.260273446606602,0.0,0.6377514277186106,-1.5306156846889605,37.34357452392578,-0.1369811165507878,-7.397254563157389,575511.0,0.6106134395674137,-1.7073111417068247,31.15140151977539,-0.1041095980581725,-10.410959805817257,bearish,False,True,False,False,False,False,4.470753687966314,0.1827901706120748,bearish_seed_09,bearish,9,2020-03-13,6515.TW,-0.2819866449926418,9,True
2020-08-20,2492.TW,2492,華新科,100,current_snapshot,175.0,175.5,158.5,161.5,137.4742889404297,17196963.0,0.0,0.0,False,False,False,,False,0.3095975232198142,1.8575851393188847,-8.359133126934983,0.2840909090909091,0.5681818181818182,-4.829545454545454,176.0,-0.6191950464396285,-8.978328173374612,10104151.8,0.4124455696043539,2.793296089385475,163.5,0.0123839009287924,1.238390092879249,neutral,False,False,False,False,False,False,4.497683637930008,0.181894788034133,bearish_seed_09,bearish,9,2020-03-13,6515.TW,-0.2819866449926418,10,False
2021-05-12,1326.TW,1326,台化,51,current_snapshot,89.0,89.9000015258789,80.69999694824219,83.5999984741211,70.90473937988281,14100453.0,0.0,0.0,False,False,False,,False,1.0765568687869145,3.4689014100599778,-6.459332086651306,0.5611672374441442,0.4489355025018163,-2.693604452278393,89.0999984741211,-0.1196154018496171,-6.578947488500924,10254981.4,0.2727197204231665,1.4396405076732444,80.9000015258789,-0.0322966148029055,-3.2296614802905577,neutral,False,False,False,False,False,False,4.533251583727287,0.1807255616102646,bearish_seed_09,bearish,9,2020-03-13,6515.TW,-0.2819866449926418,11,False
2021-05-12,2207.TW,2207,和泰車,63,current_snapshot,567.6470336914062,580.3921508789062,515.686279296875,531.37255859375,447.1260070800781,716872.0,0.0,0.0,False,False,False,,False,2.398527545575423,2.952030367994148,-6.826561611245935,0.6872854071629322,0.5154720780341868,-2.2336695506175417,570.5882568359375,-0.553514308739436,-7.380075919985371,373152.8,0.4794708120836077,2.027027666525224,507.8431396484375,-0.0442804555199122,-4.428045551991222,neutral,False,False,False,False,False,False,4.554462244408991,0.18003543025368113,bearish_seed_09,bearish,9,2020-03-13,6515.TW,-0.2819866449926418,12,False
2020-03-12,1605.TW,1605,華新,88,current_snapshot,12.72897720336914,12.72897720336914,11.647750854492188,11.893484115600586,9.591788291931152,32112244.0,0.0,0.0,False,False,False,,False,0.0,2.0661166965033577,-7.024796768111417,0.3816795871929442,0.3816795871929442,-3.4351162847364973,12.876416206359863,-1.2396619994415945,-8.26445876755301,17187041.0,0.4647823116939445,-5.594401466559131,10.71396541595459,-0.0991735212475569,-9.917352124755697,bearish,False,True,False,False,False,False,4.601342765242955,0.17852862106656414,bearish_seed_09,bearish,9,2020-03-13,6515.TW,-0.2819866449926418,13,True
2022-07-01,2376.TW,2376,技嘉,70,current_snapshot,87.5,88.0,80.0999984741211,81.5,63.01424026489258,21145248.0,0.0,0.0,False,False,False,,False,0.6134969325153374,1.7177932832870015,-7.361963190184049,0.0,0.7891735877405345,-3.156711553656149,88.69999694824219,-1.4723888935486964,-8.834352083732746,7709637.8,0.6353961987109349,-0.1085759780432483,86.0,0.0552147239263802,5.521472392638027,bullish,True,False,False,False,False,False,4.628539932372666,0.17766596879742808,bearish_seed_09,bearish,9,2020-03-13,6515.TW,-0.2819866449926418,14,False
2021-12-14,6805.TW,6805,富世達,93,current_snapshot,283.0,285.0,254.5,262.0,245.0838165283203,776290.0,0.0,0.0,False,False,False,,False,0.7633587786259541,2.862595419847328,-8.015267175572518,0.7117437722419928,0.0,-1.7793594306049825,281.0,0.7633587786259541,-7.251908396946565,478704.0,0.3833438534568267,1.0619469026548671,277.5,0.0591603053435114,5.916030534351147,bullish,True,False,False,False,False,False,4.6318085582260045,0.17756285386145934,bearish_seed_09,bearish,9,2020-03-13,6515.TW,-0.2819866449926418,15,False
2021-05-12,2449.TW,2449,京元電子,57,current_snapshot,43.33333206176758,43.66666412353516,39.28571319580078,40.904762268066406,31.9320068359375,29548445.0,0.0,0.0,False,False,False,,False,0.8148979318914276,3.95809432079156,-5.937132155385026,0.9825378017050376,1.528378531897103,-2.401746438466633,43.61904525756836,-0.6984839416212236,-6.63561609700625,21093289.2,0.286145541668944,-3.061221153325825,37.57142639160156,-0.0814901662212352,-8.14901662212353,bearish,False,True,False,False,False,False,4.652791481022524,0.17690374806096892,bearish_seed_09,bearish,9,2020-03-13,6515.TW,-0.2819866449926418,16,True
2022-04-22,3661.TW,3661,世芯-KY,56,current_snapshot,922.0,927.0,847.0,859.0,821.2756958007812,4596195.0,0.0,0.0,False,False,False,,False,0.5820721769499418,1.3969732246798603,-7.334109429569266,0.4259850905218317,0.1064962726304579,-3.62087326943557,939.0,-1.979045401629802,-9.31315483119907,2719931.8,0.4082209740883492,-2.4390243902439024,849.0,-0.0116414435389988,-1.1641443538998877,neutral,False,False,False,False,False,False,4.802389683195675,0.1723427854037629,bearish_seed_09,bearish,9,2020-03-13,6515.TW,-0.2819866449926418,17,False
2021-05-12,1402.TW,1402,遠東新,94,current_snapshot,32.75,33.0,29.5,30.64999961853028,23.382184982299805,33951301.0,0.0,0.0,False,False,False,,False,0.815660695306684,3.752037953811296,-6.851551085175594,1.3740364831822518,1.679386983390983,-3.5114550408516223,32.75,0.0,-6.851551085175594,22920488.0,0.3249010398747312,4.791354327258354,29.64999961853028,-0.0326264278122673,-3.262642781226732,neutral,False,False,False,False,False,False,4.886385677770529,0.1698835337576369,bearish_seed_09,bearish,9,2020-03-13,6515.TW,-0.2819866449926418,18,False
2023-10-13,6919.TW,6919,康霈*,97,current_snapshot,43.6671142578125,44.11626434326172,39.87431335449219,41.07204055786133,41.07204055786133,11323832.0,0.0,0.0,False,False,False,,False,1.0935665220150594,2.9161619123398816,-6.31834616615966,0.4545413483310813,1.136366400161772,-0.4545500345537939,43.91664123535156,-0.607534892714996,-6.925881058874656,3297127.8,0.7088328579936545,0.3397499474321208,40.323463439941406,-0.0182259539032482,-1.822595390324821,neutral,False,False,False,False,False,False,4.8990074585280174,0.1695200433344647,bearish_seed_09,bearish,9,2020-03-13,6515.TW,-0.2819866449926418,19,False
2020-04-21,2618.TW,2618,長榮航,72,current_snapshot,10.149999618530272,10.300000190734863,10.0,10.0,8.015874862670898,22662337.0,0.0,0.0,False,False,False,,False,1.5000057220458984,0.0,-1.4999961853027344,0.980395915094935,1.960782480441495,0.0,10.199999809265137,-0.5000019073486328,-1.9999980926513672,25777727.2,-0.1374699440750527,0.4878067388767149,9.899999618530272,-0.0100000381469728,-1.0000038146972812,neutral,False,False,False,False,False,False,0.6470441928070946,0.6071482504034561,bearish_seed_10,bearish,10,2021-04-08,3661.TW,-0.270509977827051,1,False
2019-08-20,2207.TW,2207,和泰車,63,current_snapshot,423.5294189453125,428.4313659667969,419.60784912109375,421.0784301757813,347.6868591308594,302337.0,0.0,0.0,False,False,False,,False,1.1641410887368495,0.3492416018729809,-0.5820741681087945,1.3729981517702423,1.9450753726857328,0.1144182934215571,428.4313659667969,-1.1641410887368495,-1.7462152568456444,426456.0,-0.4105319560622749,-0.3452227223148578,421.5686340332031,0.0011641628311789,0.1164162831178927,neutral,False,False,False,False,False,False,0.9211962529313328,0.5205090310134713,bearish_seed_10,bearish,10,2021-04-08,3661.TW,-0.270509977827051,2,False
2020-11-12,3532.TW,3532,台勝科,98,current_snapshot,118.5,120.5,116.0,116.5,102.40402221679688,1105050.0,0.0,0.0,False,False,False,,False,1.7167381974248928,0.4291845493562232,-1.7167381974248928,1.2552301255230125,2.092050209205021,0.8368200836820083,119.5,-0.8583690987124464,-2.575107296137339,1465598.4,-0.3262733812949639,3.056768558951965,116.0,-0.0042918454935622,-0.4291845493562207,neutral,False,False,False,False,False,False,0.9542334385038516,0.5117095943080339,bearish_seed_10,bearish,10,2021-04-08,3661.TW,-0.270509977827051,3,False
2021-05-24,6239.TW,6239,力成,76,current_snapshot,101.0,102.5,99.9000015258789,100.0,73.85786437988281,2552942.0,0.0,0.0,False,False,False,,False,1.5,0.0999984741210937,-1.0,0.9803921568627452,1.4705882352941175,-0.9803921568627452,102.0,-1.0,-2.0,3409074.0,-0.3353511360618455,5.046345626035046,105.0,0.05,5.000000000000004,bullish,True,False,False,False,False,False,1.0101086629615552,0.4974855431579849,bearish_seed_10,bearish,10,2021-04-08,3661.TW,-0.270509977827051,4,False
2019-05-20,3533.TW,3533,嘉澤,82,current_snapshot,216.1109313964844,219.5806121826172,212.64126586914065,213.13693237304688,172.96963500976562,779413.0,0.0,0.0,False,False,False,,False,1.6279115719184414,0.2325577732528778,-1.3953466395172671,1.146794270102632,1.8348595351593155,0.0,216.1109313964844,0.0,-1.3953466395172671,1644185.2,-1.1095172905763695,-1.6129007088767702,215.61526489257807,0.0116278886626435,1.1627888662643526,neutral,False,False,False,False,False,False,1.0157363656885818,0.49609662107693175,bearish_seed_10,bearish,10,2021-04-08,3661.TW,-0.270509977827051,5,False
2023-12-15,2376.TW,2376,技嘉,70,current_snapshot,258.0,261.5,253.5,254.0,230.5488739013672,19828255.0,0.0,0.0,False,False,False,,False,1.3779527559055118,0.1968503937007873,-1.574803149606299,1.3592233009708738,1.3592233009708738,0.5825242718446602,257.5,0.1968503937007873,-1.3779527559055118,20271343.4,-0.0223463133795686,2.6694045174537986,261.5,0.029527559055118,2.952755905511806,neutral,False,False,False,False,False,False,1.0459534205029934,0.48876968066758436,bearish_seed_10,bearish,10,2021-04-08,3661.TW,-0.270509977827051,6,False
2018-10-22,2449.TW,2449,京元電子,57,current_snapshot,18.0476188659668,18.238094329833984,17.904760360717773,17.904760360717773,12.77195644378662,2434765.0,0.0,0.0,False,False,False,,False,1.0638258207860851,0.0,-0.7978800183355064,1.0554049555333618,1.583118001722653,-0.2638512388833404,18.0476188659668,0.0,-0.7978800183355064,2538152.8,-0.0424631535281638,1.0498647930074614,17.333332061767578,-0.031914881151042,-3.191488115104202,neutral,False,False,False,False,False,False,1.04805417902525,0.4882683330554954,bearish_seed_10,bearish,10,2021-04-08,3661.TW,-0.270509977827051,7,False
2021-12-10,3661.TW,3661,世芯-KY,56,current_snapshot,989.0,1005.0,979.0,979.0,936.0056762695312,676672.0,0.0,0.0,False,False,False,,False,1.634320735444331,0.0,-1.0214504596527068,1.0070493454179257,1.812688821752266,-1.7119838872104731,993.0,-0.4085801838610827,-1.4300306435137895,1175722.8,-0.7375076846684953,0.101010101010101,984.0,0.0051072522982635,0.5107252298263587,neutral,False,False,False,False,False,False,1.0604147618843285,0.48533917466474635,bearish_seed_10,bearish,10,2021-04-08,3661.TW,-0.270509977827051,8,False
2025-07-03,3036.TW,3036,文曄,68,current_snapshot,131.0,133.5,129.5,130.0,126.39376068115234,7245493.0,0.0,0.0,False,False,False,,False,1.9230769230769231,0.3846153846153846,-0.7692307692307693,1.1406844106463878,1.520912547528517,0.3802281368821292,131.5,-0.3846153846153846,-1.153846153846154,19567610.8,-1.700659679058416,4.3478260869565215,129.0,-0.0076923076923076,-0.7692307692307665,neutral,False,False,False,False,False,False,1.1514447387108102,0.46480394406933284,bearish_seed_10,bearish,10,2021-04-08,3661.TW,-0.270509977827051,9,False
2018-01-12,6139.TW,6139,亞翔,85,current_snapshot,36.40026473999024,36.847198486328125,36.05265045166016,36.05265045166016,24.692392349243164,1063224.0,0.0,0.0,False,False,False,,False,1.239669596378621,0.0,-0.9641851125374644,0.5434829689291437,1.7663092118755914,0.1358707422322859,36.54924392700195,-0.4132267257617353,-1.3774118382991998,2145148.8,-1.0175887677479063,0.961536229418904,35.754695892333984,-0.008264428706169,-0.8264428706169058,neutral,False,False,False,False,False,False,1.1544390589513265,0.4641579421080261,bearish_seed_10,bearish,10,2021-04-08,3661.TW,-0.270509977827051,10,False
2025-07-02,6515.TW,6515,穎崴,73,current_snapshot,1285.0,1305.0,1270.0,1270.0,1236.5272216796875,483416.0,0.0,0.0,False,False,False,,False,1.574803149606299,0.0,-1.1811023622047243,0.7722007722007722,1.9305019305019304,1.1583011583011582,1295.0,-0.7874015748031495,-1.968503937007874,991203.0,-1.050414136065004,5.714285714285714,1125.0,-0.1141732283464567,-11.41732283464567,bearish,False,True,False,False,False,False,1.1563512296212242,0.46374634440960527,bearish_seed_10,bearish,10,2021-04-08,3661.TW,-0.270509977827051,11,True
2023-07-05,2324.TW,2324,仁寶,84,current_snapshot,30.25,30.600000381469727,29.950000762939453,30.049999237060547,27.01449584960937,14108876.0,0.0,0.0,False,False,False,,False,1.1647267565919683,0.3327736328118305,-0.6655599601240354,1.4876058278990183,1.4876058278990183,0.8264462809917356,30.25,0.0,-0.6655599601240354,27188384.6,-0.9270411477143892,2.0618569539668954,28.700000762939453,-0.0449250751546158,-4.492507515461586,neutral,False,False,False,False,False,False,1.1768281154625613,0.45938399678722763,bearish_seed_10,bearish,10,2021-04-08,3661.TW,-0.270509977827051,12,False
2018-12-17,6415.TW,6415,矽力*-KY,92,current_snapshot,120.125,122.625,119.75,120.375,114.35757446289062,612788.0,0.0,0.0,False,False,False,,False,1.8691588785046729,0.3115264797507788,0.2076843198338525,1.3388259526261586,1.853759011328528,0.5149330587023687,121.375,-1.038421599169263,-0.8307372793354102,1160430.4,-0.8936898242132677,1.4583333333333333,119.0,-0.0114226375908619,-1.1422637590861928,neutral,False,False,False,False,False,False,1.1769257655087635,0.459363390265305,bearish_seed_10,bearish,10,2021-04-08,3661.TW,-0.270509977827051,13,False
2020-12-25,2347.TW,2347,聯強,99,current_snapshot,47.0,47.34999847412109,46.70000076293945,46.70000076293945,33.55343246459961,1999338.0,0.0,0.0,False,False,False,,False,0.7494613884435913,0.0,-0.6423966427397204,1.4893633254030918,1.9148968635721408,0.0,47.0,0.0,-0.6423966427397204,6225964.0,-2.1140127382163496,1.7467232541200604,46.75,0.0010706474570387,0.1070647457038775,neutral,False,False,False,False,False,False,1.177000279998964,0.4593476671488879,bearish_seed_10,bearish,10,2021-04-08,3661.TW,-0.270509977827051,14,False
2025-06-13,2337.TW,2337,旺宏,67,current_snapshot,21.950000762939453,22.14999961853028,21.600000381469727,21.600000381469727,21.600000381469727,12458661.0,0.0,0.0,False,False,False,,False,0.9259206113829328,0.0,-1.6203721078171185,1.583712106010608,1.1312216999309126,0.0,22.100000381469727,-0.6944426661165968,-2.3148147739337146,12729787.4,-0.0217620818160154,2.08332799834979,22.799999237060547,0.0555555015925035,5.555550159250355,bullish,True,False,False,False,False,False,1.179665539286573,0.458785984352127,bearish_seed_10,bearish,10,2021-04-08,3661.TW,-0.270509977827051,15,False
2019-12-31,6213.TW,6213,聯茂,81,current_snapshot,124.4175796508789,126.82877349853516,122.97086334228516,122.97086334228516,99.00977325439452,5124651.0,0.0,0.0,False,False,False,,False,1.9607846786801644,0.0,-1.1764708072080985,0.7722009137083682,1.5444018274167364,0.0,124.89981842041016,-0.3921569357360328,-1.568627742944131,5100065.6,0.0047974779160571,-0.3861004568541841,125.3820571899414,0.0196078467868017,1.960784678680172,neutral,False,False,False,False,False,False,1.1938428842508295,0.45582115619072133,bearish_seed_10,bearish,10,2021-04-08,3661.TW,-0.270509977827051,16,False
2024-11-15,3702.TW,3702,大聯大,90,current_snapshot,76.19999694824219,77.5,75.4000015258789,75.4000015258789,69.63630676269531,5559046.0,0.0,0.0,False,False,False,,False,1.7241419435669685,0.0,-1.0610018649518271,1.8445342526133688,2.108034837885421,0.0,75.9000015258789,0.3978719048968671,-0.6631299600549599,6787786.8,-0.2210344724616417,3.809527961575255,74.4000015258789,-0.0132625992010991,-1.326259920109918,neutral,False,False,False,False,False,False,1.2126062462256664,0.45195569781375766,bearish_seed_10,bearish,10,2021-04-08,3661.TW,-0.270509977827051,17,False
2021-11-24,3034.TW,3034,聯詠,58,current_snapshot,482.0,490.5,478.5,480.5,312.720458984375,3923173.0,0.0,0.0,False,False,False,,False,1.768990634755463,0.4162330905306972,-0.3121748178980228,0.8238928939237898,1.853759011328528,0.3089598352214212,485.5,-0.72840790842872,-1.040582726326743,7181482.2,-0.8305290641019399,4.148936170212766,470.0,-0.0218522372528615,-2.185223725286156,neutral,False,False,False,False,False,False,1.216873701934612,0.45108568843020874,bearish_seed_10,bearish,10,2021-04-08,3661.TW,-0.270509977827051,18,False
2025-01-02,6770.TW,6770,力積電,55,current_snapshot,15.850000381469728,16.100000381469727,15.649999618530272,15.699999809265137,15.648561477661133,10221789.0,0.0,0.0,False,False,False,,False,1.5923567072431806,0.3184725563203915,-0.9554176689611747,0.6289332318799776,1.5723270817481247,0.0,15.899999618530272,-0.3184664819616145,-1.2738841509227894,10795856.2,-0.0561611279591076,0.6289332318799776,15.199999809265137,-0.0318471341448636,-3.184713414486362,neutral,False,False,False,False,False,False,1.2206179019773256,0.45032510956052396,bearish_seed_10,bearish,10,2021-04-08,3661.TW,-0.270509977827051,19,False
2022-04-21,3481.TW,3481,群創,52,current_snapshot,20.420841217041016,20.61910057067871,20.35475349426269,20.420841217041016,13.946669578552246,37888262.0,0.0,0.0,False,False,False,,False,0.9708677107397984,0.3236287970505871,0.0,1.2861717833803636,1.6077193692956715,0.0,20.553014755249023,-0.6472482538951928,-0.6472482538951928,34828552.8,0.0807561244165806,0.0,18.43823432922364,-0.0970874248883983,-9.70874248883984,bearish,False,True,False,False,False,False,1.2244188748305378,0.4495556171164852,bearish_seed_10,bearish,10,2021-04-08,3661.TW,-0.270509977827051,20,True
2023-10-23,1590.TW,1590,亞德客-KY,64,current_snapshot,1030.0,1040.0,1015.0,1020.0,953.0299682617188,275224.0,0.0,0.0,False,False,False,,False,0.9803921568627452,0.4901960784313725,-0.9803921568627452,1.932367149758454,1.4492753623188406,0.0,1035.0,-0.4901960784313725,-1.4705882352941175,623734.4,-1.2662791035665495,2.926829268292684,1085.0,0.0637254901960784,6.372549019607843,bullish,True,False,False,False,False,False,1.232481887088232,0.44793196566726634,bearish_seed_10,bearish,10,2021-04-08,3661.TW,-0.270509977827051,21,False
2019-01-14,2404.TW,2404,漢唐,79,current_snapshot,98.6999969482422,100.5,97.0,97.0,60.0223388671875,3556816.0,0.0,0.0,False,False,False,,False,1.8556732492348584,0.0,-1.7525741734455542,1.5228426395939088,1.218271013443845,0.5076142131979695,98.5,0.2061824208682345,-1.5463917525773196,2024641.2,0.4307714540195501,2.1786491650467363,94.5999984741211,-0.0247422837719475,-2.4742283771947537,neutral,False,False,False,False,False,False,1.2421776604314294,0.44599498855393316,bearish_seed_10,bearish,10,2021-04-08,3661.TW,-0.270509977827051,22,False
2025-06-25,2347.TW,2347,聯強,99,current_snapshot,64.5,64.80000305175781,63.29999923706055,64.30000305175781,61.248477935791016,11255788.0,0.0,0.0,False,False,False,,False,0.4665677099833529,1.555215812186385,-0.311037229782402,0.615386962890625,0.0,3.6923100398137016,65.0,-0.7776049397657551,-1.0886421695481572,13780108.0,-0.2242686162887929,-14.617482779142568,64.4000015258789,0.001555186148912,0.1555186148912035,neutral,False,False,False,False,False,False,1.0426155807919775,0.4895683795833344,bearish_seed_11,bearish,11,2025-04-02,6213.TW,-0.2704545223351681,1,False
2023-03-08,1605.TW,1605,華新,88,current_snapshot,53.79999923706055,54.20000076293945,52.900001525878906,53.5,48.03376770019531,59128405.0,0.0,0.0,False,False,False,,False,0.7476664035119743,1.1214924749926989,-0.5607462374963493,0.3717486352707623,0.5576194076484113,4.089220806947457,53.79999923706055,0.0,-0.5607462374963493,74419755.2,-0.2586125940654074,-11.51832209772935,52.29999923706055,-0.0224299208026066,-2.242992080260664,neutral,False,False,False,False,False,False,1.170983579968595,0.4606207109196403,bearish_seed_11,bearish,11,2025-04-02,6213.TW,-0.2704545223351681,2,False
2022-10-03,2404.TW,2404,漢唐,79,current_snapshot,150.0,150.5,147.5,149.5,122.43195343017578,182083.0,0.0,0.0,False,False,False,,False,0.334448160535117,1.3377926421404682,-0.334448160535117,0.3333333333333333,0.3333333333333333,4.333333333333334,150.0,0.0,-0.334448160535117,580604.6,-2.1886809861436816,-10.27190332326284,155.5,0.040133779264214,4.013377926421402,neutral,False,False,False,False,False,False,1.1888230004150835,0.45686654417025147,bearish_seed_11,bearish,11,2025-04-02,6213.TW,-0.2704545223351681,3,False
2021-05-19,2324.TW,2324,仁寶,84,current_snapshot,22.850000381469727,23.0,22.5,22.799999237060547,17.9995174407959,17911774.0,0.0,0.0,False,False,False,,False,0.6578930857438569,1.3157861714877137,-0.2193032722909248,0.0,0.4366828957883826,3.4934465082401207,22.89999961853028,-0.2192949067264659,-0.4385981790173908,26953653.6,-0.5048008980015045,-9.876541950132957,23.299999237060547,0.0219298252952249,2.1929825295224914,neutral,False,False,False,False,False,False,1.3039164202504052,0.43404352311153427,bearish_seed_11,bearish,11,2025-04-02,6213.TW,-0.2704545223351681,4,False
2018-10-15,2409.TW,2409,友達,80,current_snapshot,14.75,14.8125,14.5,14.625,9.936134338378906,18516498.0,0.0,0.0,False,False,False,,False,0.4273504273504274,0.8547008547008548,-0.8547008547008548,0.0,0.4219409282700421,3.79746835443038,14.8125,-0.4273504273504274,-1.282051282051282,32029355.6,-0.7297739345744536,-11.71875,14.375,-0.0170940170940171,-1.7094017094017144,neutral,False,False,False,False,False,False,1.333012653269695,0.4286303370873319,bearish_seed_11,bearish,11,2025-04-02,6213.TW,-0.2704545223351681,5,False
2021-05-19,1402.TW,1402,遠東新,94,current_snapshot,30.64999961853028,31.0,30.0,30.600000381469727,23.344039916992188,8522034.0,0.0,0.0,False,False,False,,False,1.1437920820474057,1.9607855359147823,-0.1633961975073197,0.6493531425117677,0.0,3.733765087716365,30.799999237060547,-0.4901948256873483,-0.653591023194668,13999189.0,-0.642705133539716,-12.536878218439684,30.549999237060547,-0.001634024306727,-0.16340243067271,neutral,False,False,False,False,False,False,1.3740998810796914,0.4212122699510102,bearish_seed_11,bearish,11,2025-04-02,6213.TW,-0.2704545223351681,6,False
2018-09-12,6531.TW,6531,愛普*,95,current_snapshot,29.89999961853028,30.14999961853028,29.200000762939453,29.5,26.228260040283203,398024.0,0.0,0.0,False,False,False,,False,0.847457627118644,1.0169465663069386,-1.355930910272113,0.3344494406205683,0.0,3.0100322074001173,29.89999961853028,0.0,-1.355930910272113,696859.2,-0.7507969368681284,-14.705882352941178,30.350000381469727,0.028813572253211,2.8813572253211017,neutral,False,False,False,False,False,False,1.4216185543164146,0.4129469516235535,bearish_seed_11,bearish,11,2025-04-02,6213.TW,-0.2704545223351681,7,False
2025-10-01,2449.TW,2449,京元電子,57,current_snapshot,156.1904754638672,158.09524536132812,154.2857208251953,157.14285278320312,156.54502868652344,15677951.0,0.0,0.0,False,False,False,,False,0.606068021075662,1.2121166218737969,0.6060583109368983,0.0,0.0,4.878049733594801,156.1904754638672,0.0,0.6060583109368983,21155837.8,-0.3494006838010911,-8.25958375833449,164.2857208251953,0.0454546160737363,4.545461607373635,neutral,False,False,False,False,False,False,1.4451293563723793,0.4089763175080483,bearish_seed_11,bearish,11,2025-04-02,6213.TW,-0.2704545223351681,8,False
2018-05-04,1519.TW,1519,華城,66,current_snapshot,18.745304107666016,18.78286933898925,18.332080841064453,18.55747413635254,15.720662117004396,2322597.0,0.0,0.0,False,False,False,,False,0.2024264242387116,1.2145688234939225,-1.0121526773168628,0.0,0.8016025335121161,4.408819021853821,18.745304107666016,0.0,-1.0121526773168628,7253130.0,-2.122853426573788,-11.796739283080166,18.632606506347656,0.0040486312653906,0.4048631265390678,neutral,False,False,False,False,False,False,1.4680069717875737,0.4051852411404257,bearish_seed_11,bearish,11,2025-04-02,6213.TW,-0.2704545223351681,9,False
2022-10-03,3034.TW,3034,聯詠,58,current_snapshot,215.5,220.5,213.5,217.5,170.83123779296875,3193070.0,0.0,0.0,False,False,False,,False,1.3793103448275863,0.9195402298850576,0.9195402298850576,0.228310502283105,0.0,5.0228310502283104,219.0,-1.6091954022988506,-0.6896551724137931,4544404.4,-0.4232085109314861,-10.855949895615868,240.5,0.1057471264367815,10.574712643678152,bullish,True,False,False,False,False,False,1.4872562051851874,0.4020494543004047,bearish_seed_11,bearish,11,2025-04-02,6213.TW,-0.2704545223351681,10,False
2021-05-19,1326.TW,1326,台化,51,current_snapshot,83.0999984741211,84.69999694824219,82.5,83.69999694824219,70.98956298828125,4970382.0,0.0,0.0,False,False,False,,False,1.194743173788134,0.7168440812394731,0.7168440812394731,0.1196154018496171,0.1196245279197971,3.34927688214018,83.5999984741211,-0.597371586894067,0.1194724943454061,7390354.8,-0.4868786342780092,-11.681219570396784,83.69999694824219,0.0,0.0,neutral,False,False,False,False,False,False,1.5128170088162896,0.39795973860868966,bearish_seed_11,bearish,11,2025-04-02,6213.TW,-0.2704545223351681,11,False
2018-12-13,3661.TW,3661,世芯-KY,56,current_snapshot,76.5999984741211,77.0999984741211,74.0,75.30000305175781,70.08197021484375,2887200.0,0.0,0.0,False,False,False,,False,0.6640105972589705,1.7264316056723787,-1.72642147367474,0.6578947368421052,0.1315769396330181,5.131580955103824,76.0,0.7968106903112367,-0.929610783363503,2933002.8,-0.015864089775561,-14.475271144903369,71.30000305175781,-0.0531208477807176,-5.312084778071768,bearish,False,True,False,False,False,False,1.538444947566177,0.3939419686681742,bearish_seed_11,bearish,11,2025-04-02,6213.TW,-0.2704545223351681,12,True
2018-10-15,3481.TW,3481,群創,52,current_snapshot,12.635807991027832,12.649024963378906,12.411112785339355,12.490416526794434,8.190116882324219,30779267.0,0.0,0.0,False,False,False,,False,0.1058169062874819,0.6349167082215056,-1.1640241454038365,0.4136528573706473,0.1034169451126875,5.687693211916169,12.78119945526123,-1.1640241454038365,-2.3280482908076725,41113729.6,-0.3357605169739747,-14.056606823844692,12.239287376403809,-0.020105746662003,-2.0105746662003043,neutral,False,False,False,False,False,False,1.6569735914432724,0.37636806147433266,bearish_seed_11,bearish,11,2025-04-02,6213.TW,-0.2704545223351681,13,False
2021-07-16,2376.TW,2376,技嘉,70,current_snapshot,97.5,98.5999984741211,96.4000015258789,97.8000030517578,75.61708068847656,4271157.0,0.0,0.0,False,False,False,,False,0.8179912038856553,1.124742780978188,0.306751577092533,0.6160148508433809,0.1026756693520725,2.156055894478739,97.4000015258789,0.1022479253586244,0.4089995024511574,8921880.8,-1.0888674427093177,-15.66371411348866,96.0999984741211,-0.0173824593516324,-1.7382459351632409,neutral,False,False,False,False,False,False,1.6878101539244228,0.37205008640209136,bearish_seed_11,bearish,11,2025-04-02,6213.TW,-0.2704545223351681,14,False
2020-08-24,6213.TW,6213,聯茂,81,current_snapshot,119.05671691894533,119.54666137695312,116.1170425415039,117.09693908691406,97.52027130126952,2814545.0,0.0,0.0,False,False,False,,False,0.4184092785244848,0.836825072500689,-1.6736371140979391,0.411521895351247,0.0,4.526747257065395,119.05671691894533,0.0,-1.6736371140979391,3775491.4,-0.3414215796869476,-9.163348739204109,115.6270980834961,-0.0125523435102516,-1.2552343510251696,neutral,False,False,False,False,False,False,1.718009350813446,0.36791632070755015,bearish_seed_11,bearish,11,2025-04-02,6213.TW,-0.2704545223351681,15,False
2021-05-19,1101.TW,1101,台泥,83,current_snapshot,45.36659622192383,46.18482971191406,45.00293350219727,45.912086486816406,37.17423629760742,32608362.0,0.0,0.0,False,False,False,,False,0.5940553914402781,0.7920849335196033,1.1881190915799806,0.0,0.0,3.6000091973978074,45.45751190185547,-0.1980212333799008,0.9900978582000798,45568719.2,-0.3974550208931072,-9.451793427200256,46.639404296875,0.0158415324964036,1.5841532496403632,neutral,False,False,False,False,False,False,1.73496603797851,0.3656352532769028,bearish_seed_11,bearish,11,2025-04-02,6213.TW,-0.2704545223351681,16,False
2019-03-29,6415.TW,6415,矽力*-KY,92,current_snapshot,114.75,116.25,114.0,115.0,109.25127410888672,1376668.0,0.0,0.0,False,False,False,,False,1.0869565217391304,0.6521739130434783,0.217391304347826,0.0,0.0,4.148471615720524,114.5,0.217391304347826,0.4347826086956521,1897732.0,-0.3784964857176894,-9.01639344262295,120.125,0.0445652173913042,4.456521739130426,neutral,False,False,False,False,False,False,1.7380112189592498,0.36522859843507566,bearish_seed_11,bearish,11,2025-04-02,6213.TW,-0.2704545223351681,17,False
2019-08-13,3532.TW,3532,台勝科,98,current_snapshot,101.0,101.5,99.6999969482422,101.5,86.92285919189453,541566.0,0.0,0.0,False,False,False,,False,0.0,1.2807911839978448,0.4926108374384236,0.495049504950495,0.0,3.96039603960396,101.0,0.0,0.4926108374384236,1099622.8,-1.0304502129011055,-8.558558558558559,105.0,0.0344827586206897,3.4482758620689724,neutral,False,False,False,False,False,False,1.7442065574708536,0.364404055983902,bearish_seed_11,bearish,11,2025-04-02,6213.TW,-0.2704545223351681,18,False
2025-07-14,6770.TW,6770,力積電,55,current_snapshot,16.25,16.350000381469727,15.899999618530272,16.200000762939453,16.146923065185547,13614479.0,0.0,0.0,False,False,False,,False,0.617286276297568,1.851858828892704,-0.3086372512705649,0.3096046166577558,0.30959871155349,2.7863765937728786,16.149999618530273,0.617286276297568,0.3086490250270031,26498470.8,-0.9463448289133944,-11.614726806613106,16.649999618530273,0.027777705827044,2.777770582704409,neutral,False,False,False,False,False,False,1.749685944299791,0.363677896405966,bearish_seed_11,bearish,11,2025-04-02,6213.TW,-0.2704545223351681,19,False
2025-04-02,2313.TW,2313,華通,60,current_snapshot,59.400001525878906,60.70000076293945,58.59999847412109,60.5,57.54012680053711,7089081.0,0.0,0.0,False,False,False,,False,0.3305797734536415,1.322319093814566,1.818179296067924,0.5050492076668477,0.336701612460933,3.535357297766142,59.400001525878906,0.0,1.818179296067924,9670399.8,-0.364126012948646,-13.056835943519978,44.150001525878906,-0.2702479086631586,-27.02479086631586,bearish,False,True,False,False,False,False,1.7621280376938517,0.3620396977813227,bearish_seed_11,bearish,11,2025-04-02,6213.TW,-0.2704545223351681,20,True
2023-02-17,6789.TW,6789,采鈺,96,current_snapshot,240.0,241.0,237.0,240.0,233.0575714111328,723460.0,0.0,0.0,False,False,False,,False,0.4166666666666667,1.25,0.0,0.411522633744856,0.0,3.08641975308642,243.0,-1.25,-1.25,1083581.6,-0.4977767948469854,-7.6923076923076925,241.0,0.0041666666666666,0.4166666666666652,neutral,False,False,False,False,False,False,1.7827666648171123,0.3593545993787882,bearish_seed_11,bearish,11,2025-04-02,6213.TW,-0.2704545223351681,21,False
2024-11-08,2337.TW,2337,旺宏,67,current_snapshot,23.299999237060547,23.39999961853028,22.64999961853028,22.799999237060547,22.799999237060547,7909664.0,0.0,0.0,False,False,False,,False,0.4385981790173908,0.6578930857438569,-2.1929825295224954,0.0,0.2145971933323019,4.077248440762907,23.299999237060547,0.0,-2.1929825295224954,10818299.8,-0.3677319036560846,-12.72015693560507,22.0,-0.0350876870101021,-3.508768701010212,neutral,False,False,False,False,False,False,1.7884608890316758,0.3586207731775866,bearish_seed_11,bearish,11,2025-04-02,6213.TW,-0.2704545223351681,22,False
2025-01-15,6770.TW,6770,力積電,55,current_snapshot,14.100000381469728,14.399999618530272,13.899999618530272,14.300000190734863,14.253148078918455,8977699.0,0.0,0.0,False,False,False,,False,0.6992966885427103,1.39860671518757,1.3986000461364954,0.7092157807799053,0.3546112722136782,1.77304959742094,14.100000381469728,0.0,1.3986000461364954,17484414.4,-0.9475384951088244,-13.880130662403513,16.5,0.1538461384560359,15.384613845603589,bullish,True,False,False,False,False,False,1.022151887163891,0.494522694535335,bearish_seed_12,bearish,12,2025-04-02,2313.TW,-0.2702479086631586,1,False
2018-10-15,2615.TW,2615,萬海,59,current_snapshot,12.411067008972168,12.68774700164795,12.213438034057615,12.68774700164795,8.934073448181152,1939465.0,0.0,0.0,False,False,False,,False,0.0,1.5576364731175814,2.180686552465498,0.6369397385743156,0.3184660272552209,2.8662480337441054,12.411067008972168,0.0,2.180686552465498,1921355.6,0.00933731724986,-7.784431267495933,12.76679801940918,0.006230500793479,0.6230500793479088,neutral,False,False,False,False,False,False,1.1316632627425827,0.4691172463672368,bearish_seed_12,bearish,12,2025-04-02,2313.TW,-0.2702479086631586,2,False
2018-09-14,6213.TW,6213,聯茂,81,current_snapshot,58.8331184387207,60.27983474731445,57.965087890625,60.183387756347656,46.88943862915039,1715182.0,0.0,0.0,False,False,False,,False,0.1602551710070931,1.4423092159748856,2.243591409465875,0.0,0.0,2.9752032725751985,58.35087966918945,0.8012821934909893,3.044873602956864,3369105.0,-0.9642842567144478,-12.205875886400245,59.99049377441406,-0.0032051034201419,-0.3205103420141908,neutral,False,False,False,False,False,False,1.164505492140237,0.46199928973671117,bearish_seed_12,bearish,12,2025-04-02,2313.TW,-0.2702479086631586,3,False
2018-04-30,3533.TW,3533,嘉澤,82,current_snapshot,186.4280548095703,188.8682098388672,184.47592163085932,188.3801727294922,149.22268676757812,715117.0,0.0,0.0,False,False,False,,False,0.2590703163202879,1.0362731652837676,1.0362650652863838,0.2645532842771609,0.5290982971284752,2.380954744216909,184.47592163085932,1.0362731652837676,2.072538230570152,1721948.0,-1.4079248570513636,-11.70732045830448,181.5477294921875,-0.036269439284971,-3.626943928497106,neutral,False,False,False,False,False,False,1.1751213066535768,0.45974447353398395,bearish_seed_12,bearish,12,2025-04-02,2313.TW,-0.2702479086631586,4,False
2025-04-02,1326.TW,1326,台化,51,current_snapshot,27.0,27.700000762939453,26.64999961853028,27.64999961853028,26.740678787231445,9189529.0,0.0,0.0,False,False,False,,False,0.1808359678083694,1.2658241819112572,2.350812396014145,0.7352898896360429,0.0,3.8602982167553,27.200000762939453,-0.7233300748598133,1.6274823211543314,13464388.8,-0.465188128793108,-7.787613320139656,22.850000381469727,-0.173598528147672,-17.35985281476721,bearish,False,True,False,False,False,False,1.2386333268514436,0.446701113579178,bearish_seed_12,bearish,12,2025-04-02,2313.TW,-0.2702479086631586,5,True
2024-11-18,2337.TW,2337,旺宏,67,current_snapshot,21.600000381469727,21.950000762939453,21.39999961853028,21.850000381469727,21.850000381469727,5643376.0,0.0,0.0,False,False,False,,False,0.4576676417568103,0.9153352835136208,1.1441647397499215,0.6944426661165968,0.0,2.083336828667379,21.600000381469727,0.0,1.1441647397499215,7597347.8,-0.3462416468440167,-9.87124168400062,21.5,-0.0160183238150672,-1.6018323815067292,neutral,False,False,False,False,False,False,1.2409568939830211,0.44623794535495276,bearish_seed_12,bearish,12,2025-04-02,2313.TW,-0.2702479086631586,6,False
2023-06-30,6531.TW,6531,愛普*,95,current_snapshot,302.0,305.0,297.0,304.0,289.7283935546875,2692846.0,0.0,0.0,False,False,False,,False,0.3289473684210526,1.644736842105263,0.6578947368421052,1.0,0.0,2.166666666666667,300.0,0.6578947368421052,1.3157894736842104,3221730.2,-0.1964034333935175,-12.481203007518795,323.5,0.0641447368421053,6.414473684210531,bullish,True,False,False,False,False,False,1.3179800576840126,0.43141009634014726,bearish_seed_12,bearish,12,2025-04-02,2313.TW,-0.2702479086631586,7,False
2021-05-19,1101.TW,1101,台泥,83,current_snapshot,45.36659622192383,46.18482971191406,45.00293350219727,45.912086486816406,37.17423629760742,32608362.0,0.0,0.0,False,False,False,,False,0.5940553914402781,0.7920849335196033,1.1881190915799806,0.0,0.0,3.6000091973978074,45.45751190185547,-0.1980212333799008,0.9900978582000798,45568719.2,-0.3974550208931072,-9.451793427200256,46.639404296875,0.0158415324964036,1.5841532496403632,neutral,False,False,False,False,False,False,1.3403494175523707,0.4272866233136415,bearish_seed_12,bearish,12,2025-04-02,2313.TW,-0.2702479086631586,8,False
2019-07-22,3034.TW,3034,聯詠,58,current_snapshot,172.5,174.5,169.0,174.5,106.01927947998048,11277662.0,0.0,0.0,False,False,False,,False,0.0,2.005730659025788,1.146131805157593,0.0,0.5813953488372093,2.9069767441860463,172.0,0.2865329512893982,1.4326647564469914,15137747.2,-0.3422770783518782,-10.92896174863388,172.5,-0.0114613180515759,-1.1461318051575908,neutral,False,False,False,False,False,False,1.366494759090791,0.4225659051889051,bearish_seed_12,bearish,12,2025-04-02,2313.TW,-0.2702479086631586,9,False
2023-10-24,2618.TW,2618,長榮航,72,current_snapshot,27.39999961853028,27.799999237060547,27.0,27.700000762939453,23.61977195739746,46318974.0,0.0,0.0,False,False,False,,False,0.3610053117936527,1.4440419043794517,1.0830365925857988,1.102938340609541,0.1838277316422257,3.125001314808304,27.200000762939453,0.7220175093222523,1.8050541019080508,50941752.2,-0.0998031217185424,-7.665507681032302,27.850000381469727,0.0054151485342541,0.5415148534254177,neutral,False,False,False,False,False,False,1.375150677122981,0.42102592043183534,bearish_seed_12,bearish,12,2025-04-02,2313.TW,-0.2702479086631586,10,False
2022-06-22,6415.TW,6415,矽力*-KY,92,current_snapshot,602.5,611.25,590.0,608.75,591.4105224609375,3696188.0,0.0,0.0,False,False,False,,False,0.4106776180698152,2.053388090349076,1.026694045174538,0.0,0.0,3.941908713692946,602.5,0.0,1.026694045174538,3619372.0,0.0207824926654163,-11.132437619961612,631.25,0.0369609856262833,3.696098562628336,neutral,False,False,False,False,False,False,1.3949701020021494,0.4175417468318368,bearish_seed_12,bearish,12,2025-04-02,2313.TW,-0.2702479086631586,11,False
2021-07-16,2376.TW,2376,技嘉,70,current_snapshot,97.5,98.5999984741211,96.4000015258789,97.8000030517578,75.61708068847656,4271157.0,0.0,0.0,False,False,False,,False,0.8179912038856553,1.124742780978188,0.306751577092533,0.6160148508433809,0.1026756693520725,2.156055894478739,97.4000015258789,0.1022479253586244,0.4089995024511574,8921880.8,-1.0888674427093177,-15.66371411348866,96.0999984741211,-0.0173824593516324,-1.7382459351632409,neutral,False,False,False,False,False,False,1.4161313588755549,0.41388478168893544,bearish_seed_12,bearish,12,2025-04-02,2313.TW,-0.2702479086631586,12,False
2025-02-07,2449.TW,2449,京元電子,57,current_snapshot,100.95237731933594,103.33333587646484,100.47618865966795,103.33333587646484,99.0556869506836,10954546.0,0.0,0.0,False,False,False,,False,0.0,0.4608277238211423,2.3041533856754084,0.4694817670476829,0.0,3.755869180257681,101.42857360839844,-0.4608351071059908,1.843318278569417,25771099.6,-1.3525483940639804,-10.964912835470756,102.85713958740234,-0.0046083510710599,-0.4608351071059946,neutral,False,False,False,False,False,False,1.4276505161988335,0.41192090596540226,bearish_seed_12,bearish,12,2025-04-02,2313.TW,-0.2702479086631586,13,False
2018-07-25,3661.TW,3661,世芯-KY,56,current_snapshot,133.0,136.5,132.0,136.0,125.38091278076172,2079167.0,0.0,0.0,False,False,False,,False,0.3676470588235294,0.7352941176470588,2.2058823529411766,0.0,0.3717472118959107,4.089219330855019,134.5,-1.1029411764705883,1.1029411764705883,3178777.0,-0.5288704562933136,-10.309278350515465,124.5,-0.0845588235294118,-8.45588235294118,bearish,False,True,False,False,False,False,1.4308811151139493,0.41137347021313475,bearish_seed_12,bearish,12,2025-04-02,2313.TW,-0.2702479086631586,14,True
2025-04-15,5871.TW,5871,中租-KY,78,current_snapshot,108.13148498535156,111.49557495117188,107.17031860351562,111.49557495117188,100.78520965576172,5929087.0,0.0,0.0,False,False,False,,False,0.0,0.8620668418965224,3.0172407894157005,0.0,0.0,3.5714267996379028,107.6509017944336,0.4310334209482612,3.4482742103639623,10996641.2,-0.8546938508407785,-10.743801110742291,108.61207580566406,-0.0258620052568956,-2.586200525689564,neutral,False,False,False,False,False,False,1.4605492992125344,0.4064133160510284,bearish_seed_12,bearish,12,2025-04-02,2313.TW,-0.2702479086631586,15,False
2018-02-01,1590.TW,1590,亞德客-KY,64,current_snapshot,462.5872802734375,472.47161865234375,456.6566467285156,468.5178833007813,401.5016784667969,863179.0,0.0,0.0,False,False,False,,False,0.843881416800533,1.2658286388429063,1.2658221252007993,0.9719251267361664,0.5399598856076981,2.6997794228558147,457.6450805664063,1.054858284642773,2.3206804098435723,1184819.8,-0.3726235230467841,-8.734938526559342,425.0267639160156,-0.0928270209844798,-9.28270209844798,bearish,False,True,False,False,False,False,1.4745736192143089,0.4041100221207021,bearish_seed_12,bearish,12,2025-04-02,2313.TW,-0.2702479086631586,16,True
2018-12-12,3044.TW,3044,健鼎,65,current_snapshot,81.9000015258789,83.5,80.9000015258789,83.0,55.80810546875,2762667.0,0.0,0.0,False,False,False,,False,0.6024096385542169,1.2048192771084338,1.3252993664109565,0.0,0.3662947701759055,2.075707626329589,81.9000015258789,0.0,1.3252993664109565,1855493.6,0.3283687103802231,-6.884473869990483,81.30000305175781,-0.0204818909426769,-2.048189094267694,neutral,False,False,False,False,False,False,1.4918235166973526,0.4013125300805387,bearish_seed_12,bearish,12,2025-04-02,2313.TW,-0.2702479086631586,17,False
2022-10-03,2404.TW,2404,漢唐,79,current_snapshot,150.0,150.5,147.5,149.5,122.43195343017578,182083.0,0.0,0.0,False,False,False,,False,0.334448160535117,1.3377926421404682,-0.334448160535117,0.3333333333333333,0.3333333333333333,4.333333333333334,150.0,0.0,-0.334448160535117,580604.6,-2.1886809861436816,-10.27190332326284,155.5,0.040133779264214,4.013377926421402,neutral,False,False,False,False,False,False,1.5059238799083476,0.3990544198160458,bearish_seed_12,bearish,12,2025-04-02,2313.TW,-0.2702479086631586,18,False
2019-07-16,3532.TW,3532,台勝科,98,current_snapshot,111.0,112.5,110.5,112.0,95.91488647460938,1069777.0,0.0,0.0,False,False,False,,False,0.4464285714285714,0.4464285714285714,0.8928571428571428,0.0,0.4524886877828055,2.7149321266968327,110.5,0.4464285714285714,1.3392857142857142,1279702.4,-0.1962328597455356,-12.601626016260164,108.0,-0.0357142857142857,-3.57142857142857,neutral,False,False,False,False,False,False,1.514157069403332,0.3977476237144258,bearish_seed_12,bearish,12,2025-04-02,2313.TW,-0.2702479086631586,19,False
2022-12-13,6805.TW,6805,富世達,93,current_snapshot,191.0,195.0,188.0,194.0,186.6265411376953,97813.0,0.0,0.0,False,False,False,,False,0.5154639175257731,1.5463917525773196,1.5463917525773196,0.2624671916010498,0.7874015748031495,4.461942257217848,190.5,0.2577319587628865,1.804123711340206,222847.0,-1.2782963409771708,-6.138107416879795,216.0,0.1134020618556701,11.340206185567014,bullish,True,False,False,False,False,False,1.519115531892765,0.39696472326882093,bearish_seed_12,bearish,12,2025-04-02,2313.TW,-0.2702479086631586,20,False
2020-03-20,1605.TW,1605,華新,88,current_snapshot,11.107137680053713,11.746044158935549,10.959697723388672,11.451164245605469,9.235067367553713,19684786.0,0.0,0.0,False,False,False,,False,2.5751085828957705,1.2875542914478852,3.0042933467117323,3.652969978575112,2.283106236609445,-4.109591225897001,10.763111114501951,3.0042933467117323,6.008586693423465,19998460.2,-0.0159348544606986,-11.450380209423844,11.451164245605469,0.0,0.0,neutral,False,False,False,False,False,False,2.7837231105968607,0.26428995219004164,bearish_seed_13,bearish,13,2025-04-02,6919.TW,-0.2701664390059202,1,False
2018-10-09,3532.TW,3532,台勝科,98,current_snapshot,120.0,126.0,115.5,124.5,98.65637969970705,5590228.0,0.0,0.0,False,False,False,,False,1.2048192771084338,3.614457831325301,3.614457831325301,3.8135593220338975,0.847457627118644,-5.508474576271186,118.0,1.6064257028112447,5.220883534136546,3985699.6,0.2870237850763869,-13.333333333333334,118.0,-0.0522088353413654,-5.2208835341365445,bearish,False,True,False,False,False,False,2.8950119418408526,0.25673862235384626,bearish_seed_13,bearish,13,2025-04-02,6919.TW,-0.2701664390059202,2,True
2020-09-28,1802.TW,1802,台玻,86,current_snapshot,11.949999809265137,12.449999809265137,11.699999809265137,12.300000190734863,11.116888999938965,8999120.0,0.0,0.0,False,False,False,,False,1.2195090748312558,2.032520293685164,2.8455315125390723,2.9914563006451,1.7094001070560572,-2.5641042361154187,11.699999809265137,2.032520293685164,4.878051806224237,12331417.6,-0.3702914951684164,-10.820894407041587,12.300000190734863,0.0,0.0,neutral,False,False,False,False,False,False,3.0927634283792593,0.24433369225936463,bearish_seed_13,bearish,13,2025-04-02,6919.TW,-0.2701664390059202,3,False
2018-09-11,2337.TW,2337,旺宏,67,current_snapshot,27.200000762939453,28.600000381469727,26.89999961853028,28.14999961853028,22.04098320007324,35399296.0,0.0,0.0,False,False,False,,False,1.5985817727799598,1.0657234404070763,3.374773955469134,3.558055190238376,1.1235997596883662,-4.868910861100019,26.700000762939453,1.776198958350484,5.1509729138196185,38974520.6,-0.1009970537267182,-15.151515151515152,27.850000381469727,-0.0106571666474577,-1.065716664745775,neutral,False,False,False,False,False,False,3.1128656347497636,0.24313947714483078,bearish_seed_13,bearish,13,2025-04-02,6919.TW,-0.2701664390059202,4,False
2018-10-18,6415.TW,6415,矽力*-KY,92,current_snapshot,102.5,106.75,100.625,104.375,99.15740203857422,2644160.0,0.0,0.0,False,False,False,,False,2.275449101796408,1.7964071856287425,1.7964071856287425,1.125,0.625,-8.125,100.0,2.395209580838324,4.191616766467066,1942038.4,0.2655367300012102,-12.244897959183673,103.875,-0.0047904191616766,-0.4790419161676662,neutral,False,False,False,False,False,False,3.296333284704552,0.2327566168016147,bearish_seed_13,bearish,13,2025-04-02,6919.TW,-0.2701664390059202,5,False
2021-03-11,6770.TW,6770,力積電,55,current_snapshot,63.20680618286133,66.67019653320312,62.244754791259766,65.22711944580078,60.76936340332031,38060026.0,0.0,0.0,False,False,False,,False,2.212388190162898,1.4749254601085988,3.0973516538902097,3.0487910287591937,0.6097594146445016,-4.268285680194942,63.11060333251953,0.1474890370127946,3.2448406909030045,37704770.8,0.0093340766503943,-9.200003595085516,67.05501556396484,0.0280235603487428,2.802356034874287,neutral,False,False,False,False,False,False,3.3141469936701538,0.23179553257393182,bearish_seed_13,bearish,13,2025-04-02,6919.TW,-0.2701664390059202,6,False
2021-05-21,2002.TW,2002,中鋼,62,current_snapshot,35.849998474121094,37.09999847412109,34.45000076293945,36.20000076293945,30.03336906433105,398028555.0,0.0,0.0,False,False,False,,False,2.486181470203263,3.867396910706475,0.9668571310547648,3.129451610431629,1.5647312315274786,-4.125168948213669,35.150001525878906,1.9336931864344733,2.900550317489238,374583732.6,0.0589023629221777,-1.4341571289284172,34.849998474121094,-0.0372928801206118,-3.729288012061183,neutral,False,False,False,False,False,False,3.3253884259873154,0.23119310950015767,bearish_seed_13,bearish,13,2025-04-02,6919.TW,-0.2701664390059202,7,False
2021-05-17,2376.TW,2376,技嘉,70,current_snapshot,102.0,110.0,100.0,106.5,78.70023345947266,31965439.0,0.0,0.0,False,False,False,,False,3.286384976525822,1.8779342723004693,4.225352112676056,4.0,1.0,-2.5,100.0,1.8779342723004693,6.103286384976526,24956688.0,0.2192602767007204,-19.00000254313151,102.0,-0.0422535211267606,-4.225352112676061,neutral,False,False,False,False,False,False,3.4172885992073447,0.22638321620630447,bearish_seed_13,bearish,13,2025-04-02,6919.TW,-0.2701664390059202,8,False
2020-08-21,2313.TW,2313,華通,60,current_snapshot,45.34999847412109,46.5,44.59999847412109,45.150001525878906,36.84053802490234,47143008.0,0.0,0.0,False,False,False,,False,2.5470686312596307,1.2181684012625422,-0.4429611107046231,1.5891050512221625,2.3836532468703244,-7.377979696457475,44.04999923706055,2.879289464288098,2.436328353583475,34539814.6,0.2673396105738522,-10.169487507261216,44.34999847412109,-0.0177187823858494,-1.7718782385849452,neutral,False,False,False,False,False,False,3.5286136294753523,0.2208181315118843,bearish_seed_13,bearish,13,2025-04-02,6919.TW,-0.2701664390059202,9,False
2022-02-25,6805.TW,6805,富世達,93,current_snapshot,318.0,331.5,310.0,318.0,297.4681396484375,667436.0,0.0,0.0,False,False,False,,False,4.245283018867925,2.515723270440252,0.0,2.3696682464454977,1.895734597156398,-7.898894154818326,316.5,0.4716981132075472,0.4716981132075472,990436.6,-0.4839424304352777,-5.6241426611796985,326.5,0.0267295597484276,2.672955974842761,neutral,False,False,False,False,False,False,3.557027083257262,0.21944131156780883,bearish_seed_13,bearish,13,2025-04-02,6919.TW,-0.2701664390059202,10,False
2020-09-29,3661.TW,3661,世芯-KY,56,current_snapshot,472.5,480.0,462.0,471.0,446.4954833984375,11430837.0,0.0,0.0,False,False,False,,False,1.5923566878980893,1.910828025477707,-0.3184713375796179,1.8478260869565213,0.7608695652173914,-5.434782608695652,460.0,2.6539278131634823,2.335456475583864,12125878.4,-0.0608040688534007,-6.840077071290944,490.5,0.0414012738853504,4.140127388535042,neutral,False,False,False,False,False,False,3.6914819386012305,0.21315226469744247,bearish_seed_13,bearish,13,2025-04-02,6919.TW,-0.2701664390059202,11,False
2025-09-22,6919.TW,6919,康霈*,97,current_snapshot,185.0,196.5,179.0,195.0,195.0,30871822.0,0.0,0.0,False,False,False,,False,0.7692307692307693,3.076923076923077,5.128205128205128,1.6483516483516485,3.021978021978022,-8.791208791208792,182.0,1.5384615384615383,6.666666666666667,41326460.2,-0.3386466208570392,-5.314009661835748,188.0,-0.0358974358974358,-3.589743589743588,neutral,False,False,False,False,False,False,3.732055651839582,0.2113246490690047,bearish_seed_13,bearish,13,2025-04-02,6919.TW,-0.2701664390059202,12,False
2021-03-03,6531.TW,6531,愛普*,95,current_snapshot,325.5,332.5,311.0,324.0,292.2555236816406,12139164.0,0.0,0.0,False,False,False,,False,2.1604938271604937,4.012345679012346,-0.4629629629629629,2.786377708978328,0.7739938080495357,-5.572755417956656,323.0,0.7716049382716049,0.3086419753086419,9997471.6,0.1764283273543384,-11.733333333333333,327.0,0.0092592592592593,0.92592592592593,neutral,False,False,False,False,False,False,3.803460028898257,0.20818326664193443,bearish_seed_13,bearish,13,2025-04-02,6919.TW,-0.2701664390059202,13,False
2018-06-25,2492.TW,2492,華新科,100,current_snapshot,329.0,333.0,318.0,326.0,239.6196136474609,9866052.0,0.0,0.0,False,False,False,,False,1.2269938650306749,2.4539877300613497,-0.9202453987730062,2.9641185647425896,0.31201248049922,-5.30421216848674,320.5,2.607361963190184,1.687116564417178,14734140.4,-0.4934180764504384,-13.580246913580249,390.0,0.1963190184049079,19.631901840490794,bullish,True,False,False,False,False,False,3.8532392323768114,0.20604795109394655,bearish_seed_13,bearish,13,2025-04-02,6919.TW,-0.2701664390059202,14,False
2023-08-04,1519.TW,1519,華城,66,current_snapshot,152.89256286621094,164.91360473632812,148.00901794433594,160.03004455566406,153.8629913330078,10025157.0,0.0,0.0,False,False,False,,False,3.0516520783479435,3.0516425433952383,4.460088547291792,1.955993546660337,1.7114955947366253,-6.1124686606340815,153.6438751220703,-0.4694820012988512,3.990606545992941,10799082.6,-0.0771983521056078,4.611654744888673,168.2945098876953,0.0516432108419278,5.16432108419278,bullish,True,False,False,False,False,False,3.9042071283140842,0.20390655896782428,bearish_seed_13,bearish,13,2025-04-02,6919.TW,-0.2701664390059202,15,False
2025-09-09,6213.TW,6213,聯茂,81,current_snapshot,118.0,120.5,116.5,117.5,116.52118682861328,16479104.0,0.0,0.0,False,False,False,,False,2.127659574468085,0.851063829787234,-0.425531914893617,0.4329004329004329,3.463203463203463,-5.627705627705628,115.5,2.127659574468085,1.702127659574468,16642332.4,-0.0099051744560869,-11.313868613138686,114.5,-0.025531914893617,-2.553191489361706,neutral,False,False,False,False,False,False,2.2506753967431767,0.30762837809087035,bearish_seed_14,bearish,14,2025-04-02,1519.TW,-0.2701475550241228,1,False
2020-08-21,2313.TW,2313,華通,60,current_snapshot,45.34999847412109,46.5,44.59999847412109,45.150001525878906,36.84053802490234,47143008.0,0.0,0.0,False,False,False,,False,2.5470686312596307,1.2181684012625422,-0.4429611107046231,1.5891050512221625,2.3836532468703244,-7.377979696457475,44.04999923706055,2.879289464288098,2.436328353583475,34539814.6,0.2673396105738522,-10.169487507261216,44.34999847412109,-0.0177187823858494,-1.7718782385849452,neutral,False,False,False,False,False,False,2.335363936109075,0.29981735701279033,bearish_seed_14,bearish,14,2025-04-02,1519.TW,-0.2701475550241228,2,False
2018-02-07,2615.TW,2615,萬海,59,current_snapshot,14.07114601135254,14.387351036071776,13.913043022155762,14.07114601135254,9.620166778564451,3278282.0,0.0,0.0,False,False,False,,False,2.247187432097752,1.1235971048073878,0.0,0.5797144829940883,2.0289867032553794,-3.768116165013715,13.63636302947998,3.08989034384106,3.08989034384106,3467414.0,-0.0576924132823228,-3.174601350872191,13.913043022155762,-0.011235971048074,-1.1235971048074056,neutral,False,False,False,False,False,False,2.342196242367103,0.2992044534439881,bearish_seed_14,bearish,14,2025-04-02,1519.TW,-0.2701475550241228,3,False
2020-03-27,3481.TW,3481,群創,52,current_snapshot,7.190249919891357,7.388511180877685,7.137381076812744,7.190249919891357,4.75322151184082,116192226.0,0.0,0.0,False,False,False,,False,2.757362583988232,0.735285194084215,0.0,0.5681783241978126,1.704541805273271,-1.704555470632937,6.978772163391113,2.941173934931033,2.941173934931033,112601950.2,0.0308994493314896,-6.028371901870512,7.59998893737793,0.0569853651891927,5.698536518919273,bullish,True,False,False,False,False,False,2.4539759706290396,0.2895214119911435,bearish_seed_14,bearish,14,2025-04-02,1519.TW,-0.2701475550241228,4,False
2024-10-11,7750.TW,7750,新代,91,current_snapshot,496.0,510.0,485.0,490.0,474.1438903808594,20950.0,0.0,0.0,False,False,False,,False,2.857142857142857,1.020408163265306,-1.2244897959183674,0.6191950464396285,1.7543859649122806,-5.263157894736842,484.5,2.346938775510204,1.1224489795918366,42001.4,-1.0048400954653938,-0.7662835249042145,494.0,0.0081632653061225,0.8163265306122547,neutral,False,False,False,False,False,False,2.4687333379442533,0.28828967308067865,bearish_seed_14,bearish,14,2025-04-02,1519.TW,-0.2701475550241228,5,False
2022-06-24,3533.TW,3533,嘉澤,82,current_snapshot,728.4398193359375,746.3522338867188,718.4884643554688,729.4349365234375,644.9144287109375,841095.0,0.0,0.0,False,False,False,,False,2.3192332196084333,1.36425532726715,0.1364230224895494,1.1188853539464094,1.5384577113062192,-2.6573430652526286,711.5224609375,2.3192415870656515,2.455664609555201,783278.8,0.0687392030626742,-9.82586483996696,697.590576171875,-0.0436562039423776,-4.365620394237768,neutral,False,False,False,False,False,False,2.5599488106577706,0.28090291551558305,bearish_seed_14,bearish,14,2025-04-02,1519.TW,-0.2701475550241228,6,False
2022-06-27,2379.TW,2379,瑞昱,53,current_snapshot,385.5,399.0,381.5,388.0,298.68682861328125,3441199.0,0.0,0.0,False,False,False,,False,2.8350515463917527,1.0309278350515465,0.6443298969072164,0.0,0.5333333333333333,-4.266666666666667,375.0,2.706185567010309,3.350515463917526,2946920.2,0.143635633975251,-11.29220023282887,363.0,-0.0644329896907216,-6.443298969072164,bearish,False,True,False,False,False,False,2.641359572616748,0.27462270068577205,bearish_seed_14,bearish,14,2025-04-02,1519.TW,-0.2701475550241228,7,True
2022-03-10,2376.TW,2376,技嘉,70,current_snapshot,140.0,143.0,138.0,138.5,107.0855484008789,9994731.0,0.0,0.0,False,False,False,,False,2.166064981949458,0.3610108303249097,-1.083032490974729,0.0,1.4705882352941175,-2.2058823529411766,136.0,2.888086642599278,1.8050541516245489,10747824.4,-0.0753490414099189,-6.872852233676976,126.0,-0.0902527075812273,-9.02527075812274,bearish,False,True,False,False,False,False,2.6741481517889962,0.2721719317477945,bearish_seed_14,bearish,14,2025-04-02,1519.TW,-0.2701475550241228,8,True
2022-05-12,1605.TW,1605,華新,88,current_snapshot,36.761680603027344,37.84290313720703,36.36850357055664,36.85997009277344,31.77592658996582,154043859.0,0.0,0.0,False,False,False,,False,2.666668046554661,1.0666775677818232,0.2666564554955074,1.232882553029782,0.8219287904849265,-4.383552875501424,35.87704086303711,2.400001241899195,2.6666576973947023,99729024.0,0.3525933156478507,-11.252900796104877,36.9582633972168,0.0026666680465545,0.2666668046554576,neutral,False,False,False,False,False,False,2.7168192962075133,0.26904724720417755,bearish_seed_14,bearish,14,2025-04-02,1519.TW,-0.2701475550241228,9,False
2025-10-31,6919.TW,6919,康霈*,97,current_snapshot,148.0,155.0,147.5,150.5,150.5,7330987.0,0.0,0.0,False,False,False,,False,2.990033222591362,0.3322259136212624,1.6611295681063123,1.0273972602739725,1.36986301369863,-3.767123287671233,146.0,1.32890365448505,2.990033222591362,7569557.8,-0.0325427940330544,-7.926829268292683,146.0,-0.0299003322259135,-2.9900332225913595,neutral,False,False,False,False,False,False,2.8028221462733653,0.26296260028357243,bearish_seed_14,bearish,14,2025-04-02,1519.TW,-0.2701475550241228,10,False
2024-08-09,1519.TW,1519,華城,66,current_snapshot,511.57025146484375,539.66943359375,508.2644653320313,522.3140258789062,505.7366027832031,12713353.0,0.0,0.0,False,False,False,,False,3.322791817745948,0.6329116142821936,2.0569569036526976,0.8417511033898876,2.02020264813573,-2.356903089491685,490.9090881347656,3.9556975892637096,6.012654492916408,10528142.2,0.1718831216281024,-10.08645855148565,556.1983642578125,0.0648734988915691,6.487349889156913,bullish,True,False,False,False,False,False,2.8045591409747894,0.2628425431031107,bearish_seed_14,bearish,14,2025-04-02,1519.TW,-0.2701475550241228,11,False
2021-07-22,2409.TW,2409,友達,80,current_snapshot,24.5,25.5,24.375,24.625,17.90258026123047,174823492.0,0.0,0.0,False,False,False,,False,3.5532994923857872,0.5076142131979695,0.5076142131979695,0.2610966057441253,0.5221932114882507,-6.527415143603134,23.9375,2.284263959390863,2.7918781725888326,138335986.4,0.2087105410295774,-8.428246013667426,25.625,0.0406091370558374,4.060913705583746,neutral,False,False,False,False,False,False,2.8150710723319126,0.262118314715632,bearish_seed_14,bearish,14,2025-04-02,1519.TW,-0.2701475550241228,12,False
2021-04-26,6789.TW,6789,采鈺,96,current_snapshot,492.0,504.0,480.5,485.0,465.4707336425781,674101.0,0.0,0.0,False,False,False,,False,2.4742268041237114,0.9278350515463918,-1.443298969072165,0.0,2.047082906857728,-2.2517911975435005,488.5,0.7216494845360825,-0.7216494845360825,921664.0,-0.3672491214224574,-8.75912408759124,481.0,-0.0082474226804123,-0.8247422680412342,neutral,False,False,False,False,False,False,2.8338925340531054,0.2608315155205517,bearish_seed_14,bearish,14,2025-04-02,1519.TW,-0.2701475550241228,13,False
2023-06-14,6139.TW,6139,亞翔,85,current_snapshot,58.00205993652344,59.193885803222656,57.40615081787109,57.60478591918945,49.81886291503906,4107329.0,0.0,0.0,False,False,False,,False,2.068970221278428,0.3448239554210192,-0.6896545330301166,0.0,2.2491410873433533,-3.806228028800935,57.40615081787109,1.0344784884511358,0.3448239554210192,6605800.4,-0.6082959022761508,-4.430375708107072,57.108192443847656,-0.0086206982183466,-0.8620698218346656,neutral,False,False,False,False,False,False,2.8347287354860606,0.2607746385672956,bearish_seed_14,bearish,14,2025-04-02,1519.TW,-0.2701475550241228,14,False
2018-10-08,6415.TW,6415,矽力*-KY,92,current_snapshot,121.5,124.875,120.625,122.5,116.37635040283205,1032000.0,0.0,0.0,False,False,False,,False,1.9387755102040816,0.7142857142857143,0.8163265306122449,0.0,2.803738317757009,-7.580477673935618,120.375,0.9183673469387756,1.7346938775510203,903080.8,0.1249217054263565,-5.797101449275362,112.75,-0.0795918367346938,-7.959183673469383,bearish,False,True,False,False,False,False,2.8717070421890534,0.2582840047305342,bearish_seed_14,bearish,14,2025-04-02,1519.TW,-0.2701475550241228,15,True
2020-08-21,3034.TW,3034,聯詠,58,current_snapshot,266.0,270.0,260.0,263.0,165.889404296875,5977375.0,0.0,0.0,False,False,False,,False,1.520912547528517,1.1406844106463878,-1.1406844106463878,0.5859375,3.125,-4.296875,256.0,3.802281368821293,2.6615969581749046,8476942.0,-0.4181713544825278,-4.787234042553192,254.0,-0.0342205323193915,-3.4220532319391594,neutral,False,False,False,False,False,False,2.921383262682433,0.25501205391383935,bearish_seed_14,bearish,14,2025-04-02,1519.TW,-0.2701475550241228,16,False
2021-10-07,6515.TW,6515,穎崴,73,current_snapshot,247.0,256.0,243.0,248.0,225.4799041748047,129020.0,0.0,0.0,False,False,False,,False,3.225806451612903,1.6129032258064515,0.4032258064516129,0.208768267223382,0.417536534446764,-3.757828810020877,239.5,3.024193548387097,3.427419354838709,84869.6,0.3421981088203379,-8.938547486033519,270.0,0.0887096774193547,8.870967741935477,bullish,True,False,False,False,False,False,2.9465997299620996,0.2533826758280357,bearish_seed_14,bearish,14,2025-04-02,1519.TW,-0.2701475550241228,17,False
2020-05-27,6531.TW,6531,愛普*,95,current_snapshot,103.5,106.75,101.5,102.75,92.47111511230467,5991634.0,0.0,0.0,False,False,False,,False,3.1630170316301705,1.2165450121654502,-0.7299270072992701,0.0,1.932367149758454,-6.038647342995169,103.5,0.0,-0.7299270072992701,7184369.2,-0.1990667654265931,-4.035874439461884,113.25,0.1021897810218979,10.21897810218979,bullish,True,False,False,False,False,False,2.96853267545804,0.2519823022207023,bearish_seed_14,bearish,14,2025-04-02,1519.TW,-0.2701475550241228,18,False
2021-02-01,1802.TW,1802,台玻,86,current_snapshot,16.299999237060547,16.700000762939453,16.0,16.200000762939453,14.641757011413574,15295637.0,0.0,0.0,False,False,False,,False,2.469145105190272,1.234572552595136,-0.6172745025411298,0.3134868025524032,0.940436491059647,-2.8213154523283315,15.949999809265137,2.16049019328505,1.54321569074392,11560410.4,0.2442020950157224,-3.571419651005139,16.950000762939453,0.046296294115971,4.629629411597103,neutral,False,False,False,False,False,False,2.9854559665741967,0.2509123192896737,bearish_seed_14,bearish,14,2025-04-02,1519.TW,-0.2701475550241228,19,False
2018-02-08,2409.TW,2409,友達,80,current_snapshot,16.5625,17.375,16.5,17.25,10.407655715942385,228905224.0,0.0,0.0,False,False,False,,False,0.7246376811594203,0.3623188405797101,3.985507246376811,0.3759398496240601,0.3759398496240601,1.1278195488721805,16.625,-0.3623188405797101,3.6231884057971016,138688946.0,0.3941206601733126,-7.246376811594203,16.75,-0.0289855072463768,-2.898550724637683,neutral,False,False,False,False,False,False,1.03564298780108,0.49124527532217666,bearish_seed_15,bearish,15,2025-04-02,2492.TW,-0.2700329186186457,1,False
2024-04-18,3044.TW,3044,健鼎,65,current_snapshot,191.0,199.5,189.0,198.0,178.2747344970703,4190424.0,0.0,0.0,False,False,False,,False,0.7575757575757576,1.0101010101010102,3.535353535353535,1.0389610389610389,0.2597402597402597,0.5194805194805194,192.5,-0.7575757575757576,2.7777777777777777,3342450.2,0.2023599043915364,-8.173076923076923,187.0,-0.0555555555555555,-5.555555555555558,bearish,False,True,False,False,False,False,1.0562824763473562,0.48631450761392164,bearish_seed_15,bearish,15,2025-04-02,2492.TW,-0.2700329186186457,2,True
2023-05-10,2615.TW,2615,萬海,59,current_snapshot,60.400001525878906,62.0,60.09999847412109,61.59999847412109,51.4356803894043,8444935.0,0.0,0.0,False,False,False,,False,0.6493531425117677,0.4870179532290856,1.948047042154264,0.6644480167978482,0.4983375967749713,0.6644543535041891,60.20000076293945,0.3246765712558838,2.272723613410148,7612766.4,0.0985405571505286,-8.615382267878607,60.20000076293945,-0.0227272361341013,-2.2727236134101325,neutral,False,False,False,False,False,False,1.0733673868733207,0.48230719086790497,bearish_seed_15,bearish,15,2025-04-02,2492.TW,-0.2700329186186457,3,False
2020-10-07,3661.TW,3661,世芯-KY,56,current_snapshot,484.0,508.0,479.5,504.0,477.7785949707031,8058443.0,0.0,0.0,False,False,False,,False,0.7936507936507936,0.8928571428571428,3.968253968253968,0.7135575942915392,0.8154943934760449,1.325178389398573,490.5,-1.2896825396825395,2.6785714285714284,9006140.0,-0.1176029910492634,-11.401869158878505,540.0,0.0714285714285714,7.14285714285714,bullish,True,False,False,False,False,False,1.0932387887485209,0.47772858279483116,bearish_seed_15,bearish,15,2025-04-02,2492.TW,-0.2700329186186457,4,False
2022-04-14,2313.TW,2313,華通,60,current_snapshot,46.20000076293945,48.20000076293945,45.84999847412109,48.0,42.13143539428711,38623068.0,0.0,0.0,False,False,False,,False,0.4166682561238606,0.7291714350382488,3.749998410542806,0.32502211532437,0.9750746118390676,2.2751961366003783,46.150001525878906,0.1041650772094726,3.854163487752279,24581926.2,0.3635428909997518,-8.87512728451744,47.54999923706055,-0.0093750158945719,-0.9375015894571904,neutral,False,False,False,False,False,False,1.1667162229914763,0.4615279054030206,bearish_seed_15,bearish,15,2025-04-02,2492.TW,-0.2700329186186457,5,False
2024-03-18,6515.TW,6515,穎崴,73,current_snapshot,713.0,744.0,707.0,740.0,712.4006958007812,758566.0,0.0,0.0,False,False,False,,False,0.5405405405405406,0.8108108108108109,3.6486486486486487,0.8426966292134831,0.4213483146067415,2.808988764044944,712.0,0.1351351351351351,3.783783783783784,749888.0,0.0114400065386531,-9.256844850065187,749.0,0.0121621621621621,1.216216216216215,neutral,False,False,False,False,False,False,1.2142676290862742,0.45161659180857633,bearish_seed_15,bearish,15,2025-04-02,2492.TW,-0.2700329186186457,6,False
2019-03-15,1590.TW,1590,亞德客-KY,64,current_snapshot,364.238037109375,378.0761413574219,360.7785339355469,373.1339721679688,327.4354553222656,1145450.0,0.0,0.0,False,False,False,,False,1.3245026071301742,0.9271477356317496,2.3841128715530586,0.27210871780413,0.54421743560826,-1.2244934307533344,363.2496032714844,0.2649005214260348,2.6490133929790933,1144352.0,0.0009585752324413,-8.706463649612791,365.720703125,-0.0198675800005464,-1.9867580000546448,neutral,False,False,False,False,False,False,1.2718313759219646,0.4401735140197963,bearish_seed_15,bearish,15,2025-04-02,2492.TW,-0.2700329186186457,7,False
2024-05-14,6531.TW,6531,愛普*,95,current_snapshot,347.0,359.0,345.5,354.0,337.381103515625,2060433.0,0.0,0.0,False,False,False,,False,1.4124293785310735,0.423728813559322,1.977401129943503,0.4329004329004329,0.8658008658008658,1.0101010101010102,346.5,0.1412429378531073,2.11864406779661,2799641.4,-0.3587636191033632,-8.299866131191433,347.0,-0.019774011299435,-1.9774011299435013,neutral,False,False,False,False,False,False,1.2960808380905566,0.43552473563239597,bearish_seed_15,bearish,15,2025-04-02,2492.TW,-0.2700329186186457,8,False
2020-03-17,2912.TW,2912,統一超,74,current_snapshot,274.0,287.5,271.0,286.5,226.228271484375,3684480.0,0.0,0.0,False,False,False,,False,0.3490401396160558,1.0471204188481675,4.363001745200698,0.0,0.9124087591240876,0.1824817518248175,274.0,0.0,4.363001745200698,2751843.4,0.2531257056626715,-7.75716694772344,281.0,-0.0191972076788831,-1.919720767888311,neutral,False,False,False,False,False,False,1.3114925608737498,0.4326209034486348,bearish_seed_15,bearish,15,2025-04-02,2492.TW,-0.2700329186186457,9,False
2019-08-29,2379.TW,2379,瑞昱,53,current_snapshot,203.0,210.0,201.5,208.5,147.04832458496094,6234352.0,0.0,0.0,False,False,False,,False,0.7194244604316548,0.7194244604316548,2.6378896882494005,0.9852216748768472,0.9852216748768472,0.4926108374384236,203.0,0.0,2.6378896882494005,5625016.2,0.0977384337618408,-5.299539170506913,214.0,0.026378896882494,2.6378896882494063,neutral,False,False,False,False,False,False,1.3126241351709755,0.4324092206734964,bearish_seed_15,bearish,15,2025-04-02,2492.TW,-0.2700329186186457,10,False
2021-07-19,2376.TW,2376,技嘉,70,current_snapshot,97.0,101.0,96.5,100.0,77.31808471679688,8497943.0,0.0,0.0,False,False,False,,False,1.0,0.5,3.0,0.8179912038856553,1.124742780978188,0.306751577092533,97.8000030517578,-0.8000030517578125,2.1999969482421875,7456385.2,0.1225658727059006,-7.677723672152696,97.3000030517578,-0.026999969482422,-2.6999969482422004,neutral,False,False,False,False,False,False,1.313748240662673,0.43219914009036403,bearish_seed_15,bearish,15,2025-04-02,2492.TW,-0.2700329186186457,11,False
2021-01-25,1519.TW,1519,華城,66,current_snapshot,32.98271942138672,34.10969161987305,32.68219375610352,34.07212448120117,30.5955867767334,2887451.0,0.0,0.0,False,False,False,,False,0.1102576937713471,0.8820279623274271,3.19734996394345,1.1389483175426216,0.7972730748759401,1.480635125954434,32.98271942138672,0.0,3.19734996394345,2586934.6,0.1040767098731718,-9.17822376201227,32.11870574951172,-0.0573318735310216,-5.733187353102165,bearish,False,True,False,False,False,False,1.3141931483373899,0.4321160490508065,bearish_seed_15,bearish,15,2025-04-02,2492.TW,-0.2700329186186457,12,True
2019-05-21,5871.TW,5871,中租-KY,78,current_snapshot,90.20555114746094,92.93905639648438,89.81504821777344,92.15805053710938,68.66332244873047,5046639.0,0.0,0.0,False,False,False,,False,0.8474635203579004,0.4237317601789502,2.118642243698745,0.8695712743830017,0.8695627798214749,0.0,89.81504821777344,0.4237317601789502,2.542374003877695,4052439.2,0.1970023613735795,-6.9105692025455605,90.20555114746094,-0.0211864224369874,-2.118642243698743,neutral,False,False,False,False,False,False,1.341317526999901,0.42710994492121374,bearish_seed_15,bearish,15,2025-04-02,2492.TW,-0.2700329186186457,13,False
2019-10-16,3036.TW,3036,文曄,68,current_snapshot,34.17231369018555,34.90984344482422,33.97563934326172,34.86067581176758,25.20924568176269,8374181.0,0.0,0.0,False,False,False,,False,0.1410403898137958,0.5641725019497146,1.9746092281712664,0.2881888195169307,0.576366459825222,-0.1440999993627851,34.12314224243164,0.1410513325083271,2.115660560679594,5883391.6,0.2974367762053388,-9.387223289433637,34.418155670166016,-0.0126939633640775,-1.2693963364077576,neutral,False,False,False,False,False,False,1.345079616768656,0.42642475455819495,bearish_seed_15,bearish,15,2025-04-02,2492.TW,-0.2700329186186457,14,False
2019-08-19,2492.TW,2492,華新科,100,current_snapshot,146.5,150.5,145.5,150.0,123.87877655029295,7022077.0,0.0,0.0,False,False,False,,False,0.3333333333333333,0.6666666666666667,2.333333333333333,0.3448275862068966,0.6896551724137931,1.0344827586206895,145.0,1.0,3.333333333333333,6366112.8,0.0934145552661983,-13.897280966767372,146.0,-0.0266666666666666,-2.6666666666666616,neutral,False,False,False,False,False,False,1.3456069467845384,0.42632888744247804,bearish_seed_15,bearish,15,2025-04-02,2492.TW,-0.2700329186186457,15,False
2024-09-16,6139.TW,6139,亞翔,85,current_snapshot,204.5,209.0,203.0,209.0,195.159423828125,2085115.0,0.0,0.0,False,False,False,,False,0.0,0.7177033492822966,2.15311004784689,0.2457002457002457,0.7371007371007371,1.2285012285012284,203.5,0.4784688995215311,2.631578947368421,3677072.0,-0.7634864264081358,-9.641255605381168,215.5,0.0311004784688995,3.110047846889952,neutral,False,False,False,False,False,False,1.349617205782657,0.4256012415719863,bearish_seed_15,bearish,15,2025-04-02,2492.TW,-0.2700329186186457,16,False
2018-02-08,3481.TW,3481,群創,52,current_snapshot,17.380844116210938,18.04171371459961,17.31475830078125,17.84345245361328,10.903560638427734,83519048.0,0.0,0.0,False,False,False,,False,1.1111149117679882,0.3703645110243516,2.592594334560328,1.1450420360611242,0.3816843506001375,0.0,17.31475830078125,0.3703645110243516,2.96295884558468,71171724.2,0.1478384164532143,-7.942237514857807,17.24867057800293,-0.0333333404595649,-3.333334045956493,neutral,False,False,False,False,False,False,1.3500366142176028,0.42552528498919995,bearish_seed_15,bearish,15,2025-04-02,2492.TW,-0.2700329186186457,17,False
2018-06-26,6213.TW,6213,聯茂,81,current_snapshot,64.61997985839844,66.8382797241211,64.23419189453125,66.16314697265625,49.38594818115234,2980909.0,0.0,0.0,False,False,False,,False,1.0204060452926478,0.5830858741145204,2.332366558827029,1.194032494005221,0.2985051718621419,0.2985051718621419,64.61997985839844,0.0,2.332366558827029,3084878.4,-0.034878421313767,-6.824509481288671,68.5743408203125,0.0364431554117694,3.6443155411769457,neutral,False,False,False,False,False,False,1.3550588677810689,0.4246178359618661,bearish_seed_15,bearish,15,2025-04-02,2492.TW,-0.2700329186186457,18,False
2024-10-17,1326.TW,1326,台化,51,current_snapshot,39.400001525878906,40.650001525878906,39.20000076293945,40.29999923706055,38.97465896606445,11066100.0,0.0,0.0,False,False,False,,False,0.8684920482492007,0.4962798181780835,2.2332449831760486,0.5128224690755208,0.7692288129757612,-0.641025641025641,39.0,0.9925596363561672,3.225804619532216,8247187.4,0.2547340616838813,-8.083141020021875,38.650001525878906,-0.0409428720203119,-4.094287202031199,neutral,False,False,False,False,False,False,1.356457722021691,0.42436577183403207,bearish_seed_15,bearish,15,2025-04-02,2492.TW,-0.2700329186186457,19,False
2023-08-07,2324.TW,2324,仁寶,84,current_snapshot,29.950000762939453,31.14999961853028,29.850000381469727,30.950000762939453,27.82358360290528,28944062.0,0.0,0.0,False,False,False,,False,0.6461998405838668,0.3231030016305211,3.231017690950861,0.8319467765299506,0.499166796467933,2.495840329589852,30.049999237060547,-0.3230968389533457,2.907920851997515,30440851.4,-0.0517131769549138,-6.951023324192322,30.0,-0.0306946927147419,-3.06946927147419,neutral,False,False,False,False,False,False,1.3662363668531181,0.4226120492476033,bearish_seed_15,bearish,15,2025-04-02,2492.TW,-0.2700329186186457,20,False
2021-11-29,6415.TW,6415,矽力*-KY,92,current_snapshot,1111.25,1162.5,1107.5,1117.5,1079.8597412109375,1174004.0,0.0,0.0,False,False,False,,False,4.026845637583892,0.3355704697986577,0.5592841163310962,0.0,1.4623172103487063,-2.0247469066366706,1111.25,0.0,0.5592841163310962,1531127.2,-0.3041924899744804,-15.268614514608862,1208.75,0.0816554809843399,8.165548098433995,bullish,True,False,False,False,False,False,1.7764195808348058,0.3601761084321855,bearish_seed_16,bearish,16,2025-04-02,6515.TW,-0.2697095435684647,1,False
2024-05-20,1519.TW,1519,華城,66,current_snapshot,559.7295532226562,576.2584228515625,549.2111206054688,549.2111206054688,528.0462646484375,10100125.0,0.0,0.0,False,False,False,,False,3.009565722319,0.0,-1.915189300171422,0.4048624274642954,1.8893324138808096,-0.944671688573098,556.7242431640625,0.5472048809355127,-1.367984419235909,12592025.6,-0.2467197782205665,-11.49700631426846,513.1480102539062,-0.0656634743881465,-6.566347438814657,bearish,False,True,False,False,False,False,1.918228220962792,0.34267367878105043,bearish_seed_16,bearish,16,2025-04-02,6515.TW,-0.2697095435684647,2,True
2021-10-12,6213.TW,6213,聯茂,81,current_snapshot,129.0,136.0,128.5,130.0,111.8326416015625,7470155.0,0.0,0.0,False,False,False,,False,4.615384615384616,0.3846153846153846,0.7692307692307693,0.7633587786259541,2.2900763358778624,-0.381679389312977,131.0,-1.5384615384615383,-0.7692307692307693,12112123.6,-0.6214019120085191,-8.96551724137931,137.5,0.0576923076923077,5.769230769230771,bullish,True,False,False,False,False,False,2.017792910543094,0.3313679996087061,bearish_seed_16,bearish,16,2025-04-02,6515.TW,-0.2697095435684647,3,False
2021-08-19,3533.TW,3533,嘉澤,82,current_snapshot,502.6066284179688,520.4506225585938,497.6499633789063,499.6326293945313,430.838134765625,632586.0,0.0,0.0,False,False,False,,False,3.5714228997111035,0.396824766634567,-0.5952371499518506,0.7889533895984399,3.155819630255212,0.1972383473996099,502.6066284179688,0.0,-0.5952371499518506,583137.2,0.078169292396607,-6.914893965418052,533.3380126953125,0.0674603324879448,6.746033248794481,bullish,True,False,False,False,False,False,2.0667257500649714,0.32608067414532066,bearish_seed_16,bearish,16,2025-04-02,6515.TW,-0.2697095435684647,4,False
2023-10-23,2376.TW,2376,技嘉,70,current_snapshot,239.0,247.5,238.5,239.0,216.9337921142578,16474882.0,0.0,0.0,False,False,False,,False,3.556485355648536,0.209205020920502,0.0,1.4492753623188406,2.691511387163561,0.4140786749482402,241.5,-1.0460251046025104,-1.0460251046025104,25533190.6,-0.549825400873888,-14.586994727592268,232.0,-0.0292887029288703,-2.9288702928870314,neutral,False,False,False,False,False,False,2.2089338082123504,0.31162998670797926,bearish_seed_16,bearish,16,2025-04-02,6515.TW,-0.2697095435684647,5,False
2022-10-21,2618.TW,2618,長榮航,72,current_snapshot,23.75,24.350000381469727,23.100000381469727,23.14999961853028,19.343168258666992,59380273.0,0.0,0.0,False,False,False,,False,2.5917943471129044,0.2159794293064492,-2.5917943471129044,0.2127627108959441,2.5531931126371346,-0.4255335381690492,23.5,1.0799136247064516,-1.5118807224064528,71009918.8,-0.1958503255786647,-13.620069136261604,22.89999961853028,-0.0107991362470645,-1.0799136247064522,neutral,False,False,False,False,False,False,2.2478610120645532,0.3078949487941094,bearish_seed_16,bearish,16,2025-04-02,6515.TW,-0.2697095435684647,6,False
2025-11-28,2337.TW,2337,旺宏,67,current_snapshot,33.79999923706055,35.349998474121094,33.25,34.099998474121094,34.099998474121094,70967375.0,0.0,0.0,False,False,False,,False,3.665689313589384,1.612901060620129,0.879763197902252,0.4450970557442717,2.5222619275223384,0.8902054310647431,33.70000076293945,0.2932506703687503,1.1730138682710023,89350306.6,-0.2590335573212338,-9.752755227864224,32.79999923706055,-0.0381231464877376,-3.8123146487737625,neutral,False,False,False,False,False,False,2.2518014338062797,0.30752185222745465,bearish_seed_16,bearish,16,2025-04-02,6515.TW,-0.2697095435684647,7,False
2025-11-12,6919.TW,6919,康霈*,97,current_snapshot,126.0,131.0,124.0,124.0,124.0,8334802.0,0.0,0.0,False,False,False,,False,4.032258064516129,0.0,-1.6129032258064515,0.398406374501992,1.99203187250996,-5.179282868525896,125.5,0.4032258064516129,-1.2096774193548387,10709629.8,-0.2849291200918751,-11.904761904761903,125.5,0.0120967741935484,1.2096774193548487,neutral,False,False,False,False,False,False,2.2723432827411205,0.305591410679364,bearish_seed_16,bearish,16,2025-04-02,6515.TW,-0.2697095435684647,8,False
2020-03-11,2207.TW,2207,和泰車,63,current_snapshot,551.9607543945312,567.6470336914062,539.2156982421875,542.1568603515625,447.6619567871094,612131.0,0.0,0.0,False,False,False,,False,2.8933101181645484,0.5424928326956517,-1.8083131949324407,0.7104798290451797,2.1314284292558323,-0.532868165193665,551.9607543945312,0.0,-1.8083131949324407,600348.0,0.0192491476497677,-5.3333349934895935,430.8823547363281,-0.2052441161457926,-20.524411614579265,bearish,False,True,False,False,False,False,2.2871447424059963,0.3042153839772991,bearish_seed_16,bearish,16,2025-04-02,6515.TW,-0.2697095435684647,9,True
2021-04-26,6789.TW,6789,采鈺,96,current_snapshot,492.0,504.0,480.5,485.0,465.4707336425781,674101.0,0.0,0.0,False,False,False,,False,2.4742268041237114,0.9278350515463918,-1.443298969072165,0.0,2.047082906857728,-2.2517911975435005,488.5,0.7216494845360825,-0.7216494845360825,921664.0,-0.3672491214224574,-8.75912408759124,481.0,-0.0082474226804123,-0.8247422680412342,neutral,False,False,False,False,False,False,2.356849917887241,0.2978983345878589,bearish_seed_16,bearish,16,2025-04-02,6515.TW,-0.2697095435684647,10,False
2022-04-28,1590.TW,1590,亞德客-KY,64,current_snapshot,802.0,832.0,800.0,806.0,730.1364135742188,911512.0,0.0,0.0,False,False,False,,False,3.225806451612903,0.2481389578163771,0.4962779156327543,0.6211180124223602,1.6149068322981366,0.6211180124223602,805.0,-0.3722084367245657,0.1240694789081885,956150.4,-0.0489718182536269,-7.885714285714286,832.0,0.032258064516129,3.2258064516129004,neutral,False,False,False,False,False,False,2.3645615921422487,0.29721554283192375,bearish_seed_16,bearish,16,2025-04-02,6515.TW,-0.2697095435684647,11,False
2021-08-11,3661.TW,3661,世芯-KY,56,current_snapshot,574.0,595.0,566.0,575.0,545.084716796875,3427410.0,0.0,0.0,False,False,False,,False,3.4782608695652173,1.391304347826087,0.1739130434782608,1.3937282229965158,2.0905923344947737,-0.3484320557491289,574.0,0.0,0.1739130434782608,2406148.6,0.2979688452796717,-7.258064516129033,569.0,-0.0104347826086956,-1.043478260869568,neutral,False,False,False,False,False,False,2.3781286415737513,0.2960218825574787,bearish_seed_16,bearish,16,2025-04-02,6515.TW,-0.2697095435684647,12,False
2021-11-11,6531.TW,6531,愛普*,95,current_snapshot,532.0,558.0,528.0,538.0,489.1457214355469,7513685.0,0.0,0.0,False,False,False,,False,3.717472118959108,0.7434944237918215,1.1152416356877324,0.7476635514018692,2.0560747663551404,-2.803738317757009,535.0,-0.5576208178438662,0.5576208178438662,8621827.4,-0.1474832122986258,-4.869565217391305,539.0,0.0018587360594795,0.1858736059479504,neutral,False,False,False,False,False,False,2.395171043387715,0.2945359710072798,bearish_seed_16,bearish,16,2025-04-02,6515.TW,-0.2697095435684647,13,False
2020-03-24,2609.TW,2609,陽明,77,current_snapshot,4.929999828338623,5.110000133514404,4.929999828338623,4.96999979019165,2.350826025009156,2400860.0,0.0,0.0,False,False,False,,False,2.816908435268873,0.0,0.8048282402741287,0.0,1.840484216933414,-1.43149639207834,4.889999866485596,0.8048282402741287,1.6096564805482574,3505127.0,-0.4599464358604833,-11.61971597462454,5.179999828338623,0.0422535305859388,4.225353058593884,neutral,False,False,False,False,False,False,2.540848615712395,0.2824181738701096,bearish_seed_16,bearish,16,2025-04-02,6515.TW,-0.2697095435684647,14,False
2023-03-06,6805.TW,6805,富世達,93,current_snapshot,164.0,168.0,162.5,164.0,157.7667694091797,154224.0,0.0,0.0,False,False,False,,False,2.4390243902439024,0.9146341463414632,0.0,0.0,2.127659574468085,-2.127659574468085,164.5,-0.3048780487804878,-0.3048780487804878,246257.8,-0.59675407199917,-6.760563380281689,165.5,0.0091463414634145,0.9146341463414532,neutral,False,False,False,False,False,False,2.559937447427215,0.2809038121506054,bearish_seed_16,bearish,16,2025-04-02,6515.TW,-0.2697095435684647,15,False
2022-04-29,6515.TW,6515,穎崴,73,current_snapshot,352.0,362.0,348.0,349.5,317.76300048828125,267020.0,0.0,0.0,False,False,False,,False,2.861230329041488,0.4291845493562232,-0.7153075822603719,0.5780346820809248,2.601156069364162,-0.2890173410404624,346.0,1.7167381974248928,1.0014306151645207,319066.2,-0.1949149876413752,-6.720430107526881,361.0,0.0329041487839771,3.2904148783977183,neutral,False,False,False,False,False,False,2.569609675027331,0.28014267414051186,bearish_seed_16,bearish,16,2025-04-02,6515.TW,-0.2697095435684647,16,False
2025-04-09,1402.TW,1402,遠東新,94,current_snapshot,30.25,31.39999961853028,30.049999237060547,30.350000381469727,27.505859375,14630339.0,0.0,0.0,False,False,False,,False,3.4596350044912247,0.6589810887170997,0.3294905443585498,0.484651421107194,1.9386118471059512,1.6155088454754305,30.950000762939453,-2.3064275260004297,-1.97693698164188,9334121.6,0.3620023705534096,-11.09488828338846,32.900001525878906,0.0840198060085062,8.401980600850623,bullish,True,False,False,False,False,False,2.588746274040096,0.2786488438131437,bearish_seed_16,bearish,16,2025-04-02,6515.TW,-0.2697095435684647,17,False
2018-06-12,3532.TW,3532,台勝科,98,current_snapshot,314.0,326.0,312.0,315.0,246.0685272216797,3594596.0,0.0,0.0,False,False,False,,False,3.492063492063492,0.6349206349206349,0.3174603174603174,1.2779552715654952,2.2364217252396164,1.9169329073482428,313.0,0.3174603174603174,0.6349206349206349,2731836.4,0.2400157347306902,-6.748466257668712,299.0,-0.0507936507936508,-5.079365079365084,bearish,False,True,False,False,False,False,2.6155049412363796,0.2765865394331432,bearish_seed_16,bearish,16,2025-04-02,6515.TW,-0.2697095435684647,18,True
2024-05-13,3036.TW,3036,文曄,68,current_snapshot,122.0,125.5,120.5,121.5,110.97671508789062,13836585.0,0.0,0.0,False,False,False,,False,2.880658436213992,0.823045267489712,-0.411522633744856,0.823045267489712,1.2345679012345678,-2.469135802469136,121.5,0.411522633744856,0.0,21578055.0,-0.5594928228316453,-19.672131147540984,123.0,0.0123456790123457,1.2345679012345734,neutral,False,False,False,False,False,False,2.6273963106450475,0.27567983047933725,bearish_seed_16,bearish,16,2025-04-02,6515.TW,-0.2697095435684647,19,False
2019-05-24,3481.TW,3481,群創,52,current_snapshot,9.661898612976074,10.08485507965088,9.648681640625,9.70155143737793,6.361423969268799,76907173.0,0.0,0.0,False,False,False,,False,3.950952017799598,0.1362356571151305,0.4087266315888602,0.2774041417078828,0.9708644591554926,-1.386960664352897,9.529725074768066,1.3623958916382428,1.7711225232271033,71652191.8,0.0683288826648198,-14.750295421228646,9.675115585327148,-0.0027249097447372,-0.2724909744737269,neutral,False,False,False,False,False,False,2.638175194966744,0.27486306909668784,bearish_seed_16,bearish,16,2025-04-02,6515.TW,-0.2697095435684647,20,False
2023-05-02,6531.TW,6531,愛普*,95,current_snapshot,278.0,288.0,275.0,283.5,264.5053100585937,4246141.0,0.0,0.0,False,False,False,,False,1.5873015873015872,1.058201058201058,1.9400352733686064,1.2522361359570662,1.073345259391771,0.1788908765652951,279.5,-0.5291005291005291,1.4109347442680775,5866518.4,-0.3816117740790992,-9.13621262458472,283.0,-0.0017636684303351,-0.1763668430335152,neutral,False,False,False,False,False,False,0.7016157157834405,0.5876767537608163,bearish_seed_17,bearish,17,2025-04-02,6139.TW,-0.2697095435684647,1,False
2018-09-17,2356.TW,2356,英業達,71,current_snapshot,26.600000381469727,27.14999961853028,26.299999237060547,26.799999237060547,18.51905059814453,9054684.0,0.0,0.0,False,False,False,,False,1.3059716098264895,1.1194072871252967,0.7462644077774847,1.1257078750597165,0.7504719167064777,1.5009366763823355,26.64999961853028,-0.1865643227011929,0.5597000850762918,17225652.6,-0.902402402999376,-6.846845472181165,26.950000762939453,0.00559707202049,0.559707202049009,neutral,False,False,False,False,False,False,0.8271714316290114,0.5472940210697426,bearish_seed_17,bearish,17,2025-04-02,6139.TW,-0.2697095435684647,2,False
2018-01-31,2492.TW,2492,華新科,100,current_snapshot,96.5,99.6999969482422,95.6999969482422,98.3000030517578,72.2533950805664,5066942.0,0.0,0.0,False,False,False,,False,1.424205343866813,0.8138382776413421,1.831132244024508,1.4358990009014423,1.0256410256410255,1.0256410256410255,97.5,-1.0172939663831655,0.8138382776413421,7718725.8,-0.5233499416413292,-9.67741935483871,96.1999969482422,-0.0213632353847423,-2.1363235384742385,neutral,False,False,False,False,False,False,0.9537878527683238,0.5118262960756457,bearish_seed_17,bearish,17,2025-04-02,6139.TW,-0.2697095435684647,3,False
2024-11-29,3702.TW,3702,大聯大,90,current_snapshot,69.69999694824219,71.4000015258789,69.0,70.4000015258789,65.01851654052734,6291210.0,0.0,0.0,False,False,False,,False,1.420454514667023,0.9943138253837536,0.9943246625916596,0.4285757882254464,0.4285757882254464,-0.2857099260602678,70.0,-0.4261406892832693,0.5681839733083904,7180090.6,-0.1412892909313152,-6.0483869727270685,70.5,0.0014204328402511,0.1420432840251173,neutral,False,False,False,False,False,False,1.1158684824518734,0.47261916716165536,bearish_seed_17,bearish,17,2025-04-02,6139.TW,-0.2697095435684647,4,False
2022-09-05,5871.TW,5871,中租-KY,78,current_snapshot,172.48130798339844,177.55429077148438,170.1754150390625,175.24839782714844,147.162353515625,5167975.0,0.0,0.0,False,False,False,,False,1.31578546390495,1.31578546390495,1.5789530050250418,0.7957500552683435,0.530505887669275,-1.06101177533855,173.86485290527344,-0.7894765025125209,0.7894765025125209,6343043.2,-0.2273749776266332,-10.44083455437022,178.47665405273438,0.0184210313224661,1.84210313224662,neutral,False,False,False,False,False,False,1.1581765187945567,0.4633541284929497,bearish_seed_17,bearish,17,2025-04-02,6139.TW,-0.2697095435684647,5,False
2021-02-02,2207.TW,2207,和泰車,63,current_snapshot,562.7451171875,585.2941284179688,558.8235473632812,572.5490112304688,481.7741088867188,715910.0,0.0,0.0,False,False,False,,False,2.2260307742230463,0.684931725895549,1.712323984613848,0.6944446696175512,0.5208416084450075,1.041661600271764,564.7058715820312,-0.34246053282275,1.369863451791098,620251.0,0.1336187509603162,-7.049180294406954,586.2745361328125,0.0239726637075945,2.3972663707594544,neutral,False,False,False,False,False,False,1.1799787390957863,0.4587200700933353,bearish_seed_17,bearish,17,2025-04-02,6139.TW,-0.2697095435684647,6,False
2022-06-23,3036.TW,3036,文曄,68,current_snapshot,69.62301635742188,70.90140533447266,69.1313247680664,69.81969451904297,59.93377304077149,12100515.0,0.0,0.0,False,False,False,,False,1.5492918192798113,0.7042305079426585,0.2816943886333544,1.1315368518729658,0.7072187626574183,-0.4243290628646337,69.5246810913086,0.1408417306759496,0.422536119309304,15844037.4,-0.3093688491770805,-7.932383334900477,67.55792236328125,-0.0323944722379848,-3.239447223798486,neutral,False,False,False,False,False,False,1.202622207314876,0.4540043211582152,bearish_seed_17,bearish,17,2025-04-02,6139.TW,-0.2697095435684647,7,False
2020-07-14,6213.TW,6213,聯茂,81,current_snapshot,140.61431884765625,144.04393005371094,139.63441467285156,141.59420776367188,117.92198181152344,3802459.0,0.0,0.0,False,False,False,,False,1.7301006366925522,0.6920510310988136,0.692040254677021,0.3472215839052863,1.041675565555714,0.3472215839052863,141.10426330566406,-0.3460201273385105,0.3460201273385105,4946062.6,-0.300753696489561,-5.647840944058383,144.53387451171875,0.0207612076403105,2.076120764031053,neutral,False,False,False,False,False,False,1.2035616757983711,0.45381076054414976,bearish_seed_17,bearish,17,2025-04-02,6139.TW,-0.2697095435684647,8,False
2025-05-09,2404.TW,2404,漢唐,79,current_snapshot,444.0,460.0,439.5,453.0,421.9482421875,1726930.0,0.0,0.0,False,False,False,,False,1.545253863134658,0.9933774834437088,1.9867549668874167,0.4524886877828055,0.5656108597285068,1.809954751131222,442.0,0.4415011037527593,2.428256070640177,1448245.4,0.1613757361329064,-6.0606060606060606,463.0,0.0220750551876378,2.207505518763786,neutral,False,False,False,False,False,False,1.2049363538382907,0.4535278300705725,bearish_seed_17,bearish,17,2025-04-02,6139.TW,-0.2697095435684647,9,False
2020-12-30,6415.TW,6415,矽力*-KY,92,current_snapshot,585.0,597.5,577.5,590.0,568.6319580078125,1072280.0,0.0,0.0,False,False,False,,False,1.2711864406779665,1.2711864406779665,0.847457627118644,0.4273504273504274,1.282051282051282,-0.2136752136752137,585.0,0.0,0.847457627118644,795680.8,0.2579542656768754,-6.237424547283702,601.25,0.0190677966101695,1.9067796610169552,neutral,False,False,False,False,False,False,1.2081272628104394,0.45287244845083313,bearish_seed_17,bearish,17,2025-04-02,6139.TW,-0.2697095435684647,10,False
2018-06-19,2379.TW,2379,瑞昱,53,current_snapshot,112.0,115.0,111.0,114.0,77.4426498413086,2115642.0,0.0,0.0,False,False,False,,False,0.8771929824561403,0.8771929824561403,1.7543859649122806,0.8849557522123894,0.8849557522123894,1.327433628318584,113.0,-0.8771929824561403,0.8771929824561403,3064764.4,-0.4486214586399778,-3.4782608695652173,114.5,0.0043859649122806,0.4385964912280604,neutral,False,False,False,False,False,False,1.2562231074343961,0.4432185791843624,bearish_seed_17,bearish,17,2025-04-02,6139.TW,-0.2697095435684647,11,False
2019-12-24,3034.TW,3034,聯詠,58,current_snapshot,216.0,218.5,214.5,216.0,131.23304748535156,5535405.0,0.0,0.0,False,False,False,,False,1.1574074074074074,0.6944444444444444,0.0,0.6944444444444444,1.1574074074074074,0.6944444444444444,216.0,0.0,0.0,12160595.4,-1.1968754589772566,-7.20524017467249,227.0,0.0509259259259258,5.092592592592582,bullish,True,False,False,False,False,False,1.268389019925449,0.4408414920086614,bearish_seed_17,bearish,17,2025-04-02,6139.TW,-0.2697095435684647,12,False
2025-07-09,6789.TW,6789,采鈺,96,current_snapshot,223.5,228.0,221.5,226.0,224.7374420166016,647450.0,0.0,0.0,False,False,False,,False,0.8849557522123894,0.8849557522123894,1.106194690265487,0.4474272930648769,0.8948545861297539,2.013422818791946,223.5,0.0,1.106194690265487,791218.8,-0.2220539037763534,-4.967602591792657,221.0,-0.0221238938053097,-2.212389380530977,neutral,False,False,False,False,False,False,1.279017231792839,0.438785624807816,bearish_seed_17,bearish,17,2025-04-02,6139.TW,-0.2697095435684647,13,False
2020-12-30,3661.TW,3661,世芯-KY,56,current_snapshot,610.0,625.0,607.0,617.0,584.8995971679688,2340390.0,0.0,0.0,False,False,False,,False,1.2965964343598055,0.4862236628849271,1.1345218800648298,0.6578947368421052,0.8223684210526315,-0.3289473684210526,608.0,0.3241491085899514,1.4586709886547813,2087852.0,0.1079042381825251,-5.451713395638629,726.0,0.1766612641815235,17.666126418152352,bullish,True,False,False,False,False,False,1.2827695326738178,0.43806437123273484,bearish_seed_17,bearish,17,2025-04-02,6139.TW,-0.2697095435684647,14,False
2022-02-09,1802.TW,1802,台玻,86,current_snapshot,23.89999961853028,24.200000762939453,23.64999961853028,24.049999237060547,21.97554397583008,7701550.0,0.0,0.0,False,False,False,,False,0.623706988097351,1.0395010724771885,0.6236990573335535,1.0416666666666663,0.6249984105428059,1.0416666666666663,24.0,-0.4158020151436349,0.2078970421899186,6627112.4,0.1395092676149605,-6.679767041166502,22.89999961853028,-0.0478170334724229,-4.781703347242294,neutral,False,False,False,False,False,False,1.2925794008433613,0.4361899089000514,bearish_seed_17,bearish,17,2025-04-02,6139.TW,-0.2697095435684647,15,False
2021-07-19,2376.TW,2376,技嘉,70,current_snapshot,97.0,101.0,96.5,100.0,77.31808471679688,8497943.0,0.0,0.0,False,False,False,,False,1.0,0.5,3.0,0.8179912038856553,1.124742780978188,0.306751577092533,97.8000030517578,-0.8000030517578125,2.1999969482421875,7456385.2,0.1225658727059006,-7.677723672152696,97.3000030517578,-0.026999969482422,-2.6999969482422004,neutral,False,False,False,False,False,False,1.303185286713522,0.4341813078473279,bearish_seed_17,bearish,17,2025-04-02,6139.TW,-0.2697095435684647,16,False
2024-08-16,2615.TW,2615,萬海,59,current_snapshot,80.5999984741211,81.80000305175781,79.69999694824219,80.80000305175781,75.07130432128906,24778762.0,0.0,0.0,False,False,False,,False,1.2376237156320813,1.1138632325327946,0.2475304085181809,0.7462667446939887,0.7462667446939887,2.7363240496066257,80.4000015258789,0.2475209661985731,0.495051374716754,40411312.4,-0.6308850458307803,-7.719715244165099,80.4000015258789,-0.0049505137471675,-0.4950513747167595,neutral,False,False,False,False,False,False,1.308656431702548,0.43315236787421735,bearish_seed_17,bearish,17,2025-04-02,6139.TW,-0.2697095435684647,17,False
2023-11-02,6919.TW,6919,康霈*,97,current_snapshot,37.34999847412109,38.75,37.04999923706055,38.04999923706055,38.04999923706055,764510.0,0.0,0.0,False,False,False,,False,1.8396866674773944,0.7884342787800869,1.8396866674773944,0.4021386441011126,1.072379944673593,-0.402148871171739,37.29999923706055,0.1314040422157165,1.971090709693111,1977956.0,-1.58722057265438,-5.150255516928761,37.79999923706055,-0.0065703023656437,-0.657030236564371,neutral,False,False,False,False,False,False,1.310871230444908,0.4327372234442815,bearish_seed_17,bearish,17,2025-04-02,6139.TW,-0.2697095435684647,18,False
2022-01-18,2609.TW,2609,陽明,77,current_snapshot,104.5,108.0,104.0,106.5,50.37483978271485,31650942.0,0.0,0.0,False,False,False,,False,1.4084507042253522,0.4694835680751174,1.8779342723004693,0.4739336492890995,0.9478672985781992,-0.4739336492890995,105.5,-0.9389671361502347,0.9389671361502347,43863510.0,-0.3858516438468087,-5.286343612334802,99.0,-0.0704225352112676,-7.042253521126762,bearish,False,True,False,False,False,False,1.3185834369318183,0.4312978278337484,bearish_seed_17,bearish,17,2025-04-02,6139.TW,-0.2697095435684647,19,True
2021-02-02,5876.TW,5876,上海商銀,75,current_snapshot,36.99480438232422,38.02108001708984,36.75045394897461,37.67898941040039,29.81287956237793,4123630.0,0.0,0.0,False,False,False,,False,0.9079081261001845,0.6485058043572747,1.8158263764030755,0.785337104618844,1.1780056569282658,0.6544578041457169,37.33689880371094,-0.9079182503028908,0.9079081261001845,5906308.0,-0.4323079422741613,-4.102557687573429,37.87446975708008,0.0051880464348581,0.5188046434858151,neutral,False,False,False,False,False,False,1.3205309593130894,0.4309358580141566,bearish_seed_17,bearish,17,2025-04-02,6139.TW,-0.2697095435684647,20,False
2018-09-12,3481.TW,3481,群創,52,current_snapshot,14.076501846313477,14.274762153625488,14.010415077209473,14.14258861541748,9.273466110229492,17593054.0,0.0,0.0,False,False,False,,False,0.934578115804906,0.4672890579024529,0.4672890579024529,0.9389658002469058,0.4694896750617637,0.9389658002469058,14.076501846313477,0.0,0.4672890579024529,25605787.8,-0.4554487128840735,-8.296944332153783,14.076501846313477,-0.0046728905790245,-0.4672890579024535,neutral,False,False,False,False,False,False,1.324016265778035,0.43028958735158407,bearish_seed_17,bearish,17,2025-04-02,6139.TW,-0.2697095435684647,21,False
2025-04-07,1504.TW,1504,東元,89,current_snapshot,44.54999923706055,44.54999923706055,44.54999923706055,44.54999923706055,41.49764633178711,614575.0,0.0,0.0,False,False,False,,False,0.0,0.0,0.0,1.3131266892558395,0.4040419453322285,-0.9090924503827336,49.5,-11.111113013940557,-11.111113013940557,3489289.6,-4.677565146646057,-1.782181239364171,50.20000076293945,0.1268238299133066,12.682382991330666,bullish,True,False,False,False,False,False,0.6743070945242052,0.5972619976768205,bearish_seed_18,bearish,18,2021-04-09,3661.TW,-0.2697044334975369,1,False
2025-04-07,4938.TW,4938,和碩,69,current_snapshot,78.19999694824219,78.19999694824219,78.19999694824219,78.19999694824219,70.77252960205078,1847408.0,0.0,0.0,False,False,False,,False,0.0,0.0,0.0,0.9216624696208596,0.2304200122175783,-0.4608224451857027,86.80000305175781,-10.997450689426069,-10.997450689426069,5583462.4,-2.0223223023825816,-3.425412678586844,75.5,-0.0345268165423231,-3.4526816542323147,neutral,False,False,False,False,False,False,0.8799721228826292,0.5319227811030857,bearish_seed_18,bearish,18,2021-04-09,3661.TW,-0.2697044334975369,2,False
2025-04-07,3044.TW,3044,健鼎,65,current_snapshot,182.0,182.0,182.0,182.0,169.87855529785156,376311.0,0.0,0.0,False,False,False,,False,0.0,0.0,0.0,1.2376237623762376,0.2475247524752475,0.0,202.0,-10.989010989010987,-10.989010989010987,1787376.0,-3.749730940631552,-4.047619047619048,162.5,-0.1071428571428571,-10.71428571428571,bearish,False,True,False,False,False,False,0.9084267750034473,0.5239918099546648,bearish_seed_18,bearish,18,2021-04-09,3661.TW,-0.2697044334975369,3,True
2025-04-07,2834.TW,2834,臺企銀,87,current_snapshot,11.594075202941896,11.594075202941896,11.594075202941896,11.594075202941896,11.240996360778809,28471389.0,0.0,0.0,False,False,False,,False,0.0,0.0,0.0,0.6849262294814772,0.0,-1.0273967528347574,12.872509002685549,-11.026612967106344,-11.026612967106344,25278867.6,0.112130862319362,-1.993354526632203,12.475752830505373,0.0760455329235538,7.604553292355387,bullish,True,False,False,False,False,False,0.9375584819216117,0.5161134537772664,bearish_seed_18,bearish,18,2021-04-09,3661.TW,-0.2697044334975369,4,False
2025-04-07,2618.TW,2618,長榮航,72,current_snapshot,37.29999923706055,37.29999923706055,37.29999923706055,37.29999923706055,33.416099548339844,11564422.0,0.0,0.0,False,False,False,,False,0.0,0.0,0.0,1.3285005236455014,0.6038647120428883,-0.120771099559725,41.400001525878906,-10.99196346563106,-10.99196346563106,26677285.2,-1.306841206590351,-4.799996512276786,36.84999847412109,-0.012064363864446,-1.2064363864446093,neutral,False,False,False,False,False,False,1.1724848251062514,0.46030240968476827,bearish_seed_18,bearish,18,2021-04-09,3661.TW,-0.2697044334975369,5,False
2025-04-07,2356.TW,2356,英業達,71,current_snapshot,38.59999847412109,38.59999847412109,38.59999847412109,38.59999847412109,35.94352722167969,4420903.0,0.0,0.0,False,False,False,,False,0.0,0.0,0.0,1.28355442553862,0.5834305925377931,0.0,42.84999847412109,-11.010363129546135,-11.010363129546135,15404160.8,-2.4843923967569523,-4.939626866490367,37.25,-0.0349740551162502,-3.497405511625029,neutral,False,False,False,False,False,False,1.2014039903194713,0.45425555890578645,bearish_seed_18,bearish,18,2021-04-09,3661.TW,-0.2697044334975369,6,False
2025-04-07,6239.TW,6239,力成,76,current_snapshot,115.0,115.0,115.0,115.0,107.09944915771484,957341.0,0.0,0.0,False,False,False,,False,0.0,0.0,0.0,1.1764705882352942,0.392156862745098,0.7843137254901961,127.5,-10.869565217391305,-10.869565217391305,4626684.4,-3.83284890127969,-4.905660377358491,108.5,-0.0565217391304347,-5.652173913043479,bearish,False,True,False,False,False,False,1.3517962234614551,0.42520690781966025,bearish_seed_18,bearish,18,2021-04-09,3661.TW,-0.2697044334975369,7,True
2025-04-07,1402.TW,1402,遠東新,94,current_snapshot,30.450000762939453,30.450000762939453,30.450000762939453,30.450000762939453,27.59648895263672,1874038.0,0.0,0.0,False,False,False,,False,0.0,0.0,0.0,0.295864766495942,0.2958534804091026,-0.8875717273141472,33.79999923706055,-11.0016367493769,-11.0016367493769,5360362.6,-1.8603275920765745,1.6369139188545736,31.75,0.0426929131194888,4.269291311948886,neutral,False,False,False,False,False,False,1.523926630736906,0.39620803070176097,bearish_seed_18,bearish,18,2021-04-09,3661.TW,-0.2697044334975369,8,False
2023-03-24,2404.TW,2404,漢唐,79,current_snapshot,214.5,214.5,214.5,214.5,175.66322326660156,2602347.0,0.0,0.0,False,False,False,,False,0.0,0.0,0.0,1.2605042016806722,0.4201680672268907,0.0,238.0,-10.955710955710956,-10.955710955710956,1738112.8,0.3320979869325651,6.473214285714287,207.0,-0.034965034965035,-3.4965034965035,neutral,False,False,False,False,False,False,1.6495986577801722,0.377415650126347,bearish_seed_18,bearish,18,2021-04-09,3661.TW,-0.2697044334975369,9,False
2025-04-07,2379.TW,2379,瑞昱,53,current_snapshot,477.0,477.0,477.0,477.0,438.8894653320313,769369.0,0.0,0.0,False,False,False,,False,0.0,0.0,0.0,2.2641509433962264,0.0,0.7547169811320755,530.0,-11.11111111111111,-11.11111111111111,2270268.0,-1.9508181379806049,-6.583629893238434,484.0,0.0146750524109013,1.467505241090139,neutral,False,False,False,False,False,False,1.6549408480976198,0.37665622596320497,bearish_seed_18,bearish,18,2021-04-09,3661.TW,-0.2697044334975369,10,False
2025-04-07,2376.TW,2376,技嘉,70,current_snapshot,222.5,222.5,222.5,222.5,206.9701385498047,1023293.0,0.0,0.0,False,False,False,,False,0.0,0.0,0.0,0.6072874493927125,0.0,0.6072874493927125,247.0,-11.01123595505618,-11.01123595505618,3014047.6,-1.945439478233507,-8.193668528864059,199.0,-0.1056179775280898,-10.561797752808989,bearish,False,True,False,False,False,False,1.795862787189459,0.35767134373759807,bearish_seed_18,bearish,18,2021-04-09,3661.TW,-0.2697044334975369,11,True
2025-04-07,2324.TW,2324,仁寶,84,current_snapshot,29.200000762939453,29.200000762939453,29.200000762939453,29.200000762939453,28.18031883239746,5554320.0,0.0,0.0,False,False,False,,False,0.0,0.0,0.0,0.4629676506622855,0.4629676506622855,-1.234560778838698,32.400001525878906,-10.958906436060383,-10.958906436060383,21446040.8,-2.861146062884385,-8.815429284286063,26.049999237060547,-0.1078767617662831,-10.787676176628311,bearish,False,True,False,False,False,False,1.853587405545807,0.3504360854889355,bearish_seed_18,bearish,18,2021-04-09,3661.TW,-0.2697044334975369,12,True
2024-07-26,1590.TW,1590,亞德客-KY,64,current_snapshot,880.0,891.0,873.0,873.0,815.6815185546875,737923.0,0.0,0.0,False,False,False,,False,1.2600229095074456,0.0,-0.8018327605956471,1.6494845360824744,0.1030927835051546,0.3092783505154639,970.0,-10.309278350515465,-11.11111111111111,386621.0,0.4760686413081039,-2.642276422764228,837.0,-0.0412371134020618,-4.123711340206182,neutral,False,False,False,False,False,False,1.8617674725494942,0.34943440010138876,bearish_seed_18,bearish,18,2021-04-09,3661.TW,-0.2697044334975369,13,False
2025-04-07,3702.TW,3702,大聯大,90,current_snapshot,57.59999847412109,57.59999847412109,57.59999847412109,57.59999847412109,53.19696807861328,1832983.0,0.0,0.0,False,False,False,,False,0.0,0.0,0.0,0.3124952316284179,0.3125011920928955,1.2499988079071045,64.0,-11.111114054550438,-11.111114054550438,3472093.8,-0.8942313158387174,-2.9185833421131924,57.70000076293945,0.0017361508935334,0.1736150893533405,neutral,False,False,False,False,False,False,1.8777427713237043,0.3474945745550496,bearish_seed_18,bearish,18,2021-04-09,3661.TW,-0.2697044334975369,14,False
2025-04-07,2002.TW,2002,中鋼,62,current_snapshot,20.600000381469727,20.600000381469727,20.600000381469727,20.600000381469727,20.10099029541016,13710207.0,0.0,0.0,False,False,False,,False,0.0,0.0,0.0,0.2188150381874562,0.87527684726712,-0.6564534618210163,22.850000381469727,-10.92232989482824,-10.92232989482824,23531106.2,-0.7163202714590668,-0.6493489872433058,20.89999961853028,0.0145630694905427,1.4563069490542755,neutral,False,False,False,False,False,False,1.9081031067954657,0.34386676237966435,bearish_seed_18,bearish,18,2021-04-09,3661.TW,-0.2697044334975369,15,False
2025-04-07,3034.TW,3034,聯詠,58,current_snapshot,478.0,478.0,478.0,478.0,433.7157897949219,948643.0,0.0,0.0,False,False,False,,False,0.0,0.0,0.0,0.1883239171374764,0.1883239171374764,-3.954802259887006,531.0,-11.08786610878661,-11.08786610878661,3365117.8,-2.5472962958668326,-1.2522361359570662,504.0,0.0543933054393306,5.439330543933063,bullish,True,False,False,False,False,False,1.9491526793388168,0.33908044402238074,bearish_seed_18,bearish,18,2021-04-09,3661.TW,-0.2697044334975369,16,False
2025-04-07,2347.TW,2347,聯強,99,current_snapshot,66.5,66.5,66.5,66.5,59.7804069519043,2151883.0,0.0,0.0,False,False,False,,False,0.0,0.0,0.0,0.5419971272953054,0.0,2.0325202411550203,73.80000305175781,-10.977448198132048,-10.977448198132048,4549734.4,-1.1143037981154182,-4.376661783786808,64.5,-0.0300751879699248,-3.007518796992481,neutral,False,False,False,False,False,False,1.9841984029356443,0.33509836310356256,bearish_seed_18,bearish,18,2021-04-09,3661.TW,-0.2697044334975369,17,False
2025-04-08,2313.TW,2313,華通,60,current_snapshot,49.04999923706055,49.04999923706055,49.04999923706055,49.04999923706055,46.650299072265625,4929123.0,0.0,0.0,False,False,False,,False,0.0,0.0,0.0,0.0,0.0,0.0,54.5,-11.111112839369044,-11.111112839369044,7427586.6,-0.5068779172278719,-6.779663208674045,48.75,-0.0061161924918824,-0.6116192491882444,neutral,False,False,False,False,False,False,2.050894710062979,0.32777270113636836,bearish_seed_18,bearish,18,2021-04-09,3661.TW,-0.2697044334975369,18,False
2025-04-08,6139.TW,6139,亞翔,85,current_snapshot,195.5,195.5,195.5,195.5,182.5534210205078,1362256.0,0.0,0.0,False,False,False,,False,0.0,0.0,0.0,0.0,0.0,0.0,217.0,-10.997442455242968,-10.997442455242968,2389908.6,-0.7543755358757825,-7.307692307692308,199.0,0.0179028132992327,1.7902813299232712,neutral,False,False,False,False,False,False,2.0942702348910247,0.32317797867942794,bearish_seed_18,bearish,18,2021-04-09,3661.TW,-0.2697044334975369,19,False
2021-04-12,3661.TW,3661,世芯-KY,56,current_snapshot,731.0,731.0,731.0,731.0,692.968505859375,86787.0,0.0,0.0,False,False,False,,False,0.0,0.0,0.0,0.0,0.0,0.0,812.0,-11.080711354309166,-11.080711354309166,1199886.6,-12.825649002730826,-0.1107419712070874,534.0,-0.2694938440492476,-26.94938440492476,bearish,False,True,False,False,False,False,2.1709817506771962,0.31535974616897106,bearish_seed_18,bearish,18,2021-04-09,3661.TW,-0.2697044334975369,20,True
2025-04-07,2409.TW,2409,友達,80,current_snapshot,12.850000381469728,12.850000381469728,12.850000381469728,12.850000381469728,12.311793327331545,8667821.0,0.0,0.0,False,False,False,,False,0.0,0.0,0.0,0.3508785314727247,0.3508785314727247,1.7543859649122806,14.25,-10.89493834217418,-10.89493834217418,31697497.6,-2.656916496083618,-6.1224464639994105,11.649999618530272,-0.0933852706082336,-9.338527060823363,bearish,False,True,False,False,False,False,2.1729794597975545,0.31516119554830113,bearish_seed_18,bearish,18,2021-04-09,3661.TW,-0.2697044334975369,21,True
2025-04-07,2609.TW,2609,陽明,77,current_snapshot,69.69999694824219,69.69999694824219,69.69999694824219,69.69999694824219,59.95664978027344,4684868.0,0.0,0.0,False,False,False,,False,0.0,0.0,0.0,0.0,0.7751918117475523,0.5167978268645959,77.4000015258789,-11.047352818902684,-11.047352818902684,17897249.0,-2.8202248174334903,-1.1553292788831584,62.20000076293945,-0.1076039671977615,-10.760396719776155,bearish,False,True,False,False,False,False,2.1850375110172555,0.3139680448160921,bearish_seed_18,bearish,18,2021-04-09,3661.TW,-0.2697044334975369,22,True
2025-04-07,3481.TW,3481,群創,52,current_snapshot,14.100000381469728,14.100000381469728,14.100000381469728,14.100000381469728,12.80428981781006,12274371.0,0.0,0.0,False,False,False,,False,0.0,0.0,0.0,0.0,0.6389800888641671,0.9584640395305022,15.649999618530272,-10.992902093091867,-10.992902093091867,51963810.6,-3.2335212614968216,-2.515720931616272,13.100000381469728,-0.0709219838968375,-7.092198389683757,bearish,False,True,False,False,False,False,2.2094385325087402,0.311580979000188,bearish_seed_18,bearish,18,2021-04-09,3661.TW,-0.2697044334975369,23,True
2025-04-07,5876.TW,5876,上海商銀,75,current_snapshot,40.841583251953125,41.18811798095703,40.841583251953125,40.841583251953125,37.73870849609375,4087151.0,0.0,0.0,False,False,False,,False,0.8484850522716556,0.0,0.0,0.0,0.2183418603449961,0.8733590290563342,45.34653472900391,-11.030305679531525,-11.030305679531525,8059298.0,-0.9718620623510116,0.8898741427100331,46.386138916015625,0.1357576083634648,13.575760836346484,bullish,True,False,False,False,False,False,2.2910003718828715,0.30385897508357695,bearish_seed_18,bearish,18,2021-04-09,3661.TW,-0.2697044334975369,24,False
2018-10-25,2337.TW,2337,旺宏,67,current_snapshot,17.049999237060547,17.25,17.049999237060547,17.049999237060547,13.349867820739746,68417699.0,0.0,0.0,False,False,False,,False,1.1730250550670034,0.0,0.0,1.0582051162761126,1.322751349449185,-1.322751349449185,18.89999961853028,-10.850442605583778,-10.850442605583778,44161271.0,0.3545344019827384,0.2617761050363889,15.699999809265137,-0.0791788556131426,-7.917885561314264,bearish,False,True,False,False,False,False,2.3460828634594293,0.2988569144298255,bearish_seed_18,bearish,18,2021-04-09,3661.TW,-0.2697044334975369,25,True
2025-04-07,3533.TW,3533,嘉澤,82,current_snapshot,1290.0,1290.0,1290.0,1290.0,1231.547607421875,60033.0,0.0,0.0,False,False,False,,False,0.0,0.0,0.0,0.6993006993006993,1.048951048951049,0.0,1430.0,-10.852713178294572,-10.852713178294572,642436.6,-9.701390901670749,-8.653846153846153,1155.0,-0.1046511627906976,-10.465116279069765,bearish,False,True,False,False,False,False,2.3492885825182626,0.2985708682194594,bearish_seed_18,bearish,18,2021-04-09,3661.TW,-0.2697044334975369,26,True
2022-07-06,6770.TW,6770,力積電,55,current_snapshot,39.09999847412109,39.54999923706055,38.5,38.95000076293945,37.68724822998047,17056015.0,0.0,0.0,False,False,False,,False,1.1553292788831584,1.1553292788831584,-0.3851032304070247,0.7692288129757612,2.435899392152444,-0.3846192971254006,39.0,0.2567354869380165,-0.1283677434690082,19029069.6,-0.1156808668378868,-13.446329407772776,40.09999847412109,0.0295249727511133,2.952497275111332,neutral,False,False,False,False,False,False,1.391420860150506,0.4181614439614214,bearish_seed_19,bearish,19,2025-04-02,6805.TW,-0.2696917808219178,1,False
2022-07-08,6789.TW,6789,采鈺,96,current_snapshot,318.0,319.5,308.5,313.0,301.80731201171875,1058076.0,0.0,0.0,False,False,False,,False,0.4792332268370607,1.437699680511182,-1.5974440894568689,0.7898894154818324,3.633491311216429,-0.1579778830963665,316.5,0.4792332268370607,-1.1182108626198082,1434982.8,-0.3562190239642521,-14.09028727770178,292.5,-0.0654952076677316,-6.549520766773165,bearish,False,True,False,False,False,False,1.45577517139867,0.4072034002324638,bearish_seed_19,bearish,19,2025-04-02,6805.TW,-0.2696917808219178,2,True
2022-07-08,5871.TW,5871,中租-KY,78,current_snapshot,177.55429077148438,178.47665405273438,174.78721618652344,177.55429077148438,149.0987091064453,6053782.0,0.0,0.0,False,False,False,,False,0.5194823945072093,1.5584385896492996,0.0,0.7812528272077811,2.6041674744403185,-0.2604176090692603,177.09310913085938,0.2597411972536046,0.2597411972536046,6081101.8,-0.0045128483318361,-12.211979581874717,175.24839782714844,-0.0129869739239569,-1.298697392395698,neutral,False,False,False,False,False,False,1.5023770560276446,0.399620032317365,bearish_seed_19,bearish,19,2025-04-02,6805.TW,-0.2696917808219178,3,False
2018-06-27,2313.TW,2313,華通,60,current_snapshot,32.95000076293945,33.099998474121094,32.04999923706055,32.29999923706055,23.99060440063477,10462061.0,0.0,0.0,False,False,False,,False,0.4643892096738363,0.7739938263315921,-2.012388672545552,1.075275874107721,2.304147519444702,0.0,32.54999923706055,1.2383948462139602,-0.7739938263315921,20470821.0,-0.9566719215267432,-12.466845272745283,32.54999923706055,0.0077399382633158,0.7739938263315871,neutral,False,False,False,False,False,False,1.6220386506544828,0.38138263131643446,bearish_seed_19,bearish,19,2025-04-02,6805.TW,-0.2696917808219178,4,False
2019-08-08,1590.TW,1590,亞德客-KY,64,current_snapshot,298.5071716308594,302.9551086425781,293.56500244140625,297.0245056152344,260.6472473144531,2182690.0,0.0,0.0,False,False,False,,False,1.4974983301480884,1.1647197818450596,-0.4991729596700839,0.6622513171060054,2.48344755084684,0.6622513171060054,298.5071716308594,0.0,-0.4991729596700839,2744866.0,-0.2575610828839643,-11.711706282354656,318.77008056640625,0.0732113833709771,7.32113833709771,bullish,True,False,False,False,False,False,1.6967040753522165,0.37082303881243994,bearish_seed_19,bearish,19,2025-04-02,6805.TW,-0.2696917808219178,5,False
2024-07-31,3036.TW,3036,文曄,68,current_snapshot,103.5,104.5,102.5,104.0,94.9924087524414,2712461.0,0.0,0.0,False,False,False,,False,0.4807692307692308,0.9615384615384616,0.4807692307692308,0.9615384615384616,2.8846153846153846,-0.4807692307692308,104.0,-0.4807692307692308,0.0,4903781.8,-0.807871818249184,-11.11111111111111,90.0,-0.1346153846153845,-13.461538461538458,bearish,False,True,False,False,False,False,1.7259923761034208,0.3668388836176485,bearish_seed_19,bearish,19,2025-04-02,6805.TW,-0.2696917808219178,6,True
2025-04-02,3533.TW,3533,嘉澤,82,current_snapshot,1430.0,1440.0,1415.0,1430.0,1365.203857421875,487188.0,0.0,0.0,False,False,False,,False,0.6993006993006993,1.048951048951049,0.0,0.7017543859649122,3.1578947368421053,0.0,1425.0,0.3496503496503496,0.3496503496503496,778267.4,-0.5974683284481556,-9.24092409240924,1050.0,-0.2657342657342657,-26.573426573426573,bearish,False,True,False,False,False,False,1.8380676311327018,0.35235242072116857,bearish_seed_19,bearish,19,2025-04-02,6805.TW,-0.2696917808219178,7,True
2020-08-26,6531.TW,6531,愛普*,95,current_snapshot,165.0,166.75,159.0,160.75,145.000244140625,5591488.0,0.0,0.0,False,False,False,,False,1.088646967340591,1.088646967340591,-2.6438569206842923,1.062215477996965,2.8831562974203337,-1.669195751138088,164.75,0.1555209953343701,-2.488335925349922,8908478.4,-0.5932214108301762,-8.819538670284938,158.0,-0.0171073094867807,-1.7107309486780742,neutral,False,False,False,False,False,False,1.840067150672374,0.3521043506887695,bearish_seed_19,bearish,19,2025-04-02,6805.TW,-0.2696917808219178,8,False
2019-05-24,3034.TW,3034,聯詠,58,current_snapshot,167.0,169.0,162.0,165.0,95.42682647705078,9285101.0,0.0,0.0,False,False,False,,False,1.2121212121212122,1.818181818181818,-1.2121212121212122,2.395209580838324,2.095808383233533,0.2994011976047904,167.0,0.0,-1.2121212121212122,10990268.8,-0.1836455844691404,-11.221945137157109,164.0,-0.0060606060606061,-0.60606060606061,neutral,False,False,False,False,False,False,1.8642874134726146,0.3491269749314775,bearish_seed_19,bearish,19,2025-04-02,6805.TW,-0.2696917808219178,9,False
2022-06-15,2347.TW,2347,聯強,99,current_snapshot,57.5,58.20000076293945,57.0,57.400001525878906,47.01642990112305,8065825.0,0.0,0.0,False,False,False,,False,1.219513491866122,0.6968667512988911,-0.1742133649177853,1.206897867136988,2.0689668326542296,0.3448289016197468,58.0,-0.8710801162166764,-1.0452934811344616,13213564.0,-0.6382160535345114,-16.30901470246508,54.20000076293945,-0.0557491407294949,-5.5749140729495,bearish,False,True,False,False,False,False,1.867007632825577,0.3487957229518956,bearish_seed_19,bearish,19,2025-04-02,6805.TW,-0.2696917808219178,10,True
2019-03-21,3661.TW,3661,世芯-KY,56,current_snapshot,76.9000015258789,77.19999694824219,76.0,76.5,71.19881439208984,1389180.0,0.0,0.0,False,False,False,,False,0.39215087890625,0.6535947712418301,-0.5228778116064134,0.9150286905126634,2.483662125331904,0.1307169596354166,76.5,0.5228778116064134,0.0,3501476.0,-1.5205344159864091,-9.810869470526324,74.80000305175781,-0.0222221823299632,-2.2222182329963203,neutral,False,False,False,False,False,False,1.8791368270303088,0.347326320378963,bearish_seed_19,bearish,19,2025-04-02,6805.TW,-0.2696917808219178,11,False
2022-12-27,1802.TW,1802,台玻,86,current_snapshot,21.700000762939453,22.0,21.450000762939453,21.75,21.75,8187299.0,0.0,0.0,False,False,False,,False,1.1494252873563218,1.1494252873563218,0.2298815497036638,0.4629647208502606,2.3148147739337146,0.2314867755839246,21.600000381469727,0.459771868826329,0.6896534185299928,22586523.2,-1.7587270478334796,-12.936343199926243,21.25,-0.0229885057471264,-2.298850574712641,neutral,False,False,False,False,False,False,1.932635393038599,0.3409902241423429,bearish_seed_19,bearish,19,2025-04-02,6805.TW,-0.2696917808219178,12,False
2023-10-19,2356.TW,2356,英業達,71,current_snapshot,43.75,44.150001525878906,43.09999847412109,43.45000076293945,39.39501953125,33844775.0,0.0,0.0,False,False,False,,False,0.9206018845921088,0.8055288438956549,-0.6904470236889624,1.3483111778002106,2.92134660013606,0.0,44.5,-1.726121948977525,-2.416568972666488,42923117.8,-0.2682346920610344,-12.035220929206533,44.59999847412109,0.0264671505405937,2.6467150540593787,neutral,False,False,False,False,False,False,1.9363867542868174,0.3405545943633292,bearish_seed_19,bearish,19,2025-04-02,6805.TW,-0.2696917808219178,13,False
2021-09-14,6805.TW,6805,富世達,93,current_snapshot,182.0,182.5,176.0,180.5,168.8459014892578,315493.0,0.0,0.0,False,False,False,,False,0.2770083102493075,2.4930747922437675,-0.8310249307479225,1.1049723756906076,3.314917127071823,0.5524861878453038,181.0,0.554016620498615,-0.2770083102493075,692801.2,-1.1959320809019534,-13.801452784503631,179.5,-0.005540166204986,-0.5540166204986097,neutral,False,False,False,False,False,False,1.9364653668406975,0.34054547732530766,bearish_seed_19,bearish,19,2025-04-02,6805.TW,-0.2696917808219178,14,False
2022-05-16,2618.TW,2618,長榮航,72,current_snapshot,31.89999961853028,32.54999923706055,31.299999237060547,32.25,26.4282341003418,131323188.0,0.0,0.0,False,False,False,,False,0.9302301924358042,1.860466299130935,1.0852725006813226,0.6289332318799776,2.8301875475562603,0.0,31.799999237060547,0.3100787022317103,1.395351202913033,180465774.0,-0.3742110342310605,-13.231202522162969,30.75,-0.0465116279069767,-4.651162790697672,neutral,False,False,False,False,False,False,2.027719877635723,0.33028154532607457,bearish_seed_19,bearish,19,2025-04-02,6805.TW,-0.2696917808219178,15,False
2021-06-11,2002.TW,2002,中鋼,62,current_snapshot,36.400001525878906,37.09999847412109,35.79999923706055,36.150001525878906,29.99188804626465,152597031.0,0.0,0.0,False,False,False,,False,1.9363676865714008,0.9681943956981612,-0.6915629030362035,1.106494313410449,2.904562082269562,0.1383210225372094,36.150001525878906,0.6915629030362035,0.0,167595601.6,-0.0982887445562423,-8.607598799693433,35.45000076293945,-0.0193637823898386,-1.93637823898386,neutral,False,False,False,False,False,False,2.0294933440906977,0.330088198394821,bearish_seed_19,bearish,19,2025-04-02,6805.TW,-0.2696917808219178,16,False
2020-08-25,3532.TW,3532,台勝科,98,current_snapshot,107.5,108.0,105.0,106.0,93.17445373535156,1082230.0,0.0,0.0,False,False,False,,False,0.4716981132075472,0.9433962264150944,-1.4150943396226416,2.3255813953488373,3.72093023255814,-0.4651162790697674,107.5,0.0,-1.4150943396226416,1261178.0,-0.1653511730408508,-9.282700421940929,104.0,-0.0188679245283018,-1.8867924528301885,neutral,False,False,False,False,False,False,2.042852466523051,0.3286390027126951,bearish_seed_19,bearish,19,2025-04-02,6805.TW,-0.2696917808219178,17,False
2024-01-05,6239.TW,6239,力成,76,current_snapshot,135.0,135.0,130.5,133.0,118.5598373413086,6923836.0,0.0,0.0,False,False,False,,False,0.0,1.8796992481203008,-1.5037593984962403,0.7407407407407408,2.9629629629629632,-0.3703703703703704,135.0,0.0,-1.5037593984962403,7494744.2,-0.0824554769928115,-8.445945945945946,132.0,-0.0075187969924812,-0.7518796992481258,neutral,False,False,False,False,False,False,2.0441598028437022,0.3284978663294384,bearish_seed_19,bearish,19,2025-04-02,6805.TW,-0.2696917808219178,18,False
2018-06-26,2376.TW,2376,技嘉,70,current_snapshot,67.5,68.0,66.19999694824219,68.0,43.07594299316406,5003290.0,0.0,0.0,False,False,False,,False,0.0,1.911769193761489,0.7352941176470588,1.4727540169772564,2.650961725047639,0.147273154453437,67.9000015258789,-0.588237538057215,0.1470565795898437,7736969.6,-0.5463764043259535,-10.119838386867608,67.4000015258789,-0.008823506972369,-0.8823506972369,neutral,False,False,False,False,False,False,2.08338850919673,0.3243185206850613,bearish_seed_19,bearish,19,2025-04-02,6805.TW,-0.2696917808219178,19,False
2025-04-07,1402.TW,1402,遠東新,94,current_snapshot,30.450000762939453,30.450000762939453,30.450000762939453,30.450000762939453,27.59648895263672,1874038.0,0.0,0.0,False,False,False,,False,0.0,0.0,0.0,0.295864766495942,0.2958534804091026,-0.8875717273141472,33.79999923706055,-11.0016367493769,-11.0016367493769,5360362.6,-1.8603275920765745,1.6369139188545736,31.75,0.0426929131194888,4.269291311948886,neutral,False,False,False,False,False,False,1.3888657646054028,0.4186087032668333,bearish_seed_20,bearish,20,2021-04-12,3661.TW,-0.2694938440492476,1,False
2025-04-07,3481.TW,3481,群創,52,current_snapshot,14.100000381469728,14.100000381469728,14.100000381469728,14.100000381469728,12.80428981781006,12274371.0,0.0,0.0,False,False,False,,False,0.0,0.0,0.0,0.0,0.6389800888641671,0.9584640395305022,15.649999618530272,-10.992902093091867,-10.992902093091867,51963810.6,-3.2335212614968216,-2.515720931616272,13.100000381469728,-0.0709219838968375,-7.092198389683757,bearish,False,True,False,False,False,False,1.4778732678647397,0.40357189085046746,bearish_seed_20,bearish,20,2021-04-12,3661.TW,-0.2694938440492476,2,True
2025-04-07,2609.TW,2609,陽明,77,current_snapshot,69.69999694824219,69.69999694824219,69.69999694824219,69.69999694824219,59.95664978027344,4684868.0,0.0,0.0,False,False,False,,False,0.0,0.0,0.0,0.0,0.7751918117475523,0.5167978268645959,77.4000015258789,-11.047352818902684,-11.047352818902684,17897249.0,-2.8202248174334903,-1.1553292788831584,62.20000076293945,-0.1076039671977615,-10.760396719776155,bearish,False,True,False,False,False,False,1.5282741585265112,0.395526725860618,bearish_seed_20,bearish,20,2021-04-12,3661.TW,-0.2694938440492476,3,True
2025-04-07,3702.TW,3702,大聯大,90,current_snapshot,57.59999847412109,57.59999847412109,57.59999847412109,57.59999847412109,53.19696807861328,1832983.0,0.0,0.0,False,False,False,,False,0.0,0.0,0.0,0.3124952316284179,0.3125011920928955,1.2499988079071045,64.0,-11.111114054550438,-11.111114054550438,3472093.8,-0.8942313158387174,-2.9185833421131924,57.70000076293945,0.0017361508935334,0.1736150893533405,neutral,False,False,False,False,False,False,1.5908411100516568,0.3859750395808957,bearish_seed_20,bearish,20,2021-04-12,3661.TW,-0.2694938440492476,4,False
2025-04-07,5876.TW,5876,上海商銀,75,current_snapshot,40.841583251953125,41.18811798095703,40.841583251953125,40.841583251953125,37.73870849609375,4087151.0,0.0,0.0,False,False,False,,False,0.8484850522716556,0.0,0.0,0.0,0.2183418603449961,0.8733590290563342,45.34653472900391,-11.030305679531525,-11.030305679531525,8059298.0,-0.9718620623510116,0.8898741427100331,46.386138916015625,0.1357576083634648,13.575760836346484,bullish,True,False,False,False,False,False,1.7028846442831287,0.36997509387427985,bearish_seed_20,bearish,20,2021-04-12,3661.TW,-0.2694938440492476,5,False
2025-04-07,2834.TW,2834,臺企銀,87,current_snapshot,11.594075202941896,11.594075202941896,11.594075202941896,11.594075202941896,11.240996360778809,28471389.0,0.0,0.0,False,False,False,,False,0.0,0.0,0.0,0.6849262294814772,0.0,-1.0273967528347574,12.872509002685549,-11.026612967106344,-11.026612967106344,25278867.6,0.112130862319362,-1.993354526632203,12.475752830505373,0.0760455329235538,7.604553292355387,bullish,True,False,False,False,False,False,1.7067828659226771,0.3694422676416359,bearish_seed_20,bearish,20,2021-04-12,3661.TW,-0.2694938440492476,6,False
2025-04-07,4938.TW,4938,和碩,69,current_snapshot,78.19999694824219,78.19999694824219,78.19999694824219,78.19999694824219,70.77252960205078,1847408.0,0.0,0.0,False,False,False,,False,0.0,0.0,0.0,0.9216624696208596,0.2304200122175783,-0.4608224451857027,86.80000305175781,-10.997450689426069,-10.997450689426069,5583462.4,-2.0223223023825816,-3.425412678586844,75.5,-0.0345268165423231,-3.4526816542323147,neutral,False,False,False,False,False,False,1.7335317537953765,0.36582710210391683,bearish_seed_20,bearish,20,2021-04-12,3661.TW,-0.2694938440492476,7,False
2025-04-08,2313.TW,2313,華通,60,current_snapshot,49.04999923706055,49.04999923706055,49.04999923706055,49.04999923706055,46.650299072265625,4929123.0,0.0,0.0,False,False,False,,False,0.0,0.0,0.0,0.0,0.0,0.0,54.5,-11.111112839369044,-11.111112839369044,7427586.6,-0.5068779172278719,-6.779663208674045,48.75,-0.0061161924918824,-0.6116192491882444,neutral,False,False,False,False,False,False,1.758605830986218,0.3625019525324842,bearish_seed_20,bearish,20,2021-04-12,3661.TW,-0.2694938440492476,8,False
2025-04-08,6139.TW,6139,亞翔,85,current_snapshot,195.5,195.5,195.5,195.5,182.5534210205078,1362256.0,0.0,0.0,False,False,False,,False,0.0,0.0,0.0,0.0,0.0,0.0,217.0,-10.997442455242968,-10.997442455242968,2389908.6,-0.7543755358757825,-7.307692307692308,199.0,0.0179028132992327,1.7902813299232712,neutral,False,False,False,False,False,False,1.8032129926037426,0.3567335063865974,bearish_seed_20,bearish,20,2021-04-12,3661.TW,-0.2694938440492476,9,False
2025-04-07,2002.TW,2002,中鋼,62,current_snapshot,20.600000381469727,20.600000381469727,20.600000381469727,20.600000381469727,20.10099029541016,13710207.0,0.0,0.0,False,False,False,,False,0.0,0.0,0.0,0.2188150381874562,0.87527684726712,-0.6564534618210163,22.850000381469727,-10.92232989482824,-10.92232989482824,23531106.2,-0.7163202714590668,-0.6493489872433058,20.89999961853028,0.0145630694905427,1.4563069490542755,neutral,False,False,False,False,False,False,1.8068200074890537,0.35627507190765234,bearish_seed_20,bearish,20,2021-04-12,3661.TW,-0.2694938440492476,10,False
2025-04-07,2409.TW,2409,友達,80,current_snapshot,12.850000381469728,12.850000381469728,12.850000381469728,12.850000381469728,12.311793327331545,8667821.0,0.0,0.0,False,False,False,,False,0.0,0.0,0.0,0.3508785314727247,0.3508785314727247,1.7543859649122806,14.25,-10.89493834217418,-10.89493834217418,31697497.6,-2.656916496083618,-6.1224464639994105,11.649999618530272,-0.0933852706082336,-9.338527060823363,bearish,False,True,False,False,False,False,1.8417742753311876,0.3518928328265824,bearish_seed_20,bearish,20,2021-04-12,3661.TW,-0.2694938440492476,11,True
2025-04-07,2347.TW,2347,聯強,99,current_snapshot,66.5,66.5,66.5,66.5,59.7804069519043,2151883.0,0.0,0.0,False,False,False,,False,0.0,0.0,0.0,0.5419971272953054,0.0,2.0325202411550203,73.80000305175781,-10.977448198132048,-10.977448198132048,4549734.4,-1.1143037981154182,-4.376661783786808,64.5,-0.0300751879699248,-3.007518796992481,neutral,False,False,False,False,False,False,1.8604207257147483,0.3495989212391561,bearish_seed_20,bearish,20,2021-04-12,3661.TW,-0.2694938440492476,12,False
2025-04-07,3044.TW,3044,健鼎,65,current_snapshot,182.0,182.0,182.0,182.0,169.87855529785156,376311.0,0.0,0.0,False,False,False,,False,0.0,0.0,0.0,1.2376237623762376,0.2475247524752475,0.0,202.0,-10.989010989010987,-10.989010989010987,1787376.0,-3.749730940631552,-4.047619047619048,162.5,-0.1071428571428571,-10.71428571428571,bearish,False,True,False,False,False,False,1.9164712899672036,0.342880111126088,bearish_seed_20,bearish,20,2021-04-12,3661.TW,-0.2694938440492476,13,True
2025-04-07,1504.TW,1504,東元,89,current_snapshot,44.54999923706055,44.54999923706055,44.54999923706055,44.54999923706055,41.49764633178711,614575.0,0.0,0.0,False,False,False,,False,0.0,0.0,0.0,1.3131266892558395,0.4040419453322285,-0.9090924503827336,49.5,-11.111113013940557,-11.111113013940557,3489289.6,-4.677565146646057,-1.782181239364171,50.20000076293945,0.1268238299133066,12.682382991330666,bullish,True,False,False,False,False,False,1.9330694029430533,0.3409397673974561,bearish_seed_20,bearish,20,2021-04-12,3661.TW,-0.2694938440492476,14,False
2025-04-07,2449.TW,2449,京元電子,57,current_snapshot,78.95237731933594,78.95237731933594,78.95237731933594,78.95237731933594,75.68401336669922,1258748.0,0.0,0.0,False,False,False,,False,0.0,0.0,0.0,0.4343088698706006,0.977203655215538,0.7600405222735511,87.71428680419922,-11.097714574729386,-11.097714574729386,11928719.4,-8.476654103919133,-7.062441609657248,75.14286041259766,-0.0482508194950237,-4.825081949502375,neutral,False,False,False,False,False,False,1.9571938327767573,0.3381584219865007,bearish_seed_20,bearish,20,2021-04-12,3661.TW,-0.2694938440492476,15,False
2025-04-07,2376.TW,2376,技嘉,70,current_snapshot,222.5,222.5,222.5,222.5,206.9701385498047,1023293.0,0.0,0.0,False,False,False,,False,0.0,0.0,0.0,0.6072874493927125,0.0,0.6072874493927125,247.0,-11.01123595505618,-11.01123595505618,3014047.6,-1.945439478233507,-8.193668528864059,199.0,-0.1056179775280898,-10.561797752808989,bearish,False,True,False,False,False,False,1.9872210576228404,0.33475928989191583,bearish_seed_20,bearish,20,2021-04-12,3661.TW,-0.2694938440492476,16,True
2025-09-11,6919.TW,6919,康霈*,97,current_snapshot,207.0,207.0,207.0,207.0,207.0,4763305.0,0.0,0.0,False,False,False,,False,0.0,0.0,0.0,0.2178649237472767,0.0,0.0,229.5,-10.869565217391305,-10.869565217391305,29027871.4,-5.094061035352555,10.151187904967603,198.0,-0.0434782608695651,-4.347826086956519,neutral,False,False,False,False,False,False,1.9992787854490288,0.3334134875529044,bearish_seed_20,bearish,20,2021-04-12,3661.TW,-0.2694938440492476,17,False
2025-04-07,6239.TW,6239,力成,76,current_snapshot,115.0,115.0,115.0,115.0,107.09944915771484,957341.0,0.0,0.0,False,False,False,,False,0.0,0.0,0.0,1.1764705882352942,0.392156862745098,0.7843137254901961,127.5,-10.869565217391305,-10.869565217391305,4626684.4,-3.83284890127969,-4.905660377358491,108.5,-0.0565217391304347,-5.652173913043479,bearish,False,True,False,False,False,False,2.002382071704033,0.33306886869079916,bearish_seed_20,bearish,20,2021-04-12,3661.TW,-0.2694938440492476,18,True
2025-04-07,2324.TW,2324,仁寶,84,current_snapshot,29.200000762939453,29.200000762939453,29.200000762939453,29.200000762939453,28.18031883239746,5554320.0,0.0,0.0,False,False,False,,False,0.0,0.0,0.0,0.4629676506622855,0.4629676506622855,-1.234560778838698,32.400001525878906,-10.958906436060383,-10.958906436060383,21446040.8,-2.861146062884385,-8.815429284286063,26.049999237060547,-0.1078767617662831,-10.787676176628311,bearish,False,True,False,False,False,False,2.1190233746122993,0.3206131791571783,bearish_seed_20,bearish,20,2021-04-12,3661.TW,-0.2694938440492476,19,True
2025-04-07,2615.TW,2615,萬海,59,current_snapshot,75.30000305175781,75.30000305175781,75.30000305175781,75.30000305175781,69.96125030517578,1543667.0,0.0,0.0,False,False,False,,False,0.0,0.0,0.0,0.0,1.1961722706365314,1.9138738078044144,83.5999984741211,-11.022569835300326,-11.022569835300326,6506230.0,-3.214788552194223,-2.731586111311964,67.19999694824219,-0.1075697978119343,-10.756979781193431,bearish,False,True,False,False,False,False,2.167761230005707,0.31568035826936314,bearish_seed_20,bearish,20,2021-04-12,3661.TW,-0.2694938440492476,20,True
2021-04-09,3661.TW,3661,世芯-KY,56,current_snapshot,812.0,812.0,812.0,812.0,769.75439453125,609255.0,0.0,0.0,False,False,False,,False,0.0,0.0,0.0,1.441241685144124,0.0,-1.3303769401330376,902.0,-11.083743842364532,-11.083743842364532,1761960.0,-1.8919910382352216,-1.3933547695605577,593.0,-0.2697044334975369,-26.97044334975369,bearish,False,True,False,False,False,False,2.1709817506771962,0.31535974616897106,bearish_seed_20,bearish,20,2021-04-12,3661.TW,-0.2694938440492476,21,True
2025-04-07,3034.TW,3034,聯詠,58,current_snapshot,478.0,478.0,478.0,478.0,433.7157897949219,948643.0,0.0,0.0,False,False,False,,False,0.0,0.0,0.0,0.1883239171374764,0.1883239171374764,-3.954802259887006,531.0,-11.08786610878661,-11.08786610878661,3365117.8,-2.5472962958668326,-1.2522361359570662,504.0,0.0543933054393306,5.439330543933063,bullish,True,False,False,False,False,False,2.2014801476589074,0.31235552115831583,bearish_seed_20,bearish,20,2021-04-12,3661.TW,-0.2694938440492476,22,False
2025-04-07,2356.TW,2356,英業達,71,current_snapshot,38.59999847412109,38.59999847412109,38.59999847412109,38.59999847412109,35.94352722167969,4420903.0,0.0,0.0,False,False,False,,False,0.0,0.0,0.0,1.28355442553862,0.5834305925377931,0.0,42.84999847412109,-11.010363129546135,-11.010363129546135,15404160.8,-2.4843923967569523,-4.939626866490367,37.25,-0.0349740551162502,-3.497405511625029,neutral,False,False,False,False,False,False,2.205009952173679,0.3120115116403265,bearish_seed_20,bearish,20,2021-04-12,3661.TW,-0.2694938440492476,23,False
2018-06-25,6531.TW,6531,愛普*,95,current_snapshot,41.916259765625,42.10678863525391,41.201778411865234,41.53520202636719,36.07975387573242,273290.0,0.0,0.0,False,False,False,,False,0.4587166074404925,0.8027494708952918,-0.9174332148809852,0.0,0.0,0.0,45.91735458374024,-9.633021203496922,-10.550454418377909,54658.0,0.8,0.0,40.72545623779297,-0.0194954098949652,-1.9495409894965232,neutral,False,False,False,False,False,False,2.2197617418511877,0.31058198717059554,bearish_seed_20,bearish,20,2021-04-12,3661.TW,-0.2694938440492476,24,False
2025-04-07,6789.TW,6789,采鈺,96,current_snapshot,205.0,205.0,205.0,205.0,201.1984100341797,79533.0,0.0,0.0,False,False,False,,False,0.0,0.0,0.0,0.0,0.4395604395604395,-2.197802197802198,227.5,-10.975609756097562,-10.975609756097562,1235002.0,-14.52817069644047,-10.894941634241246,183.0,-0.1073170731707316,-10.73170731707317,bearish,False,True,False,False,False,False,2.2412815032710873,0.30851994774005415,bearish_seed_20,bearish,20,2021-04-12,3661.TW,-0.2694938440492476,25,True
2025-04-07,3533.TW,3533,嘉澤,82,current_snapshot,1290.0,1290.0,1290.0,1290.0,1231.547607421875,60033.0,0.0,0.0,False,False,False,,False,0.0,0.0,0.0,0.6993006993006993,1.048951048951049,0.0,1430.0,-10.852713178294572,-10.852713178294572,642436.6,-9.701390901670749,-8.653846153846153,1155.0,-0.1046511627906976,-10.465116279069765,bearish,False,True,False,False,False,False,2.2521094787445755,0.3074927232726599,bearish_seed_20,bearish,20,2021-04-12,3661.TW,-0.2694938440492476,26,True
