date,ticker,stock_id,name,rank,market_cap_date,open,high,low,close,adj_close,volume,dividends,stock_splits,is_ex_dividend,is_ex_right_or_split,is_corporate_action_day,corporate_action_type,is_corporate_action_window,upper_shadow_pct,lower_shadow_pct,body_pct,prev_upper_shadow_pct,prev_lower_shadow_pct,prev_body_pct,prev_close,open_pattern_pct,close_pattern_pct,volume_ma5,volume_vs_ma5_ratio,trend_5d_pct,future_close_3d,future_return_3d,future_return_3d_pct,target_3d,is_bullish_candidate,is_bearish_candidate,event_window_t_plus_1,event_window_t_plus_2,event_window_t_plus_3,future_has_event_window,euclidean_distance,similarity,pattern_id,direction,seed_rank,seed_date,seed_ticker,seed_future_return_3d,match_rank,is_direction_hit
2024-08-15,2449.TW,2449,京元電子,57,current_snapshot,114.76190185546876,116.1904754638672,112.38095092773438,113.33333587646484,108.64171600341795,20569593.0,0.0,0.0,False,False,False,,False,1.2605060967724495,0.8403396417878175,-1.2604993649538967,3.765689394862669,2.0920556226144216,0.418408443062062,113.8095245361328,0.8403329099692646,-0.4201664549846323,37932164.8,-0.8440892243225229,20.12320939906344,116.1904754638672,0.0252100546172635,2.5210054617263555,neutral,False,False,False,False,False,False,1.5539498187541412,0.39155037137253407,bullish_seed_01,bullish,1,2021-03-30,6805.TW,0.5777311897138036,1,False
2020-04-08,3481.TW,3481,群創,52,current_snapshot,8.036162376403809,8.22120475769043,7.956858158111572,8.115466117858887,5.36484956741333,96828783.0,0.0,0.0,False,False,False,,False,1.302927500354596,0.9771985630957112,0.9771926874361828,3.4653493049667654,1.3201160593403325,-0.33004687451444,8.009726524353027,0.3257465642374692,1.3029392516736522,137574928.2,-0.42080612745076,12.500005124509874,8.23442268371582,0.0146580078247333,1.4658007824733366,neutral,False,False,False,False,False,False,1.7227903624899472,0.36727028778136134,bullish_seed_01,bullish,1,2021-03-30,6805.TW,0.5777311897138036,2,False
2023-06-27,1802.TW,1802,台玻,86,current_snapshot,20.049999237060547,20.299999237060547,19.75,19.89999961853028,19.89999961853028,14530394.0,0.0,0.0,False,False,False,,False,1.256281431117253,0.7537669417370157,-0.7537669417370157,3.731343212766444,1.243781070922148,1.243781070922148,20.100000381469727,-0.2512620370234587,-1.0050289787604745,44197076.2,-2.041698401295932,9.497211168538763,19.299999237060547,-0.0301507735161475,-3.015077351614759,neutral,False,False,False,False,False,False,1.7306689608463368,0.3662106298267888,bullish_seed_01,bullish,1,2021-03-30,6805.TW,0.5777311897138036,3,False
2023-11-09,6415.TW,6415,矽力*-KY,92,current_snapshot,319.0,331.0,316.0,328.0,321.479248046875,2934834.0,0.0,0.0,False,False,False,,False,0.9146341463414632,0.9146341463414632,2.7439024390243905,3.59375,2.03125,0.15625,320.0,-0.3048780487804878,2.4390243902439024,2504466.8,0.1466410706704366,10.296684118673648,354.5,0.0807926829268292,8.07926829268293,bullish,True,False,False,False,False,False,1.9817593798126045,0.33537246726556696,bullish_seed_01,bullish,1,2021-03-30,6805.TW,0.5777311897138036,4,True
2024-11-07,2356.TW,2356,英業達,71,current_snapshot,52.0,53.400001525878906,51.59999847412109,52.5,48.88692474365234,78542483.0,0.0,0.0,False,False,False,,False,1.714288620721726,0.7619076683407738,0.9523809523809524,3.2629574140657045,1.151628582905089,0.1919356565255267,52.09999847412109,-0.1904732840401785,0.7619076683407738,77243589.4,0.0165374654631175,10.572685188841792,50.59999847412109,-0.0361905052548364,-3.619050525483647,neutral,False,False,False,False,False,False,1.997856694587073,0.3335716486400431,bullish_seed_01,bullish,1,2021-03-30,6805.TW,0.5777311897138036,5,False
2020-08-11,3661.TW,3661,世芯-KY,56,current_snapshot,672.0,680.0,650.0,655.0,617.621337890625,4854497.0,0.0,0.0,False,False,False,,False,1.2213740458015268,0.7633587786259541,-2.595419847328244,4.154302670623145,2.6706231454005933,1.1869436201780417,674.0,-0.3053435114503817,-2.900763358778626,5849928.0,-0.2050533762818269,11.853088480801336,661.0,0.0091603053435114,0.916030534351142,neutral,False,False,False,False,False,False,2.053838985255219,0.3274566880664885,bullish_seed_01,bullish,1,2021-03-30,6805.TW,0.5777311897138036,6,False
2025-11-27,6919.TW,6919,康霈*,97,current_snapshot,156.0,161.0,155.0,159.0,159.0,10355314.0,0.0,0.0,False,False,False,,False,1.257861635220126,0.628930817610063,1.8867924528301887,4.472843450479233,2.5559105431309903,-0.9584664536741214,156.5,-0.3144654088050315,1.572327044025157,16000661.6,-0.5451643088756168,23.26530612244898,158.5,-0.0031446540880503,-0.3144654088050314,neutral,False,False,False,False,False,False,2.0762591910453616,0.32507013807902974,bullish_seed_01,bullish,1,2021-03-30,6805.TW,0.5777311897138036,7,False
2021-08-03,3034.TW,3034,聯詠,58,current_snapshot,544.0,555.0,541.0,545.0,343.76318359375,11900164.0,0.0,0.0,False,False,False,,False,1.834862385321101,0.5504587155963303,0.1834862385321101,3.8817005545286505,2.2181146025878005,1.2939001848428835,541.0,0.5504587155963303,0.7339449541284404,16106635.4,-0.3534801201059078,4.4989775051124745,560.0,0.0275229357798165,2.752293577981657,neutral,False,False,False,False,False,False,2.0866170171224536,0.3239792933339898,bullish_seed_01,bullish,1,2021-03-30,6805.TW,0.5777311897138036,8,False
2019-12-20,6139.TW,6139,亞翔,85,current_snapshot,32.27854537963867,32.92411422729492,32.27854537963867,32.47718048095703,24.70838928222656,4517071.0,0.0,0.0,False,False,False,,False,1.3761470045096738,0.0,0.6116143654614011,3.810973503390152,0.9146362170062908,0.9146303620229856,32.576499938964844,-0.9174274210807102,-0.305813055619309,6424772.2,-0.4223314621355299,10.892855256716135,31.63297271728516,-0.0259938748120968,-2.5993874812096807,neutral,False,False,False,False,False,False,2.088598548887078,0.3237714400792982,bullish_seed_01,bullish,1,2021-03-30,6805.TW,0.5777311897138036,9,False
2022-12-06,6515.TW,6515,穎崴,73,current_snapshot,477.5,490.5,477.5,485.0,454.711669921875,672152.0,0.0,0.0,False,False,False,,False,1.134020618556701,0.0,1.5463917525773196,3.4303534303534304,1.1434511434511436,-0.5197505197505198,481.0,-0.7216494845360825,0.8247422680412372,1145029.6,-0.7035277734798083,11.502347417840376,469.5,-0.0319587628865979,-3.1958762886597936,neutral,False,False,False,False,False,False,2.1040164558358847,0.32216324050727646,bullish_seed_01,bullish,1,2021-03-30,6805.TW,0.5777311897138036,10,False
2021-04-23,3036.TW,3036,文曄,68,current_snapshot,53.20063781738281,53.88899993896485,52.217262268066406,52.90562438964844,40.27808380126953,6440899.0,0.0,0.0,False,False,False,,False,1.3011133117194942,1.3011133117194942,-0.5576220508458787,3.962265628596709,1.8867917623379864,-0.5660389925448648,52.11892318725586,2.044611782974444,1.486989732128565,9293053.8,-0.4428193641912411,14.285720422694585,53.39731216430664,0.0092936768128268,0.929367681282689,neutral,False,False,False,False,False,False,2.1042930638768116,0.32213453415095583,bullish_seed_01,bullish,1,2021-03-30,6805.TW,0.5777311897138036,11,False
2020-04-14,1402.TW,1402,遠東新,94,current_snapshot,25.100000381469727,25.39999961853028,25.049999237060547,25.100000381469727,18.164575576782227,14279746.0,0.0,0.0,False,False,False,,False,1.195216065741671,0.1992077436225595,0.0,3.174600050953455,1.1904731268966575,1.7857172591885382,25.200000762939453,-0.3984078882466975,-0.3984078882466975,14072514.2,0.0145122889440751,9.777781168619793,24.850000381469727,-0.0099601592111753,-0.9960159211175325,neutral,False,False,False,False,False,False,2.140139325812368,0.31845720722640086,bullish_seed_01,bullish,1,2021-03-30,6805.TW,0.5777311897138036,12,False
2018-01-16,3532.TW,3532,台勝科,98,current_snapshot,233.0,237.0,229.0,231.0,180.4502716064453,2336526.0,0.0,0.0,False,False,False,,False,1.7316017316017316,0.8658008658008658,-0.8658008658008658,4.329004329004329,2.5974025974025974,0.0,231.0,0.8658008658008658,0.0,3332038.0,-0.4260650213179738,5.0,260.0,0.1255411255411256,12.554112554112562,bullish,True,False,False,False,False,False,2.1528754454918224,0.3171707913263311,bullish_seed_01,bullish,1,2021-03-30,6805.TW,0.5777311897138036,13,True
2023-05-23,1504.TW,1504,東元,89,current_snapshot,52.0,52.5,51.400001525878906,51.900001525878906,45.19147491455078,24830018.0,0.0,0.0,False,False,False,,False,0.9633911084774918,0.9633911084774918,-0.1926752816591566,2.6974906936824645,1.5414243035458162,1.5414316536366706,51.900001525878906,0.1926752816591566,0.0,50515458.0,-1.0344511228304385,12.307688954112294,50.900001525878906,-0.0192678221695498,-1.9267822169549809,neutral,False,False,False,False,False,False,2.1548591147542373,0.3169713650043291,bullish_seed_01,bullish,1,2021-03-30,6805.TW,0.5777311897138036,14,False
2021-05-21,6789.TW,6789,采鈺,96,current_snapshot,402.0,419.5,400.5,412.0,395.41021728515625,601878.0,0.0,0.0,False,False,False,,False,1.820388349514563,0.3640776699029126,2.4271844660194173,3.495630461922597,2.3720349563046192,0.1248439450686641,400.5,0.3640776699029126,2.7912621359223304,795480.4,-0.3216638587886582,19.047619047619047,410.0,-0.0048543689320388,-0.4854368932038833,neutral,False,False,False,False,False,False,2.1593753786456524,0.31651826077997597,bullish_seed_01,bullish,1,2021-03-30,6805.TW,0.5777311897138036,15,False
2020-07-24,1519.TW,1519,華城,66,current_snapshot,26.85950469970703,27.948909759521484,26.78437232971192,27.49812126159668,23.981788635253903,9899534.0,0.0,0.0,False,False,False,,False,1.6393428977795903,0.2732272844401393,2.322400704449316,4.551725644839005,1.5172418816130016,-1.931036395372583,27.23516082763672,-1.3661156133394512,0.9562850911098648,12718539.2,-0.2847614039206289,18.064517714056883,25.394439697265625,-0.0765027379259183,-7.650273792591832,bearish,False,True,False,False,False,False,2.1774980554901053,0.31471301714007105,bullish_seed_01,bullish,1,2021-03-30,6805.TW,0.5777311897138036,16,False
2021-08-04,2615.TW,2615,萬海,59,current_snapshot,182.6086883544922,188.1422882080078,181.81817626953125,184.18972778320312,138.89321899414062,98236871.0,0.0,0.0,False,False,False,,False,2.1459179468775647,0.4291835893755129,0.8583754630290071,4.366811086033017,1.528385144458842,-0.4366802657051109,181.0276641845703,0.8583671787510258,1.7167426417800329,198881208.4,-1.0245067496093194,7.159359999429399,181.0276641845703,-0.0171674264178003,-1.7167426417800336,neutral,False,False,False,False,False,False,2.2038856993918565,0.31212099738446175,bullish_seed_01,bullish,1,2021-03-30,6805.TW,0.5777311897138036,17,False
2023-11-22,2313.TW,2313,華通,60,current_snapshot,64.19999694824219,65.80000305175781,63.59999847412109,64.69999694824219,60.280948638916016,46929905.0,0.0,0.0,False,False,False,,False,1.7001640732620016,0.927354717807904,0.7727975634990881,4.806199184683866,1.0852725006813226,0.7751937984496124,64.5,-0.4636832548814566,0.3091143086176314,60366280.8,-0.2863073300489314,6.598987523809585,69.69999694824219,0.0772797563499088,7.72797563499088,bullish,True,False,False,False,False,False,2.2298162702813378,0.3096151348302216,bullish_seed_01,bullish,1,2021-03-30,6805.TW,0.5777311897138036,18,True
2018-05-17,1590.TW,1590,亞德客-KY,64,current_snapshot,524.858642578125,532.76611328125,512.9974365234375,512.9974365234375,439.618896484375,398707.0,0.0,0.0,False,False,False,,False,1.5414249936049589,0.0,-2.3121374904074385,3.21360306155264,2.0793998292263414,-0.3780716350556415,522.8817749023438,0.3853562484012397,-1.9267812420061987,969495.4,-1.4315986426122442,9.896908542179215,526.8355102539062,0.0269749373880867,2.697493738808676,neutral,False,False,False,False,False,False,2.291096991851969,0.30385005439699275,bullish_seed_01,bullish,1,2021-03-30,6805.TW,0.5777311897138036,19,False
2022-08-19,6531.TW,6531,愛普*,95,current_snapshot,210.0,213.0,206.0,206.0,192.19786071777344,3422087.0,0.0,0.0,False,False,False,,False,1.4563106796116505,0.0,-1.9417475728155336,2.8708133971291865,2.15311004784689,1.674641148325359,209.0,0.4854368932038834,-1.4563106796116505,4033732.2,-0.1787345558426773,12.841530054644808,198.5,-0.0364077669902912,-3.6407766990291246,neutral,False,False,False,False,False,False,2.3252500376946923,0.30072926506701836,bullish_seed_01,bullish,1,2021-03-30,6805.TW,0.5777311897138036,20,False
2021-01-29,2376.TW,2376,技嘉,70,current_snapshot,80.0,80.5999984741211,78.5,78.9000015258789,58.3046760559082,4880130.0,0.0,0.0,False,False,False,,False,0.7604543251172137,0.5069727733119337,-1.3941678743317871,3.1685677460728687,0.12674077590264,-0.12674077590264,78.9000015258789,1.3941678743317871,0.0,6334688.0,-0.2980572238854292,5.526311774002878,78.69999694824219,-0.0025349122150665,-0.253491221506652,neutral,False,False,False,False,False,False,0.7664855777509845,0.5660957624534688,bullish_seed_02,bullish,2,2023-07-10,2356.TW,0.4752251745266898,1,False
2020-08-05,6515.TW,6515,穎崴,73,current_snapshot,510.0,515.0,497.0,500.0,433.4415283203125,86601.0,0.0,0.0,False,False,False,,False,1.0,0.6,-2.0,3.1746031746031744,0.3968253968253968,0.7936507936507936,504.0,1.2,-0.8,207340.8,-1.3942079190771468,3.04302203567681,466.0,-0.0679999999999999,-6.799999999999995,bearish,False,True,False,False,False,False,0.8602242390693862,0.5375695999425691,bullish_seed_02,bullish,2,2023-07-10,2356.TW,0.4752251745266898,2,False
2022-11-23,6789.TW,6789,采鈺,96,current_snapshot,216.5,218.5,212.0,213.0,206.838607788086,1494248.0,0.0,0.0,False,False,False,,False,0.9389671361502347,0.4694835680751174,-1.643192488262911,3.0660377358490565,0.4716981132075472,0.9433962264150944,212.0,2.112676056338028,0.4694835680751174,2723832.8,-0.8228786653888778,5.778894472361809,214.5,0.0070422535211267,0.7042253521126751,neutral,False,False,False,False,False,False,0.9204459942286247,0.5207123777524734,bullish_seed_02,bullish,2,2023-07-10,2356.TW,0.4752251745266898,3,False
2019-04-18,3661.TW,3661,世芯-KY,56,current_snapshot,79.30000305175781,80.0,77.4000015258789,77.80000305175781,72.40873718261719,1427132.0,0.0,0.0,False,False,False,,False,0.8997389727305053,0.5141407585971407,-1.9280204899247864,3.0769250331780853,0.1282031719501202,0.5128224690755208,78.0,1.6709550138358769,-0.2570654760889097,1564220.8,-0.0960589489970094,-1.5364877998554811,86.19999694824219,0.1079690689844334,10.796906898443348,bullish,True,False,False,False,False,False,0.9950809843375459,0.5012327859623421,bullish_seed_02,bullish,2,2023-07-10,2356.TW,0.4752251745266898,4,True
2024-10-21,3702.TW,3702,大聯大,90,current_snapshot,79.5,79.5,77.19999694824219,77.5,71.5757827758789,3119376.0,0.0,0.0,False,False,False,,False,0.0,0.3871007119455645,-2.5806451612903225,2.9487218612279644,0.0,-0.7692288129757612,78.0,1.935483870967742,-0.6451612903225806,6990270.2,-1.240919401829084,3.6096214412904857,76.69999694824219,-0.0103226200226814,-1.0322620022681472,neutral,False,False,False,False,False,False,1.0879888508157043,0.4789297603813042,bullish_seed_02,bullish,2,2023-07-10,2356.TW,0.4752251745266898,5,False
2023-03-29,3533.TW,3533,嘉澤,82,current_snapshot,933.0,938.0,916.0,921.0,834.6994018554688,976291.0,0.0,0.0,False,False,False,,False,0.5428881650380022,0.5428881650380022,-1.3029315960912051,3.0501089324618738,0.6535947712418301,-0.4357298474945534,918.0,1.6286644951140066,0.3257328990228013,1439835.2,-0.4748012631479752,3.153153153153153,915.0,-0.006514657980456,-0.6514657980456029,neutral,False,False,False,False,False,False,1.0993572627961845,0.47633626620943786,bullish_seed_02,bullish,2,2023-07-10,2356.TW,0.4752251745266898,6,False
2022-10-25,6770.TW,6770,力積電,55,current_snapshot,31.39999961853028,31.5,30.25,30.450000762939453,30.0859375,21728024.0,0.0,0.0,False,False,False,,False,0.3284084695046593,0.6568169390093187,-3.119864800617868,2.903230728641633,0.0,-0.1612878614856351,31.0,1.3136276141480792,-1.806237186469789,24910704.0,-0.1464781150830834,3.4246574447669085,29.700000762939453,-0.024630541254791,-2.4630541254791027,neutral,False,False,False,False,False,False,1.1169624524140203,0.4723749345954046,bullish_seed_02,bullish,2,2023-07-10,2356.TW,0.4752251745266898,7,False
2022-04-20,2313.TW,2313,華通,60,current_snapshot,48.0,48.5,47.20000076293945,47.34999847412109,41.5609016418457,16564436.0,0.0,0.0,False,False,False,,False,1.0559662431103825,0.3167850391032665,-1.3727593385967296,2.6288118192560304,0.0,0.4206114955803663,47.54999923706055,0.9503712300759604,-0.4223881085207691,23414936.8,-0.4135668005840948,5.298765207826606,44.54999923706055,-0.059134093501415,-5.913409350141508,bearish,False,True,False,False,False,False,1.138254886404725,0.4676710930760019,bullish_seed_02,bullish,2,2023-07-10,2356.TW,0.4752251745266898,8,False
2022-10-31,2618.TW,2618,長榮航,72,current_snapshot,23.950000762939453,24.0,23.39999961853028,23.39999961853028,19.55205535888672,29620635.0,0.0,0.0,False,False,False,,False,0.2136719567335072,0.0,-2.3504322793819115,2.959834140508771,0.2114132679366786,-0.422834600772569,23.64999961853028,1.2820561935890424,-1.0683760857928688,40555972.0,-0.3691796951685877,1.0638297872340423,23.350000381469727,-0.0021367195673351,-0.2136719567335188,neutral,False,False,False,False,False,False,1.1396476433523952,0.467366672782254,bullish_seed_02,bullish,2,2023-07-10,2356.TW,0.4752251745266898,9,False
2022-08-19,1519.TW,1519,華城,66,current_snapshot,29.78963088989257,30.05259132385254,29.07588195800781,29.07588195800781,27.6257266998291,2351680.0,0.0,0.0,False,False,False,,False,0.9043936632420492,0.0,-2.454779988842923,3.562344550191244,0.2544494908716972,0.5089054414918298,29.526670455932617,0.9043936632420492,-1.5503863256008736,4206367.4,-0.7886648693699825,2.362206088530139,29.639368057250977,0.0193798454697597,1.9379845469759795,neutral,False,False,False,False,False,False,1.1486129885352092,0.4654165293312026,bullish_seed_02,bullish,2,2023-07-10,2356.TW,0.4752251745266898,10,False
2025-10-02,2409.TW,2409,友達,80,current_snapshot,14.100000381469728,14.300000190734863,13.75,13.800000190734863,13.56659698486328,62414410.0,0.0,0.0,False,False,False,,False,1.449273960151203,0.3623202177086399,-2.1739143955684828,2.909088134765625,0.3636377507990057,0.0,13.75,2.5362346132771227,0.3623202177086399,85439443.4,-0.3689057286610577,1.111108285409433,14.100000381469728,0.0217391439556848,2.173914395568488,neutral,False,False,False,False,False,False,1.1512780330539865,0.46483996240150555,bullish_seed_02,bullish,2,2023-07-10,2356.TW,0.4752251745266898,11,False
2018-10-26,3034.TW,3034,聯詠,58,current_snapshot,136.0,137.5,133.0,133.0,76.9197998046875,4823787.0,0.0,0.0,False,False,False,,False,1.1278195488721805,0.0,-2.255639097744361,3.3834586466165413,0.7518796992481203,0.0,133.0,2.255639097744361,0.0,4588131.2,0.0488528618697301,4.166666666666666,136.5,0.0263157894736842,2.631578947368429,neutral,False,False,False,False,False,False,1.1539517469234657,0.4642629536285207,bullish_seed_02,bullish,2,2023-07-10,2356.TW,0.4752251745266898,12,False
2022-06-16,2404.TW,2404,漢唐,79,current_snapshot,189.5,190.5,182.5,183.0,138.26156616210938,1159283.0,0.0,0.0,False,False,False,,False,0.546448087431694,0.273224043715847,-3.551912568306011,2.6881720430107525,0.5376344086021506,-0.2688172043010753,186.0,1.912568306010929,-1.639344262295082,1213905.0,-0.0471170542481861,2.785515320334262,177.5,-0.0300546448087432,-3.0054644808743203,neutral,False,False,False,False,False,False,1.1569216566677667,0.46362370042911166,bullish_seed_02,bullish,2,2023-07-10,2356.TW,0.4752251745266898,13,False
2021-03-02,6213.TW,6213,聯茂,81,current_snapshot,143.0640411376953,145.02381896972656,140.61431884765625,141.10426330566406,117.51396942138672,3289406.0,0.0,0.0,False,False,False,,False,1.3888863356211454,0.3472215839052863,-1.3888863356211454,2.7777726712422908,0.0,1.3888971494610003,141.10426330566406,1.3888863356211454,0.0,3655992.0,-0.1114444370807373,3.956838642764016,136.6947479248047,-0.0312500506898743,-3.12500506898743,neutral,False,False,False,False,False,False,1.1894204965245982,0.4567418646109148,bullish_seed_02,bullish,2,2023-07-10,2356.TW,0.4752251745266898,14,False
2021-11-03,1590.TW,1590,亞德客-KY,64,current_snapshot,860.0,864.0,834.0,840.0,760.936279296875,271146.0,0.0,0.0,False,False,False,,False,0.4761904761904762,0.7142857142857143,-2.380952380952381,2.82021151586369,0.4700352526439483,-0.4700352526439483,851.0,1.0714285714285714,-1.3095238095238095,555847.8,-1.0499944679250297,4.9079754601227,799.0,-0.0488095238095238,-4.880952380952386,neutral,False,False,False,False,False,False,1.1951379918058787,0.45555222666313017,bullish_seed_02,bullish,2,2023-07-10,2356.TW,0.4752251745266898,15,False
2023-11-28,5876.TW,5876,上海商銀,75,current_snapshot,45.79207992553711,45.9901008605957,45.0,45.0,39.92163848876953,11411249.0,0.0,0.0,False,False,False,,False,0.4400465223524306,0.0,-1.7601776123046875,2.841538025174275,0.1092944587086242,0.1092860371907702,45.29702758789063,1.1001163058810763,-0.6600613064236112,10261426.8,0.1007621689790485,-0.5458504447006651,45.5445556640625,0.0121012369791666,1.2101236979166652,neutral,False,False,False,False,False,False,1.2152913995267887,0.4514078825989264,bullish_seed_02,bullish,2,2023-07-10,2356.TW,0.4752251745266898,16,False
2024-05-15,4938.TW,4938,和碩,69,current_snapshot,102.0,102.5,100.0,100.5,87.77655029296875,8483243.0,0.0,0.0,False,False,False,,False,0.4975124378109453,0.4975124378109453,-1.4925373134328357,2.9702970297029703,0.495049504950495,0.0,101.0,0.9950248756218906,-0.4975124378109453,8940746.2,-0.0539302245615266,-0.2008001519138099,104.5,0.0398009950248756,3.9800995024875663,neutral,False,False,False,False,False,False,1.2432911198361594,0.4457736185720897,bullish_seed_02,bullish,2,2023-07-10,2356.TW,0.4752251745266898,17,False
2025-03-25,6919.TW,6919,康霈*,97,current_snapshot,90.9000015258789,91.3000030517578,89.30000305175781,89.30000305175781,89.30000305175781,3223910.0,0.0,0.0,False,False,False,,False,0.4479300248702874,0.0,-1.7917115559265355,3.7777709960937504,0.0,-0.3333367241753472,90.0,1.0078404200694933,-0.7838711358570424,4873210.0,-0.5115837600925585,2.9445055314404485,84.5,-0.0537514321133422,-5.375143211334221,bearish,False,True,False,False,False,False,1.2533653671534366,0.4437806733771052,bullish_seed_02,bullish,2,2023-07-10,2356.TW,0.4752251745266898,18,False
2023-02-24,2379.TW,2379,瑞昱,53,current_snapshot,389.0,390.0,376.5,380.0,318.46685791015625,4098221.0,0.0,0.0,False,False,False,,False,0.2631578947368421,0.9210526315789472,-2.368421052631579,3.2679738562091507,0.522875816993464,1.1764705882352942,382.5,1.710526315789474,-0.6578947368421052,5532747.4,-0.3500363694393251,4.809052333804809,379.5,-0.0013157894736841,-0.1315789473684159,neutral,False,False,False,False,False,False,1.272356526690209,0.4400717881434502,bullish_seed_02,bullish,2,2023-07-10,2356.TW,0.4752251745266898,19,False
2025-02-27,3044.TW,3044,健鼎,65,current_snapshot,211.5,213.0,207.5,208.5,194.61361694335932,2317368.0,0.0,0.0,False,False,False,,False,0.7194244604316548,0.4796163069544364,-1.4388489208633095,2.403846153846154,0.0,1.6826923076923077,208.0,1.6786570743405276,0.2398081534772182,2488089.6,-0.0736704744347898,2.763819095477387,208.0,-0.0023980815347721,-0.2398081534772167,neutral,False,False,False,False,False,False,1.2749199240128803,0.4395759118571675,bullish_seed_02,bullish,2,2023-07-10,2356.TW,0.4752251745266898,20,False
2024-05-06,2492.TW,2492,華新科,100,current_snapshot,118.5,119.0,115.5,116.0,109.8879852294922,4466627.0,0.0,0.0,False,False,False,,False,0.4310344827586206,0.4310344827586206,-2.155172413793104,3.418803418803419,0.8547008547008548,0.4273504273504274,117.0,1.293103448275862,-0.8620689655172413,6584302.0,-0.4741105536683497,1.809954751131222,113.0,-0.0258620689655172,-2.586206896551724,neutral,False,False,False,False,False,False,1.2888185433691126,0.43690663154450526,bullish_seed_02,bullish,2,2023-07-10,2356.TW,0.4752251745266898,21,False
2019-01-11,3532.TW,3532,台勝科,98,current_snapshot,118.5,119.0,116.0,116.0,91.92080688476562,1138036.0,0.0,0.0,False,False,False,,False,0.4310344827586206,0.0,-2.155172413793104,2.9914529914529915,0.0,-1.7094017094017095,117.0,1.293103448275862,-0.8620689655172413,1516069.6,-0.3321807043010942,1.2875536480686696,114.0,-0.0172413793103448,-1.7241379310344862,neutral,False,False,False,False,False,False,1.296433686249788,0.4354578170437219,bullish_seed_02,bullish,2,2023-07-10,2356.TW,0.4752251745266898,22,False
2024-09-03,7750.TW,7750,新代,91,current_snapshot,434.0,480.0,425.0,480.0,464.4674987792969,189552.0,0.0,0.0,False,False,False,,False,0.0,1.875,9.583333333333334,1.7605633802816902,1.2910798122065728,0.1173708920187793,426.0,1.6666666666666667,11.25,69660.4,0.6324997889761121,3.75,507.0,0.0562499999999999,5.624999999999991,bullish,True,False,False,False,False,False,1.9212002374882855,0.3423250440578571,bullish_seed_03,bullish,3,2021-02-17,6770.TW,0.434555006429385,1,True
2020-04-08,2492.TW,2492,華新科,100,current_snapshot,168.5,185.0,167.5,185.0,152.78382873535156,31978700.0,0.0,0.0,False,False,False,,False,0.0,0.5405405405405406,8.91891891891892,1.1869436201780417,0.5934718100890208,-0.5934718100890208,168.5,0.0,8.91891891891892,18227816.8,0.4300013196283776,1.21580547112462,174.5,-0.0567567567567567,-5.675675675675674,bearish,False,True,False,False,False,False,2.004191740704074,0.3328682342245026,bullish_seed_03,bullish,3,2021-02-17,6770.TW,0.434555006429385,2,False
2020-08-11,1802.TW,1802,台玻,86,current_snapshot,10.300000190734863,11.149999618530272,10.199999809265137,11.149999618530272,10.077505111694336,52757382.0,0.0,0.0,False,False,False,,False,0.0,0.8968644384842411,7.623313514583349,0.4926127351136131,0.4926127351136131,0.9852160744208004,10.149999618530272,1.3452966577263616,8.96861017230971,12556683.4,0.7619919161265433,-0.495051374716754,10.550000190734863,-0.053811609715059,-5.3811609715059046,bearish,False,True,False,False,False,False,2.058365497549135,0.32697203810380554,bullish_seed_03,bullish,3,2021-02-17,6770.TW,0.434555006429385,3,False
2019-09-02,2337.TW,2337,旺宏,67,current_snapshot,27.950000762939453,30.25,27.700000762939453,30.25,24.734161376953125,133543124.0,0.0,0.0,False,False,False,,False,0.0,0.8264462809917356,7.603303263010072,1.2704188426942038,0.0,0.5444632402330247,27.549999237060547,1.322319093814566,8.92562235682464,48345613.0,0.6379775195314437,0.5576194076484113,29.549999237060547,-0.0231405210889075,-2.314052108890752,neutral,False,False,False,False,False,False,2.0608793151933473,0.3267035047857915,bullish_seed_03,bullish,3,2021-02-17,6770.TW,0.434555006429385,4,False
2021-04-20,3036.TW,3036,文曄,68,current_snapshot,46.85786437988281,50.84053421020508,46.41534423828125,50.84053421020508,38.70589065551758,7838072.0,0.0,0.0,False,False,False,,False,0.0,0.8704081270505939,7.833650633676535,0.5302183573893537,0.0,1.1664951954463387,46.36617660522461,0.9671176400807922,8.800768273757328,2853268.2,0.6359732087176541,-0.8620736501752531,52.90562438964844,0.0406189708964317,4.061897089643174,neutral,False,False,False,False,False,False,2.1051531044515093,0.32204531189344976,bullish_seed_03,bullish,3,2021-02-17,6770.TW,0.434555006429385,5,False
2024-09-24,2615.TW,2615,萬海,59,current_snapshot,83.0,90.6999969482422,82.80000305175781,90.6999969482422,84.2693862915039,99592831.0,0.0,0.0,False,False,False,,False,0.0,0.2205038092298012,8.489522830564349,0.3636400627367424,0.2424205433238636,0.9697006687973484,82.5,0.5512679347556364,9.040790765319985,31800399.2,0.6806959006918881,4.3758065114773785,107.5,0.1852260597246182,18.522605972461825,bullish,True,False,False,False,False,False,2.1997264042296263,0.31252672062152836,bullish_seed_03,bullish,3,2021-02-17,6770.TW,0.434555006429385,6,True
2023-06-19,3481.TW,3481,群創,52,current_snapshot,17.523923873901367,19.31818008422852,17.404306411743164,19.258373260498047,15.68247890472412,345648573.0,0.0,0.0,False,False,False,,False,0.310549717369649,0.6211192427324967,9.006209211628006,0.68027343707628,0.34013671853814,-1.0203993083803562,17.58373260498047,-0.3105596213662484,8.695649590261757,109138043.2,0.6842514284009499,0.6872865791278757,19.43779945373535,0.0093167886409875,0.9316788640987506,neutral,False,False,False,False,False,False,2.2094209871824497,0.31158268235726216,bullish_seed_03,bullish,3,2021-02-17,6770.TW,0.434555006429385,7,False
2022-11-23,6805.TW,6805,富世達,93,current_snapshot,161.5,181.0,160.5,179.0,172.1966552734375,695223.0,0.0,0.0,False,False,False,,False,1.11731843575419,0.5586592178770949,9.776536312849162,1.5673981191222568,0.0,3.1347962382445136,159.5,1.11731843575419,10.893854748603353,320363.0,0.5391938989360249,0.9803921568627452,177.0,-0.0111731843575418,-1.1173184357541888,neutral,False,False,False,False,False,False,2.2169656751270885,0.31085193346382045,bullish_seed_03,bullish,3,2021-02-17,6770.TW,0.434555006429385,8,False
2024-09-23,6919.TW,6919,康霈*,97,current_snapshot,56.29999923706055,62.5,55.900001525878906,62.29999923706055,62.29999923706055,10831950.0,0.0,0.0,False,False,False,,False,0.3210285158727228,0.6420509086357951,9.630818737523782,0.7168486224875039,1.0752660973561343,2.6881720797654576,55.79999923706055,0.8025682281269817,10.433386965650763,8054166.0,0.2564435766413249,-5.3097345132743365,60.20000076293945,-0.0337078410888946,-3.370784108889469,neutral,False,False,False,False,False,False,2.2557347005370993,0.3071503337894914,bullish_seed_03,bullish,3,2021-02-17,6770.TW,0.434555006429385,9,False
2020-08-10,2609.TW,2609,陽明,77,current_snapshot,6.449999809265137,7.099999904632568,6.449999809265137,7.099999904632568,3.3583226203918457,17196759.0,0.0,0.0,False,False,False,,False,0.0,0.0,9.154931043637385,0.9287916784092122,0.1548023037582592,0.9287916784092122,6.460000038146973,-0.1408482960022442,9.01408274763514,5389562.0,0.6865943169872881,2.24359532785154,7.889999866485596,0.1112676017555398,11.126760175553985,bullish,True,False,False,False,False,False,2.3007934526500393,0.30295745987897266,bullish_seed_03,bullish,3,2021-02-17,6770.TW,0.434555006429385,10,True
2021-01-04,3661.TW,3661,世芯-KY,56,current_snapshot,627.0,683.0,623.0,683.0,647.4657592773438,10640057.0,0.0,0.0,False,False,False,,False,0.0,0.5856515373352855,8.199121522693996,1.288244766505636,1.288244766505636,-0.644122383252818,621.0,0.8784773060029283,9.077598828696926,3905083.2,0.632982868418844,1.815181518151816,798.0,0.1683748169838945,16.837481698389457,bullish,True,False,False,False,False,False,2.3047089978257067,0.3025985043336457,bullish_seed_03,bullish,3,2021-02-17,6770.TW,0.434555006429385,11,True
2024-02-29,1590.TW,1590,亞德客-KY,64,current_snapshot,1100.0,1210.0,1100.0,1210.0,1130.55517578125,1426060.0,0.0,0.0,False,False,False,,False,0.0,0.0,9.090909090909092,0.9090909090909092,0.4545454545454545,1.818181818181818,1100.0,0.0,9.090909090909092,741705.2,0.4798920101538505,0.9302325581395348,1115.0,-0.0785123966942148,-7.851239669421483,bearish,False,True,False,False,False,False,2.311734131114792,0.30195660654177614,bullish_seed_03,bullish,3,2021-02-17,6770.TW,0.434555006429385,12,False
2022-11-07,1605.TW,1605,華新,88,current_snapshot,37.45000076293945,40.45000076293945,37.29999923706055,40.45000076293945,36.31712341308594,127417418.0,0.0,0.0,False,False,False,,False,0.0,0.3708319482068801,7.416563518952067,0.9510931958549582,0.8152153350003976,0.2717349896583347,36.79999923706055,1.6069258680322247,9.02348938698429,56695500.8,0.5550412048060808,3.0470978817545245,41.04999923706055,0.0148330893153114,1.4833089315311463,neutral,False,False,False,False,False,False,2.321888365891245,0.3010335959112537,bullish_seed_03,bullish,3,2021-02-17,6770.TW,0.434555006429385,13,False
2019-09-23,6531.TW,6531,愛普*,95,current_snapshot,21.100000381469727,23.200000762939453,21.100000381469727,23.200000762939453,20.87912368774414,1981578.0,0.0,0.0,False,False,False,,False,0.0,0.0,9.051725484528196,0.7108986531678213,0.0,0.7108986531678213,21.100000381469727,0.0,9.051725484528196,557764.4,0.7185251350186569,2.696084091636884,23.25,0.0021551394575993,0.2155139457599375,neutral,False,False,False,False,False,False,2.331094335750369,0.3002016452274198,bullish_seed_03,bullish,3,2021-02-17,6770.TW,0.434555006429385,14,False
2019-11-22,3034.TW,3034,聯詠,58,current_snapshot,218.0,237.5,217.5,237.5,144.29559326171875,31741226.0,0.0,0.0,False,False,False,,False,0.0,0.2105263157894736,8.210526315789474,0.2314814814814814,0.6944444444444444,0.4629629629629629,216.0,0.8421052631578947,9.05263157894737,10630267.4,0.6650958787792255,0.9259259259259258,227.0,-0.0442105263157894,-4.421052631578948,neutral,False,False,False,False,False,False,2.3421023429174244,0.299212859869237,bullish_seed_03,bullish,3,2021-02-17,6770.TW,0.434555006429385,15,False
2020-05-05,1402.TW,1402,遠東新,94,current_snapshot,25.75,28.049999237060547,25.64999961853028,28.049999237060547,20.299455642700195,43792065.0,0.0,0.0,False,False,False,,False,0.0,0.3565076085193004,8.199640996858621,0.39215835870481,0.5882337981579351,0.5882337981579351,25.5,0.8912656213897221,9.090906618248344,21185957.6,0.5162146932326667,8.786612615012526,27.25,-0.0285204726852028,-2.852047268520286,neutral,False,False,False,False,False,False,2.342505037355058,0.2991768116500148,bullish_seed_03,bullish,3,2021-02-17,6770.TW,0.434555006429385,16,False
2022-11-04,6789.TW,6789,采鈺,96,current_snapshot,180.0,198.0,179.5,197.5,191.78695678710932,5378666.0,0.0,0.0,False,False,False,,False,0.2531645569620253,0.2531645569620253,8.860759493670885,0.8333333333333334,0.2777777777777778,1.9444444444444444,180.0,0.0,8.860759493670885,2868012.8,0.4667799041621101,7.784431137724551,198.0,0.0025316455696202,0.2531645569620266,neutral,False,False,False,False,False,False,2.3501304680764443,0.2984958375588797,bullish_seed_03,bullish,3,2021-02-17,6770.TW,0.434555006429385,17,False
2020-07-22,1519.TW,1519,華城,66,current_snapshot,25.46957015991211,27.49812126159668,25.169044494628903,27.49812126159668,23.981788635253903,13214805.0,0.0,0.0,False,False,False,,False,0.0,1.0928952651863937,7.37705344443878,1.5015041114055625,1.2012002396575996,1.0510521156171813,25.018781661987305,1.6393428977795903,9.016396342218371,9566582.8,0.2760708311624726,5.14469012418803,24.755821228027344,-0.0997268143332823,-9.972681433328232,bearish,False,True,False,False,False,False,2.3505343651081914,0.29845985476639314,bullish_seed_03,bullish,3,2021-02-17,6770.TW,0.434555006429385,18,False
2020-09-17,3532.TW,3532,台勝科,98,current_snapshot,107.0,117.5,107.0,117.5,103.28302001953124,2568685.0,0.0,0.0,False,False,False,,False,0.0,0.0,8.936170212765958,0.4672897196261681,0.4672897196261681,0.4672897196261681,107.0,0.0,8.936170212765958,924152.2,0.640223616364015,2.415458937198068,106.5,-0.0936170212765957,-9.361702127659576,bearish,False,True,False,False,False,False,2.376279042821184,0.2961840497533078,bullish_seed_03,bullish,3,2021-02-17,6770.TW,0.434555006429385,19,False
2025-10-22,2324.TW,2324,仁寶,84,current_snapshot,34.45000076293945,36.70000076293945,34.0,35.95000076293945,34.694602966308594,199715762.0,0.0,0.0,False,False,False,,False,2.0862308319424807,1.2517406213892353,4.172461663884961,3.935866818794869,1.6035074751941796,3.3527630809364224,34.29999923706055,0.4172504108359895,4.589712074720952,108374416.8,0.4573567167923381,4.603177025204613,34.5,-0.0403338173064588,-4.03338173064588,neutral,False,False,False,False,False,False,2.4649771746827587,0.2886021897363744,bullish_seed_04,bullish,4,2024-04-01,6919.TW,0.4197081046516264,1,False
2020-11-16,6415.TW,6415,矽力*-KY,92,current_snapshot,550.0,586.25,543.75,572.5,551.7657470703125,1903548.0,0.0,0.0,False,False,False,,False,2.4017467248908297,1.0917030567685588,3.930131004366813,1.8433179723502304,2.5345622119815667,2.3041474654377883,542.5,1.310043668122271,5.240174672489083,1967067.2,-0.0333688459655338,-1.4084507042253522,586.25,0.0240174672489081,2.401746724890818,neutral,False,False,False,False,False,False,2.562995794761295,0.2806626944298697,bullish_seed_04,bullish,4,2024-04-01,6919.TW,0.4197081046516264,2,False
2024-03-18,3533.TW,3533,嘉澤,82,current_snapshot,1265.0,1340.0,1240.0,1315.0,1234.0023193359375,2744488.0,0.0,0.0,False,False,False,,False,1.9011406844106464,1.9011406844106464,3.802281368821293,2.0080321285140563,2.0080321285140563,2.0080321285140563,1245.0,1.520912547528517,5.323193916349809,2248594.6,0.1806870352502907,1.2295081967213115,1360.0,0.0342205323193915,3.4220532319391594,neutral,False,False,False,False,False,False,2.668305322221587,0.27260544370237516,bullish_seed_04,bullish,4,2024-04-01,6919.TW,0.4197081046516264,3,False
2021-03-03,6805.TW,6805,富世達,93,current_snapshot,111.47476959228516,117.85435485839844,109.79593658447266,115.50398254394533,107.85368347167967,488729.0,0.0,0.0,False,False,False,,False,2.034884220168676,1.453484954229835,3.4883757797071446,3.65853345953425,1.8292736572858133,0.0,110.13170623779295,1.1627853212604145,4.651161100967559,439239.4,0.1012618444986894,-2.127660162252148,122.21932983398438,0.058139530275366,5.8139530275366,bullish,True,False,False,False,False,False,2.89585150882495,0.2566832944568813,bullish_seed_04,bullish,4,2024-04-01,6919.TW,0.4197081046516264,4,True
2025-11-05,3036.TW,3036,文曄,68,current_snapshot,149.0,160.0,146.0,158.0,153.61703491210938,22721838.0,0.0,0.0,False,False,False,,False,1.2658227848101269,1.89873417721519,5.69620253164557,1.6778523489932886,2.684563758389262,0.6711409395973155,149.0,0.0,5.69620253164557,10431452.2,0.5409063210467393,4.642857142857143,147.0,-0.069620253164557,-6.9620253164557,bearish,False,True,False,False,False,False,2.901447191456391,0.2563151443366596,bullish_seed_04,bullish,4,2024-04-01,6919.TW,0.4197081046516264,5,False
2024-04-11,6805.TW,6805,富世達,93,current_snapshot,765.0,795.0,751.0,790.0,772.7736206054688,1734270.0,0.0,0.0,False,False,False,,False,0.6329113924050633,1.7721518987341771,3.1645569620253164,3.255208333333333,2.864583333333333,2.604166666666667,768.0,-0.3797468354430379,2.7848101265822782,1652606.2,0.0470882849844603,-5.859872611464969,710.0,-0.1012658227848101,-10.126582278481012,bearish,False,True,False,False,False,False,2.980154140864413,0.2512465509144375,bullish_seed_04,bullish,4,2024-04-01,6919.TW,0.4197081046516264,6,False
2025-11-11,6770.TW,6770,力積電,55,current_snapshot,31.850000381469727,34.400001525878906,31.5,33.20000076293945,33.09122467041016,527947690.0,0.0,0.0,False,False,False,,False,3.614460046275034,1.054217992249041,4.066266115802946,1.74326228323481,3.0110959933828605,1.90173847426373,31.549999237060547,0.9036178840816936,4.969883999884639,253583513.4,0.5196806081299457,-3.0158754379030257,34.150001525878906,0.0286144801538654,2.861448015386548,neutral,False,False,False,False,False,False,3.0043220564641073,0.24973016303364445,bullish_seed_04,bullish,4,2024-04-01,6919.TW,0.4197081046516264,7,False
2018-04-20,1519.TW,1519,華城,66,current_snapshot,20.69872283935547,22.727272033691406,20.285499572753903,21.86326026916504,18.521106719970703,33752747.0,0.0,0.0,False,False,False,,False,3.951888940118097,1.8900349788377813,5.326458247638307,2.90908835782145,1.272728464438665,4.909098143282599,20.661157608032227,0.171818982442534,5.4982772300808405,14058851.4,0.5834753420217916,-2.9411833333722224,21.86326026916504,0.0,0.0,neutral,False,False,False,False,False,False,3.0295354417292146,0.248167565333751,bullish_seed_04,bullish,4,2024-04-01,6919.TW,0.4197081046516264,8,False
2020-06-15,1802.TW,1802,台玻,86,current_snapshot,9.850000381469728,10.5,9.600000381469728,10.199999809265137,9.218883514404297,13025897.0,0.0,0.0,False,False,False,,False,2.94117839553643,2.450980437988963,3.431367003335523,1.52438634353907,2.032518355322763,2.642278707825595,9.84000015258789,0.0980414614591684,3.529408464794692,9446181.4,0.274815285273636,-2.898552460654716,10.0,-0.0196078248044149,-1.960782480441492,neutral,False,False,False,False,False,False,3.119969912728754,0.2427202191235606,bullish_seed_04,bullish,4,2024-04-01,6919.TW,0.4197081046516264,9,False
2023-06-05,2376.TW,2376,技嘉,70,current_snapshot,201.0,213.0,197.5,211.5,187.9652709960937,25597703.0,0.0,0.0,False,False,False,,False,0.7092198581560284,1.6548463356973997,4.964539007092199,3.201970443349754,1.477832512315271,3.940886699507389,203.0,-0.9456264775413712,4.018912529550828,24794714.4,0.0313695568700051,5.833333333333333,219.0,0.0354609929078013,3.546099290780136,neutral,False,False,False,False,False,False,3.1463075728314873,0.24117844188705623,bullish_seed_04,bullish,4,2024-04-01,6919.TW,0.4197081046516264,10,False
2019-09-12,6213.TW,6213,聯茂,81,current_snapshot,152.38742065429688,164.44338989257812,150.45846557617188,161.06771850585938,129.68336486816406,13919370.0,0.0,0.0,False,False,False,,False,2.095808780327356,1.1976050173299175,5.389222577984629,3.5369782116753936,0.9646304213660164,3.8585216854640656,149.97622680664062,1.4970062716623969,6.8862288496470265,8519922.0,0.3879089355337203,4.912281792507232,157.69204711914062,-0.0209580878032735,-2.0958087803273573,neutral,False,False,False,False,False,False,3.1538784238925968,0.24073887050909418,bullish_seed_04,bullish,4,2024-04-01,6919.TW,0.4197081046516264,11,False
2020-07-31,6531.TW,6531,愛普*,95,current_snapshot,218.75,227.75,216.5,222.25,200.01657104492188,13782050.0,0.0,0.0,False,False,False,,False,2.4746906636670416,1.0123734533183353,1.574803149606299,2.290950744558992,2.86368843069874,2.6345933562428407,218.25,0.2249718785151856,1.799775028121485,12082642.0,0.1233058942610134,-3.751465416178194,225.5,0.014623172103487,1.462317210348707,neutral,False,False,False,False,False,False,3.1972316258448,0.23825227891699316,bullish_seed_04,bullish,4,2024-04-01,6919.TW,0.4197081046516264,12,False
2024-07-02,7750.TW,7750,新代,91,current_snapshot,390.0,408.0,380.0,402.0,388.9915161132813,118129.0,0.0,0.0,False,False,False,,False,1.4925373134328357,2.4875621890547266,2.985074626865672,3.896103896103896,1.2987012987012987,2.5974025974025974,385.0,1.2437810945273633,4.228855721393035,80438.4,0.3190630581821568,-2.127659574468085,398.0,-0.0099502487562188,-0.995024875621886,neutral,False,False,False,False,False,False,3.2685382199184403,0.23427223758561244,bullish_seed_04,bullish,4,2024-04-01,6919.TW,0.4197081046516264,13,False
2025-02-18,2337.TW,2337,旺宏,67,current_snapshot,21.25,22.64999961853028,21.049999237060547,22.14999961853028,22.14999961853028,42423316.0,0.0,0.0,False,False,False,,False,2.2573363819912187,0.9029379972184568,4.063203765373209,1.904760088239397,2.8571446736653643,0.0,21.0,1.128668190995609,5.191871956368818,29340632.2,0.3083842809458836,7.928394909964361,22.0,-0.006771991923864,-0.6771991923864018,neutral,False,False,False,False,False,False,3.314660289836099,0.23176795687847465,bullish_seed_04,bullish,4,2024-04-01,6919.TW,0.4197081046516264,14,False
2021-11-15,6789.TW,6789,采鈺,96,current_snapshot,486.0,499.0,479.0,491.0,473.442138671875,737082.0,0.0,0.0,False,False,False,,False,1.6293279022403258,1.4256619144602851,1.0183299389002036,3.8662486938349,1.8808777429467085,3.8662486938349,478.5,1.5274949083503055,2.5458248472505094,588644.6,0.2013851918782442,0.5586592178770949,512.0,0.0427698574338084,4.276985743380846,neutral,False,False,False,False,False,False,3.417188611861329,0.22638834060984706,bullish_seed_04,bullish,4,2024-04-01,6919.TW,0.4197081046516264,15,False
2020-11-17,2615.TW,2615,萬海,59,current_snapshot,24.940710067749023,26.956520080566406,24.703556060791016,26.363636016845703,19.88020896911621,39987725.0,0.0,0.0,False,False,False,,False,2.248870616108738,0.8995496933976496,5.397305395156668,2.060222015483957,1.4263028430080342,-0.1584797931189806,24.940710067749023,0.0,5.397305395156668,36540484.8,0.0862074599142612,4.258942759597544,29.051382064819336,0.1019489893676361,10.194898936763618,bullish,True,False,False,False,False,False,3.4617332384416386,0.22412814629618527,bullish_seed_04,bullish,4,2024-04-01,6919.TW,0.4197081046516264,16,True
2021-09-24,6515.TW,6515,穎崴,73,current_snapshot,256.5,276.0,256.0,268.0,243.66375732421875,303201.0,0.0,0.0,False,False,False,,False,2.985074626865672,0.1865671641791044,4.291044776119403,4.174950298210735,1.9880715705765408,1.1928429423459244,251.5,1.8656716417910448,6.156716417910448,112969.0,0.6274121787197272,-0.4149377593360996,254.5,-0.0503731343283582,-5.037313432835822,bearish,False,True,False,False,False,False,3.4705681787745273,0.22368521405127526,bullish_seed_04,bullish,4,2024-04-01,6919.TW,0.4197081046516264,17,False
2020-04-28,3661.TW,3661,世芯-KY,56,current_snapshot,256.0,272.5,250.5,269.0,253.6490936279297,7910203.0,0.0,0.0,False,False,False,,False,1.3011152416356877,2.044609665427509,4.83271375464684,3.143418467583497,0.5893909626719057,5.108055009823183,254.5,0.5576208178438662,5.390334572490707,7120273.2,0.0998621400740284,1.2605042016806722,288.0,0.0706319702602229,7.063197026022294,bullish,True,False,False,False,False,False,3.51472091537582,0.22149763379488027,bullish_seed_04,bullish,4,2024-04-01,6919.TW,0.4197081046516264,18,True
2020-02-04,6531.TW,6531,愛普*,95,current_snapshot,41.45000076293945,55.75,41.45000076293945,55.75,50.172889709472656,4637804.0,0.0,0.0,False,False,False,,False,0.0,0.0,25.65022284674537,0.0,3.1390134529147984,7.174887892376682,55.75,-25.65022284674537,0.0,7677316.8,-0.6553775881861329,10.65989847715736,55.75,0.0,0.0,neutral,False,False,False,False,False,False,61.216000818128805,0.01607303566365865,bullish_seed_05,bullish,5,2024-03-29,6919.TW,0.4147287240059054,1,False
2022-10-11,2409.TW,2409,友達,80,current_snapshot,16.149999618530273,16.700000762939453,15.899999618530272,16.450000762939453,14.375123023986816,70800120.0,0.0,0.0,False,False,False,,False,1.5197567684205229,1.5197567684205229,1.8237150789990144,0.0,0.0,0.0,18.375,-13.52583755790745,-11.702122478908436,14160024.0,0.8,0.0,17.149999618530273,0.0425531199468307,4.255311994683075,neutral,False,False,False,False,False,False,64.67498557856645,0.015226497443287721,bullish_seed_05,bullish,5,2024-03-29,6919.TW,0.4147287240059054,2,False
2025-04-07,7750.TW,7750,新代,91,current_snapshot,530.0,530.0,379.5,390.5,385.5608825683594,312355.0,0.0,0.0,False,False,False,,False,0.0,2.8169014084507045,-35.723431498079385,0.0,1.9572953736654803,0.0,562.0,-8.194622279129321,-43.91805377720871,117104.4,0.6250919626706792,-6.722689075630252,442.0,0.1318822023047374,13.188220230473746,bullish,True,False,False,False,False,False,65.96791733346171,0.014932523510035038,bullish_seed_05,bullish,5,2024-03-29,6919.TW,0.4147287240059054,3,True
2025-04-08,6789.TW,6789,采鈺,96,current_snapshot,184.5,190.5,184.5,184.5,181.07858276367188,2288074.0,0.0,0.0,False,False,False,,False,3.252032520325204,0.0,0.0,0.0,0.0,0.0,205.0,-11.11111111111111,-11.11111111111111,1207505.8,0.4722610370119148,-11.306042884990251,189.0,0.024390243902439,2.4390243902439046,neutral,False,False,False,False,False,False,66.429778827499,0.014830242919203868,bullish_seed_05,bullish,5,2024-03-29,6919.TW,0.4147287240059054,4,False
2025-04-08,2324.TW,2324,仁寶,84,current_snapshot,26.299999237060547,27.5,26.299999237060547,26.299999237060547,25.3815860748291,39027874.0,0.0,0.0,False,False,False,,False,4.562740675857042,0.0,0.0,0.0,0.0,0.0,29.200000762939453,-11.02662209127512,-11.02662209127512,24589505.6,0.3699501643363919,-11.232872531838613,26.450000762939453,0.0057034802368942,0.5703480236894265,neutral,False,False,False,False,False,False,66.51637319128034,0.014811222118920761,bullish_seed_05,bullish,5,2024-03-29,6919.TW,0.4147287240059054,5,False
2025-04-08,3044.TW,3044,健鼎,65,current_snapshot,164.0,170.5,164.0,164.0,153.07737731933594,5275315.0,0.0,0.0,False,False,False,,False,3.963414634146341,0.0,0.0,0.0,0.0,0.0,182.0,-10.975609756097562,-10.975609756097562,2427716.4,0.5397968841671066,-3.579952267303103,168.0,0.024390243902439,2.4390243902439046,neutral,False,False,False,False,False,False,66.52047296757104,0.014810322796172998,bullish_seed_05,bullish,5,2024-03-29,6919.TW,0.4147287240059054,6,False
2025-04-07,3702.TW,3702,大聯大,90,current_snapshot,57.59999847412109,57.59999847412109,57.59999847412109,57.59999847412109,53.19696807861328,1832983.0,0.0,0.0,False,False,False,,False,0.0,0.0,0.0,0.3124952316284179,0.3125011920928955,1.2499988079071045,64.0,-11.111114054550438,-11.111114054550438,3472093.8,-0.8942313158387174,-2.9185833421131924,57.70000076293945,0.0017361508935334,0.1736150893533405,neutral,False,False,False,False,False,False,66.5215767454049,0.014810080691251835,bullish_seed_05,bullish,5,2024-03-29,6919.TW,0.4147287240059054,7,False
2025-04-08,2313.TW,2313,華通,60,current_snapshot,49.04999923706055,49.04999923706055,49.04999923706055,49.04999923706055,46.650299072265625,4929123.0,0.0,0.0,False,False,False,,False,0.0,0.0,0.0,0.0,0.0,0.0,54.5,-11.111112839369044,-11.111112839369044,7427586.6,-0.5068779172278719,-6.779663208674045,48.75,-0.0061161924918824,-0.6116192491882444,neutral,False,False,False,False,False,False,66.52509134136373,0.014809309845204632,bullish_seed_05,bullish,5,2024-03-29,6919.TW,0.4147287240059054,8,False
2025-04-07,5876.TW,5876,上海商銀,75,current_snapshot,40.841583251953125,41.18811798095703,40.841583251953125,40.841583251953125,37.73870849609375,4087151.0,0.0,0.0,False,False,False,,False,0.8484850522716556,0.0,0.0,0.0,0.2183418603449961,0.8733590290563342,45.34653472900391,-11.030305679531525,-11.030305679531525,8059298.0,-0.9718620623510116,0.8898741427100331,46.386138916015625,0.1357576083634648,13.575760836346484,bullish,True,False,False,False,False,False,66.53263490920166,0.014807655607463126,bullish_seed_05,bullish,5,2024-03-29,6919.TW,0.4147287240059054,9,True
2025-04-07,1504.TW,1504,東元,89,current_snapshot,44.54999923706055,44.54999923706055,44.54999923706055,44.54999923706055,41.49764633178711,614575.0,0.0,0.0,False,False,False,,False,0.0,0.0,0.0,1.3131266892558395,0.4040419453322285,-0.9090924503827336,49.5,-11.111113013940557,-11.111113013940557,3489289.6,-4.677565146646057,-1.782181239364171,50.20000076293945,0.1268238299133066,12.682382991330666,bullish,True,False,False,False,False,False,66.53943366815392,0.014806165016327614,bullish_seed_05,bullish,5,2024-03-29,6919.TW,0.4147287240059054,10,True
2024-05-08,3036.TW,3036,文曄,68,current_snapshot,135.5,138.0,135.5,135.5,123.76416778564452,26202711.0,0.0,0.0,False,False,False,,False,1.8450184501845013,0.0,0.0,0.6644518272425249,2.3255813953488373,-0.6644518272425249,150.5,-11.07011070110701,-11.07011070110701,10260484.2,0.6084189838219412,5.964912280701754,121.5,-0.1033210332103321,-10.332103321033214,bearish,False,True,False,False,False,False,66.54435611326386,0.014805085984136393,bullish_seed_05,bullish,5,2024-03-29,6919.TW,0.4147287240059054,11,False
2022-07-13,6415.TW,6415,矽力*-KY,92,current_snapshot,560.0,582.0,560.0,560.0,544.049072265625,3486848.0,0.0,0.0,False,False,False,,False,3.928571428571429,0.0,0.0,0.0,0.0,0.0,621.25,-10.9375,-10.9375,697369.6,0.7999999999999999,3.3264033264033266,580.0,0.0357142857142858,3.571428571428581,neutral,False,False,False,False,False,False,66.55121958281279,0.014803581729180686,bullish_seed_05,bullish,5,2024-03-29,6919.TW,0.4147287240059054,12,False
2025-04-07,2449.TW,2449,京元電子,57,current_snapshot,78.95237731933594,78.95237731933594,78.95237731933594,78.95237731933594,75.68401336669922,1258748.0,0.0,0.0,False,False,False,,False,0.0,0.0,0.0,0.4343088698706006,0.977203655215538,0.7600405222735511,87.71428680419922,-11.097714574729386,-11.097714574729386,11928719.4,-8.476654103919133,-7.062441609657248,75.14286041259766,-0.0482508194950237,-4.825081949502375,neutral,False,False,False,False,False,False,66.56039289645281,0.014801571706852876,bullish_seed_05,bullish,5,2024-03-29,6919.TW,0.4147287240059054,13,False
2025-04-07,3034.TW,3034,聯詠,58,current_snapshot,478.0,478.0,478.0,478.0,433.7157897949219,948643.0,0.0,0.0,False,False,False,,False,0.0,0.0,0.0,0.1883239171374764,0.1883239171374764,-3.954802259887006,531.0,-11.08786610878661,-11.08786610878661,3365117.8,-2.5472962958668326,-1.2522361359570662,504.0,0.0543933054393306,5.439330543933063,bullish,True,False,False,False,False,False,66.56202293870702,0.01480121459517591,bullish_seed_05,bullish,5,2024-03-29,6919.TW,0.4147287240059054,14,True
2021-04-09,3661.TW,3661,世芯-KY,56,current_snapshot,812.0,812.0,812.0,812.0,769.75439453125,609255.0,0.0,0.0,False,False,False,,False,0.0,0.0,0.0,1.441241685144124,0.0,-1.3303769401330376,902.0,-11.083743842364532,-11.083743842364532,1761960.0,-1.8919910382352216,-1.3933547695605577,593.0,-0.2697044334975369,-26.97044334975369,bearish,False,True,False,False,False,False,66.56291091647941,0.014801020063155507,bullish_seed_05,bullish,5,2024-03-29,6919.TW,0.4147287240059054,15,False
2025-04-07,6213.TW,6213,聯茂,81,current_snapshot,59.400001525878906,59.400001525878906,59.400001525878906,59.400001525878906,57.69755935668945,289174.0,0.0,0.0,False,False,False,,False,0.0,0.0,0.0,0.7575757575757576,1.3636386755741003,0.0,66.0,-11.111108256867066,-11.111108256867066,2244122.0,-6.760455642623472,-9.041093800165882,52.900001525878906,-0.1094276066166115,-10.942760661661154,bearish,False,True,False,False,False,False,66.56963321134853,0.014799547555218145,bullish_seed_05,bullish,5,2024-03-29,6919.TW,0.4147287240059054,16,False
2025-04-07,1590.TW,1590,亞德客-KY,64,current_snapshot,810.0,810.0,810.0,810.0,772.7095947265625,441028.0,0.0,0.0,False,False,False,,False,0.0,0.0,0.0,0.5555555555555556,0.2222222222222222,4.888888888888889,900.0,-11.11111111111111,-11.11111111111111,792192.2,-0.7962401480178128,-8.081896551724139,742.0,-0.0839506172839505,-8.39506172839506,bearish,False,True,False,False,False,False,66.5735453933917,0.014798690732864732,bullish_seed_05,bullish,5,2024-03-29,6919.TW,0.4147287240059054,17,False
2021-05-12,2376.TW,2376,技嘉,70,current_snapshot,104.0,106.0,104.0,104.0,76.85281372070312,6929817.0,0.0,0.0,False,False,False,,False,1.9230769230769231,0.0,0.0,2.1645021645021645,0.0,-6.0606060606060606,115.5,-11.057692307692308,-11.057692307692308,14893831.6,-1.1492388038529733,2.4,106.5,0.0240384615384614,2.4038461538461453,neutral,False,False,False,False,False,False,66.57684848109692,0.01479796738789509,bullish_seed_05,bullish,5,2024-03-29,6919.TW,0.4147287240059054,18,False
2025-04-07,2609.TW,2609,陽明,77,current_snapshot,69.69999694824219,69.69999694824219,69.69999694824219,69.69999694824219,59.95664978027344,4684868.0,0.0,0.0,False,False,False,,False,0.0,0.0,0.0,0.0,0.7751918117475523,0.5167978268645959,77.4000015258789,-11.047352818902684,-11.047352818902684,17897249.0,-2.8202248174334903,-1.1553292788831584,62.20000076293945,-0.1076039671977615,-10.760396719776155,bearish,False,True,False,False,False,False,66.57735330418157,0.014797856842643195,bullish_seed_05,bullish,5,2024-03-29,6919.TW,0.4147287240059054,19,False
2025-04-07,2492.TW,2492,華新科,100,current_snapshot,82.0,82.0,82.0,82.0,79.12408447265625,367297.0,0.0,0.0,False,False,False,,False,0.0,0.0,0.0,0.8781592372749275,0.8781508625277717,3.293084577660245,91.0999984741211,-11.097559114781822,-11.097559114781822,1230821.2,-2.3510243753692515,-7.933200272874286,73.0999984741211,-0.108536603974133,-10.8536603974133,bearish,False,True,False,False,False,False,66.57776336720146,0.014797767048995665,bullish_seed_05,bullish,5,2024-03-29,6919.TW,0.4147287240059054,20,False
2025-04-07,2379.TW,2379,瑞昱,53,current_snapshot,477.0,477.0,477.0,477.0,438.8894653320313,769369.0,0.0,0.0,False,False,False,,False,0.0,0.0,0.0,2.2641509433962264,0.0,0.7547169811320755,530.0,-11.11111111111111,-11.11111111111111,2270268.0,-1.9508181379806049,-6.583629893238434,484.0,0.0146750524109013,1.467505241090139,neutral,False,False,False,False,False,False,66.579773415189,0.01479732691402075,bullish_seed_05,bullish,5,2024-03-29,6919.TW,0.4147287240059054,21,False
2025-04-08,2615.TW,2615,萬海,59,current_snapshot,67.9000015258789,71.5999984741211,67.80000305175781,67.80000305175781,62.99299621582031,11227118.0,0.0,0.0,False,False,False,,False,5.4572223918893465,0.0,-0.1474903681711577,0.0,0.0,0.0,75.30000305175781,-10.91445603657248,-11.061946404743637,7416749.8,0.3393896991195781,0.3601385490668967,73.9000015258789,0.0899704749196605,8.99704749196606,bullish,True,False,False,False,False,False,66.5861365977005,0.01479593375713124,bullish_seed_05,bullish,5,2024-03-29,6919.TW,0.4147287240059054,22,True
2025-04-08,6805.TW,6805,富世達,93,current_snapshot,473.5,473.5,473.5,473.5,466.6292724609375,755482.0,0.0,0.0,False,False,False,,False,0.0,0.0,0.0,0.0,0.0,0.0,526.0,-11.08764519535375,-11.08764519535375,1142307.0,-0.5120241117591153,-15.11627906976744,440.0,-0.0707497360084477,-7.0749736008447695,bearish,False,True,False,False,False,False,66.5864232824867,0.014795870996462753,bullish_seed_05,bullish,5,2024-03-29,6919.TW,0.4147287240059054,23,False
2020-12-17,2492.TW,2492,華新科,100,current_snapshot,230.5,231.5,220.0,230.0,195.7838287353516,17507787.0,0.0,0.0,False,False,False,,False,0.4347826086956521,4.3478260869565215,-0.217391304347826,1.5184381778741864,0.6507592190889371,0.4338394793926247,230.5,0.0,-0.217391304347826,24317730.2,-0.3889665324349673,6.443914081145586,215.5,-0.0630434782608695,-6.304347826086953,bearish,False,True,False,False,False,False,1.988730424148344,0.33459022999203947,bullish_seed_06,bullish,6,2020-04-22,6515.TW,0.4059701492537313,1,False
2022-11-15,6531.TW,6531,愛普*,95,current_snapshot,181.0,182.5,172.0,180.5,168.40638732910156,8329287.0,0.0,0.0,False,False,False,,False,0.8310249307479225,4.709141274238228,-0.2770083102493075,2.5069637883008355,1.392757660167131,0.0,179.5,0.8310249307479225,0.554016620498615,10137020.0,-0.2170333427098862,11.075949367088606,203.0,0.1246537396121882,12.465373961218829,bullish,True,False,False,False,False,False,2.0615097612653366,0.32663622786774826,bullish_seed_06,bullish,6,2020-04-22,6515.TW,0.4059701492537313,2,True
2023-03-10,6919.TW,6919,康霈*,97,current_snapshot,24.303869247436523,24.55339431762696,23.35566711425781,24.35377311706543,24.35377311706543,3514167.0,0.0,0.0,False,False,False,,False,0.8196725805154306,3.893450631328568,0.2049122712485857,2.240325009500357,0.0,2.240325009500357,24.503490447998047,-0.8196725805154306,-0.614760309266845,4778816.8,-0.3598718558338291,8.928567467698226,22.55718421936035,-0.073770453927985,-7.377045392798509,bearish,False,True,False,False,False,False,2.3526838248507276,0.29826850733368016,bullish_seed_06,bullish,6,2020-04-22,6515.TW,0.4059701492537313,3,False
2021-06-07,3533.TW,3533,嘉澤,82,current_snapshot,564.0693969726562,565.0607299804688,535.3206787109375,560.1040649414062,482.9832763671875,1081113.0,0.0,0.0,False,False,False,,False,0.1769908611386717,4.424782425576825,-0.7079634445546868,2.4604529484955875,0.5272507380395821,0.3514932783565125,564.0693969726562,0.0,-0.7079634445546868,770228.4,0.2875597647979443,-0.6932397916311206,547.2166748046875,-0.0230089209191276,-2.300892091912765,neutral,False,False,False,False,False,False,2.358926415790532,0.297714172986623,bullish_seed_06,bullish,6,2020-04-22,6515.TW,0.4059701492537313,4,False
2025-12-16,7750.TW,7750,新代,91,current_snapshot,847.0,860.0,802.0,860.0,849.1224975585938,237267.0,0.0,0.0,False,False,False,,False,0.0,5.232558139534884,1.5116279069767442,1.6203703703703702,1.1574074074074074,0.6944444444444444,864.0,-1.976744186046512,-0.4651162790697674,293896.8,-0.2386754163031521,10.512820512820513,849.0,-0.0127906976744186,-1.279069767441865,neutral,False,False,False,False,False,False,2.364277411877126,0.2972406486069298,bullish_seed_06,bullish,6,2020-04-22,6515.TW,0.4059701492537313,5,False
2021-12-06,6770.TW,6770,力積電,55,current_snapshot,78.0,78.9000015258789,72.0999984741211,75.9000015258789,71.9188232421875,78985295.0,0.0,0.0,False,False,False,,False,1.1857727375302374,5.006591535393002,-2.7667963529685533,1.2738853503184715,0.7643292663962977,-1.019112167844347,78.5,-0.6587615150831317,-3.4255578680516847,43436669.0,0.4500663826095731,5.326231799296735,71.0,-0.0645586485819529,-6.455864858195293,bearish,False,True,False,False,False,False,2.413083643717199,0.2929901825994798,bullish_seed_06,bullish,6,2020-04-22,6515.TW,0.4059701492537313,6,False
2021-09-28,6515.TW,6515,穎崴,73,current_snapshot,267.0,270.0,258.0,268.5,244.1183624267578,66200.0,0.0,0.0,False,False,False,,False,0.5586592178770949,3.35195530726257,0.5586592178770949,2.238805970149253,0.0,-1.4925373134328357,268.0,-0.37243947858473,0.186219739292365,130041.2,-0.9643685800604228,13.31923890063425,240.5,-0.1042830540037244,-10.42830540037244,bearish,False,True,False,False,False,False,2.4596174602603647,0.28904929850965133,bullish_seed_06,bullish,6,2020-04-22,6515.TW,0.4059701492537313,7,False
2018-03-06,6213.TW,6213,聯茂,81,current_snapshot,71.2748794555664,71.85356140136719,67.89920806884766,71.37132263183594,53.273468017578125,3672871.0,0.0,0.0,False,False,False,,False,0.675675820131351,4.729730740919457,0.1351287501942856,1.091407554543668,0.0,-1.5006867364730936,70.6961898803711,0.8108152600456109,0.9459440102398966,6398274.0,-0.7420361346750267,4.055951591493595,68.96012878417969,-0.0337837910065675,-3.3783791006567587,neutral,False,False,False,False,False,False,2.5080463591704403,0.2850589466658227,bullish_seed_06,bullish,6,2020-04-22,6515.TW,0.4059701492537313,8,False
2022-12-07,1590.TW,1590,亞德客-KY,64,current_snapshot,962.0,968.0,916.0,958.0,882.8384399414062,798984.0,0.0,0.0,False,False,False,,False,0.6263048016701461,4.384133611691024,-0.417536534446764,0.6224066390041494,1.0373443983402488,-0.933609958506224,964.0,-0.208768267223382,-0.6263048016701461,667471.6,0.1645995414176004,10.466439135381114,938.0,-0.0208768267223382,-2.087682672233826,neutral,False,False,False,False,False,False,2.5863543233021455,0.2788346911242298,bullish_seed_06,bullish,6,2020-04-22,6515.TW,0.4059701492537313,9,False
2022-02-22,6805.TW,6805,富世達,93,current_snapshot,358.5,360.5,343.5,356.5,333.4823608398437,1041294.0,0.0,0.0,False,False,False,,False,0.5610098176718092,3.64656381486676,-0.5610098176718092,1.2448132780082988,0.6915629322268326,-1.7980636237897647,361.5,-0.8415147265077139,-1.402524544179523,717433.0,0.3110178297387673,3.35195530726257,318.0,-0.1079943899018233,-10.799438990182333,bearish,False,True,False,False,False,False,2.5981446606659544,0.27792101049514706,bullish_seed_06,bullish,6,2020-04-22,6515.TW,0.4059701492537313,10,False
2021-08-18,3661.TW,3661,世芯-KY,56,current_snapshot,571.0,580.0,536.0,576.0,546.0327758789062,4438234.0,0.0,0.0,False,False,False,,False,0.6944444444444444,6.076388888888888,0.8680555555555556,2.4432809773123907,0.5235602094240838,-0.1745200698080279,573.0,-0.3472222222222222,0.5208333333333333,2932301.2,0.3393090134499442,-1.0434782608695654,644.0,0.1180555555555555,11.805555555555555,bullish,True,False,False,False,False,False,2.6154555796322287,0.27659031565303366,bullish_seed_06,bullish,6,2020-04-22,6515.TW,0.4059701492537313,11,True
2021-05-04,2449.TW,2449,京元電子,57,current_snapshot,46.66666412353516,47.14285659790039,42.9523811340332,45.85714340209961,35.79804611206055,39593124.0,0.0,0.0,False,False,False,,False,1.0384259442192632,6.334372471908944,-1.7653099634603109,1.7346955291037167,0.9183638936922288,-1.1224529333088975,46.66666412353516,0.0,-1.7653099634603109,30118650.0,0.2392959444170154,14.31870789381886,45.19047546386719,-0.0145379299444521,-1.4537929944452133,neutral,False,False,False,False,False,False,2.6354889915699915,0.2750661609260295,bullish_seed_06,bullish,6,2020-04-22,6515.TW,0.4059701492537313,12,False
2025-09-01,2404.TW,2404,漢唐,79,current_snapshot,1225.0,1245.0,1155.0,1215.0,1177.178955078125,2924118.0,0.0,0.0,False,False,False,,False,1.646090534979424,4.938271604938271,-0.823045267489712,1.2195121951219512,0.4065040650406504,2.4390243902439024,1230.0,-0.411522633744856,-1.2345679012345678,2130848.8,0.2712849481450475,12.264150943396226,1035.0,-0.1481481481481481,-14.814814814814811,bearish,False,True,False,False,False,False,2.6664393197953378,0.2727441838736937,bullish_seed_06,bullish,6,2020-04-22,6515.TW,0.4059701492537313,13,False
2022-01-24,3036.TW,3036,文曄,68,current_snapshot,86.53707885742188,87.32378387451172,81.71853637695312,84.86534118652344,68.12296295166016,6729622.0,0.0,0.0,False,False,False,,False,0.9270038935691828,3.707997594275888,-1.969870912583933,1.5695043862624662,0.8968658619531957,0.1121049710974614,87.71713256835938,-1.390501345353563,-3.360372257937496,8278987.6,-0.2302307024079509,6.508877641139671,87.91381072998047,0.0359212547882989,3.5921254788298995,neutral,False,False,False,False,False,False,2.675301481997099,0.27208652266986716,bullish_seed_06,bullish,6,2020-04-22,6515.TW,0.4059701492537313,14,False
2022-12-16,6415.TW,6415,矽力*-KY,92,current_snapshot,505.0,510.0,483.0,503.0,488.6726684570313,3315879.0,0.0,0.0,False,False,False,,False,0.9940357852882704,3.9761431411530817,-0.3976143141153081,1.3461538461538465,0.7692307692307693,-0.576923076923077,520.0,-2.982107355864811,-3.37972166998012,2914588.0,0.1210210022742084,10.031023784901755,445.0,-0.1153081510934393,-11.53081510934394,bearish,False,True,False,False,False,False,2.7042246890273085,0.26996202551163,bullish_seed_06,bullish,6,2020-04-22,6515.TW,0.4059701492537313,15,False
2021-05-12,2356.TW,2356,英業達,71,current_snapshot,26.100000381469727,26.25,24.5,25.549999237060547,19.682466506958008,29182461.0,0.0,0.0,False,False,False,,False,0.5870826732264531,4.109586177746384,-2.152646422045278,1.7110223142391052,0.3802223460911028,-0.1901184253219321,26.299999237060547,-0.7827744092482001,-2.935420831293478,16333203.2,0.4403075463717745,-0.5618034516580003,24.350000381469727,-0.0469666885097284,-4.6966688509728405,neutral,False,False,False,False,False,False,2.715045073533865,0.2691757381691117,bullish_seed_06,bullish,6,2020-04-22,6515.TW,0.4059701492537313,16,False
2021-04-14,3034.TW,3034,聯詠,58,current_snapshot,586.0,596.0,562.0,591.0,372.778076171875,11856554.0,0.0,0.0,False,False,False,,False,0.8460236886632826,4.060913705583756,0.8460236886632826,3.583617747440273,0.0,1.023890784982935,586.0,0.0,0.8460236886632826,12188661.8,-0.0280104826410777,1.7391304347826086,592.0,0.0016920473773265,0.1692047377326533,neutral,False,False,False,False,False,False,2.753308774844891,0.26643158343435946,bullish_seed_06,bullish,6,2020-04-22,6515.TW,0.4059701492537313,17,False
2021-06-07,2376.TW,2376,技嘉,70,current_snapshot,112.0,112.0,106.0,111.5,82.39508056640625,7318092.0,0.0,0.0,False,False,False,,False,0.0,4.932735426008969,-0.4484304932735426,0.4464285714285714,0.4464285714285714,-1.7857142857142856,112.0,0.0,-0.4484304932735426,8562510.2,-0.1700468100155066,8.571428571428571,114.0,0.0224215246636771,2.2421524663677195,neutral,False,False,False,False,False,False,2.7636287338171037,0.2657010217332972,bullish_seed_06,bullish,6,2020-04-22,6515.TW,0.4059701492537313,18,False
2021-05-04,2379.TW,2379,瑞昱,53,current_snapshot,520.0,524.0,490.0,507.0,380.2868957519531,3816704.0,0.0,0.0,False,False,False,,False,0.7889546351084813,3.353057199211045,-2.564102564102564,2.119460500963391,0.0,-1.7341040462427744,519.0,0.1972386587771203,-2.366863905325444,3141634.2,0.17687245330002,6.4,516.0,0.0177514792899409,1.775147928994092,neutral,False,False,False,False,False,False,2.8016951907848595,0.2630405516002324,bullish_seed_06,bullish,6,2020-04-22,6515.TW,0.4059701492537313,19,False
2019-09-27,3661.TW,3661,世芯-KY,56,current_snapshot,157.0,161.5,154.0,159.5,150.39785766601562,8524001.0,0.0,0.0,False,False,False,,False,1.2539184952978055,1.8808777429467085,1.5673981191222568,0.9584664536741214,1.5974440894568689,-1.5974440894568689,156.5,0.3134796238244514,1.8808777429467085,7261164.0,0.1481507334407867,15.272727272727272,155.5,-0.0250783699059561,-2.5078369905956133,neutral,False,False,False,False,False,False,1.5095277924179755,0.39848134100020544,bullish_seed_07,bullish,7,2023-01-13,6919.TW,0.3999999999999999,1,False
2022-01-26,6805.TW,6805,富世達,93,current_snapshot,317.0,334.5,308.5,328.5,307.2901611328125,593719.0,0.0,0.0,False,False,False,,False,1.82648401826484,2.5875190258751903,3.50076103500761,1.1182108626198082,1.2779552715654952,-2.2364217252396164,313.0,1.21765601217656,4.71841704718417,1209116.4,-1.0365128958311929,9.491525423728811,351.0,0.0684931506849315,6.849315068493156,bullish,True,False,False,False,False,False,1.5483234241561572,0.39241486795622754,bullish_seed_07,bullish,7,2023-01-13,6919.TW,0.3999999999999999,2,True
2019-04-25,2404.TW,2404,漢唐,79,current_snapshot,131.5,141.0,129.0,139.0,86.01140594482422,8168774.0,0.0,0.0,False,False,False,,False,1.4388489208633095,1.7985611510791366,5.39568345323741,1.520912547528517,1.520912547528517,-1.9011406844106464,131.5,0.0,5.39568345323741,7821468.8,0.0425161964329041,18.099547511312217,137.5,-0.0107913669064748,-1.0791366906474864,neutral,False,False,False,False,False,False,1.7979768995925673,0.3574010922483373,bullish_seed_07,bullish,7,2023-01-13,6919.TW,0.3999999999999999,3,False
2023-06-14,6789.TW,6789,采鈺,96,current_snapshot,270.0,279.5,264.0,276.5,268.50177001953125,3971232.0,0.0,0.0,False,False,False,,False,1.08499095840868,2.16998191681736,2.3508137432188065,0.7407407407407408,0.7407407407407408,-3.5185185185185186,270.0,0.0,2.3508137432188065,5692488.0,-0.4334312374598109,16.142557651991616,271.5,-0.0180831826401446,-1.8083182640144635,neutral,False,False,False,False,False,False,1.899798028755235,0.3448516034853845,bullish_seed_07,bullish,7,2023-01-13,6919.TW,0.3999999999999999,4,False
2021-10-18,6515.TW,6515,穎崴,73,current_snapshot,286.5,293.0,280.5,291.0,264.5751953125,343106.0,0.0,0.0,False,False,False,,False,0.6872852233676976,2.061855670103093,1.5463917525773196,0.3514938488576449,2.2847100175746924,-3.690685413005272,284.5,0.6872852233676976,2.233676975945017,309477.0,0.0980134419100802,18.789144050104383,307.5,0.056701030927835,5.670103092783507,bullish,True,False,False,False,False,False,1.9313122666180957,0.34114413922666686,bullish_seed_07,bullish,7,2023-01-13,6919.TW,0.3999999999999999,5,True
2020-04-01,1519.TW,1519,華城,66,current_snapshot,18.256948471069336,19.19609260559082,17.88129234313965,18.93313217163086,16.512052536010742,1017017.0,0.0,0.0,False,False,False,,False,1.38889028807382,1.98412034799274,3.5714307301710364,1.0288136136831365,0.6172756315126183,-1.4403307013582154,18.256948471069336,0.0,3.5714307301710364,978073.4,0.0382919852863816,13.91510446463614,20.285499572753903,0.0714286146034206,7.142861460342065,bullish,True,False,False,False,False,False,1.9472444808068805,0.33929998224179403,bullish_seed_07,bullish,7,2023-01-13,6919.TW,0.3999999999999999,6,True
2025-09-16,6770.TW,6770,力積電,55,current_snapshot,17.850000381469727,18.89999961853028,17.600000381469727,18.549999237060547,18.48922348022461,75332841.0,0.0,0.0,False,False,False,,False,1.8867945868723817,1.3477089503083737,3.7735788915414687,0.8403339794098247,1.4005601941584698,-1.4005601941584698,17.850000381469727,0.0,3.7735788915414687,80227291.0,-0.0649709998325962,11.838016300285377,22.100000381469727,0.1913747326370087,19.13747326370088,bullish,True,False,False,False,False,False,2.0347497267164067,0.3295164643056078,bullish_seed_07,bullish,7,2023-01-13,6919.TW,0.3999999999999999,7,True
2021-03-26,3481.TW,3481,群創,52,current_snapshot,26.170398712158203,26.63300514221192,25.64170265197754,26.43474578857422,17.685625076293945,341286254.0,0.0,0.0,False,False,False,,False,0.7499953100490496,2.0000043291854928,0.9999985569381692,1.7902824437392262,1.7902824437392262,-3.836315304360933,25.839963912963867,1.2500018038272886,2.250000360765457,545407558.8,-0.5980941289243954,20.23809145455734,27.888656616210938,0.0549999927846909,5.499999278469092,bullish,True,False,False,False,False,False,2.055622080741983,0.3272656020855742,bullish_seed_07,bullish,7,2023-01-13,6919.TW,0.3999999999999999,8,True
2023-07-28,2376.TW,2376,技嘉,70,current_snapshot,338.0,348.5,329.0,347.5,308.8318176269531,27452622.0,0.0,0.0,False,False,False,,False,0.2877697841726618,2.5899280575539567,2.733812949640288,1.957831325301205,1.5060240963855422,-2.710843373493976,332.0,1.7266187050359711,4.460431654676259,38496596.6,-0.402292159925562,11.55778894472362,333.5,-0.0402877697841727,-4.02877697841727,neutral,False,False,False,False,False,False,2.0569958912956112,0.32711852928797414,bullish_seed_07,bullish,7,2023-01-13,6919.TW,0.3999999999999999,9,False
2021-12-06,3532.TW,3532,台勝科,98,current_snapshot,255.5,262.5,251.0,260.5,231.6083984375,3316285.0,0.0,0.0,False,False,False,,False,0.7677543186180422,1.727447216890595,1.919385796545105,0.7827788649706457,1.5655577299412915,-1.9569471624266144,255.5,0.0,1.919385796545105,7339076.6,-1.213041581166878,9.82905982905983,280.0,0.0748560460652592,7.48560460652592,bullish,True,False,False,False,False,False,2.0578102786229686,0.32703140773348843,bullish_seed_07,bullish,7,2023-01-13,6919.TW,0.3999999999999999,10,True
2024-10-14,3533.TW,3533,嘉澤,82,current_snapshot,1645.0,1685.0,1620.0,1670.0,1594.3289794921875,1138545.0,0.0,0.0,False,False,False,,False,0.8982035928143712,1.497005988023952,1.497005988023952,0.6116207951070336,1.529051987767584,-0.6116207951070336,1635.0,0.5988023952095809,2.095808383233533,2110537.6,-0.8537146972671261,18.772563176895307,1640.0,-0.0179640718562874,-1.7964071856287456,neutral,False,False,False,False,False,False,2.1818425712166554,0.31428330522890247,bullish_seed_07,bullish,7,2023-01-13,6919.TW,0.3999999999999999,11,False
2024-04-30,2615.TW,2615,萬海,59,current_snapshot,49.650001525878906,50.900001525878906,48.45000076293945,50.70000076293945,46.25407791137695,19953975.0,0.0,0.0,False,False,False,,False,0.3944788164296224,2.366865374520125,2.071004381183506,1.0090817511577856,0.8072607817165521,-1.715443596177912,49.54999923706055,0.1972431702436162,2.268247551427122,18144315.0,0.0906917042844846,11.791903986407153,49.79999923706055,-0.0177515091190449,-1.7751509119044997,neutral,False,False,False,False,False,False,2.1997435938438206,0.3125250416702014,bullish_seed_07,bullish,7,2023-01-13,6919.TW,0.3999999999999999,12,False
2020-04-09,6415.TW,6415,矽力*-KY,92,current_snapshot,282.5,287.5,277.5,285.0,273.4980773925781,1352368.0,0.0,0.0,False,False,False,,False,0.8771929824561403,1.7543859649122806,0.8771929824561403,0.4444444444444444,2.2222222222222223,-2.2222222222222223,281.25,0.4385964912280701,1.3157894736842104,1515068.8,-0.1203080818238822,12.437810945273633,287.5,0.0087719298245614,0.8771929824561431,neutral,False,False,False,False,False,False,2.2001413295902164,0.31248619889173823,bullish_seed_07,bullish,7,2023-01-13,6919.TW,0.3999999999999999,13,False
2024-05-30,2609.TW,2609,陽明,77,current_snapshot,76.69999694824219,79.0999984741211,75.0999984741211,78.30000305175781,65.35877990722656,32140567.0,0.0,0.0,False,False,False,,False,1.0217054804384476,2.043420704675406,2.0434304484739165,2.072536965505055,1.554400253469843,-3.3678836869109823,77.19999694824219,-0.6385695791984712,1.4048608692754454,43824765.2,-0.36353428985867,11.344535435598347,75.69999694824219,-0.0332056960687086,-3.32056960687086,neutral,False,False,False,False,False,False,2.2350547340749607,0.3091137808170477,bullish_seed_07,bullish,7,2023-01-13,6919.TW,0.3999999999999999,14,False
2018-03-29,2492.TW,2492,華新科,100,current_snapshot,117.0,119.5,114.0,118.5,87.10098266601562,8447187.0,0.0,0.0,False,False,False,,False,0.8438818565400843,2.5316455696202533,1.2658227848101269,0.0,2.1739130434782608,-2.1739130434782608,115.0,1.6877637130801686,2.953586497890296,12201547.2,-0.4444509397033591,9.1324200913242,120.0,0.0126582278481013,1.265822784810133,neutral,False,False,False,False,False,False,2.2854593133946652,0.30437144539366123,bullish_seed_07,bullish,7,2023-01-13,6919.TW,0.3999999999999999,15,False
2025-11-19,1802.TW,1802,台玻,86,current_snapshot,30.89999961853028,31.5,30.200000762939453,31.14999961853028,31.14999961853028,60624022.0,0.0,0.0,False,False,False,,False,1.1235967439997048,2.2471873648897587,0.8025682281269817,1.1363710957408533,0.974023521077132,-4.0584416589722485,30.799999237060547,0.3210285158727228,1.1235967439997048,206743618.0,-2.410259022405343,10.977697761466256,33.0,0.0593900611276159,5.939006112761591,bullish,True,False,False,False,False,False,2.315654505972692,0.30159957806177895,bullish_seed_07,bullish,7,2023-01-13,6919.TW,0.3999999999999999,16,True
2021-05-26,2618.TW,2618,長榮航,72,current_snapshot,15.300000190734863,15.600000381469728,15.050000190734863,15.600000381469728,12.783889770507812,31365768.0,0.0,0.0,False,False,False,,False,0.0,1.602564063376303,1.9230780987109133,0.9868458821503224,1.31578823536055,-1.644736862743991,15.199999809265137,0.6410280706692213,2.564106169380135,40349462.2,-0.2864171602621049,15.969585113223264,17.0,0.0897435630958858,8.974356309588583,bullish,True,False,False,False,False,False,2.3198357291259213,0.3012197233817017,bullish_seed_07,bullish,7,2023-01-13,6919.TW,0.3999999999999999,17,True
2018-11-19,1605.TW,1605,華新,88,current_snapshot,17.10302734375,17.3487606048584,17.05388069152832,17.20132064819336,12.838947296142578,9082357.0,0.0,0.0,False,False,False,,False,0.857143237316052,0.285714412438684,0.571428824877368,0.867052509389115,0.867052509389115,0.2890062865541188,17.004732131958008,0.5714399132622183,1.1428687381395863,9681505.4,-0.0659683824364094,0.5917162480959881,16.611560821533203,-0.034285729492642,-3.428572949264208,neutral,False,False,False,False,False,False,0.3542523232216195,0.7384148307171505,bullish_seed_08,bullish,8,2021-02-05,6770.TW,0.3893280874004516,1,False
2023-02-16,2376.TW,2376,技嘉,70,current_snapshot,120.0,122.0,119.5,121.0,107.5356903076172,4995161.0,0.0,0.0,False,False,False,,False,0.8264462809917356,0.4132231404958678,0.8264462809917356,1.2605042016806722,0.8403361344537815,0.0,119.0,0.8264462809917356,1.6528925619834711,4367254.2,0.125703015378283,-0.4184100418410041,116.5,-0.037190082644628,-3.7190082644628086,neutral,False,False,False,False,False,False,0.5035088395594212,0.6651108218911661,bullish_seed_08,bullish,8,2021-02-05,6770.TW,0.3893280874004516,2,False
2022-08-24,1504.TW,1504,東元,89,current_snapshot,29.5,29.89999961853028,29.39999961853028,29.700000762939453,25.86101722717285,5293483.0,0.0,0.0,False,False,False,,False,0.6733968028727624,0.336701612460933,0.6734032249218661,0.8517887453174916,0.6814335957069514,0.0,29.350000381469727,0.5050492076668477,1.1784524325887138,3307994.2,0.3750817372984856,0.1706523744407985,29.200000762939453,-0.0168350164025555,-1.683501640255558,neutral,False,False,False,False,False,False,0.5261950538011637,0.655224243788096,bullish_seed_08,bullish,8,2021-02-05,6770.TW,0.3893280874004516,3,False
2020-11-12,2379.TW,2379,瑞昱,53,current_snapshot,350.0,356.0,349.0,353.0,264.7757263183594,3423705.0,0.0,0.0,False,False,False,,False,0.84985835694051,0.28328611898017,0.84985835694051,0.8620689655172413,1.1494252873563218,-0.1436781609195402,348.0,0.56657223796034,1.41643059490085,5150681.4,-0.5044174074577104,-1.4144271570014144,372.0,0.0538243626062322,5.3824362606232246,bullish,True,False,False,False,False,False,0.5730342127111705,0.6357140816895971,bullish_seed_08,bullish,8,2021-02-05,6770.TW,0.3893280874004516,4,True
2018-05-08,6239.TW,6239,力成,76,current_snapshot,86.19999694824219,87.19999694824219,86.0,86.4000015258789,54.77307891845703,2541837.0,0.0,0.0,False,False,False,,False,0.9259206113829328,0.231477945266336,0.2314867755839246,0.9291468484796016,0.9291468484796016,-0.2322933579340698,86.0999984741211,0.115738972633168,0.3472257482170926,2095948.4,0.1754198243239043,0.4667462545191033,87.69999694824219,0.0150462430486635,1.5046243048663532,neutral,False,False,False,False,False,False,0.5997782760228932,0.6250866229325456,bullish_seed_08,bullish,8,2021-02-05,6770.TW,0.3893280874004516,5,False
2022-10-19,3036.TW,3036,文曄,68,current_snapshot,61.26432037353516,62.14936065673828,60.96930694580078,61.46099472045898,52.75859832763672,2762437.0,0.0,0.0,False,False,False,,False,1.1200045482670251,0.4800010625864011,0.319998639492178,0.6472527052451416,0.8090611738075163,-0.323623214123297,60.77263259887695,0.7999997020785792,1.119998341570757,2678702.6,0.0303117862959408,-0.3241477329526157,61.26432037353516,-0.0031999863949215,-0.3199986394921583,neutral,False,False,False,False,False,False,0.6075146660829903,0.6220783057841002,bullish_seed_08,bullish,8,2021-02-05,6770.TW,0.3893280874004516,6,False
2020-12-09,2449.TW,2449,京元電子,57,current_snapshot,34.380950927734375,34.761905670166016,34.28571319580078,34.42856979370117,26.876415252685547,19189932.0,0.0,0.0,False,False,False,,False,0.968195537782196,0.2766241307851766,0.1383120653925883,0.6954076577402164,0.9735707208363032,-0.1390815315480432,34.238094329833984,0.4149361961777649,0.5532482615703532,22654917.0,-0.1805626512902703,1.553666339367807,33.761905670166016,-0.0193636891549623,-1.9363689154962336,neutral,False,False,False,False,False,False,0.6200786604156354,0.6172539793490319,bullish_seed_08,bullish,8,2021-02-05,6770.TW,0.3893280874004516,7,False
2018-06-14,2404.TW,2404,漢唐,79,current_snapshot,84.25,86.125,83.75,85.0,47.84416580200195,2843492.0,0.0,0.0,False,False,False,,False,1.3235294117647058,0.5882352941176471,0.8823529411764706,1.0447761194029852,0.5970149253731344,0.0,83.75,0.5882352941176471,1.4705882352941175,1358244.4,0.5223322590673721,0.9216589861751152,83.875,-0.013235294117647,-1.3235294117647012,neutral,False,False,False,False,False,False,0.6440923141908533,0.6082383521707259,bullish_seed_08,bullish,8,2021-02-05,6770.TW,0.3893280874004516,8,False
2023-11-14,6789.TW,6789,采鈺,96,current_snapshot,212.5,217.0,211.5,214.0,209.4285430908203,815236.0,0.0,0.0,False,False,False,,False,1.4018691588785046,0.4672897196261681,0.7009345794392523,1.1848341232227488,0.7109004739336493,-0.4739336492890995,211.0,0.7009345794392523,1.4018691588785046,504219.2,0.3815052328405516,0.7263922518159807,219.5,0.0257009345794392,2.5700934579439227,neutral,False,False,False,False,False,False,0.6480476826578484,0.6067785601853913,bullish_seed_08,bullish,8,2021-02-05,6770.TW,0.3893280874004516,9,False
2023-09-13,2337.TW,2337,旺宏,67,current_snapshot,34.150001525878906,34.45000076293945,34.0,34.150001525878906,33.52796173095703,7240328.0,0.0,0.0,False,False,False,,False,0.8784750326678818,0.4392431015419865,0.0,1.17647507611443,0.8823506972369025,0.588237538057215,34.0,0.4392431015419865,0.4392431015419865,12544949.2,-0.7326492943413613,0.7462686567164178,34.70000076293945,0.0161053942162712,1.6105394216271218,neutral,False,False,False,False,False,False,0.665435920278772,0.6004433961245493,bullish_seed_08,bullish,8,2021-02-05,6770.TW,0.3893280874004516,10,False
2020-12-24,2313.TW,2313,華通,60,current_snapshot,43.5,44.20000076293945,43.5,43.75,35.69820022583008,8659320.0,0.0,0.0,False,False,False,,False,1.0285731724330358,0.0,0.5714285714285714,0.9259206113829328,0.6944514964341852,0.115738972633168,43.20000076293945,0.6857125418526786,1.25714111328125,11102197.6,-0.2821096344747624,-0.4613539914230467,43.150001525878906,-0.0137142508370535,-1.3714250837053577,neutral,False,False,False,False,False,False,0.6728484473626212,0.5977827827598965,bullish_seed_08,bullish,8,2021-02-05,6770.TW,0.3893280874004516,11,False
2021-06-22,3702.TW,3702,大聯大,90,current_snapshot,50.29999923706055,51.09999847412109,50.20000076293945,50.5,36.86732864379883,5826078.0,0.0,0.0,False,False,False,,False,1.1881157903387995,0.1980167804378094,0.3960411147315903,0.7968081774949735,0.896415848805464,0.3984078882466975,50.20000076293945,0.1980167804378094,0.5940578951693998,5456305.2,0.0634685632427165,-0.7936537971601397,50.20000076293945,-0.0059405789516939,-0.5940578951693976,neutral,False,False,False,False,False,False,0.6794632234880872,0.5954283404450464,bullish_seed_08,bullish,8,2021-02-05,6770.TW,0.3893280874004516,12,False
2021-01-26,2618.TW,2618,長榮航,72,current_snapshot,12.100000381469728,12.300000190734863,12.050000190734863,12.149999618530272,9.956682205200195,11911024.0,0.0,0.0,False,False,False,,False,1.234572649498854,0.4115242164996179,0.4115163673280431,0.8264494075791097,0.8264494075791097,-0.4132168221838826,12.100000381469728,0.0,0.4115163673280431,15835222.2,-0.3294593479116488,0.0,12.550000190734863,0.0329218588282538,3.2921858828253825,neutral,False,False,False,False,False,False,0.6806727590757258,0.5949998264682668,bullish_seed_08,bullish,8,2021-02-05,6770.TW,0.3893280874004516,13,False
2018-07-20,3481.TW,3481,群創,52,current_snapshot,14.935630798339844,15.133891105651855,14.86954402923584,15.067805290222168,9.880142211914062,44260365.0,0.0,0.0,False,False,False,,False,0.4385895235358002,0.4385958527542765,0.8771980347270293,0.8888876346721463,0.8888940482804891,0.0,14.86954402923584,0.4385958527542765,1.3157938874813058,33292172.2,0.2478107173314092,1.3513560069565986,15.067805290222168,0.0,0.0,neutral,False,False,False,False,False,False,0.6824124818230164,0.594384558367296,bullish_seed_08,bullish,8,2021-02-05,6770.TW,0.3893280874004516,14,False
2024-09-02,4938.TW,4938,和碩,69,current_snapshot,103.0,104.5,102.5,103.5,93.66952514648438,3923518.0,0.0,0.0,False,False,False,,False,0.966183574879227,0.4830917874396135,0.4830917874396135,0.975609756097561,0.4878048780487805,-0.4878048780487805,102.5,0.4830917874396135,0.966183574879227,4265115.6,-0.087064109301907,-0.9615384615384616,99.9000015258789,-0.0347825939528607,-3.4782593952860763,neutral,False,False,False,False,False,False,0.6899041277024679,0.5917495457920229,bullish_seed_08,bullish,8,2021-02-05,6770.TW,0.3893280874004516,15,False
2021-12-22,2492.TW,2492,華新科,100,current_snapshot,168.0,170.0,167.0,169.0,148.5852813720703,3629842.0,0.0,0.0,False,False,False,,False,0.591715976331361,0.591715976331361,0.591715976331361,0.8982035928143712,0.8982035928143712,0.5988023952095809,167.0,0.591715976331361,1.183431952662722,2974304.4,0.1805967312075842,1.851851851851852,167.0,-0.0118343195266271,-1.1834319526627168,neutral,False,False,False,False,False,False,0.6904634667647834,0.5915537482237367,bullish_seed_08,bullish,8,2021-02-05,6770.TW,0.3893280874004516,16,False
2023-10-25,3034.TW,3034,聯詠,58,current_snapshot,431.5,440.5,431.5,435.5,374.2179260253906,2923891.0,0.0,0.0,False,False,False,,False,1.148105625717566,0.0,0.9184845005740528,0.6984866123399301,0.9313154831199068,-0.1164144353899883,429.5,0.4592422502870264,1.377726750861079,2912128.8,0.0040227901792509,-0.2317497103128621,452.0,0.0378874856486797,3.788748564867972,neutral,False,False,False,False,False,False,0.6921730057409202,0.5909561236394671,bullish_seed_08,bullish,8,2021-02-05,6770.TW,0.3893280874004516,17,False
2025-11-06,2609.TW,2609,陽明,77,current_snapshot,54.79999923706055,55.5,54.5,55.0,52.80438995361328,12374340.0,0.0,0.0,False,False,False,,False,0.9090909090909092,0.5454531582919033,0.3636377507990057,0.73394775390625,0.5504643151519496,0.1834834387543004,54.5,0.5454531582919033,0.9090909090909092,23870055.2,-0.9289962292938452,0.1814923622281543,52.70000076293945,-0.0418181679465553,-4.181816794655536,neutral,False,False,False,False,False,False,0.6929985575682879,0.5906679574708761,bullish_seed_08,bullish,8,2021-02-05,6770.TW,0.3893280874004516,18,False
2024-09-11,1402.TW,1402,遠東新,94,current_snapshot,36.29999923706055,36.79999923706055,36.20000076293945,36.45000076293945,33.03422164916992,7609876.0,0.0,0.0,False,False,False,,False,0.9602152724149042,0.2743442305295291,0.4115268113558459,1.101932601338801,0.8264441966000433,0.6887052486347219,36.29999923706055,0.0,0.4115268113558459,7816475.0,-0.027148799796475,0.0,36.95000076293945,0.0137174208377075,1.371742083770755,neutral,False,False,False,False,False,False,0.7007513937404275,0.5879754111509035,bullish_seed_08,bullish,8,2021-02-05,6770.TW,0.3893280874004516,19,False
2020-05-07,5876.TW,5876,上海商銀,75,current_snapshot,42.12618637084961,42.51714706420898,41.83296203613281,42.12618637084961,31.900659561157227,3885318.0,0.0,0.0,False,False,False,,False,0.9280704640995254,0.6960619034807803,0.0,0.9345848083120408,0.9345756894328604,0.2336439223582151,41.83296203613281,0.6960619034807803,0.6960619034807803,5431494.2,-0.3979535780597624,2.1377585009084163,42.46827697753906,0.0081206165608709,0.812061656087093,neutral,False,False,False,False,False,False,0.7066643620440157,0.5859382912304637,bullish_seed_08,bullish,8,2021-02-05,6770.TW,0.3893280874004516,20,False
2022-10-19,2002.TW,2002,中鋼,62,current_snapshot,27.200000762939453,27.75,27.100000381469727,27.450000762939453,25.48128890991211,35346488.0,0.0,0.0,False,False,False,,False,1.092893365109043,0.3643001045185331,0.9107467870730545,0.7352898896360429,0.7352969019469963,0.0,27.200000762939453,0.0,0.9107467870730545,26038002.8,0.2633496487685,-1.8148820829272283,28.0,0.020036401521821,2.003640152182107,neutral,False,False,False,False,False,False,0.7084507351206704,0.5853256283268645,bullish_seed_08,bullish,8,2021-02-05,6770.TW,0.3893280874004516,21,False
2020-10-13,6415.TW,6415,矽力*-KY,92,current_snapshot,505.0,506.25,487.5,497.5,479.4820251464844,1243376.0,0.0,0.0,False,False,False,,False,0.2512562814070351,2.010050251256281,-1.507537688442211,2.261306532663317,0.7537688442211055,-2.512562814070352,497.5,1.507537688442211,0.0,1948932.0,-0.5674518407947395,12.70718232044199,462.5,-0.0703517587939698,-7.035175879396983,bearish,False,True,False,False,False,False,1.3027459118615978,0.43426415170207594,bullish_seed_09,bullish,9,2020-04-20,6515.TW,0.3811594202898551,1,False
2021-05-03,1590.TW,1590,亞德客-KY,64,current_snapshot,1191.0633544921875,1200.94775390625,1136.699462890625,1161.4102783203125,1042.4005126953125,1133485.0,0.0,0.0,False,False,False,,False,0.8510687048816027,2.1276559964171726,-2.553195604120252,3.389828734578367,0.8474624166384085,-1.6949143672891835,1166.3525390625,2.1276559964171726,-0.4255396077030794,853719.0,0.2468193227082846,15.458941290767385,1062.56689453125,-0.0851063449619324,-8.510634496193248,bearish,False,True,False,False,False,False,1.5335901429968695,0.3946968308051377,bullish_seed_09,bullish,9,2020-04-20,6515.TW,0.3811594202898551,2,False
2018-05-24,2376.TW,2376,技嘉,70,current_snapshot,88.80000305175781,88.80000305175781,84.5,86.4000015258789,54.73177719116211,12834113.0,0.0,0.0,False,False,False,,False,0.0,2.199075801300547,-2.777779494783976,2.2857142857142856,0.7999965122767858,-0.5714285714285714,87.5,1.50463313518395,-1.2731463596000254,16379706.8,-0.27626325247409,12.262964304367516,80.80000305175781,-0.0648147960095087,-6.481479600950879,bearish,False,True,False,False,False,False,1.5884543153526274,0.38633094432797405,bullish_seed_09,bullish,9,2020-04-20,6515.TW,0.3811594202898551,3,False
2023-03-29,6919.TW,6919,康霈*,97,current_snapshot,23.75491142272949,23.75491142272949,22.85661506652832,23.555288314819336,23.555288314819336,1637842.0,0.0,0.0,False,False,False,,False,0.0,2.966099327476537,-0.8474662047951559,2.972396600958276,1.486198300479138,-2.335455631398348,23.50538444519043,1.0593246586673175,0.2118584538721618,3835369.6,-1.34172136262228,11.682244784952136,24.05434226989746,0.0211864931733463,2.118649317334631,neutral,False,False,False,False,False,False,1.5889553300723058,0.38625618155106267,bullish_seed_09,bullish,9,2020-04-20,6515.TW,0.3811594202898551,4,False
2021-06-07,2002.TW,2002,中鋼,62,current_snapshot,38.400001525878906,38.54999923706055,36.20000076293945,37.29999923706055,30.94598197937012,184838064.0,0.0,0.0,False,False,False,,False,0.4021386441011126,2.949057631690665,-2.949067858761291,2.365312861826048,0.1314040422157165,-1.182656430913024,38.04999923706055,0.9383439570438488,-2.010723901717442,275966140.8,-0.4930157502623486,12.138731064051417,36.150001525878906,-0.0308310384639103,-3.083103846391033,neutral,False,False,False,False,False,False,1.729400537350567,0.3663808174415843,bullish_seed_09,bullish,9,2020-04-20,6515.TW,0.3811594202898551,5,False
2018-11-06,2379.TW,2379,瑞昱,53,current_snapshot,128.5,128.5,124.5,127.0,89.56900787353516,1859569.0,0.0,0.0,False,False,False,,False,0.0,1.968503937007874,-1.1811023622047243,1.574803149606299,0.7874015748031495,-1.1811023622047243,127.0,1.1811023622047243,0.0,4181300.2,-1.248531890991945,19.26605504587156,124.0,-0.0236220472440944,-2.3622047244094446,neutral,False,False,False,False,False,False,1.7692273828721974,0.3611115526969896,bullish_seed_09,bullish,9,2020-04-20,6515.TW,0.3811594202898551,6,False
2019-06-14,6213.TW,6213,聯茂,81,current_snapshot,96.9299774169922,97.41221618652344,94.22943878173828,96.25484466552734,74.9930419921875,4149940.0,0.0,0.0,False,False,False,,False,0.5010020754871767,2.104211887544025,-0.7014013204331059,2.5150910236302684,0.4024113805242632,-1.1066432336538978,95.86904907226562,1.102207736569672,0.400806416136566,9053863.8,-1.181685470151376,9.061129714541927,99.34117126464844,0.0320641169786899,3.206411697868994,neutral,False,False,False,False,False,False,1.7713327446617544,0.3608372188169167,bullish_seed_09,bullish,9,2020-04-20,6515.TW,0.3811594202898551,7,False
2025-03-18,7750.TW,7750,新代,91,current_snapshot,600.0,603.0,583.0,597.0,577.6814575195312,65555.0,0.0,0.0,False,False,False,,False,0.5025125628140703,2.345058626465661,-0.5025125628140703,2.491694352159469,1.32890365448505,-0.1661129568106312,602.0,-0.3350083752093802,-0.8375209380234505,339219.4,-4.1745770726870575,19.13214990138067,581.0,-0.0268006700167504,-2.680067001675046,neutral,False,False,False,False,False,False,1.8456675788212842,0.3514113902278826,bullish_seed_09,bullish,9,2020-04-20,6515.TW,0.3811594202898551,8,False
2023-03-06,6139.TW,6139,亞翔,85,current_snapshot,45.23962020874024,45.43825912475586,44.196773529052734,44.99132537841797,38.910247802734375,2311350.0,0.0,0.0,False,False,False,,False,0.4415049219930532,1.7660112092327367,-0.5518726737518406,1.6574559373808484,0.4419927769593355,-1.7679541316206822,44.94166564941406,0.6622489042501037,0.1103762304982633,4661972.2,-1.0169910225625718,16.329109382212266,46.58042144775391,0.0353200546098653,3.5320054609865315,neutral,False,False,False,False,False,False,1.8698938306039155,0.3484449457106114,bullish_seed_09,bullish,9,2020-04-20,6515.TW,0.3811594202898551,9,False
2021-12-29,6515.TW,6515,穎崴,73,current_snapshot,426.0,427.0,414.5,423.5,385.0432739257813,425080.0,0.0,0.0,False,False,False,,False,0.2361275088547815,2.125147579693034,-0.5903187721369539,2.361275088547816,1.5348288075560803,-0.2361275088547815,423.5,0.5903187721369539,0.0,851364.6,-1.0028338195163262,12.113055181695827,424.0,0.0011806375442739,0.1180637544273999,neutral,False,False,False,False,False,False,1.9108977297740202,0.34353663125005507,bullish_seed_09,bullish,9,2020-04-20,6515.TW,0.3811594202898551,10,False
2025-02-19,1605.TW,1605,華新,88,current_snapshot,28.799999237060547,29.25,28.14999961853028,29.200000762939453,28.087299346923828,53312856.0,0.0,0.0,False,False,False,,False,0.1712302594320673,2.226026032695352,1.3698682035193197,2.456136335406387,1.0526289019668311,-1.57895004540159,28.5,1.0273946206237945,2.3972628241431138,103356855.2,-0.9386853932567408,16.363633281052714,29.600000381469727,0.0136986167150361,1.3698616715036138,neutral,False,False,False,False,False,False,1.9112995816863778,0.3434892122715682,bullish_seed_09,bullish,9,2020-04-20,6515.TW,0.3811594202898551,11,False
2023-05-24,2207.TW,2207,和泰車,63,current_snapshot,818.62744140625,820.5882568359375,788.2352905273438,813.7254638671875,728.1764526367188,543617.0,0.0,0.0,False,False,False,,False,0.2409676871077412,3.132527427457295,-0.6024117170631614,1.4475275487803558,0.7237675292670119,-0.4825091829267853,812.7451171875,0.7228880599108406,0.1204763428476791,778847.2,-0.4327131049985558,18.723410455540705,758.8235473632812,-0.0674698272842387,-6.746982728423879,bearish,False,True,False,False,False,False,1.9399145258285992,0.340145943432881,bullish_seed_09,bullish,9,2020-04-20,6515.TW,0.3811594202898551,12,False
2020-08-18,2615.TW,2615,萬海,59,current_snapshot,15.928853034973145,16.04743003845215,15.415019035339355,15.889328002929688,11.548047065734863,16024907.0,0.0,0.0,False,False,False,,False,0.7462682088074497,2.985078837209972,-0.2487520682823677,2.4937661412146364,0.4987568384116172,-0.4987508214638007,15.849802017211914,0.4975101385449088,0.248758070262541,14013572.0,0.1255130528994645,8.743168606385485,15.889328002929688,0.0,0.0,neutral,False,False,False,False,False,False,1.9921169803261367,0.3342115320274013,bullish_seed_09,bullish,9,2020-04-20,6515.TW,0.3811594202898551,13,False
2021-06-28,6789.TW,6789,采鈺,96,current_snapshot,498.0,498.0,484.0,492.5,472.6687622070313,306029.0,0.0,0.0,False,False,False,,False,0.0,1.7258883248730963,-1.116751269035533,2.932254802831143,1.0111223458038423,0.1011122345803842,494.5,0.7106598984771574,-0.4060913705583756,622844.6,-1.035246986396714,10.4847801578354,472.0,-0.0416243654822334,-4.162436548223347,neutral,False,False,False,False,False,False,2.0497199892381457,0.32789895581522266,bullish_seed_09,bullish,9,2020-04-20,6515.TW,0.3811594202898551,14,False
2021-02-22,3532.TW,3532,台勝科,98,current_snapshot,152.0,152.5,148.0,151.0,132.72967529296875,1675374.0,0.0,0.0,False,False,False,,False,0.3311258278145695,1.9867549668874167,-0.6622516556291391,2.666666666666667,2.0,-2.0,150.0,1.3245033112582782,0.6622516556291391,2790498.0,-0.6655970547471788,13.79310344827586,152.0,0.0066225165562914,0.6622516556291425,neutral,False,False,False,False,False,False,2.0811813391652034,0.3245508426553479,bullish_seed_09,bullish,9,2020-04-20,6515.TW,0.3811594202898551,15,False
2021-06-03,2409.TW,2409,友達,80,current_snapshot,31.625,31.8125,30.375,31.0625,22.3027458190918,319616302.0,0.0,0.0,False,False,False,,False,0.6036217303822937,2.2132796780684103,-1.8108651911468807,1.6032064128256511,1.002004008016032,-4.408817635270541,31.1875,1.4084507042253522,-0.4024144869215292,403054865.0,-0.2610585332408983,12.472647702407002,31.0625,0.0,0.0,neutral,False,False,False,False,False,False,2.0898352857884044,0.3236418473824372,bullish_seed_09,bullish,9,2020-04-20,6515.TW,0.3811594202898551,16,False
2019-01-30,1519.TW,1519,華城,66,current_snapshot,16.453794479370117,16.49135971069336,16.040569305419922,16.303531646728516,14.065271377563477,572793.0,0.0,0.0,False,False,False,,False,0.2304116196246355,1.612916434344212,-0.9216581774891298,2.2988544654115506,0.2298819449121388,-0.2298819449121388,16.341096878051758,0.6912465578644943,-0.2304116196246355,1245046.6,-1.1736414376572342,11.39897446487922,16.341096878051758,0.0023041161962462,0.2304116196246264,neutral,False,False,False,False,False,False,2.101025636062827,0.3224739545428704,bullish_seed_09,bullish,9,2020-04-20,6515.TW,0.3811594202898551,17,False
2023-03-24,3533.TW,3533,嘉澤,82,current_snapshot,901.0,906.0,879.0,896.0,812.0419921875,1393805.0,0.0,0.0,False,False,False,,False,0.5580357142857143,1.8973214285714284,-0.5580357142857143,2.593010146561443,1.4656144306651635,0.2254791431792559,887.0,1.5625,1.0044642857142858,2392452.6,-0.716490183347025,12.13653603034134,921.0,0.0279017857142858,2.790178571428581,neutral,False,False,False,False,False,False,2.1158602183270294,0.3209386589674812,bullish_seed_09,bullish,9,2020-04-20,6515.TW,0.3811594202898551,18,False
2023-07-31,1504.TW,1504,東元,89,current_snapshot,54.29999923706055,55.400001525878906,53.59999847412109,53.79999923706055,48.19981002807617,19952788.0,0.0,0.0,False,False,False,,False,2.0446139487314605,0.3717486352707623,-0.929368042919174,0.1831543802437242,2.7472528240288487,0.0,54.59999847412109,-0.5576194076484113,-1.486987450567585,65742314.6,-2.294893655964269,3.969751254343094,52.5,-0.0241635549348675,-2.416355493486755,neutral,False,False,False,False,False,False,1.067725375560289,0.4836232179667628,bullish_seed_10,bullish,10,2020-04-21,6515.TW,0.3786982248520709,1,False
2022-12-20,3034.TW,3034,聯詠,58,current_snapshot,306.0,312.0,300.0,300.0,235.6292724609375,10739461.0,0.0,0.0,False,False,False,,False,2.0,0.0,-2.0,0.4854368932038834,2.4271844660194173,-0.3236245954692557,309.0,-1.0,-3.0,9017235.2,0.1603642678156753,5.183946488294314,301.5,0.0049999999999998,0.4999999999999893,neutral,False,False,False,False,False,False,1.2050860053211847,0.4534970507213135,bullish_seed_10,bullish,10,2020-04-21,6515.TW,0.3786982248520709,2,False
2018-12-17,1590.TW,1590,亞德客-KY,64,current_snapshot,342.9867248535156,352.8710632324219,336.5618896484375,336.5618896484375,295.3424377441406,1912460.0,0.0,0.0,False,False,False,,False,2.936856097768864,0.0,-1.9089609972743249,0.0,2.005738440999359,-1.1461311967948384,344.9635925292969,-0.5873712195537727,-2.496332216828097,2522002.6,-0.3187217510431591,6.4856725260849,304.4377746582031,-0.0954478685147337,-9.544786851473376,bearish,False,True,False,False,False,False,1.2195004747056772,0.4505518297456582,bullish_seed_10,bullish,10,2020-04-21,6515.TW,0.3786982248520709,3,False
2023-11-07,6139.TW,6139,亞翔,85,current_snapshot,132.59033203125,136.0664825439453,128.61758422851562,129.6107635498047,116.53551483154295,10974136.0,0.0,0.0,False,False,False,,False,2.681992156739016,0.7662784278771878,-2.298858829190041,0.0,2.247198898893369,-2.9962460181553703,132.59033203125,0.0,-2.298858829190041,16179170.4,-0.4743001544722974,4.166655997586537,131.59713745117188,0.0153256862853361,1.5325686285336149,neutral,False,False,False,False,False,False,1.2567330283003233,0.4431184315821167,bullish_seed_10,bullish,10,2020-04-21,6515.TW,0.3786982248520709,4,False
2022-01-07,6789.TW,6789,采鈺,96,current_snapshot,530.0,540.0,515.0,516.0,497.5481262207031,431845.0,0.0,0.0,False,False,False,,False,1.937984496124031,0.1937984496124031,-2.713178294573644,0.0,2.631578947368421,-0.18796992481203,532.0,-0.3875968992248062,-3.10077519379845,686795.4,-0.5903747872500551,4.518664047151278,519.0,0.0058139534883721,0.5813953488372103,neutral,False,False,False,False,False,False,1.2924740016010987,0.43620996325436395,bullish_seed_10,bullish,10,2020-04-21,6515.TW,0.3786982248520709,5,False
2019-03-05,2404.TW,2404,漢唐,79,current_snapshot,103.0,105.5,103.0,103.0,63.73506546020508,1138786.0,0.0,0.0,False,False,False,,False,2.4271844660194173,0.0,0.0,0.0,2.392344497607656,-0.4784688995215311,104.5,-1.4563106796116505,-1.4563106796116505,2634181.8,-1.3131490903470888,6.307219487040817,105.5,0.0242718446601941,2.4271844660194164,neutral,False,False,False,False,False,False,1.3170014530147662,0.43159230595166437,bullish_seed_10,bullish,10,2020-04-21,6515.TW,0.3786982248520709,6,False
2025-08-26,1326.TW,1326,台化,51,current_snapshot,31.100000381469727,31.75,30.350000381469727,30.450000762939453,30.105932235717773,26983531.0,0.0,0.0,False,False,False,,False,2.1346456559744484,0.3284084695046593,-2.1346456559744484,0.484651421107194,1.9386118471059512,-2.100160266582624,30.950000762939453,0.4926095723217099,-1.6420360836527383,41760539.0,-0.5476306269924421,5.084745762711865,30.100000381469727,-0.0114942651133103,-1.149426511331031,neutral,False,False,False,False,False,False,1.4041526310376449,0.4159469690443051,bullish_seed_10,bullish,10,2020-04-21,6515.TW,0.3786982248520709,7,False
2021-06-08,2002.TW,2002,中鋼,62,current_snapshot,37.20000076293945,38.0,37.09999847412109,37.20000076293945,30.863019943237305,94943556.0,0.0,0.0,False,False,False,,False,2.150535539390491,0.2688233515252687,0.0,0.4021386441011126,2.949057631690665,-2.949067858761291,37.29999923706055,-0.268813096962937,-0.268813096962937,256756736.2,-1.7043092445368275,4.103967253928277,36.150001525878906,-0.0282257853636016,-2.822578536360165,neutral,False,False,False,False,False,False,1.483080683856956,0.40272553626678986,bullish_seed_10,bullish,10,2020-04-21,6515.TW,0.3786982248520709,8,False
2021-03-04,2409.TW,2409,友達,80,current_snapshot,23.75,24.375,23.6875,23.8125,17.097278594970703,170451526.0,0.0,0.0,False,False,False,,False,2.3622047244094486,0.2624671916010498,0.2624671916010498,0.78125,2.34375,0.0,24.0,-1.0498687664041997,-0.7874015748031495,282213746.6,-0.6556833090482277,3.878116343490305,23.0,-0.0341207349081364,-3.4120734908136496,neutral,False,False,False,False,False,False,1.4982083101047403,0.40028687598035967,bullish_seed_10,bullish,10,2020-04-21,6515.TW,0.3786982248520709,9,False
2023-09-11,2313.TW,2313,華通,60,current_snapshot,48.900001525878906,49.59999847412109,47.84999847412109,48.20000076293945,44.90791320800781,30605991.0,0.0,0.0,False,False,False,,False,1.452275803241084,0.7261458159300964,-1.4522837175506385,0.3070655692207881,2.4564933177590604,-0.9211888986605532,48.84999847412109,0.1037407696396955,-1.3485429479109428,59980693.4,-0.9597696869217532,7.726269445798582,50.79999923706055,0.0539418762026286,5.394187620262869,bullish,True,False,False,False,False,False,1.4992560343861667,0.4001190699317873,bullish_seed_10,bullish,10,2020-04-21,6515.TW,0.3786982248520709,10,True
2021-12-20,3532.TW,3532,台勝科,98,current_snapshot,296.0,301.5,287.5,288.0,256.05841064453125,3418543.0,0.0,0.0,False,False,False,,False,1.9097222222222223,0.1736111111111111,-2.7777777777777777,0.8488964346349746,2.886247877758913,-1.0186757215619695,294.5,0.5208333333333333,-2.256944444444444,6497007.8,-0.9005195488253328,7.857142857142857,294.5,0.0225694444444444,2.256944444444442,neutral,False,False,False,False,False,False,1.544892968858968,0.3929438338809044,bullish_seed_10,bullish,10,2020-04-21,6515.TW,0.3786982248520709,11,False
2018-12-17,2379.TW,2379,瑞昱,53,current_snapshot,145.5,149.5,143.5,144.0,101.5585479736328,2083751.0,0.0,0.0,False,False,False,,False,2.7777777777777777,0.3472222222222222,-1.0416666666666663,1.0344827586206895,3.103448275862069,-0.3448275862068966,145.0,0.3472222222222222,-0.6944444444444444,2940863.6,-0.4113315842439908,5.797101449275362,146.0,0.0138888888888888,1.388888888888884,neutral,False,False,False,False,False,False,1.560242113292779,0.39058805993698764,bullish_seed_10,bullish,10,2020-04-21,6515.TW,0.3786982248520709,12,False
2019-12-31,6531.TW,6531,愛普*,95,current_snapshot,43.79999923706055,44.75,43.20000076293945,43.54999923706055,39.19335174560547,1764052.0,0.0,0.0,False,False,False,,False,2.18140247894887,0.8036704483412461,-0.574052822915443,0.0,2.502840625770046,1.0238925031348651,43.95000076293945,-0.3444351974896401,-0.9184880204050831,2611018.8,-0.4801257559300972,3.5842295213644024,43.20000076293945,-0.0080367044834124,-0.8036704483412427,neutral,False,False,False,False,False,False,1.590317489751537,0.38605306259037764,bullish_seed_10,bullish,10,2020-04-21,6515.TW,0.3786982248520709,13,False
2018-12-17,2207.TW,2207,和泰車,63,current_snapshot,246.56863403320312,251.4705810546875,245.09803771972656,246.07843017578125,198.2325592041016,337547.0,0.0,0.0,False,False,False,,False,1.992026289334976,0.3984064980235625,-0.1992063494031994,0.1988041181940454,2.98211128055101,0.397614424843132,246.56863403320312,0.0,-0.1992063494031994,289446.0,0.1425016368090962,4.979254719853148,248.03921508789065,0.0079681299604714,0.7968129960471471,neutral,False,False,False,False,False,False,1.6107348418826741,0.3830339197828577,bullish_seed_10,bullish,10,2020-04-21,6515.TW,0.3786982248520709,14,False
2020-10-13,3533.TW,3533,嘉澤,82,current_snapshot,478.8146057128906,494.6759643554688,465.92724609375,468.4055786132813,403.9107666015625,1983445.0,0.0,0.0,False,False,False,,False,3.386244606551402,0.5290997017730605,-2.2222252626506687,0.4127960419157503,1.9607875529361936,-0.722393073352563,480.3016052246094,-0.3174598210638363,-2.539685083714505,1824182.8,0.0802957480545212,2.0920468408798216,470.8839111328125,0.0052909970177303,0.5290997017730392,neutral,False,False,False,False,False,False,1.638117056756803,0.37905823679763495,bullish_seed_10,bullish,10,2020-04-21,6515.TW,0.3786982248520709,15,False
2025-04-21,6239.TW,6239,力成,76,current_snapshot,110.5,113.5,109.5,110.0,102.44295501708984,6914610.0,0.0,0.0,False,False,False,,False,2.727272727272727,0.4545454545454545,-0.4545454545454545,0.0,1.809954751131222,-2.262443438914027,110.5,0.0,-0.4545454545454545,4812435.0,0.3040193156230069,2.7649769585253456,114.0,0.0363636363636363,3.6363636363636376,neutral,False,False,False,False,False,False,1.6447994760389146,0.3781004983779293,bullish_seed_10,bullish,10,2020-04-21,6515.TW,0.3786982248520709,16,False
2021-05-27,1802.TW,1802,台玻,86,current_snapshot,30.39999961853028,31.200000762939453,29.5,29.5,26.66245651245117,44927180.0,0.0,0.0,False,False,False,,False,2.7118682861328125,0.0,-3.050846164509401,1.1513107845822232,2.4671052941159863,-0.1644774507783268,30.39999961853028,0.0,-3.050846164509401,57383680.8,-0.2772597968534859,7.218313985721346,33.75,0.1440677966101695,14.406779661016955,bullish,True,False,False,False,False,False,1.6696720137333727,0.37457784883528117,bullish_seed_10,bullish,10,2020-04-21,6515.TW,0.3786982248520709,17,True
2019-04-11,6415.TW,6415,矽力*-KY,92,current_snapshot,120.25,123.0,118.75,118.75,112.81379699707033,428080.0,0.0,0.0,False,False,False,,False,2.3157894736842106,0.0,-1.263157894736842,0.1040582726326743,1.664932362122789,-0.3121748178980228,120.125,0.1052631578947368,-1.1578947368421053,1183532.0,-1.7647449074939263,5.434782608695652,123.125,0.0368421052631577,3.6842105263157783,neutral,False,False,False,False,False,False,1.6782431104784847,0.3733790991891486,bullish_seed_10,bullish,10,2020-04-21,6515.TW,0.3786982248520709,18,False
2021-01-14,3661.TW,3661,世芯-KY,56,current_snapshot,775.0,788.0,752.0,752.0,712.8759155273438,1100182.0,0.0,0.0,False,False,False,,False,1.7287234042553192,0.0,-3.0585106382978724,1.032258064516129,2.4516129032258065,-1.1612903225806452,775.0,0.0,-3.0585106382978724,3118887.0,-1.834882773941039,6.473829201101928,847.0,0.1263297872340425,12.632978723404252,bullish,True,False,False,False,False,False,1.726807713297267,0.36672919587380653,bullish_seed_10,bullish,10,2020-04-21,6515.TW,0.3786982248520709,19,True
2020-12-31,2618.TW,2618,長榮航,72,current_snapshot,13.25,13.449999809265137,13.100000381469728,13.149999618530272,10.776163101196287,26917929.0,0.0,0.0,False,False,False,,False,1.5209111411935534,0.3802223460911028,-0.7604591967349672,0.0,1.8656716949027807,-1.1194072871252967,13.399999618530272,-1.14068154282607,-1.901140739561037,38797486.8,-0.4413251034282762,3.802281479122074,12.949999809265137,-0.0152091114119353,-1.5209111411935372,neutral,False,False,False,False,False,False,1.726928750847653,0.36671291821950047,bullish_seed_10,bullish,10,2020-04-21,6515.TW,0.3786982248520709,20,False
2021-01-26,6805.TW,6805,富世達,93,current_snapshot,82.26300811767578,84.2776107788086,82.26300811767578,82.26300811767578,76.81439208984375,236398.0,0.0,0.0,False,False,False,,False,2.4489776233941734,0.0,0.0,0.0,2.4590235685720585,-2.8688437572636736,81.92724609375,0.4081567543038051,0.4081567543038051,348325.6,-0.473471010753052,5.882354625971031,87.29952239990234,0.0612245333287826,6.122453332878264,bullish,True,False,False,False,False,False,1.7371447483176747,0.3653442152135461,bullish_seed_10,bullish,10,2020-04-21,6515.TW,0.3786982248520709,21,True
2021-03-05,1802.TW,1802,台玻,86,current_snapshot,19.799999237060547,20.450000762939453,19.5,19.549999237060547,17.669527053833008,14844757.0,0.0,0.0,False,False,False,,False,3.3248161189014844,0.2557505831804039,-1.278772428420764,4.499998092651367,1.0000038146972656,0.2499961853027343,20.0,-1.02302184524036,-2.301794273661124,23931493.8,-0.6121175846798975,4.370171932027392,19.799999237060547,0.0127877242842076,1.2787724284207602,neutral,False,False,False,False,False,False,1.2940506784726797,0.4359101607405528,bullish_seed_11,bullish,11,2023-07-07,2356.TW,0.374439491800197,1,False
2020-04-24,1590.TW,1590,亞德客-KY,64,current_snapshot,486.3096923828125,503.1130676269531,486.3096923828125,490.263427734375,436.9631958007813,624148.0,0.0,0.0,False,False,False,,False,2.620966436750013,0.0,0.8064512113076964,3.6290304508846334,0.6048384084807723,-0.6048384084807723,490.263427734375,-0.8064512113076964,0.0,1254832.2,-1.0104721956971745,2.4844707791761578,531.7776489257812,0.0846773771873081,8.467737718730817,bullish,True,False,False,False,False,False,1.4722470151807072,0.404490325545769,bullish_seed_11,bullish,11,2023-07-07,2356.TW,0.374439491800197,2,True
2024-09-12,7750.TW,7750,新代,91,current_snapshot,501.0,525.0,501.0,510.0,493.4967041015625,44723.0,0.0,0.0,False,False,False,,False,2.941176470588235,0.0,1.7647058823529411,3.3663366336633667,0.99009900990099,-0.594059405940594,505.0,-0.7843137254901961,0.9803921568627452,87663.6,-0.9601457862844622,9.375,500.0,-0.0196078431372549,-1.9607843137254943,neutral,False,False,False,False,False,False,1.6291039937484495,0.3803577197318271,bullish_seed_11,bullish,11,2023-07-07,2356.TW,0.374439491800197,3,False
2020-11-26,1519.TW,1519,華城,66,current_snapshot,39.14350128173828,40.42073440551758,39.14350128173828,39.51915740966797,35.48683547973633,7962136.0,0.0,0.0,False,False,False,,False,2.2813669494609403,0.0,0.950567149080428,3.846150466253168,0.576925010977354,1.3461551042279876,39.0683708190918,0.1901114992601144,1.1406786483405424,8128010.0,-0.0208328518879858,2.226721271947,40.27047348022461,0.0190114395094072,1.90114395094072,neutral,False,False,False,False,False,False,1.7447223644057115,0.3643355746899088,bullish_seed_11,bullish,11,2023-07-07,2356.TW,0.374439491800197,4,False
2025-01-09,6919.TW,6919,康霈*,97,current_snapshot,61.09999847412109,63.70000076293945,61.09999847412109,61.79999923706055,61.79999923706055,12660360.0,0.0,0.0,False,False,False,,False,3.0744361639724804,0.0,1.1326873326556175,5.0903093537752655,0.3284084695046593,0.1642073666876088,60.900001525878906,0.3236196613449993,1.456306994000617,8533180.0,0.3259923098553279,2.707279746409763,62.59999847412109,0.012944971633281,1.294497163328101,neutral,False,False,False,False,False,False,1.8587428947775229,0.3498041050934815,bullish_seed_11,bullish,11,2023-07-07,2356.TW,0.374439491800197,5,False
2019-06-12,6213.TW,6213,聯茂,81,current_snapshot,95.29036712646484,99.82341003417967,95.29036712646484,96.35128784179688,75.06818389892578,7293489.0,0.0,0.0,False,False,False,,False,3.603607455754856,0.0,1.1010965593672193,4.000000632831387,1.3000017877486691,3.6999990032905647,96.44773864746094,-1.20119984581465,-0.1001032864474308,10001147.4,-0.3712432280353066,8.86075960889707,95.38681030273438,-0.0100100119123068,-1.0010011912306882,neutral,False,False,False,False,False,False,1.8914784704289962,0.3458438339510217,bullish_seed_11,bullish,11,2023-07-07,2356.TW,0.374439491800197,6,False
2024-01-26,6239.TW,6239,力成,76,current_snapshot,144.0,148.5,143.5,145.0,129.25697326660156,10367839.0,0.0,0.0,False,False,False,,False,2.413793103448276,0.3448275862068966,0.6896551724137931,3.09278350515464,0.6872852233676976,1.718213058419244,145.5,-1.0344827586206895,-0.3448275862068966,11923108.6,-0.1500090423857854,6.8181818181818175,145.5,0.0034482758620688,0.3448275862068861,neutral,False,False,False,False,False,False,1.9151711143585162,0.34303303674853064,bullish_seed_11,bullish,11,2023-07-07,2356.TW,0.374439491800197,7,False
2021-05-25,3533.TW,3533,嘉澤,82,current_snapshot,554.156005859375,569.0260620117188,553.1646728515625,554.156005859375,477.8541564941406,1166421.0,0.0,0.0,False,False,False,,False,2.683370024887404,0.1788906007208491,0.0,3.068598396858353,1.0830308058984126,-0.5415154029492063,549.1993408203125,0.8944530036042458,0.8944530036042458,1036206.2,0.1116361931069485,8.382065200628071,586.8700561523438,0.0590340083786269,5.903400837862693,bullish,True,False,False,False,False,False,1.9590983943620701,0.3379407734143908,bullish_seed_11,bullish,11,2023-07-07,2356.TW,0.374439491800197,8,True
2025-01-03,6789.TW,6789,采鈺,96,current_snapshot,311.0,316.5,308.0,309.5,303.7605285644531,2889553.0,0.0,0.0,False,False,False,,False,1.777059773828756,0.4846526655896607,-0.4846526655896607,4.207119741100324,0.6472491909385114,0.1618122977346278,309.0,0.6462035541195477,0.1615508885298869,2993630.4,-0.0360185122058671,6.956521739130435,331.5,0.0710823909531501,7.1082390953150165,bullish,True,False,False,False,False,False,2.019106210065113,0.3312238558107676,bullish_seed_11,bullish,11,2023-07-07,2356.TW,0.374439491800197,9,True
2023-06-13,6515.TW,6515,穎崴,73,current_snapshot,840.0,866.0,835.0,835.0,782.8541259765625,1621235.0,0.0,0.0,False,False,False,,False,3.1137724550898205,0.0,-0.5988023952095809,3.614457831325301,0.6024096385542169,-1.9277108433734944,830.0,1.1976047904191618,0.5988023952095809,1658969.6,-0.0232752192001777,4.505632040050062,785.0,-0.0598802395209581,-5.988023952095811,bearish,False,True,False,False,False,False,2.019553409849017,0.3311748011272971,bullish_seed_11,bullish,11,2023-07-07,2356.TW,0.374439491800197,10,False
2020-09-17,6531.TW,6531,愛普*,95,current_snapshot,176.0,183.75,174.5,177.25,159.8836212158203,9505300.0,0.0,0.0,False,False,False,,False,3.6671368124118473,0.846262341325811,0.7052186177715092,4.23728813559322,0.5649717514124294,3.389830508474576,177.0,-0.5641748942172073,0.1410437235543018,11227354.0,-0.1811677695601401,8.04416403785489,178.5,0.007052186177715,0.7052186177715081,neutral,False,False,False,False,False,False,2.0232728816904784,0.3307673634279566,bullish_seed_11,bullish,11,2023-07-07,2356.TW,0.374439491800197,11,False
2020-08-17,2615.TW,2615,萬海,59,current_snapshot,15.928853034973145,16.32411003112793,15.770750045776367,15.849802017211914,11.519319534301758,18557543.0,0.0,0.0,False,False,False,,False,2.4937661412146364,0.4987568384116172,-0.4987508214638007,4.020100167410461,0.7537684024956072,2.763821517351672,15.73122501373291,1.24688006213341,0.7481292406696093,11879375.0,0.359862725361865,4.098358224137282,15.770750045776367,-0.0049875683841161,-0.4987568384116181,neutral,False,False,False,False,False,False,2.062711353250018,0.3265080788428994,bullish_seed_11,bullish,11,2023-07-07,2356.TW,0.374439491800197,12,False
2020-12-03,3532.TW,3532,台勝科,98,current_snapshot,146.0,150.5,142.5,142.5,125.25814056396484,6009071.0,0.0,0.0,False,False,False,,False,3.1578947368421053,0.0,-2.456140350877193,4.137931034482759,2.0689655172413794,0.0,145.0,0.7017543859649122,-1.7543859649122806,6269053.4,-0.0432649905451275,4.744525547445255,145.0,0.0175438596491228,1.7543859649122862,neutral,False,False,False,False,False,False,2.113186920910898,0.32121424938641546,bullish_seed_11,bullish,11,2023-07-07,2356.TW,0.374439491800197,13,False
2024-06-12,6415.TW,6415,矽力*-KY,92,current_snapshot,480.0,495.0,478.5,484.0,477.1573791503906,1378300.0,0.0,0.0,False,False,False,,False,2.272727272727273,0.3099173553719008,0.8264462809917356,2.904564315352697,0.6224066390041494,-0.4149377593360996,482.0,-0.4132231404958678,0.4132231404958678,2272818.0,-0.6490009431908873,4.025423728813559,525.0,0.084710743801653,8.4710743801653,bullish,True,False,False,False,False,False,2.1258271467446974,0.31991532258635,bullish_seed_11,bullish,11,2023-07-07,2356.TW,0.374439491800197,14,True
2020-04-08,3661.TW,3661,世芯-KY,56,current_snapshot,218.0,223.5,216.0,216.0,203.673583984375,2729095.0,0.0,0.0,False,False,False,,False,2.5462962962962963,0.0,-0.9259259259259258,3.7037037037037033,0.0,0.9259259259259258,216.0,0.9259259259259258,0.0,4893863.8,-0.7932185578002964,5.5696202531645564,209.5,-0.0300925925925925,-3.009259259259256,neutral,False,False,False,False,False,False,2.1371494786216036,0.31876071153593183,bullish_seed_11,bullish,11,2023-07-07,2356.TW,0.374439491800197,15,False
2025-10-15,5871.TW,5871,中租-KY,78,current_snapshot,104.90196228027344,107.35294342041016,104.90196228027344,105.39215850830078,100.19632720947266,6154484.0,0.0,0.0,False,False,False,,False,1.860465654999316,0.0,0.4651164137498288,3.755869642370052,0.9389674105925128,0.0,104.4117660522461,0.4651164137498288,0.9302328274996576,6417556.0,-0.0427447695046408,-0.4716982517262786,102.94117736816406,-0.0232558206874914,-2.3255820687491435,neutral,False,False,False,False,False,False,2.156667073200542,0.3167898219263588,bullish_seed_11,bullish,11,2023-07-07,2356.TW,0.374439491800197,16,False
2018-11-19,2492.TW,2492,華新科,100,current_snapshot,166.0,170.0,165.5,166.5,123.93641662597656,29753204.0,0.0,0.0,False,False,False,,False,2.1021021021021022,0.3003003003003003,0.3003003003003003,4.229607250755287,0.0,-0.906344410876133,165.5,0.3003003003003003,0.6006006006006006,43697814.4,-0.4686759247844366,6.493506493506493,165.5,-0.0060060060060059,-0.6006006006005982,neutral,False,False,False,False,False,False,2.1643698845567765,0.3160186819121074,bullish_seed_11,bullish,11,2023-07-07,2356.TW,0.374439491800197,17,False
2023-11-22,2313.TW,2313,華通,60,current_snapshot,64.19999694824219,65.80000305175781,63.59999847412109,64.69999694824219,60.280948638916016,46929905.0,0.0,0.0,False,False,False,,False,1.7001640732620016,0.927354717807904,0.7727975634990881,4.806199184683866,1.0852725006813226,0.7751937984496124,64.5,-0.4636832548814566,0.3091143086176314,60366280.8,-0.2863073300489314,6.598987523809585,69.69999694824219,0.0772797563499088,7.72797563499088,bullish,True,False,False,False,False,False,2.1670475038124586,0.31575150003156266,bullish_seed_11,bullish,11,2023-07-07,2356.TW,0.374439491800197,18,True
2022-05-20,6531.TW,6531,愛普*,95,current_snapshot,279.0,288.0,274.0,278.5,253.210205078125,8021289.0,0.0,0.0,False,False,False,,False,3.231597845601436,1.615798922800718,-0.1795332136445242,2.1739130434782608,0.0,5.615942028985507,276.0,1.0771992818671454,0.8976660682226212,7692220.8,0.0410243540657867,4.854368932038835,273.0,-0.0197486535008977,-1.974865350089772,neutral,False,False,False,False,False,False,2.0075966991104077,0.3324913876570558,bullish_seed_12,bullish,12,2021-03-29,6805.TW,0.3445378592516219,1,False
2021-05-24,3533.TW,3533,嘉澤,82,current_snapshot,552.17333984375,569.0260620117188,543.2513427734375,549.1993408203125,473.58001708984375,991525.0,0.0,0.0,False,False,False,,False,3.068598396858353,1.0830308058984126,-0.5415154029492063,2.158281108847441,0.7194233451148023,3.956828398131413,551.1820068359375,0.180505134316402,-0.3610102686328041,1025678.8,-0.0344457275409092,11.134899207992168,572.0000610351562,0.0415162920275675,4.151629202756757,neutral,False,False,False,False,False,False,2.1961946020151037,0.31287206334981305,bullish_seed_12,bullish,12,2021-03-29,6805.TW,0.3445378592516219,2,False
2025-12-04,3532.TW,3532,台勝科,98,current_snapshot,102.5,106.0,100.0,103.0,102.77873229980467,4429388.0,0.0,0.0,False,False,False,,False,2.912621359223301,2.4271844660194173,0.4854368932038834,1.9704433497536944,0.0,6.3054202225407945,101.5,0.9708737864077668,1.4563106796116505,4352420.6,0.0173765314756802,5.555555555555555,99.3000030517578,-0.0359223004683708,-3.592230046837086,neutral,False,False,False,False,False,False,2.231566710253259,0.30944742586534124,bullish_seed_12,bullish,12,2021-03-29,6805.TW,0.3445378592516219,3,False
2024-06-19,6515.TW,6515,穎崴,73,current_snapshot,1035.0,1075.0,1020.0,1040.0,1001.2117309570312,972460.0,0.0,0.0,False,False,False,,False,3.3653846153846154,1.4423076923076923,0.4807692307692308,1.951219512195122,0.878048780487805,1.951219512195122,1025.0,0.9615384615384616,1.4423076923076923,1116025.4,-0.1476311622071858,10.532150776053214,1025.0,-0.0144230769230768,-1.4423076923076872,neutral,False,False,False,False,False,False,2.2533917949786977,0.3073715257853067,bullish_seed_12,bullish,12,2021-03-29,6805.TW,0.3445378592516219,4,False
2018-09-25,1519.TW,1519,華城,66,current_snapshot,18.48234367370605,19.42148780822754,18.14425277709961,18.59504127502441,16.042186737060547,8364642.0,0.0,0.0,False,False,False,,False,4.44444581208406,1.818177715262971,0.6060626575200296,2.8747356409439724,0.4106720519371387,0.4106824777318058,18.29451560974121,1.0100975910019707,1.6161602485220004,7977552.4,0.0462768878811549,9.15178695387613,17.468069076538086,-0.0606060606060604,-6.060606060606045,bearish,False,True,False,False,False,False,2.3936843413120044,0.29466500105115795,bullish_seed_12,bullish,12,2021-03-29,6805.TW,0.3445378592516219,5,False
2025-07-16,1802.TW,1802,台玻,86,current_snapshot,17.399999618530273,18.299999237060547,17.149999618530273,17.350000381469727,17.350000381469727,66589759.0,0.0,0.0,False,False,False,,False,5.18731757200131,1.1527421241619071,-0.2881800343586587,3.4582153791220858,0.2881800343586587,4.610957503283992,17.350000381469727,0.2881800343586587,0.0,33816456.6,0.4921673075885437,4.375004768371582,16.850000381469727,-0.0288184431704112,-2.8818443170411268,neutral,False,False,False,False,False,False,2.469205484719832,0.2882504378609209,bullish_seed_12,bullish,12,2021-03-29,6805.TW,0.3445378592516219,6,False
2019-01-24,6415.TW,6415,矽力*-KY,92,current_snapshot,121.0,126.25,119.0,122.875,116.73260498046876,3182232.0,0.0,0.0,False,False,False,,False,2.746693794506612,1.627670396744659,1.525940996948118,3.319502074688797,0.2074688796680498,3.941908713692946,120.5,0.4069175991861647,1.9328585961342828,2298612.8,0.2776727781004025,4.545454545454546,110.875,-0.0976602238046795,-9.766022380467954,bearish,False,True,False,False,False,False,2.5663727116666437,0.280396941331653,bullish_seed_12,bullish,12,2021-03-29,6805.TW,0.3445378592516219,7,False
2024-04-18,3036.TW,3036,文曄,68,current_snapshot,161.0,166.5,159.5,161.0,147.05557250976562,16202789.0,0.0,0.0,False,False,False,,False,3.4161490683229814,0.9316770186335404,0.0,1.2345679012345678,0.3086419753086419,4.62962962962963,162.0,-0.6211180124223602,-0.6211180124223602,19144806.0,-0.1815747276595405,11.439114391143912,147.0,-0.0869565217391304,-8.695652173913048,bearish,False,True,False,False,False,False,2.6061320344861794,0.27730543153628184,bullish_seed_12,bullish,12,2021-03-29,6805.TW,0.3445378592516219,8,False
2021-04-19,6805.TW,6805,富世達,93,current_snapshot,258.5408935546875,268.6139221191406,253.84014892578125,259.2124328613281,242.0437774658203,506693.0,0.0,0.0,False,False,False,,False,3.626943798194299,1.8134718990971488,0.2590690960413465,1.9815072609481528,1.1888995539773173,1.453108126207064,254.1759185791016,1.683937351076476,1.9430064471178223,498558.4,0.0160542971779755,6.695777621621486,211.5052947998047,-0.1840464885688778,-18.404648856887786,bearish,False,True,False,False,False,False,2.617262375280864,0.2764521608478441,bullish_seed_12,bullish,12,2021-03-29,6805.TW,0.3445378592516219,9,False
2021-12-30,6139.TW,6139,亞翔,85,current_snapshot,32.07990646362305,33.56968688964844,31.48399543762207,32.32820129394531,26.656265258789062,5504709.0,0.0,0.0,False,False,False,,False,3.840255708676376,1.843316368215585,0.7680440617918582,0.943398391376355,0.9433923522738912,2.672955063280132,31.58331298828125,1.5360999234894115,2.3041439852812697,2985753.4,0.4576001383542709,9.363957501258122,30.68944549560547,-0.0506912148758107,-5.069121487581074,bearish,False,True,False,False,False,False,2.6193908650372633,0.2762895849850979,bullish_seed_12,bullish,12,2021-03-29,6805.TW,0.3445378592516219,10,False
2021-06-25,6789.TW,6789,采鈺,96,current_snapshot,494.0,509.0,489.0,494.5,474.5882568359375,780128.0,0.0,0.0,False,False,False,,False,2.932254802831143,1.0111223458038423,0.1011122345803842,1.7346938775510203,0.5102040816326531,5.510204081632653,490.0,0.8088978766430739,0.910010111223458,654137.2,0.1615001640756389,4.653802497162316,475.0,-0.0394337714863498,-3.9433771486349856,neutral,False,False,False,False,False,False,2.6402680694008325,0.27470504395150064,bullish_seed_12,bullish,12,2021-03-29,6805.TW,0.3445378592516219,11,False
2024-11-07,2449.TW,2449,京元電子,57,current_snapshot,130.4761962890625,136.1904754638672,128.57142639160156,132.38095092773438,126.90082550048828,36353369.0,0.0,0.0,False,False,False,,False,2.87769842219399,1.4388549743087546,1.4388434478852357,2.5547405134998846,0.3649679425107661,4.014600588851123,130.4761962890625,0.0,1.4388434478852357,22558801.2,0.3794577553458663,1.1673169701402355,123.8095245361328,-0.064748185683306,-6.474818568330609,bearish,False,True,False,False,False,False,2.6888832919582097,0.27108474865008786,bullish_seed_12,bullish,12,2021-03-29,6805.TW,0.3445378592516219,12,False
2020-12-07,2337.TW,2337,旺宏,67,current_snapshot,45.0,46.900001525878906,43.84999847412109,44.45000076293945,37.72334671020508,160039740.0,0.0,0.0,False,False,False,,False,4.274469051220012,1.3498363971201912,-1.2373435941965454,1.4908292399705394,0.4587173622452398,4.243115914830057,43.59999847412109,3.1496096779511618,1.9122660837546164,150727402.2,0.0581876588902232,12.912078986866751,41.75,-0.0607424233205098,-6.074242332050983,bearish,False,True,False,False,False,False,2.7405324683965766,0.26734161738974604,bullish_seed_12,bullish,12,2021-03-29,6805.TW,0.3445378592516219,13,False
2023-09-19,2313.TW,2313,華通,60,current_snapshot,58.0,60.79999923706055,56.59999847412109,56.900001525878906,53.0136947631836,165379324.0,0.0,0.0,False,False,False,,False,4.920912411201024,0.5272461225178825,-1.9332134351891,3.1250053809750185,0.5208320225830084,5.034718381953726,57.59999847412109,0.7029903605485494,-1.2302230746405505,105403493.4,0.3626561600892745,11.361316735143804,55.59999847412109,-0.0228471531967632,-2.2847153196763226,neutral,False,False,False,False,False,False,2.7817109988644653,0.26443057132083075,bullish_seed_12,bullish,12,2021-03-29,6805.TW,0.3445378592516219,14,False
2025-01-21,2404.TW,2404,漢唐,79,current_snapshot,517.0,533.0,509.0,515.0,479.6983337402344,2305817.0,0.0,0.0,False,False,False,,False,3.1067961165048543,1.1650485436893203,-0.3883495145631068,1.7475728155339807,0.2912621359223301,2.718446601941748,515.0,0.3883495145631068,0.0,2841664.0,-0.2323892138881793,3.4482758620689653,490.0,-0.0485436893203883,-4.854368932038833,neutral,False,False,False,False,False,False,2.782913414765224,0.26434652088437033,bullish_seed_12,bullish,12,2021-03-29,6805.TW,0.3445378592516219,15,False
2020-04-30,2618.TW,2618,長榮航,72,current_snapshot,11.550000190734863,11.850000381469728,11.300000190734863,11.5,9.218255996704102,58483071.0,0.0,0.0,False,False,False,,False,2.608697310737942,1.7391287762185803,-0.4347842672596807,1.7699097866309883,0.4424795565566416,4.4247786863752605,11.300000190734863,2.1739130434782608,1.7391287762185803,45346888.8,0.2246151232379709,5.500001907348633,10.800000190734863,-0.0608695486317509,-6.086954863175098,bearish,False,True,False,False,False,False,2.787422579189935,0.26403179975071145,bullish_seed_12,bullish,12,2021-03-29,6805.TW,0.3445378592516219,16,False
2019-05-29,3661.TW,3661,世芯-KY,56,current_snapshot,86.19999694824219,88.30000305175781,84.80000305175781,85.9000015258789,79.94743347167969,9331439.0,0.0,0.0,False,False,False,,False,2.444710205136563,1.28055699019947,-0.3492379709363594,2.686919500884288,0.0,2.4532692891997807,85.5999984741211,0.6984848235891282,0.3492468526527688,5240666.2,0.4383860624283135,9.52381577110928,86.0,0.0011641265697879,0.1164126569787926,neutral,False,False,False,False,False,False,2.790743710837353,0.2638004772364592,bullish_seed_12,bullish,12,2021-03-29,6805.TW,0.3445378592516219,17,False
2021-04-08,2609.TW,2609,陽明,77,current_snapshot,46.0,47.59999847412109,45.29999923706055,46.20000076293945,21.85274887084961,274929664.0,0.0,0.0,False,False,False,,False,3.030298026108877,1.5151531415146149,0.4329020771356545,2.58899849502575,0.5393743435387256,4.63861441631344,46.34999847412109,-0.7575724422971314,-0.3246703651614768,115382338.8,0.5803205186327219,23.53846623347356,44.79999923706055,-0.0303030628302922,-3.030306283029227,neutral,False,False,False,False,False,False,2.8130374439395367,0.26225811172911656,bullish_seed_12,bullish,12,2021-03-29,6805.TW,0.3445378592516219,18,False
2022-07-18,6239.TW,6239,力成,76,current_snapshot,88.80000305175781,92.3000030517578,88.4000015258789,92.3000030517578,71.26947784423828,4267100.0,0.0,0.0,False,False,False,,False,0.0,0.4333710862984509,3.79198253984602,0.7954510775479403,1.0227290066805754,1.9318147139115769,88.0,0.8667421725969019,4.658724712442922,2345254.6,0.4503867732183449,3.456497584191822,92.3000030517578,0.0,0.0,neutral,False,False,False,False,False,False,1.0236819880144845,0.49414878717240557,bullish_seed_13,bullish,13,2024-06-26,6919.TW,0.3369368819503096,1,False
2020-03-31,2356.TW,2356,英業達,71,current_snapshot,22.299999237060547,23.299999237060547,22.049999237060547,23.299999237060547,17.106800079345703,13989261.0,0.0,0.0,False,False,False,,False,0.0,1.0729614085238022,4.291845634095209,0.2262408877715221,0.9049721816227392,2.036202512090303,22.100000381469727,0.8583642151915002,5.150209849286709,10275348.4,0.2654831159415783,5.582522316673014,23.299999237060547,0.0,0.0,neutral,False,False,False,False,False,False,1.0745537061105996,0.48203138682527197,bullish_seed_13,bullish,13,2024-06-26,6919.TW,0.3369368819503096,2,False
2019-09-20,2337.TW,2337,旺宏,67,current_snapshot,32.599998474121094,33.79999923706055,32.20000076293945,33.79999923706055,27.63684463500977,155939243.0,0.0,0.0,False,False,False,,False,0.0,1.18342520772325,3.5502981953434287,0.6230553658770203,0.778816236398108,0.9345771069191956,32.099998474121094,1.4792899742191918,5.02958816956262,100261327.4,0.3570487744383881,3.973506043958196,31.600000381469727,-0.0650887250073839,-6.508872500738394,bearish,False,True,False,False,False,False,1.309974124305783,0.4329052821319071,bullish_seed_13,bullish,13,2024-06-26,6919.TW,0.3369368819503096,3,False
2022-05-20,6515.TW,6515,穎崴,73,current_snapshot,362.5,381.5,360.0,380.5,345.947998046875,510136.0,0.0,0.0,False,False,False,,False,0.2628120893561104,0.657030223390276,4.730617608409987,1.5256588072122053,1.3869625520110958,1.5256588072122053,360.5,0.5256241787122208,5.256241787122208,516118.0,-0.0117262847554377,11.042944785276074,356.0,-0.064388961892247,-6.438896189224708,bearish,False,True,False,False,False,False,1.3411634203903122,0.427138059347127,bullish_seed_13,bullish,13,2024-06-26,6919.TW,0.3369368819503096,4,False
2020-02-11,2449.TW,2449,京元電子,57,current_snapshot,32.33333206176758,33.904762268066406,32.238094329833984,33.904762268066406,25.231672286987305,15471616.0,0.0,0.0,False,False,False,,False,0.0,0.2808978018503746,4.634836232958631,1.030923942916868,0.589105294969118,2.7982280297909776,32.33333206176758,0.0,4.634836232958631,11918806.4,0.2296340343503871,3.522204079529604,34.238094329833984,0.0098314230647631,0.9831423064763144,neutral,False,False,False,False,False,False,1.3668517329861356,0.4225021728498182,bullish_seed_13,bullish,13,2024-06-26,6919.TW,0.3369368819503096,5,False
2021-11-17,2492.TW,2492,華新科,100,current_snapshot,161.5,172.0,160.5,171.0,150.3437042236328,11568307.0,0.0,0.0,False,False,False,,False,0.5847953216374269,0.5847953216374269,5.555555555555555,0.6230529595015576,0.6230529595015576,0.3115264797507788,160.5,0.5847953216374269,6.140350877192982,5342559.8,0.538172716197798,5.6105610561056105,183.5,0.0730994152046784,7.309941520467844,bullish,True,False,False,False,False,False,1.3796022116433044,0.42023830500200304,bullish_seed_13,bullish,13,2024-06-26,6919.TW,0.3369368819503096,6,True
2018-03-29,1590.TW,1590,亞德客-KY,64,current_snapshot,494.2171630859375,512.9974365234375,489.7691955566406,512.9974365234375,439.618896484375,892038.0,0.0,0.0,False,False,False,,False,0.0,0.867054533340472,3.660890308687143,0.8105428566941936,0.6079024503222883,0.1013139469214768,487.7923278808594,1.2524107817417118,4.913301090428854,696577.2,0.2191171228131537,2.9166651658149547,505.0899353027344,-0.0154143094248032,-1.5414309424803263,neutral,False,False,False,False,False,False,1.389446382444115,0.41850698444094014,bullish_seed_13,bullish,13,2024-06-26,6919.TW,0.3369368819503096,7,False
2019-11-04,2313.TW,2313,華通,60,current_snapshot,43.5,45.09999847412109,43.150001525878906,45.0,35.83846664428711,49226442.0,0.0,0.0,False,False,False,,False,0.2222188313802083,0.777774386935764,3.333333333333333,1.3953452886537063,0.8139499398164971,0.3488407578579215,43.0,1.1111111111111112,4.444444444444445,40641239.2,0.1744022612887601,3.0120481927710845,43.29999923706055,-0.0377777947319878,-3.777779473198784,neutral,False,False,False,False,False,False,1.3991076290546673,0.41682164980402947,bullish_seed_13,bullish,13,2024-06-26,6919.TW,0.3369368819503096,8,False
2018-05-21,1605.TW,1605,華新,88,current_snapshot,24.376728057861328,25.45795440673828,24.08184814453125,25.45795440673828,18.22008514404297,60603510.0,0.0,0.0,False,False,False,,False,0.0,1.1583016789912568,4.247106156301275,0.410677814432822,1.2320334432984663,1.2320334432984663,23.93440818786621,1.7374525184868852,5.984558674788159,39214469.6,0.3529340198282244,8.045981318516905,25.507099151611328,0.001930427876799,0.193042787679909,neutral,False,False,False,False,False,False,1.4025285609060498,0.416228142412957,bullish_seed_13,bullish,13,2024-06-26,6919.TW,0.3369368819503096,9,False
2018-03-20,6139.TW,6139,亞翔,85,current_snapshot,35.55605697631836,37.49277114868164,35.307762145996094,37.44311141967773,25.644718170166016,9200440.0,0.0,0.0,False,False,False,,False,0.1326271432074638,0.6631255280558163,5.039790689957615,0.1392769729843541,1.1142050850752494,1.392759031043958,35.65537643432617,-0.2652542864149277,4.774536403542688,2416497.0,0.7373498441378891,0.574717654721085,34.960147857666016,-0.0663129603248415,-6.631296032484157,bearish,False,True,False,False,False,False,1.4106337532630135,0.4148286726037949,bullish_seed_13,bullish,13,2024-06-26,6919.TW,0.3369368819503096,10,False
2024-08-14,6919.TW,6919,康霈*,97,current_snapshot,62.29999923706055,65.0,61.79999923706055,64.80000305175781,64.80000305175781,4384910.0,0.0,0.0,False,False,False,,False,0.3086372512705649,0.7716049019328505,3.858030396542472,0.97561347775343,0.6504089851689533,-0.1625991449123475,61.5,1.234566665716917,5.092597062259388,2577310.0,0.4122319500286209,7.329844361015231,66.19999694824219,0.0216048430640682,2.160484306406829,neutral,False,False,False,False,False,False,1.4106634498074417,0.4148235624014119,bullish_seed_13,bullish,13,2024-06-26,6919.TW,0.3369368819503096,11,False
2021-01-25,6770.TW,6770,力積電,55,current_snapshot,46.37089920043945,49.25705337524414,46.08228302001953,49.25705337524414,45.890724182128906,45664531.0,0.0,0.0,False,False,False,,False,0.0,0.5859387857028737,5.859372368090588,1.0416661503687523,1.1458344175589532,1.979164033547304,46.178489685058594,0.3906232756455576,6.2499956437361455,22338226.2,0.5108188847926632,-1.36126084867881,46.707618713378906,-0.0517577582735905,-5.175775827359052,bearish,False,True,False,False,False,False,1.4144307720586369,0.41417629843549475,bullish_seed_13,bullish,13,2024-06-26,6919.TW,0.3369368819503096,12,False
2024-07-15,3702.TW,3702,大聯大,90,current_snapshot,95.5,101.0,93.9000015258789,101.0,89.76132202148438,15920715.0,0.0,0.0,False,False,False,,False,0.0,1.58415690507039,5.445544554455446,1.054852286717788,1.054852286717788,0.8438850485279373,94.8000030517578,0.6930662853883045,6.13861083984375,8521547.4,0.4647509612476575,0.3201740251107239,94.5999984741211,-0.0633663517413752,-6.336635174137529,bearish,False,True,False,False,False,False,1.4216500119141977,0.41294158738055964,bullish_seed_13,bullish,13,2024-06-26,6919.TW,0.3369368819503096,13,False
2024-08-23,3044.TW,3044,健鼎,65,current_snapshot,199.0,209.0,198.0,209.0,195.0803375244141,5302029.0,0.0,0.0,False,False,False,,False,0.0,0.4784688995215311,4.784688995215311,1.507537688442211,0.5025125628140703,1.507537688442211,199.0,0.0,4.784688995215311,2559142.6,0.5173276871929595,1.2919896640826871,206.5,-0.0119617224880382,-1.1961722488038284,neutral,False,False,False,False,False,False,1.4501056645753592,0.40814566263749913,bullish_seed_13,bullish,13,2024-06-26,6919.TW,0.3369368819503096,14,False
2020-06-08,2207.TW,2207,和泰車,63,current_snapshot,574.5098266601562,612.7451171875,567.6470336914062,611.7647094726562,505.1375732421875,1137119.0,0.0,0.0,False,False,False,,False,0.1602589524473985,1.1218026902313074,6.0897404239963215,0.1718133291287453,1.3745708143258644,1.3745708143258644,570.5882568359375,0.6410258328891119,6.730766256885433,739705.6,0.3494914780247274,8.365021486556286,673.5294189453125,0.1009615437377839,10.0961543737784,bullish,True,False,False,False,False,False,1.4550562908168314,0.407322636039146,bullish_seed_13,bullish,13,2024-06-26,6919.TW,0.3369368819503096,15,True
2020-11-30,3661.TW,3661,世芯-KY,56,current_snapshot,634.0,673.0,631.0,668.0,633.2462768554688,6980415.0,0.0,0.0,False,False,False,,False,0.7485029940119761,0.4491017964071856,5.089820359281437,0.7874015748031495,1.7322834645669292,0.6299212598425197,635.0,-0.1497005988023952,4.940119760479042,5265066.2,0.2457373666178873,5.132450331125828,634.0,-0.0508982035928143,-5.089820359281438,bearish,False,True,False,False,False,False,1.473773108156013,0.4042407918102945,bullish_seed_13,bullish,13,2024-06-26,6919.TW,0.3369368819503096,16,False
2025-08-08,7750.TW,7750,新代,91,current_snapshot,713.0,753.0,703.0,748.0,738.5391235351562,215964.0,0.0,0.0,False,False,False,,False,0.6684491978609626,1.3368983957219251,4.679144385026738,0.7042253521126761,1.1267605633802815,0.9859154929577464,710.0,0.4010695187165776,5.080213903743315,102236.0,0.5266062862328906,-0.5681818181818182,891.0,0.1911764705882352,19.11764705882353,bullish,True,False,False,False,False,False,1.480604021683583,0.40312762184482037,bullish_seed_13,bullish,13,2024-06-26,6919.TW,0.3369368819503096,17,True
2023-12-26,3481.TW,3481,群創,52,current_snapshot,15.625,16.25,15.568181037902832,16.193180084228516,13.637858390808104,134330557.0,0.0,0.0,False,False,False,,False,0.3508879384774125,0.3508820491195999,3.5087615976178723,1.465203199317694,1.0989039365458368,0.366299262771857,15.51136302947998,0.7017582088813872,4.21051980649926,86962899.8,0.352620120528496,7.599997180175695,16.25,0.0035088793847741,0.3508879384774177,neutral,False,False,False,False,False,False,1.4827863619397703,0.4027732773667696,bullish_seed_13,bullish,13,2024-06-26,6919.TW,0.3369368819503096,18,False
2020-04-06,3034.TW,3034,聯詠,58,current_snapshot,175.0,185.0,174.5,185.0,112.39867401123048,5571263.0,0.0,0.0,False,False,False,,False,0.0,0.2702702702702703,5.405405405405405,0.5714285714285714,1.7142857142857144,0.0,175.0,0.0,5.405405405405405,4704462.2,0.1555842544141247,6.5015479876161,187.0,0.0108108108108107,1.08108108108107,neutral,False,False,False,False,False,False,1.4921269925607477,0.4012636607143623,bullish_seed_13,bullish,13,2024-06-26,6919.TW,0.3369368819503096,19,False
2023-06-01,2618.TW,2618,長榮航,72,current_snapshot,34.0,36.0,33.599998474121094,36.0,30.08008575439453,290723681.0,0.0,0.0,False,False,False,,False,0.0,1.1111153496636283,5.555555555555555,0.5891038540351912,0.5891038540351912,0.147273154453437,33.95000076293945,0.1388867696126302,5.694442325168185,209470410.2,0.2794862479744125,10.54365342790766,35.849998474121094,-0.0041667090521918,-0.4166709052191852,neutral,False,False,False,False,False,False,1.4979195412783617,0.40033315063792224,bullish_seed_13,bullish,13,2024-06-26,6919.TW,0.3369368819503096,20,False
2022-01-11,3036.TW,3036,文曄,68,current_snapshot,78.17838287353516,83.193603515625,77.68669891357422,82.60357666015625,66.3073959350586,18756886.0,0.0,0.0,False,False,False,,False,0.7142872976266037,0.5952332572520443,5.35714549604434,0.8838469057962376,0.6313080230858548,3.409088794062182,77.88336944580078,0.3571436488133018,5.714289144857641,7658317.0,0.5917063738618447,4.625857075617933,83.78363037109375,0.014285745952532,1.428574595253207,neutral,False,False,False,False,False,False,1.5063953865350932,0.3989793491370993,bullish_seed_13,bullish,13,2024-06-26,6919.TW,0.3369368819503096,21,False
2019-03-19,2379.TW,2379,瑞昱,53,current_snapshot,173.5,180.0,172.5,179.0,126.24292755126952,7262606.0,0.0,0.0,False,False,False,,False,0.5586592178770949,0.5586592178770949,3.072625698324022,0.5813953488372093,1.162790697674419,1.4534883720930232,172.0,0.8379888268156425,3.910614525139665,3825270.0,0.4732923691578477,2.121212121212121,180.0,0.0055865921787709,0.5586592178770999,neutral,False,False,False,False,False,False,1.5102204639803207,0.39837138384823545,bullish_seed_13,bullish,13,2024-06-26,6919.TW,0.3369368819503096,22,False
2023-04-06,2376.TW,2376,技嘉,70,current_snapshot,133.5,138.0,132.5,138.0,122.64400482177734,10813258.0,0.0,0.0,False,False,False,,False,0.0,0.7246376811594203,3.260869565217391,0.3745318352059925,1.1235955056179776,0.0,133.5,0.0,3.260869565217391,7085055.4,0.3447806942181532,5.555555555555555,135.5,-0.0181159420289854,-1.811594202898548,neutral,False,False,False,False,False,False,1.5253981858442989,0.39597715940612227,bullish_seed_13,bullish,13,2024-06-26,6919.TW,0.3369368819503096,23,False
2018-06-29,1605.TW,1605,華新,88,current_snapshot,19.75694465637207,20.739877700805664,19.60950469970703,20.346704483032227,15.186638832092283,22850377.0,0.0,0.0,False,False,False,,False,1.932368055481994,0.7246380208057477,2.8985520832229907,0.750000363837643,0.2500001212792143,-0.750000363837643,19.65865135192871,0.4830920138704985,3.3816440970934893,18860589.6,0.1746048828866148,-3.546100917515365,19.70779800415039,-0.0314009809015823,-3.1400980901582387,neutral,False,False,False,False,False,False,0.9702402277480909,0.5075523207355083,bullish_seed_14,bullish,14,2025-01-17,6770.TW,0.3300000508626302,1,False
2022-09-21,2615.TW,2615,萬海,59,current_snapshot,74.69999694824219,79.69999694824219,73.5999984741211,78.30000305175781,65.3801040649414,39151026.0,0.0,0.0,False,False,False,,False,1.787987026716911,1.4048511254769347,4.597708765267802,1.1984041866379531,0.5326252117258615,-0.5326252117258615,75.0999984741211,-0.5108576121184791,4.086851153149322,25832174.0,0.340191646573962,-3.641096223925999,69.4000015258789,-0.1136654045849249,-11.36654045849249,bearish,False,True,False,False,False,False,1.1194608872772327,0.4718180958199473,bullish_seed_14,bullish,14,2025-01-17,6770.TW,0.3300000508626302,2,False
2023-07-04,6531.TW,6531,愛普*,95,current_snapshot,303.0,323.0,300.0,316.0,301.1650390625,5405286.0,0.0,0.0,False,False,False,,False,2.2151898734177213,0.949367088607595,4.113924050632911,0.4983388704318937,0.8305647840531563,-1.827242524916944,301.0,0.6329113924050633,4.746835443037975,3480937.0,0.3560124293145635,-2.4077046548956664,310.0,-0.0189873417721518,-1.898734177215189,neutral,False,False,False,False,False,False,1.1872112102941306,0.45720321626621624,bullish_seed_14,bullish,14,2025-01-17,6770.TW,0.3300000508626302,3,False
2025-11-06,2376.TW,2376,技嘉,70,current_snapshot,270.0,284.0,267.5,278.5,268.568359375,7092866.0,0.0,0.0,False,False,False,,False,1.9748653500897664,0.8976660682226212,3.052064631956912,0.5617977528089888,0.7490636704119851,1.49812734082397,267.0,1.0771992818671454,4.129263913824058,4587143.4,0.3532736414306994,-6.806282722513089,275.0,-0.0125673249551166,-1.25673249551167,neutral,False,False,False,False,False,False,1.257063413621637,0.44305356861702916,bullish_seed_14,bullish,14,2025-01-17,6770.TW,0.3300000508626302,4,False
2022-09-08,2492.TW,2492,華新科,100,current_snapshot,84.9000015258789,89.0,84.30000305175781,87.4000015258789,80.7186050415039,3010111.0,0.0,0.0,False,False,False,,False,1.830661837743033,0.6864970979931113,2.8604118493748043,0.2375260754048789,0.1187630377024394,-0.950122423697444,84.19999694824219,0.8009205553954701,3.661332404770275,1537292.2,0.4892905278243892,-6.113535553936947,91.5999984741211,0.0480548841523598,4.805488415235981,neutral,False,False,False,False,False,False,1.2961594605478988,0.4355098228941751,bullish_seed_14,bullish,14,2025-01-17,6770.TW,0.3300000508626302,5,False
2021-02-26,3044.TW,3044,健鼎,65,current_snapshot,133.0,141.0,132.0,138.5,103.63272857666016,9591090.0,0.0,0.0,False,False,False,,False,1.8050541516245489,0.7220216606498195,3.9711191335740073,0.3745318352059925,0.3745318352059925,0.7490636704119851,133.5,-0.3610108303249097,3.610108303249097,3193118.4,0.6670745035235828,-0.3787878787878788,140.5,0.0144404332129963,1.4440433212996373,neutral,False,False,False,False,False,False,1.309101742212519,0.4330688343952428,bullish_seed_14,bullish,14,2025-01-17,6770.TW,0.3300000508626302,6,False
2021-12-10,6770.TW,6770,力積電,55,current_snapshot,70.4000015258789,74.19999694824219,69.5,72.69999694824219,68.88665771484375,31102483.0,0.0,0.0,False,False,False,,False,2.063273814258761,1.2379663874259177,3.1636802185847865,0.4225395095180458,0.1408429212973151,-1.6901365468199825,71.0,-0.825307426832844,2.3383727917519423,44828189.2,-0.4413058018551124,-5.091385905440326,70.19999694824219,-0.0343878969043126,-3.4387896904312654,neutral,False,False,False,False,False,False,1.3759589475276373,0.4208826928767328,bullish_seed_14,bullish,14,2025-01-17,6770.TW,0.3300000508626302,7,False
2020-01-10,3661.TW,3661,世芯-KY,56,current_snapshot,223.0,233.0,219.5,228.0,214.98878479003903,4581135.0,0.0,0.0,False,False,False,,False,2.1929824561403506,1.5350877192982455,2.1929824561403506,1.1261261261261262,0.4504504504504504,0.4504504504504504,222.0,0.4385964912280701,2.631578947368421,3785398.6,0.173698526675158,-7.462686567164178,244.5,0.0723684210526316,7.236842105263164,bullish,True,False,False,False,False,False,1.3987411124277456,0.4168853382380679,bullish_seed_14,bullish,14,2025-01-17,6770.TW,0.3300000508626302,8,True
2019-03-15,1590.TW,1590,亞德客-KY,64,current_snapshot,364.238037109375,378.0761413574219,360.7785339355469,373.1339721679688,327.4354553222656,1145450.0,0.0,0.0,False,False,False,,False,1.3245026071301742,0.9271477356317496,2.3841128715530586,0.27210871780413,0.54421743560826,-1.2244934307533344,363.2496032714844,0.2649005214260348,2.6490133929790933,1144352.0,0.0009585752324413,-8.706463649612791,365.720703125,-0.0198675800005464,-1.9867580000546448,neutral,False,False,False,False,False,False,1.4058520676192872,0.415653154015222,bullish_seed_14,bullish,14,2025-01-17,6770.TW,0.3300000508626302,9,False
2023-07-25,3532.TW,3532,台勝科,98,current_snapshot,159.0,168.0,158.5,164.0,155.0081024169922,2932593.0,0.0,0.0,False,False,False,,False,2.4390243902439024,0.3048780487804878,3.048780487804878,0.0,0.6309148264984227,-0.946372239747634,158.5,0.3048780487804878,3.353658536585366,1701502.8,0.4197957916424134,-5.621301775147929,164.0,0.0,0.0,neutral,False,False,False,False,False,False,1.4350193059306948,0.4106743620325374,bullish_seed_14,bullish,14,2025-01-17,6770.TW,0.3300000508626302,10,False
2025-09-09,2313.TW,2313,華通,60,current_snapshot,76.0999984741211,79.0,75.19999694824219,77.5999984741211,76.83393859863281,42294980.0,0.0,0.0,False,False,False,,False,1.8041257131542268,1.1597958035773013,1.932989728730776,0.1326239682989557,0.7957539283539157,-1.5915078567078311,75.4000015258789,0.902057940730025,2.8350476694608013,28134717.0,0.3347977230394718,-6.535136278768862,77.30000305175781,-0.0038659204672965,-0.3865920467296502,neutral,False,False,False,False,False,False,1.4635419462115322,0.40591961567279716,bullish_seed_14,bullish,14,2025-01-17,6770.TW,0.3300000508626302,11,False
2024-11-21,2356.TW,2356,英業達,71,current_snapshot,49.0,52.0,48.70000076293945,51.0,47.49015808105469,62789648.0,0.0,0.0,False,False,False,,False,1.96078431372549,0.5882337981579351,3.92156862745098,0.0,0.0,0.0,49.0,0.0,3.92156862745098,40990654.6,0.3471749578847774,-2.7667939790505263,50.79999923706055,-0.003921583587048,-0.3921583587048083,neutral,False,False,False,False,False,False,1.4683350001347608,0.4051313942173182,bullish_seed_14,bullish,14,2025-01-17,6770.TW,0.3300000508626302,12,False
2020-11-19,3533.TW,3533,嘉澤,82,current_snapshot,411.4038391113281,433.2131958007813,411.4038391113281,425.2825317382813,366.7253112792969,1882947.0,0.0,0.0,False,False,False,,False,1.86479892086904,0.0,3.263405287357081,0.4813470248437389,0.7220205372656083,-0.1203367562109347,411.8995056152344,-0.1165499325543149,3.1468553548027653,1119463.8,0.4054724854178052,-3.368178390982399,467.4142456054688,0.0990675861878929,9.90675861878929,bullish,True,False,False,False,False,False,1.4733865867291933,0.404303963385845,bullish_seed_14,bullish,14,2025-01-17,6770.TW,0.3300000508626302,13,True
2024-07-05,6515.TW,6515,穎崴,73,current_snapshot,1035.0,1120.0,1025.0,1095.0,1054.1605224609375,979057.0,0.0,0.0,False,False,False,,False,2.28310502283105,0.91324200913242,5.47945205479452,0.9708737864077668,0.4854368932038834,-0.9708737864077668,1030.0,0.45662100456621,5.93607305936073,629166.0,0.3573755154194291,-3.738317757009345,1060.0,-0.0319634703196347,-3.196347031963476,neutral,False,False,False,False,False,False,1.4870220126807683,0.4020873136229692,bullish_seed_14,bullish,14,2025-01-17,6770.TW,0.3300000508626302,14,False
2025-03-17,3036.TW,3036,文曄,68,current_snapshot,103.5,109.5,103.0,107.0,99.3577651977539,5811576.0,0.0,0.0,False,False,False,,False,2.336448598130841,0.4672897196261681,3.2710280373831773,0.0,0.4878048780487805,-1.4634146341463417,102.5,0.9345794392523364,4.205607476635514,3500598.4,0.3976507577290566,-5.092592592592593,107.0,0.0,0.0,neutral,False,False,False,False,False,False,1.5002557232988445,0.3999590884569988,bullish_seed_14,bullish,14,2025-01-17,6770.TW,0.3300000508626302,15,False
2023-08-24,6919.TW,6919,康霈*,97,current_snapshot,33.03729248046875,35.18321990966797,32.73786163330078,34.53445053100586,34.53445053100586,4146144.0,0.0,0.0,False,False,False,,False,1.8786150313282928,0.8670496925935813,4.335259509031206,0.7552888230371173,0.4531825311343604,2.5679727610141088,33.03729248046875,0.0,4.335259509031206,2165518.0,0.4777031381447436,-3.60360556818504,34.83388137817383,0.0086704969259359,0.8670496925935911,neutral,False,False,False,False,False,False,1.5339222279304765,0.39464510353844884,bullish_seed_14,bullish,14,2025-01-17,6770.TW,0.3300000508626302,16,False
2020-07-16,1802.TW,1802,台玻,86,current_snapshot,9.989999771118164,10.649999618530272,9.9399995803833,10.399999618530272,9.399645805358888,19675576.0,0.0,0.0,False,False,False,,False,2.403846242018709,0.4807710823928789,3.942306369719372,0.3036410184585206,0.8097158176053489,-0.5060747991468283,9.880000114440918,1.0576890453077847,4.999995415027157,5367612.8,0.7271941212801089,-1.4999961853027344,10.350000381469728,-0.0048076191244715,-0.4807619124471585,neutral,False,False,False,False,False,False,1.543414017781481,0.39317232389568263,bullish_seed_14,bullish,14,2025-01-17,6770.TW,0.3300000508626302,17,False
2020-08-19,6531.TW,6531,愛普*,95,current_snapshot,165.0,170.75,152.5,163.75,147.70628356933594,16197652.0,0.0,0.0,False,False,False,,False,3.5114503816793894,6.870229007633588,-0.7633587786259541,0.0,0.0,-9.939759036144578,166.0,-0.6106870229007634,-1.3740458015267176,9497478.8,0.4136508921169561,-15.578465063001143,168.0,0.0259541984732825,2.595419847328251,neutral,False,False,False,False,False,False,3.7926474232462373,0.20865294516546412,bullish_seed_15,bullish,15,2020-03-19,6415.TW,0.33,1,False
2018-08-03,2492.TW,2492,華新科,100,current_snapshot,305.0,316.0,278.0,289.0,212.42349243164065,31917658.0,0.0,0.0,False,False,False,,False,3.8062283737024223,3.8062283737024223,-5.536332179930796,0.0,0.0,-9.886547811993516,308.5,-1.2110726643598615,-6.747404844290658,25108006.2,0.2133506098724411,-17.46987951807229,244.0,-0.1557093425605537,-15.570934256055368,bearish,False,True,False,False,False,False,3.8055473370932487,0.20809284142956216,bullish_seed_15,bullish,15,2020-03-19,6415.TW,0.33,2,False
2025-09-05,1802.TW,1802,台玻,86,current_snapshot,28.350000381469727,29.39999961853028,26.299999237060547,27.64999961853028,27.64999961853028,133494026.0,0.0,0.0,False,False,False,,False,3.79746564754694,4.882460759836659,-2.5316483638225145,0.0,0.7233231766729811,-5.424954866888103,27.64999961853028,2.5316483638225145,0.0,52155457.2,0.609304934739177,-15.451893163117012,28.0,0.0126582418191123,1.2658241819112348,neutral,False,False,False,False,False,False,4.320553844115033,0.18795035804516508,bullish_seed_15,bullish,15,2020-03-19,6415.TW,0.33,3,False
2020-03-20,3034.TW,3034,聯詠,58,current_snapshot,154.5,164.0,145.5,152.0,92.34917449951172,14674590.0,0.0,0.0,False,False,False,,False,6.25,4.276315789473684,-1.644736842105263,0.986842105263158,0.0,-7.236842105263158,152.0,1.644736842105263,0.0,8746660.8,0.4039587613691421,-12.694300518134716,169.0,0.1118421052631579,11.184210526315796,bullish,True,False,False,False,False,False,4.685338224311435,0.1758910306732213,bullish_seed_15,bullish,15,2020-03-19,6415.TW,0.33,4,True
2024-04-23,6139.TW,6139,亞翔,85,current_snapshot,291.0,305.5,281.0,295.5,265.689697265625,2079162.0,0.0,0.0,False,False,False,,False,3.3840947546531304,3.3840947546531304,1.5228426395939088,0.0,0.0,-11.743772241992882,281.0,3.3840947546531304,4.906937394247039,3187573.8,-0.5331050682919367,-15.163934426229508,265.5,-0.1015228426395938,-10.152284263959388,bearish,False,True,False,False,False,False,4.781712266391694,0.17295914323043432,bullish_seed_15,bullish,15,2020-03-19,6415.TW,0.33,5,False
2018-07-06,1590.TW,1590,亞德客-KY,64,current_snapshot,345.9520263671875,354.35369873046875,324.70068359375,348.423095703125,298.5850830078125,2776275.0,0.0,0.0,False,False,False,,False,1.702126839604496,6.099292221301189,0.7092151371167951,0.1462032782575638,0.0,-9.649127479237915,338.0445251464844,2.269511211576152,2.9787263486929465,2339179.2,0.1574396628576059,-14.041092486608116,338.0445251464844,-0.0297872634869295,-2.9787263486929505,neutral,False,False,False,False,False,False,4.882065111066163,0.17000831869723104,bullish_seed_15,bullish,15,2020-03-19,6415.TW,0.33,6,False
2018-10-08,3533.TW,3533,嘉澤,82,current_snapshot,168.37088012695312,174.7152862548828,160.0743408203125,166.41876220703125,135.05589294433594,3437290.0,0.0,0.0,False,False,False,,False,3.812314214930289,3.8123233838418105,-1.173015526634771,0.8771938645888253,0.8771938645888253,-6.140357052121777,166.9067840576172,0.8797662294318392,-0.2932492972029318,3157456.4,0.0814111116606396,-7.537687889543389,152.75387573242188,-0.0821114536208948,-8.21114536208949,bearish,False,True,False,False,False,False,5.004885235322644,0.16653107608413265,bullish_seed_15,bullish,15,2020-03-19,6415.TW,0.33,7,False
2020-03-20,6239.TW,6239,力成,76,current_snapshot,70.30000305175781,74.4000015258789,68.80000305175781,70.5999984741211,49.87652969360352,13476799.0,0.0,0.0,False,False,False,,False,5.382440699557138,2.124645938271281,0.4249227037494152,0.1451467362857207,0.7256893888633653,-9.869369044656985,68.9000015258789,1.983005037021476,2.407927740770891,9275998.0,0.3117061403082438,-21.97125378914187,80.4000015258789,0.1388102445264225,13.881024452642254,bullish,True,False,False,False,False,False,5.014886201170197,0.1662541844607883,bullish_seed_15,bullish,15,2020-03-19,6415.TW,0.33,8,True
2021-07-14,2615.TW,2615,萬海,59,current_snapshot,206.7193603515625,213.4387359619141,186.1660003662109,200.395248413086,151.11341857910156,257483316.0,0.0,0.0,False,False,False,,False,3.3530613442992108,7.100591535755106,-3.1558193063741293,0.9671195915753265,0.0,-15.667310502078868,204.3478240966797,1.1834293845102717,-1.9723899218638576,230183001.0,0.1060275105358671,-4.966889089170484,226.0869598388672,0.1282051926342158,12.82051926342158,bullish,True,False,False,False,False,False,5.122068118294129,0.16334349449849686,bullish_seed_15,bullish,15,2020-03-19,6415.TW,0.33,9,True
2021-07-23,2609.TW,2609,陽明,77,current_snapshot,142.0,149.5,134.5,145.5,68.82196807861328,436556301.0,0.0,0.0,False,False,False,,False,2.7491408934707904,5.154639175257731,2.405498281786942,1.0676156583629894,1.4234875444839856,-9.252669039145909,140.5,1.0309278350515465,3.436426116838488,453224245.2,-0.0381805145449039,-5.828220858895705,118.0,-0.1890034364261168,-18.900343642611684,bearish,False,True,False,False,False,False,5.6612182079957885,0.15012269059128716,bullish_seed_15,bullish,15,2020-03-19,6415.TW,0.33,10,False
2023-11-01,1519.TW,1519,華城,66,current_snapshot,169.79714965820312,170.1728057861328,161.53268432617188,168.2945098876953,161.80897521972656,15269137.0,0.0,0.0,False,False,False,,False,0.2232135369005006,4.017852730927274,-0.892863214320265,0.8928541476020025,0.8928541476020025,-9.821431890495075,168.2945098876953,0.892863214320265,0.0,12044413.4,0.2111922631907749,-11.594200445718805,181.06686401367188,0.075892874547718,7.589287454771809,bullish,True,False,False,False,False,False,5.718329820434354,0.1488465179185484,bullish_seed_15,bullish,15,2020-03-19,6415.TW,0.33,11,True
2020-07-16,3661.TW,3661,世芯-KY,56,current_snapshot,501.0,523.0,461.0,490.0,462.0373229980469,8595297.0,0.0,0.0,False,False,False,,False,4.489795918367347,5.918367346938775,-2.2448979591836733,2.1825396825396823,1.3888888888888888,-9.523809523809524,504.0,-0.6122448979591837,-2.857142857142857,4464327.4,0.4806081279099488,-2.0072992700729926,519.0,0.0591836734693878,5.91836734693878,bullish,True,False,False,False,False,False,5.719148302542468,0.14882838642236973,bullish_seed_15,bullish,15,2020-03-19,6415.TW,0.33,12,True
2024-08-06,1605.TW,1605,華新,88,current_snapshot,30.75,31.350000381469727,29.0,30.950000762939453,29.77061462402344,19778145.0,0.0,0.0,False,False,False,,False,1.292405843844909,5.654280959164006,0.6462060032610423,0.0,0.0,-7.993471080207154,30.64999961853028,0.3231030016305211,0.9693090048915634,16029512.6,0.1895340741004781,-5.153209499127082,33.0,0.0662358380137839,6.6235838013783965,bullish,True,False,False,False,False,False,5.751973290311793,0.14810485127879142,bullish_seed_15,bullish,15,2020-03-19,6415.TW,0.33,13,True
2020-03-19,2376.TW,2376,技嘉,70,current_snapshot,39.0,39.29999923706055,36.34999847412109,38.150001525878906,27.35013961791992,8718075.0,0.0,0.0,False,False,False,,False,0.7863675624155442,4.718225372905391,-2.228043093378385,1.1250019073486328,0.0,-7.5,40.0,-2.6212318741891893,-4.849274967567576,7181001.0,0.1763088755258471,-14.112903659971412,39.650001525878906,0.0393184781128379,3.931847811283795,neutral,False,False,False,False,False,False,5.811140395554259,0.14681829208111996,bullish_seed_15,bullish,15,2020-03-19,6415.TW,0.33,14,False
2021-03-03,6415.TW,6415,矽力*-KY,92,current_snapshot,667.5,680.0,642.5,675.0,650.553466796875,2136836.0,0.0,0.0,False,False,False,,False,0.7407407407407408,3.7037037037037033,1.1111111111111112,0.7677543186180422,0.0,-10.55662188099808,651.25,2.4074074074074074,3.5185185185185186,2390014.4,-0.1184828409854569,-11.258278145695364,602.5,-0.1074074074074074,-10.74074074074074,bearish,False,True,False,False,False,False,5.8618187560762705,0.1457339570670649,bullish_seed_15,bullish,15,2020-03-19,6415.TW,0.33,15,False
2022-06-21,3532.TW,3532,台勝科,98,current_snapshot,203.5,206.0,197.5,203.5,180.9301605224609,8640266.0,0.0,0.0,False,False,False,,False,1.2285012285012284,2.9484029484029484,0.0,0.2518891687657431,0.2518891687657431,-6.297229219143577,198.5,2.457002457002457,2.457002457002457,8331593.4,0.0357248955066892,-17.4,184.5,-0.0933660933660933,-9.336609336609335,bearish,False,True,False,False,False,False,5.909606878796224,0.1447260339902605,bullish_seed_15,bullish,15,2020-03-19,6415.TW,0.33,16,False
2021-09-09,6805.TW,6805,富世達,93,current_snapshot,175.0,180.0,164.5,178.0,166.50730895996094,1265187.0,0.0,0.0,False,False,False,,False,1.1235955056179776,5.8988764044943816,1.6853932584269662,0.0,1.4245014245014245,-5.982905982905983,175.5,-0.2808988764044944,1.4044943820224718,728907.4,0.4238737830850301,-18.80530973451328,180.5,0.0140449438202248,1.404494382022481,neutral,False,False,False,False,False,False,5.919067634122453,0.1445281435129128,bullish_seed_15,bullish,15,2020-03-19,6415.TW,0.33,17,False
2021-08-03,6531.TW,6531,愛普*,95,current_snapshot,389.0,397.5,385.0,397.0,358.1033020019531,9074202.0,0.0,0.0,False,False,False,,False,0.1259445843828715,1.0075566750629723,2.0151133501259446,2.6992287917737787,0.6426735218508998,3.727506426735218,389.0,0.0,2.0151133501259446,10648093.6,-0.173446833120973,2.3842917251051894,370.0,-0.0680100755667506,-6.801007556675065,bearish,False,True,False,False,False,False,1.2791228184527694,0.4387652968517383,bullish_seed_16,bullish,16,2020-06-19,3661.TW,0.3299620733249051,1,False
2021-06-25,6415.TW,6415,矽力*-KY,92,current_snapshot,908.75,918.75,905.0,915.0,881.8614501953125,988368.0,0.0,0.0,False,False,False,,False,0.4098360655737705,0.4098360655737705,0.6830601092896175,2.510460251046025,0.0,3.626220362622036,896.25,1.366120218579235,2.0491803278688523,994454.4,-0.0061580302073721,6.406249999999999,947.5,0.03551912568306,3.551912568306004,neutral,False,False,False,False,False,False,1.5688924516391891,0.38927281652523377,bullish_seed_16,bullish,16,2020-06-19,3661.TW,0.3299620733249051,2,False
2023-05-15,2207.TW,2207,和泰車,63,current_snapshot,686.2745361328125,699.0195922851562,681.37255859375,691.1764526367188,618.5113525390625,264330.0,0.0,0.0,False,False,False,,False,1.134752148820649,0.7092223006675507,0.7092134700489702,2.857134725765618,0.0,3.142862428252348,686.2745361328125,0.0,0.7092134700489702,223942.2,0.1527930995346725,1.969690452554811,848.0391845703125,0.2269503414579439,22.69503414579439,bullish,True,False,False,False,False,False,1.654841255856102,0.37667035563583323,bullish_seed_16,bullish,16,2020-06-19,3661.TW,0.3299620733249051,3,True
2024-09-26,3533.TW,3533,嘉澤,82,current_snapshot,1510.0,1540.0,1500.0,1515.0,1446.352294921875,1082429.0,0.0,0.0,False,False,False,,False,1.65016501650165,0.6600660066006601,0.33003300330033,2.6936026936026933,0.3367003367003366,4.377104377104377,1485.0,1.65016501650165,1.98019801980198,1138024.2,-0.0513615211713654,4.059040590405904,1435.0,-0.0528052805280527,-5.280528052805278,bearish,False,True,False,False,False,False,1.657523618370212,0.37629016468093446,bullish_seed_16,bullish,16,2020-06-19,3661.TW,0.3299620733249051,4,False
2023-05-17,3661.TW,3661,世芯-KY,56,current_snapshot,1415.0,1450.0,1410.0,1445.0,1399.0260009765625,3979068.0,0.0,0.0,False,False,False,,False,0.3460207612456747,0.3460207612456747,2.0761245674740483,2.127659574468085,0.7092198581560284,2.4822695035460995,1410.0,0.3460207612456747,2.422145328719723,4306830.4,-0.0823716508488923,7.142857142857142,1525.0,0.0553633217993079,5.536332179930792,bullish,True,False,False,False,False,False,1.6716577130206847,0.3742994452943447,bullish_seed_16,bullish,16,2020-06-19,3661.TW,0.3299620733249051,5,True
2019-11-28,2409.TW,2409,友達,80,current_snapshot,10.399999618530272,10.574999809265137,10.3125,10.574999809265137,7.592807292938232,75917951.0,0.0,0.0,False,False,False,,False,0.0,0.8274195754936268,1.6548481691842618,2.7710880141660392,0.1204800893025225,2.8915681034685616,10.375,0.2364030163704625,1.891251185554724,64422820.6,0.1514151824250367,0.628930817610063,10.537500381469728,-0.0035460452455567,-0.3546045245556795,neutral,False,False,False,False,False,False,1.6837496198542559,0.37261300107955164,bullish_seed_16,bullish,16,2020-06-19,3661.TW,0.3299620733249051,6,False
2019-05-08,2404.TW,2404,漢唐,79,current_snapshot,147.5,152.5,146.5,151.5,93.7462387084961,5047471.0,0.0,0.0,False,False,False,,False,0.6600660066006601,0.6600660066006601,2.64026402640264,3.691275167785235,1.006711409395973,4.026845637583892,149.0,-0.99009900990099,1.65016501650165,5895464.8,-0.1680036992783118,0.7042253521126761,150.0,-0.0099009900990099,-0.990099009900991,neutral,False,False,False,False,False,False,1.6971737099391815,0.37075847073362916,bullish_seed_16,bullish,16,2020-06-19,3661.TW,0.3299620733249051,7,False
2023-11-22,6789.TW,6789,采鈺,96,current_snapshot,242.5,250.0,239.0,248.0,242.7022399902344,4754531.0,0.0,0.0,False,False,False,,False,0.8064516129032258,1.411290322580645,2.217741935483871,2.928870292887029,0.209205020920502,3.765690376569038,239.0,1.411290322580645,3.629032258064517,2618460.6,0.4492704748375812,6.161137440758294,268.0,0.0806451612903225,8.064516129032251,bullish,True,False,False,False,False,False,1.7116865487958208,0.3687741861035046,bullish_seed_16,bullish,16,2020-06-19,3661.TW,0.3299620733249051,8,True
2019-01-23,2449.TW,2449,京元電子,57,current_snapshot,22.190475463867188,22.80952262878418,22.190475463867188,22.761903762817383,16.2366886138916,22648419.0,0.0,0.0,False,False,False,,False,0.2092042320492738,0.0,2.510459164156777,2.386125599066291,0.0,3.6876304860848585,21.95237922668457,1.0460295398118604,3.556488703968637,12760495.2,0.4365834012519815,2.803727559871149,22.380952835083008,-0.0167363385639418,-1.6736338563941855,neutral,False,False,False,False,False,False,1.7138449419223858,0.36848089017629637,bullish_seed_16,bullish,16,2020-06-19,3661.TW,0.3299620733249051,9,False
2022-04-21,6770.TW,6770,力積電,55,current_snapshot,54.29999923706055,54.900001525878906,54.0,54.400001525878906,52.6363639831543,17788210.0,0.0,0.0,False,False,False,,False,0.9191176212782686,0.5514691703047705,0.1838277316422257,2.752293577981652,0.9174311926605504,4.220182086349627,54.5,-0.3676484509734981,-0.1838207193312723,14103709.6,0.2071316000879234,0.0,51.900001525878906,-0.0459558810639134,-4.595588106391347,neutral,False,False,False,False,False,False,1.7355624423056044,0.3655555378795059,bullish_seed_16,bullish,16,2020-06-19,3661.TW,0.3299620733249051,10,False
2019-06-20,3532.TW,3532,台勝科,98,current_snapshot,116.5,120.5,115.5,120.5,95.4866943359375,3242029.0,0.0,0.0,False,False,False,,False,0.0,0.8298755186721992,3.319502074688797,2.1645021645021645,0.4329004329004329,4.761904761904762,115.5,0.8298755186721992,4.149377593360995,1935034.6,0.4031408725831878,3.349282296650718,126.0,0.045643153526971,4.564315352697101,neutral,False,False,False,False,False,False,1.745853236974169,0.3641855240238418,bullish_seed_16,bullish,16,2020-06-19,3661.TW,0.3299620733249051,11,False
2024-12-31,1519.TW,1519,華城,66,current_snapshot,457.8512268066406,469.4214782714844,455.3718872070313,465.2892456054688,450.521728515625,4998056.0,0.0,0.0,False,False,False,,False,0.8880997583854444,0.5328598550312666,1.5985795650938,3.405019047801189,0.1792115288316415,3.584223959021634,461.1570129394531,-0.7104798067083555,0.8880997583854444,4426101.0,0.1144354925194915,-1.2867583546875558,449.5867614746094,-0.0337477908186469,-3.3747790818646983,neutral,False,False,False,False,False,False,1.754546936710608,0.3630361082879815,bullish_seed_16,bullish,16,2020-06-19,3661.TW,0.3299620733249051,12,False
2022-12-07,1802.TW,1802,台玻,86,current_snapshot,24.0,24.950000762939453,23.950000762939453,24.700000762939453,24.700000762939453,20547117.0,0.0,0.0,False,False,False,,False,1.0121457177244575,0.20242605472129,2.8340110984520823,2.9288735318502885,0.4184116446269469,1.6736385979694477,23.89999961853028,0.4048598315015836,3.238870929953666,16670841.6,0.1886530066480859,1.2820561935890424,24.700000762939453,0.0,0.0,neutral,False,False,False,False,False,False,1.7583471599111105,0.36253594708224673,bullish_seed_16,bullish,16,2020-06-19,3661.TW,0.3299620733249051,13,False
2020-11-19,2618.TW,2618,長榮航,72,current_snapshot,12.5,12.699999809265137,12.350000381469728,12.600000381469728,10.325448989868164,44066458.0,0.0,0.0,False,False,False,,False,0.7936462283165878,1.1904731268966575,0.7936537971601397,2.82258380836314,0.8064547140815094,2.4193487604002417,12.399999618530272,0.7936537971601397,1.5873075943202797,43826094.0,0.0054545795353009,-0.4115163673280431,12.699999809265137,0.0079364622831656,0.7936462283165691,neutral,False,False,False,False,False,False,1.8022066214326988,0.3568616219630245,bullish_seed_16,bullish,16,2020-06-19,3661.TW,0.3299620733249051,14,False
2020-02-18,1590.TW,1590,亞德客-KY,64,current_snapshot,523.8701782226562,542.6504516601562,519.9164428710938,537.708251953125,479.24993896484375,1839239.0,0.0,0.0,False,False,False,,False,0.919122905233392,0.7352937837947052,2.5735282432814683,2.2641498882278865,0.9433957867616192,1.8867915735232383,523.8701782226562,0.0,2.5735282432814683,1277431.2,0.3054566589768921,2.148442493765971,516.951171875,-0.0386028668943219,-3.860286689432191,neutral,False,False,False,False,False,False,1.8032015834603448,0.3567349583063428,bullish_seed_16,bullish,16,2020-06-19,3661.TW,0.3299620733249051,15,False
2019-06-04,6213.TW,6213,聯茂,81,current_snapshot,85.64559173583984,88.53902435302734,85.54914093017578,88.34613037109375,68.831298828125,5378660.0,0.0,0.0,False,False,False,,False,0.2183389143625778,0.1091737750809519,3.056770708474068,2.8312575346935205,0.679505391743145,2.604758723626389,85.1633529663086,0.5458516038061076,3.602622312280176,4783171.0,0.1107132631547634,-1.3620959145383134,91.23955535888672,0.0327510098703731,3.275100987037316,neutral,False,False,False,False,False,False,1.804327523625207,0.35659172888168256,bullish_seed_16,bullish,16,2020-06-19,3661.TW,0.3299620733249051,16,False
2025-06-11,1605.TW,1605,華新,88,current_snapshot,21.600000381469727,21.75,21.350000381469727,21.700000762939453,21.388219833374023,9352546.0,0.0,0.0,False,False,False,,False,0.2304112225928513,1.152073692213711,0.4608312348104297,2.558135986328125,0.4651180533475654,3.720926684002544,21.5,0.4608312348104297,0.9216624696208596,11135365.0,-0.1906239220849595,-0.7789585999553372,20.850000381469727,-0.0391705231145156,-3.917052311451563,neutral,False,False,False,False,False,False,1.8106898960112285,0.35578453582486746,bullish_seed_16,bullish,16,2020-06-19,3661.TW,0.3299620733249051,17,False
2025-07-15,6139.TW,6139,亞翔,85,current_snapshot,312.5,322.0,310.5,319.0,297.8749084472656,7359142.0,0.0,0.0,False,False,False,,False,0.9404388714733544,0.6269592476489028,2.037617554858934,2.7463651050080773,0.6462035541195477,1.1308562197092082,309.5,0.9404388714733544,2.978056426332288,5705922.8,0.2246483625400896,2.512562814070352,345.0,0.0815047021943573,8.150470219435736,bullish,True,False,False,False,False,False,1.8377131015080481,0.3523964418631923,bullish_seed_16,bullish,16,2020-06-19,3661.TW,0.3299620733249051,18,True
2024-08-27,3036.TW,3036,文曄,68,current_snapshot,116.5,118.5,115.0,118.0,109.57211303710938,6177567.0,0.0,0.0,False,False,False,,False,0.423728813559322,1.2711864406779665,1.2711864406779665,2.564102564102564,0.4273504273504274,4.700854700854701,117.0,-0.423728813559322,0.847457627118644,5257594.6,0.14892147669139,-1.345291479820628,118.0,0.0,0.0,neutral,False,False,False,False,False,False,1.8487774781899415,0.35102776810612135,bullish_seed_16,bullish,16,2020-06-19,3661.TW,0.3299620733249051,19,False
2020-04-08,2313.TW,2313,華通,60,current_snapshot,34.900001525878906,35.79999923706055,34.70000076293945,35.20000076293945,28.033641815185547,37783307.0,0.0,0.0,False,False,False,,False,1.7045410827172651,0.5681839733083904,0.8522705413586326,2.3054732549601784,0.0,3.4582153791220858,34.70000076293945,0.5681839733083904,1.420454514667023,37711244.0,0.0019072708484728,4.313106459184506,33.599998474121094,-0.0454546094925921,-4.545460949259217,neutral,False,False,False,False,False,False,1.860931869592283,0.3495364606996083,bullish_seed_16,bullish,16,2020-06-19,3661.TW,0.3299620733249051,20,False
2025-07-23,7750.TW,7750,新代,91,current_snapshot,683.0,716.0,675.0,707.0,698.0576782226562,253628.0,0.0,0.0,False,False,False,,False,1.272984441301273,1.1315417256011315,3.3946251768033946,2.785923753665689,1.0263929618768328,2.346041055718475,682.0,0.1414427157001414,3.536067892503536,138767.2,0.452871134101913,4.231974921630094,701.0,-0.0084865629420084,-0.8486562942008447,neutral,False,False,False,False,False,False,1.877372245601645,0.34753932221616485,bullish_seed_16,bullish,16,2020-06-19,3661.TW,0.3299620733249051,21,False
2025-10-08,2492.TW,2492,華新科,100,current_snapshot,103.5,105.0,102.5,104.0,103.45079803466795,8029493.0,0.0,0.0,False,False,False,,False,0.9615384615384616,0.9615384615384616,0.4807692307692308,2.415458937198068,0.4830917874396135,2.415458937198068,103.5,0.0,0.4807692307692308,15250022.6,-0.8992509987865983,1.9900497512437807,94.6999969482422,-0.0894231062669018,-8.942310626690187,bearish,False,True,False,False,False,False,1.8800055573266605,0.3472215522140315,bullish_seed_16,bullish,16,2020-06-19,3661.TW,0.3299620733249051,22,False
2024-08-07,6213.TW,6213,聯茂,81,current_snapshot,72.19999694824219,74.30000305175781,70.19999694824219,73.5,71.3934326171875,29828311.0,0.0,0.0,False,False,False,,False,1.0884395262011055,2.7210884353741496,1.7687116350446428,2.483662125331904,8.104571174172793,-2.091501273360907,76.5,-5.850344288105867,-4.081632653061225,12596236.8,0.5777086808569214,-12.7374318724904,76.5999984741211,0.0421768499880421,4.217684998804216,neutral,False,False,False,False,False,False,7.733172922056047,0.11450592000468146,bullish_seed_17,bullish,17,2021-05-17,2615.TW,0.3299233304731517,1,False
2024-08-07,6805.TW,6805,富世達,93,current_snapshot,694.0,745.0,694.0,720.0,704.300048828125,1780662.0,0.0,0.0,False,False,False,,False,3.4722222222222223,0.0,3.611111111111111,2.4390243902439024,9.469153515064562,-0.2869440459110474,697.0,-0.4166666666666667,3.194444444444444,3152814.4,-0.770585546274363,-4.011461318051576,707.0,-0.0180555555555556,-1.80555555555556,neutral,False,False,False,False,False,False,7.971178532049808,0.1114680748384919,bullish_seed_17,bullish,17,2021-05-17,2615.TW,0.3299233304731517,2,False
2024-07-18,2449.TW,2449,京元電子,57,current_snapshot,113.8095245361328,118.0952377319336,110.47618865966795,113.33333587646484,108.64171600341795,41504593.0,0.0,0.0,False,False,False,,False,3.7815115584987966,2.5210121935448995,-0.4201664549846323,0.3921553597456026,5.88235552830675,-1.568627722013088,121.42857360839844,-6.722690207028329,-7.14285666201296,39334004.8,0.0522975421057617,-1.9011455718380168,107.14286041259766,-0.0546218411025587,-5.462184110255874,bearish,False,True,False,False,False,False,8.044501276578465,0.11056441581688847,bullish_seed_17,bullish,17,2021-05-17,2615.TW,0.3299233304731517,3,False
2021-07-09,2609.TW,2609,陽明,77,current_snapshot,207.0,219.0,195.5,195.5,92.4721221923828,577730768.0,0.0,0.0,False,False,False,,False,6.138107416879795,0.0,-5.88235294117647,4.849884526558892,10.161662817551962,0.23094688221709,216.5,-4.859335038363171,-10.741687979539645,472720936.8,0.1817625735314827,15.068493150684931,163.0,-0.1662404092071611,-16.62404092071611,bearish,False,True,False,False,False,False,8.198371094603525,0.10871490068352181,bullish_seed_17,bullish,17,2021-05-17,2615.TW,0.3299233304731517,4,False
2021-07-09,2615.TW,2615,萬海,59,current_snapshot,229.2490081787109,242.29249572753903,216.6007843017578,217.39129638671875,163.92974853515625,245927816.0,0.0,0.0,False,False,False,,False,6.0000044921876645,0.3636355723987636,-5.4545476240679065,0.0,7.73026185249524,7.401315215097906,240.3162078857422,-5.090912051669143,-10.545459675737048,216220641.0,0.1207963193557576,-13.86293057810171,200.395248413086,-0.0781818235418146,-7.818182354181468,bearish,False,True,False,False,False,False,8.289394193125078,0.10764964638276228,bullish_seed_17,bullish,17,2021-05-17,2615.TW,0.3299233304731517,5,False
2021-05-13,6789.TW,6789,采鈺,96,current_snapshot,326.0,357.0,309.0,344.5,330.628173828125,812932.0,0.0,0.0,False,False,False,,False,3.62844702467344,4.934687953555878,5.370101596516691,4.017857142857143,7.5892857142857135,-5.357142857142857,336.0,-2.902757619738752,2.467343976777939,1124098.8,-0.3827710066770653,-10.875,390.0,0.1320754716981131,13.207547169811315,bullish,True,False,False,False,False,False,8.350105693979778,0.1069506626693928,bullish_seed_17,bullish,17,2021-05-17,2615.TW,0.3299233304731517,6,True
2021-05-13,3034.TW,3034,聯詠,58,current_snapshot,493.5,505.0,476.0,479.0,302.1331787109375,19962319.0,0.0,0.0,False,False,False,,False,2.400835073068893,0.6263048016701461,-3.02713987473904,3.1536113936927768,9.766022380467955,-0.4069175991861647,491.5,0.417536534446764,-2.609603340292276,22558762.2,-0.130067213132903,-15.49053356282272,513.0,0.07098121085595,7.098121085594999,bullish,True,False,False,False,False,False,8.595952304820948,0.10421060549640353,bullish_seed_17,bullish,17,2021-05-17,2615.TW,0.3299233304731517,7,True
2025-11-21,2337.TW,2337,旺宏,67,current_snapshot,34.29999923706055,35.5,34.0,34.5,34.5,91792999.0,0.0,0.0,False,False,False,,False,2.898550724637681,0.8695630059725996,0.5797123563462409,1.065250423451723,5.9920107742088256,-1.464711713010414,37.54999923706055,-9.420289855072465,-8.840577498726223,143538896.4,-0.5637237911793251,-10.455104158592302,32.849998474121094,-0.0478261311848958,-4.782613118489588,neutral,False,False,False,False,False,False,8.627426069827917,0.1038699225262266,bullish_seed_17,bullish,17,2021-05-17,2615.TW,0.3299233304731517,8,False
2020-03-13,3532.TW,3532,台勝科,98,current_snapshot,132.0,143.5,131.5,139.0,119.03722381591795,7342989.0,0.0,0.0,False,False,False,,False,3.237410071942446,0.3597122302158274,5.035971223021583,0.3424657534246575,6.506849315068493,4.10958904109589,146.0,-10.071942446043163,-5.035971223021583,5339629.8,0.2728261202624708,-0.7042253521126761,133.5,-0.0395683453237409,-3.9568345323740974,neutral,False,False,False,False,False,False,8.726924451824598,0.10280741923644918,bullish_seed_17,bullish,17,2021-05-17,2615.TW,0.3299233304731517,9,False
2024-07-26,6919.TW,6919,康霈*,97,current_snapshot,59.5,60.70000076293945,57.09999847412109,59.59999847412109,59.59999847412109,3918300.0,0.0,0.0,False,False,False,,False,1.8456414714439824,4.02684830087875,0.167782678995393,2.7823191337103244,7.037642134936896,-3.1096588761514483,61.09999847412109,-2.6845612669198786,-2.516778587924486,7515936.0,-0.918162468417426,-8.85341386607545,60.400001525878906,0.0134228703395888,1.3422870339588888,neutral,False,False,False,False,False,False,8.749048574013113,0.10257411196673918,bullish_seed_17,bullish,17,2021-05-17,2615.TW,0.3299233304731517,10,False
2021-05-13,3533.TW,3533,嘉澤,82,current_snapshot,470.8839111328125,478.3189392089844,454.03125,462.9532470703125,399.2091674804688,1081520.0,0.0,0.0,False,False,False,,False,1.6059997684912353,1.927191811867224,-1.7130593883264211,2.182955090260508,7.484408309364538,-2.598748440702935,476.8319396972656,-1.2848011331800313,-2.9978605215064524,885679.4,0.1810790369110141,-3.613281614042083,524.416015625,0.1327623662727062,13.27623662727062,bullish,True,False,False,False,False,False,9.012612206767574,0.09987403679971696,bullish_seed_17,bullish,17,2021-05-17,2615.TW,0.3299233304731517,11,True
2024-08-07,6139.TW,6139,亞翔,85,current_snapshot,211.5,223.0,210.0,217.0,195.10885620117188,4257221.0,0.0,0.0,False,False,False,,False,2.7649769585253456,0.6912442396313364,2.5345622119815667,1.1933174224343674,8.591885441527445,-0.2386634844868735,209.5,0.9216589861751152,3.4562211981566824,4422416.8,-0.0388036702816226,-10.17699115044248,228.5,0.0529953917050691,5.299539170506917,bullish,True,False,False,False,False,False,9.036539955253312,0.09963593075485953,bullish_seed_17,bullish,17,2021-05-17,2615.TW,0.3299233304731517,12,True
2018-10-11,3661.TW,3661,世芯-KY,56,current_snapshot,70.0,71.80000305175781,69.80000305175781,69.80000305175781,64.96309661865234,1871750.0,0.0,0.0,False,False,False,,False,2.578800821001514,0.0,-0.2865285666160882,1.2903225806451613,6.709673481602822,-1.935483870967742,77.5,-10.74498520356601,-11.031513770182096,2344623.4,-0.2526370508882061,-11.731843575418994,74.19999694824219,0.0630371590846738,6.303715908467389,bullish,True,False,False,False,False,False,9.074301935472098,0.09926246070498962,bullish_seed_17,bullish,17,2021-05-17,2615.TW,0.3299233304731517,13,True
2020-08-20,6531.TW,6531,愛普*,95,current_snapshot,159.5,165.5,147.5,148.25,133.72494506835938,11219170.0,0.0,0.0,False,False,False,,False,4.0472175379426645,0.5059021922428331,-7.588532883642496,3.5114503816793894,6.870229007633588,-0.7633587786259541,163.75,-2.866779089376054,-10.45531197301855,10579910.4,0.056979223953287,-15.306122448979592,164.75,0.1112984822934233,11.129848229342333,bullish,True,False,False,False,False,False,9.177324689993824,0.09825764928018689,bullish_seed_17,bullish,17,2021-05-17,2615.TW,0.3299233304731517,14,True
2021-03-08,6770.TW,6770,力積電,55,current_snapshot,67.63224792480469,69.94116973876953,66.38157653808594,67.05501556396484,62.47233200073242,31557777.0,0.0,0.0,False,False,False,,False,3.4433245515577084,1.004308209035463,-0.8608339823427714,0.7215003417024887,7.647910488137912,-2.0201986680697908,66.67019653320312,1.4347195113001598,0.5738855289573884,38793067.8,-0.2292712442958196,-5.687823985973795,65.22711944580078,-0.0272596479590763,-2.725964795907632,neutral,False,False,False,False,False,False,9.225250508544194,0.09779711501096257,bullish_seed_17,bullish,17,2021-05-17,2615.TW,0.3299233304731517,15,False
2022-07-15,6415.TW,6415,矽力*-KY,92,current_snapshot,552.0,585.0,531.0,574.0,557.6502685546875,5907133.0,0.0,0.0,False,False,False,,False,1.9163763066202089,3.658536585365853,3.8327526132404177,0.9041591320072332,8.1374321880651,-0.3616636528028933,553.0,-0.1742160278745644,3.658536585365853,2868779.8,0.5143532742533476,-9.859154929577464,595.0,0.0365853658536585,3.658536585365857,neutral,False,False,False,False,False,False,9.309515878349044,0.09699776515210519,bullish_seed_17,bullish,17,2021-05-17,2615.TW,0.3299233304731517,16,False
2022-06-29,2618.TW,2618,長榮航,72,current_snapshot,30.799999237060547,31.600000381469727,30.39999961853028,31.600000381469727,25.895570755004883,88131619.0,0.0,0.0,False,False,False,,False,0.0,1.265821562346669,2.53164916060666,0.16025396101893,3.205128126752606,0.0,31.200000762939453,-1.2658275982599911,1.265821562346669,113211088.4,-0.2845683499811799,8.710801162166764,31.049999237060547,-0.0174050992965082,-1.7405099296508242,neutral,False,False,False,False,False,False,1.6556679640840388,0.3765530983256441,bullish_seed_18,bullish,18,2020-06-18,6531.TW,0.3299120234604105,1,False
2018-10-22,3532.TW,3532,台勝科,98,current_snapshot,112.0,118.5,111.0,118.0,93.50564575195312,1968020.0,0.0,0.0,False,False,False,,False,0.423728813559322,0.847457627118644,5.084745762711865,0.0,3.930131004366813,0.0,114.5,-2.11864406779661,2.9661016949152543,2835206.8,-0.4406392211461264,4.888888888888889,95.0,-0.1949152542372881,-19.491525423728817,bearish,False,True,False,False,False,False,1.8176879158738137,0.354900908069474,bullish_seed_18,bullish,18,2020-06-18,6531.TW,0.3299120234604105,2,False
2022-06-07,1590.TW,1590,亞德客-KY,64,current_snapshot,965.0,1000.0,959.0,997.0,903.1588134765624,1358949.0,0.0,0.0,False,False,False,,False,0.3009027081243731,0.6018054162487462,3.20962888665998,0.0,2.8955532574974145,0.1034126163391934,967.0,-0.2006018054162487,3.009027081243731,1104179.2,0.18747561534686,11.475409836065571,1015.0,0.0180541624874623,1.8054162487462388,neutral,False,False,False,False,False,False,1.9603395506938777,0.3377990878666634,bullish_seed_18,bullish,18,2020-06-18,6531.TW,0.3299120234604105,3,False
2024-02-16,6789.TW,6789,采鈺,96,current_snapshot,307.0,318.5,303.5,318.0,311.2069091796875,6345404.0,0.0,0.0,False,False,False,,False,0.1572327044025157,1.10062893081761,3.459119496855346,0.986842105263158,3.782894736842105,-0.3289473684210526,304.0,0.9433962264150944,4.40251572327044,5896562.4,0.0707349130173586,4.6875,299.0,-0.0597484276729559,-5.974842767295597,bearish,False,True,False,False,False,False,1.9605380584057854,0.33777643802305585,bullish_seed_18,bullish,18,2020-06-18,6531.TW,0.3299120234604105,4,False
2023-11-30,6919.TW,6919,康霈*,97,current_snapshot,38.0,38.95000076293945,37.5,38.95000076293945,38.95000076293945,1406310.0,0.0,0.0,False,False,False,,False,0.0,1.2836970223521669,2.4390263012353253,0.0,3.6890685052267385,-0.1317502926360261,37.95000076293945,0.1283677434690082,2.5673940447043337,2040060.0,-0.4506474390426008,-0.5249263943620174,39.25,0.0077021625464508,0.7702162546450841,neutral,False,False,False,False,False,False,2.012984034452943,0.331896879825839,bullish_seed_18,bullish,18,2020-06-18,6531.TW,0.3299120234604105,5,False
2018-05-15,2376.TW,2376,技嘉,70,current_snapshot,76.9000015258789,79.0999984741211,75.30000305175781,79.0999984741211,50.107452392578125,11424755.0,0.0,0.0,False,False,False,,False,0.0,2.022754115026387,2.781285702504728,1.2903225806451613,3.225806451612903,0.6451612903225806,77.5,-0.7585315874783404,2.022754115026387,13168057.6,-0.1525899330007514,9.52380690256504,85.19999694824219,0.0771175548899258,7.711755488992589,bullish,True,False,False,False,False,False,2.059150814093909,0.3268881009046265,bullish_seed_18,bullish,18,2020-06-18,6531.TW,0.3299120234604105,6,True
2024-02-16,6213.TW,6213,聯茂,81,current_snapshot,91.1999969482422,95.4000015258789,90.5999984741211,94.8000030517578,90.8870849609375,7960390.0,0.0,0.0,False,False,False,,False,0.6329097624538192,0.6329097624538192,3.7974746704914506,0.4395621163504464,2.8571411803528504,0.0,91.0,0.2109672381898505,4.008441908681301,7821071.2,0.0175015043232806,6.793798384478011,90.3000030517578,-0.0474683529023004,-4.746835290230045,neutral,False,False,False,False,False,False,2.064886399467352,0.3262763671024774,bullish_seed_18,bullish,18,2020-06-18,6531.TW,0.3299120234604105,7,False
2019-09-17,3661.TW,3661,世芯-KY,56,current_snapshot,133.5,137.0,132.0,137.0,129.18186950683594,4008136.0,0.0,0.0,False,False,False,,False,0.0,1.094890510948905,2.554744525547445,0.0,2.6119402985074625,1.8656716417910448,134.0,-0.364963503649635,2.18978102189781,4368839.6,-0.089992854533878,4.743083003952568,164.0,0.197080291970803,19.7080291970803,bullish,True,False,False,False,False,False,2.21670193697257,0.3108774202875507,bullish_seed_18,bullish,18,2020-06-18,6531.TW,0.3299120234604105,8,True
2021-04-15,2449.TW,2449,京元電子,57,current_snapshot,40.57142639160156,42.0952377319336,40.238094329833984,42.0952377319336,32.86134338378906,29910188.0,0.0,0.0,False,False,False,,False,0.0,0.7918521897661389,3.619913848772644,0.5924148124299761,3.7914737826428486,-0.2369659249719904,40.19047546386719,0.9049739311613016,4.524887779933945,23311315.8,0.2206228927748632,0.8373173647553409,41.80952453613281,-0.0067873044837098,-0.67873044837099,neutral,False,False,False,False,False,False,2.2195062605122424,0.31060663315526343,bullish_seed_18,bullish,18,2020-06-18,6531.TW,0.3299120234604105,9,False
2022-11-16,6531.TW,6531,愛普*,95,current_snapshot,180.5,193.0,177.5,192.5,179.6023712158203,13406981.0,0.0,0.0,False,False,False,,False,0.2597402597402597,1.5584415584415583,6.233766233766234,0.8310249307479225,4.709141274238228,-0.2770083102493075,180.5,0.0,6.233766233766234,9495492.4,0.2917501412137452,9.118541033434653,207.0,0.0753246753246752,7.532467532467524,bullish,True,False,False,False,False,False,2.2421270377022373,0.3084394869081752,bullish_seed_18,bullish,18,2020-06-18,6531.TW,0.3299120234604105,10,True
2019-11-29,3481.TW,3481,群創,52,current_snapshot,10.164158821105955,10.547463417053224,10.071638107299805,10.441723823547363,6.90265703201294,229930405.0,0.0,0.0,False,False,False,,False,1.0126641471535924,0.8860674288043017,2.658229686323088,0.3931918117679901,3.0144201222214795,-0.1310576329226911,10.08485507965088,0.7594889770617999,3.417718663384888,201267164.8,0.1246605041208012,8.77697188946728,10.468158721923828,0.0025316603678839,0.2531660367883992,neutral,False,False,False,False,False,False,2.2431011776768335,0.3083468400194474,bullish_seed_18,bullish,18,2020-06-18,6531.TW,0.3299120234604105,11,False
2021-02-02,6805.TW,6805,富世達,93,current_snapshot,86.29222106933594,90.32142639160156,85.95645141601562,89.64989471435547,83.71202087402344,456028.0,0.0,0.0,False,False,False,,False,0.7490601962063015,0.3745343532082769,3.745318001452013,0.3846179728019773,3.846153510025717,-0.3846092334706253,87.29952239990234,-1.1235945494145785,2.621723452037433,312803.4,0.3140697501030638,3.1746066095634573,96.70101165771484,0.0786517035611229,7.865170356112294,bullish,True,False,False,False,False,False,2.2860498936922578,0.3043167427005754,bullish_seed_18,bullish,18,2020-06-18,6531.TW,0.3299120234604105,12,True
2022-10-27,2615.TW,2615,萬海,59,current_snapshot,69.30000305175781,70.80000305175781,68.0,70.5,58.86713790893555,15896919.0,0.0,0.0,False,False,False,,False,0.4255362436281028,1.8439759599401595,1.7021233308399824,0.4335304407342653,3.7572344193313874,1.3005692719286115,69.19999694824219,0.1418526291001773,1.8439759599401595,14776097.8,0.0705055614864741,1.0447715645405784,66.0,-0.0638297872340425,-6.382978723404253,bearish,False,True,False,False,False,False,2.2873655274717413,0.30419495235416777,bullish_seed_18,bullish,18,2020-06-18,6531.TW,0.3299120234604105,13,False
2021-11-01,5871.TW,5871,中租-KY,78,current_snapshot,237.17828369140625,242.44891357421875,234.982177734375,241.57046508789065,197.16278076171875,4315711.0,0.0,0.0,False,False,False,,False,0.3636406818228043,0.9090953880608874,1.818178143129528,0.1879656286197782,3.3834596777026817,-0.9398542639477824,233.66452026367188,1.4545500942989706,3.272728237428499,5887702.6,-0.3642485792028242,10.040989077101852,228.83311462402344,-0.0527272672146944,-5.272726721469445,bearish,False,True,False,False,False,False,2.2964411802910956,0.30335745287337235,bullish_seed_18,bullish,18,2020-06-18,6531.TW,0.3299120234604105,14,False
2021-04-15,3034.TW,3034,聯詠,58,current_snapshot,597.0,610.0,590.0,610.0,384.7624816894531,9511751.0,0.0,0.0,False,False,False,,False,0.0,1.147540983606557,2.1311475409836063,0.8460236886632826,4.060913705583756,0.8460236886632826,591.0,0.9836065573770492,3.114754098360656,11723443.8,-0.2325221507585723,2.807017543859649,596.0,-0.0229508196721311,-2.2950819672131195,neutral,False,False,False,False,False,False,2.312429338611694,0.3018932323607302,bullish_seed_18,bullish,18,2020-06-18,6531.TW,0.3299120234604105,15,False
2018-10-22,2337.TW,2337,旺宏,67,current_snapshot,18.89999961853028,19.64999961853028,18.64999961853028,19.450000762939453,15.22903060913086,41130173.0,0.0,0.0,False,False,False,,False,1.0282717107749602,1.2853469932831911,2.827769269074613,0.264556324964984,3.174605257036426,0.0,18.89999961853028,0.0,2.827769269074613,45034138.4,-0.0949173104620784,-0.261092626927082,17.049999237060547,-0.1233933898065409,-12.339338980654093,bearish,False,True,False,False,False,False,2.3260850081777917,0.30065377088718903,bullish_seed_18,bullish,18,2020-06-18,6531.TW,0.3299120234604105,16,False
2021-06-02,2002.TW,2002,中鋼,62,current_snapshot,37.900001525878906,39.79999923706055,37.29999923706055,39.5,32.771217346191406,509556260.0,0.0,0.0,False,False,False,,False,0.7594917393937896,1.5189931362490112,4.050629048407832,0.8032108415436994,3.0789765948141765,-0.1338769847405975,37.34999847412109,1.3924127892602849,5.443041837668117,345082511.0,0.3227783895737047,4.084509191378741,37.29999923706055,-0.0556962218465684,-5.569622184656842,bearish,False,True,False,False,False,False,2.3349170016441487,0.2998575375360135,bullish_seed_18,bullish,18,2020-06-18,6531.TW,0.3299120234604105,17,False
2024-12-26,1504.TW,1504,東元,89,current_snapshot,53.400001525878906,54.900001525878906,52.400001525878906,54.900001525878906,51.13851547241211,25457337.0,0.0,0.0,False,False,False,,False,0.0,1.821493574146109,2.7322403612191635,0.9363295612598216,2.62171848535092,0.5618034516580003,53.400001525878906,0.0,2.7322403612191635,29641896.2,-0.164375370448213,2.131787444470648,52.20000076293945,-0.049180340398838,-4.918034039883801,neutral,False,False,False,False,False,False,2.3570956204368776,0.2978765316997031,bullish_seed_18,bullish,18,2020-06-18,6531.TW,0.3299120234604105,18,False
2025-08-21,2404.TW,2404,漢唐,79,current_snapshot,1045.0,1060.0,1025.0,1060.0,1027.00390625,2342728.0,0.0,0.0,False,False,False,,False,0.0,1.8867924528301887,1.4150943396226416,0.966183574879227,3.3816425120772946,-1.4492753623188406,1035.0,0.9433962264150944,2.358490566037736,2282988.0,0.0255001861078196,9.137055837563452,1165.0,0.0990566037735849,9.905660377358494,bullish,True,False,False,False,False,False,2.373031314416358,0.2964692310225504,bullish_seed_18,bullish,18,2020-06-18,6531.TW,0.3299120234604105,19,True
2020-06-10,2207.TW,2207,和泰車,63,current_snapshot,634.313720703125,670.5882568359375,627.4509887695312,670.5882568359375,553.70849609375,1079244.0,0.0,0.0,False,False,False,,False,0.0,1.023389816871301,5.409360477615287,0.0,2.623459948106668,2.4691365141273245,635.2941284179688,-0.1462011457626242,5.263159331852664,869606.4,0.1942448602910926,14.705887401805398,665.686279296875,-0.0073099662707958,-0.7309966270795831,neutral,False,False,False,False,False,False,2.4145361828591265,0.29286554496624495,bullish_seed_18,bullish,18,2020-06-18,6531.TW,0.3299120234604105,20,False
2024-02-05,6805.TW,6805,富世達,93,current_snapshot,638.0,701.0,636.0,701.0,685.71435546875,2683842.0,0.0,0.0,False,False,False,,False,0.0,0.2853067047075606,8.98716119828816,0.0,2.037617554858934,2.664576802507837,638.0,0.0,8.98716119828816,2226703.0,0.1703300715913977,15.07936507936508,650.0,-0.0727532097004279,-7.275320970042798,bearish,False,True,False,False,False,False,1.4611509125434217,0.4063139707944899,bullish_seed_19,bullish,19,2020-06-19,6531.TW,0.3293333333333332,1,False
2018-12-03,3533.TW,3533,嘉澤,82,current_snapshot,197.7712554931641,214.12826538085932,197.7712554931641,212.64126586914065,172.5673828125,3257654.0,0.0,0.0,False,False,False,,False,0.6992995953258899,0.0,6.99300312909516,0.254452527574307,0.7633654158877891,3.0534303308916835,194.7972412109375,1.398606366488041,8.3916094955832,2525485.6,0.2247532733678898,12.07128645621122,194.7972412109375,-0.0839160949558321,-8.391609495583218,bearish,False,True,False,False,False,False,1.6938265435668378,0.3712191500926862,bullish_seed_19,bullish,19,2020-06-19,6531.TW,0.3293333333333332,2,False
2025-11-13,1326.TW,1326,台化,51,current_snapshot,32.5,35.599998474121094,32.400001525878906,35.599998474121094,35.19773864746094,100649037.0,0.0,0.0,False,False,False,,False,0.0,0.2808946022674304,8.707861255596944,0.7716049019328505,0.925929414446352,5.246915687894671,32.400001525878906,0.2808946022674304,8.988755857864374,47364268.8,0.5294116048025378,7.9086113872129475,32.900001525878906,-0.0758426141564279,-7.58426141564279,bearish,False,True,False,False,False,False,1.7729671642796032,0.3606245370957332,bullish_seed_19,bullish,19,2020-06-19,6531.TW,0.3293333333333332,3,False
2021-04-16,2615.TW,2615,萬海,59,current_snapshot,53.12252807617188,57.94466400146485,52.80632400512695,57.94466400146485,43.694732666015625,47127567.0,0.0,0.0,False,False,False,,False,0.0,0.5457000683219567,8.32196718781744,0.8995496933976496,1.949025541490036,2.0989516961847725,52.727272033691406,0.6821267312387499,9.00409391905619,52567970.0,-0.1154399292456578,11.24361348896896,70.83003997802734,0.2223738147180687,22.23738147180687,bullish,True,False,False,False,False,False,1.79688544429878,0.35754056428675596,bullish_seed_19,bullish,19,2020-06-19,6531.TW,0.3293333333333332,4,True
2025-09-01,6515.TW,6515,穎崴,73,current_snapshot,1415.0,1510.0,1405.0,1510.0,1498.916015625,4281171.0,0.0,0.0,False,False,False,,False,0.0,0.6622516556291391,6.291390728476822,0.0,1.090909090909091,5.454545454545454,1375.0,2.6490066225165565,8.940397350993377,2443637.0,0.429212941973119,10.619469026548671,1590.0,0.0529801324503311,5.298013245033117,bullish,True,False,False,False,False,False,1.9106425864180185,0.34356674524942266,bullish_seed_19,bullish,19,2020-06-19,6531.TW,0.3293333333333332,5,True
2022-07-25,6789.TW,6789,采鈺,96,current_snapshot,318.0,339.5,316.0,339.5,329.67938232421875,2656732.0,0.0,0.0,False,False,False,,False,0.0,0.5891016200294551,6.332842415316642,0.0,1.9261637239165328,1.4446227929373996,311.5,1.914580265095729,8.24742268041237,1435750.6,0.4595801910015763,10.431654676258994,320.0,-0.0574374079528718,-5.743740795287189,bearish,False,True,False,False,False,False,2.0070845058501297,0.33254802053435845,bullish_seed_19,bullish,19,2020-06-19,6531.TW,0.3293333333333332,6,False
2018-05-14,1605.TW,1605,華新,88,current_snapshot,22.85318183898925,24.671607971191406,22.7548885345459,24.622461318969727,17.62212562561035,68009924.0,0.0,0.0,False,False,False,,False,0.1996008911741733,0.3992017823483467,7.18563208227024,1.312910953433621,0.8752739689557474,4.376361352579713,22.46000862121582,1.5968071293933868,8.782439211663627,45376274.8,0.3327992132442319,11.538457328374362,23.098915100097656,-0.0618762762639937,-6.187627626399372,bearish,False,True,False,False,False,False,2.0254047264091817,0.33053428894020687,bullish_seed_19,bullish,19,2020-06-19,6531.TW,0.3293333333333332,7,False
2025-10-28,2337.TW,2337,旺宏,67,current_snapshot,33.599998474121094,36.45000076293945,33.5,36.45000076293945,36.45000076293945,197058550.0,0.0,0.0,False,False,False,,False,0.0,0.2743442305295291,7.818936156830207,0.0,1.809961572248982,0.0,33.150001525878906,1.2345595029444334,9.05349565977464,135836254.0,0.3106807393031157,11.666665253815829,31.200000762939453,-0.1440329187959287,-14.403291879592873,bearish,False,True,False,False,False,False,2.139338354768711,0.31853845842420336,bullish_seed_19,bullish,19,2020-06-19,6531.TW,0.3293333333333332,8,False
2018-05-14,3532.TW,3532,台勝科,98,current_snapshot,300.0,317.0,300.0,317.0,247.6308441162109,8483628.0,0.0,0.0,False,False,False,,False,0.0,0.0,5.3627760252365935,0.0,1.7301038062283738,4.498269896193772,289.0,3.4700315457413247,8.832807570977918,4725365.2,0.4430018383644356,9.12863070539419,312.0,-0.0157728706624605,-1.577287066246058,neutral,False,False,False,False,False,False,2.238691686808763,0.30876665539761444,bullish_seed_19,bullish,19,2020-06-19,6531.TW,0.3293333333333332,9,False
2024-04-02,6213.TW,6213,聯茂,81,current_snapshot,109.5,117.5,109.0,117.5,112.65013122558594,44706765.0,0.0,0.0,False,False,False,,False,0.0,0.425531914893617,6.808510638297872,0.9345794392523364,0.4672897196261681,3.738317757009345,107.0,2.127659574468085,8.936170212765958,25273676.2,0.4346789305824298,14.70245805390786,117.5,0.0,0.0,neutral,False,False,False,False,False,False,2.2538440625016243,0.30732880273038615,bullish_seed_19,bullish,19,2020-06-19,6531.TW,0.3293333333333332,10,False
2018-07-02,2492.TW,2492,華新科,100,current_snapshot,426.0,458.5,425.0,458.5,337.010986328125,24805673.0,0.0,0.0,False,False,False,,False,0.0,0.218102508178844,7.088331515812432,1.1990407673860912,0.4796163069544364,4.556354916067146,417.0,1.9629225736095963,9.051254089422027,19470572.8,0.2150758094730991,11.428571428571429,418.0,-0.0883315158124318,-8.833151581243182,bearish,False,True,False,False,False,False,2.2598739992908055,0.3067603227049735,bullish_seed_19,bullish,19,2020-06-19,6531.TW,0.3293333333333332,11,False
2021-05-25,6531.TW,6531,愛普*,95,current_snapshot,319.5,348.0,319.0,345.0,311.1980285644531,13727060.0,0.0,0.0,False,False,False,,False,0.8695652173913043,0.144927536231884,7.391304347826087,0.3154574132492113,0.946372239747634,6.782334384858044,317.0,0.7246376811594203,8.115942028985506,10861402.8,0.2087597198526122,5.235602094240837,347.5,0.0072463768115942,0.7246376811594235,neutral,False,False,False,False,False,False,2.305637735808016,0.3025134875390586,bullish_seed_19,bullish,19,2020-06-19,6531.TW,0.3293333333333332,12,False
2020-06-22,3661.TW,3661,世芯-KY,56,current_snapshot,396.0,435.0,396.0,435.0,410.176025390625,9787682.0,0.0,0.0,False,False,False,,False,0.0,0.0,8.96551724137931,0.7585335018963337,0.5056890012642226,1.8963337547408343,395.5,0.1149425287356321,9.080459770114944,7705165.2,0.2127691520832,9.971509971509972,506.0,0.1632183908045976,16.321839080459768,bullish,True,False,False,False,False,False,2.3138505861709198,0.30176375608879746,bullish_seed_19,bullish,19,2020-06-19,6531.TW,0.3293333333333332,13,True
2025-08-19,6919.TW,6919,康霈*,97,current_snapshot,162.0,175.0,160.5,175.0,175.0,34181864.0,0.0,0.0,False,False,False,,False,0.0,0.8571428571428572,7.428571428571429,0.0,1.8808777429467085,8.463949843260188,159.5,1.4285714285714286,8.857142857142856,20153828.4,0.4103941084078973,10.26615969581749,190.0,0.0857142857142856,8.571428571428562,bullish,True,False,False,False,False,False,2.3430531964787584,0.2991277557453471,bullish_seed_19,bullish,19,2020-06-19,6531.TW,0.3293333333333332,14,True
2024-03-25,1519.TW,1519,華城,66,current_snapshot,540.9466552734375,589.7821044921875,540.9466552734375,589.7821044921875,567.0537719726562,1177292.0,0.0,0.0,False,False,False,,False,0.0,0.0,8.280252799599296,0.0,2.100838854146649,-0.2801110886967626,536.4387817382812,0.7643286394790847,9.044581439078382,1069680.4,0.0914060403026607,10.410091322682598,503.38092041015625,-0.1464967882611904,-14.64967882611904,bearish,False,True,False,False,False,False,2.354131980020576,0.2981397291330991,bullish_seed_19,bullish,19,2020-06-19,6531.TW,0.3293333333333332,15,False
2024-04-26,2609.TW,2609,陽明,77,current_snapshot,47.09999847412109,51.79999923706055,47.04999923706055,51.79999923706055,43.23862457275391,221119944.0,0.0,0.0,False,False,False,,False,0.0,0.0965236250906634,9.073360679852708,0.0,0.7430965721015872,1.273882151929921,47.09999847412109,0.0,9.073360679852708,71079357.6,0.6785484099073398,6.257110244054692,51.29999923706055,-0.0096525097946772,-0.9652509794677244,neutral,False,False,False,False,False,False,2.3890261471957284,0.2950700161541853,bullish_seed_19,bullish,19,2020-06-19,6531.TW,0.3293333333333332,16,False
2019-06-24,6415.TW,6415,矽力*-KY,92,current_snapshot,129.25,140.5,129.25,140.5,133.47654724121094,7195924.0,0.0,0.0,False,False,False,,False,0.0,0.0,8.007117437722421,0.7827788649706457,0.9784735812133072,0.9784735812133072,127.75,1.0676156583629894,9.07473309608541,2392530.4,0.6675158881611312,5.625,152.25,0.083629893238434,8.362989323843406,bullish,True,False,False,False,False,False,2.3954220668751063,0.2945141959686695,bullish_seed_19,bullish,19,2020-06-19,6531.TW,0.3293333333333332,17,True
2020-03-19,2615.TW,2615,萬海,59,current_snapshot,10.118577003479004,10.197628021240234,9.36758804321289,9.407114028930664,6.836902141571045,10887094.0,0.0,0.0,False,False,False,,False,0.8403323008322929,0.4201712193156701,-7.563031258686827,0.3802218231271747,1.1406838176417788,-3.422060627055464,10.395256042480469,-2.941168121812549,-10.504199380499376,5852031.6,0.4624799234763657,-19.51952028107263,9.960474014282228,0.0588235651922322,5.88235651922322,bullish,True,False,False,False,False,False,1.9071555679098526,0.34397884001748363,bullish_seed_20,bullish,20,2025-04-09,6415.TW,0.3291731669266771,1,True
2022-10-25,5871.TW,5871,中租-KY,78,current_snapshot,141.58226013183594,142.50460815429688,130.51393127441406,130.51393127441406,109.59722900390624,21094355.0,0.0,0.0,False,False,False,,False,0.7067046509553379,0.0,-8.480572724569909,0.6369344200005438,0.6369449570730205,-6.68790097512176,144.81051635742188,-2.473495506620146,-10.954068231190057,9344433.8,0.5570173252512343,-3.519064514323067,137.892822265625,0.0565371904681679,5.653719046816796,bullish,True,False,False,False,False,False,2.309071678445701,0.3021995584180602,bullish_seed_20,bullish,20,2025-04-09,6415.TW,0.3291731669266771,2,True
2018-10-11,6139.TW,6139,亞翔,85,current_snapshot,27.660228729248047,27.660228729248047,25.773176193237305,25.773176193237305,18.53460121154785,1500229.0,0.0,0.0,False,False,False,,False,0.0,0.0,-7.321769431374513,0.0,0.6944437961496088,-2.430556620611357,28.60375595092773,-3.6608884159464297,-10.982657847320942,503024.2,0.6647017222037436,-5.448715995613284,26.71670150756836,0.0366088101542807,3.660881015428074,neutral,False,False,False,False,False,False,2.5197564967619224,0.28411056302331483,bullish_seed_20,bullish,20,2025-04-09,6415.TW,0.3291731669266771,3,False
2022-07-01,3533.TW,3533,嘉澤,82,current_snapshot,652.8094482421875,657.7850952148438,606.0380249023438,607.0331420898438,536.695556640625,2725697.0,0.0,0.0,False,False,False,,False,0.8196664444920589,0.1639312779651688,-7.540989606390987,0.0,1.3473069561508002,-4.341316293159979,664.7510986328125,-1.9672155542468848,-9.508205160637871,1554267.8,0.4297723481370086,-3.3103486549107206,584.14501953125,-0.0377048977586238,-3.770489775862385,neutral,False,False,False,False,False,False,2.5200992939337286,0.28408289553744237,bullish_seed_20,bullish,20,2025-04-09,6415.TW,0.3291731669266771,4,False
2020-03-19,2409.TW,2409,友達,80,current_snapshot,8.6875,8.712499618530273,7.987500190734863,7.987500190734863,5.734992027282715,121867530.0,0.0,0.0,False,False,False,,False,0.312984262075785,0.0,-8.763690673548961,0.7042253521126761,0.0,-3.661969681860696,8.875,-2.3474177843212005,-11.111108457870165,96979103.2,0.2042252501548197,-19.354840078473288,7.737500190734863,-0.0312989037909493,-3.129890379094935,neutral,False,False,False,False,False,False,2.525946494107167,0.28361179095351474,bullish_seed_20,bullish,20,2025-04-09,6415.TW,0.3291731669266771,5,False
2020-03-19,3481.TW,3481,群創,52,current_snapshot,7.282772064208984,7.295989036560059,6.714425086975098,6.714425086975098,4.438670158386231,148599409.0,0.0,0.0,False,False,False,,False,0.1968444383527789,0.0,-8.464566509743152,0.8865299830331486,0.0,-3.900706339141935,7.4545979499816895,-2.559055817094744,-11.0236223268379,135961269.0,0.0850483866998421,-21.28240552300901,6.6086859703063965,-0.0157480521860043,-1.574805218600439,neutral,False,False,False,False,False,False,2.5917109660774655,0.2784188397798912,bullish_seed_20,bullish,20,2025-04-09,6415.TW,0.3291731669266771,6,False
2020-03-19,2834.TW,2834,臺企銀,87,current_snapshot,6.241489887237549,6.255208015441895,5.871116161346436,5.905409812927246,5.403879642486572,115592027.0,0.0,0.0,False,False,False,,False,0.2322976497637135,0.5807158633722587,-5.69105421904177,0.1054932618516564,0.4219363796061908,-2.7426121349005443,6.502123832702637,-4.413477704706399,-10.10453192374817,91669775.2,0.2069541682143872,-13.12500566419288,6.378665924072266,0.0801394189627682,8.013941896276823,bullish,True,False,False,False,False,False,2.596912080230761,0.27801624774099143,bullish_seed_20,bullish,20,2025-04-09,6415.TW,0.3291731669266771,7,True
2020-03-19,1519.TW,1519,華城,66,current_snapshot,16.153268814086914,16.153268814086914,14.988730430603027,14.988730430603027,13.072040557861328,2740156.0,0.0,0.0,False,False,False,,False,0.0,0.0,-7.769426429247184,1.1286643683675526,0.4514726241354874,-4.063207771962944,16.64162254333496,-3.2581393835128125,-11.027565812759995,2224541.8,0.1881696516548693,-25.12396316906626,16.979713439941406,0.1328319979171364,13.28319979171364,bullish,True,False,False,False,False,False,2.6078124479138696,0.27717627078376145,bullish_seed_20,bullish,20,2025-04-09,6415.TW,0.3291731669266771,8,True
2020-03-19,2404.TW,2404,漢唐,79,current_snapshot,141.0,142.0,130.5,131.5,86.88715362548828,3436105.0,0.0,0.0,False,False,False,,False,0.7604562737642585,0.7604562737642585,-7.224334600760455,0.6896551724137931,0.0,-3.4482758620689653,145.0,-3.041825095057034,-10.26615969581749,2990107.8,0.129797314110017,-16.23931623931624,145.0,0.102661596958175,10.2661596958175,bullish,True,False,False,False,False,False,2.6318637737832464,0.27534072374039464,bullish_seed_20,bullish,20,2025-04-09,6415.TW,0.3291731669266771,9,True
2022-09-28,2618.TW,2618,長榮航,72,current_snapshot,29.89999961853028,29.89999961853028,27.89999961853028,27.89999961853028,23.31206703186035,225969769.0,0.0,0.0,False,False,False,,False,0.0,0.0,-7.168458879374554,0.8064454601657006,2.7419367144184728,-2.7419367144184728,31.0,-3.942653750931029,-11.111112630305582,175951373.4,0.2213499434962027,-6.185567994926621,28.0,0.0035842431124373,0.3584243112437324,neutral,False,False,False,False,False,False,2.7767399553205463,0.26477862172936556,bullish_seed_20,bullish,20,2025-04-09,6415.TW,0.3291731669266771,10,False
2024-08-05,6213.TW,6213,聯茂,81,current_snapshot,82.80000305175781,82.80000305175781,78.0999984741211,78.0999984741211,75.86160278320312,6557410.0,0.0,0.0,False,False,False,,False,0.0,0.0,-6.017931715061549,0.346015493567285,0.1153384978557616,-4.844296107811885,86.69999694824219,-4.993590233905909,-11.011521948967458,6708917.0,-0.0231047013988754,-4.698670482558807,71.9000015258789,-0.079385365805053,-7.938536580505307,bearish,False,True,False,False,False,False,2.8605564455481787,0.25903001655451907,bullish_seed_20,bullish,20,2025-04-09,6415.TW,0.3291731669266771,11,False
2020-03-17,2801.TW,2801,彰銀,61,current_snapshot,16.89029884338379,16.973094940185547,16.103740692138672,16.103740692138672,13.27776336669922,27272411.0,0.0,0.0,False,False,False,,False,0.5141420144834808,0.0,-4.884319527257971,0.0,0.7075461190476526,-3.773586545876835,17.552663803100586,-4.11311242759977,-8.997431954857742,24516269.4,0.1010596972889562,-4.301082087444873,15.482773780822754,-0.0385604142035802,-3.856041420358025,neutral,False,False,False,False,False,False,2.8755439073330864,0.2580282984558261,bullish_seed_20,bullish,20,2025-04-09,6415.TW,0.3291731669266771,12,False
2020-08-18,6531.TW,6531,愛普*,95,current_snapshot,182.5,182.5,166.0,166.0,149.7358856201172,7547702.0,0.0,0.0,False,False,False,,False,0.0,0.0,-9.939759036144578,0.8141112618724559,0.1356852103120759,-8.276797829036635,184.25,-1.0542168674698795,-10.993975903614457,7461404.4,0.0114336257578796,-10.508474576271183,163.0,-0.0180722891566265,-1.8072289156626509,neutral,False,False,False,False,False,False,2.876327939534714,0.25797610924529585,bullish_seed_20,bullish,20,2025-04-09,6415.TW,0.3291731669266771,13,False
2021-05-11,2379.TW,2379,瑞昱,53,current_snapshot,493.0,497.0,454.0,456.0,342.0331726074219,4630112.0,0.0,0.0,False,False,False,,False,0.8771929824561403,0.4385964912280701,-8.114035087719298,0.7936507936507936,0.7936507936507936,-2.579365079365079,504.0,-2.4122807017543857,-10.526315789473683,2789400.8,0.3975521974414442,-3.007518796992481,451.5,-0.0098684210526315,-0.9868421052631526,neutral,False,False,False,False,False,False,2.88533337612778,0.25737817149596176,bullish_seed_20,bullish,20,2025-04-09,6415.TW,0.3291731669266771,14,False
2020-02-07,3661.TW,3661,世芯-KY,56,current_snapshot,217.0,218.5,197.5,198.0,186.70079040527344,11494423.0,0.0,0.0,False,False,False,,False,0.7575757575757576,0.2525252525252525,-9.595959595959595,1.5981735159817352,1.36986301369863,-2.28310502283105,219.0,-1.0101010101010102,-10.606060606060606,7099816.6,0.3823250980062244,-12.845849802371545,229.0,0.1565656565656565,15.656565656565656,bullish,True,False,False,False,False,False,2.918581186723811,0.25519440643159547,bullish_seed_20,bullish,20,2025-04-09,6415.TW,0.3291731669266771,15,True
2018-10-05,2492.TW,2492,華新科,100,current_snapshot,201.5,204.0,183.0,183.0,136.21839904785156,47350622.0,0.0,0.0,False,False,False,,False,1.366120218579235,0.0,-10.10928961748634,0.9852216748768472,0.9852216748768472,-3.4482758620689653,203.0,-0.819672131147541,-10.92896174863388,29770198.8,0.3712817795719769,-9.691629955947135,156.5,-0.1448087431693989,-14.480874316939897,bearish,False,True,False,False,False,False,2.9721802459355797,0.2517509121151341,bullish_seed_20,bullish,20,2025-04-09,6415.TW,0.3291731669266771,16,False
2024-08-05,3044.TW,3044,健鼎,65,current_snapshot,190.0,190.0,177.5,177.5,165.6782684326172,3422430.0,0.0,0.0,False,False,False,,False,0.0,0.0,-7.042253521126761,0.5076142131979695,0.5076142131979695,-2.030456852791878,197.0,-3.943661971830986,-10.985915492957748,3253231.4,0.0494381477488217,-2.823529411764706,196.5,0.1070422535211268,10.704225352112685,bullish,True,False,False,False,False,False,2.9832309829741828,0.25105247581030915,bullish_seed_20,bullish,20,2025-04-09,6415.TW,0.3291731669266771,17,True
2021-09-06,2609.TW,2609,陽明,77,current_snapshot,120.0,120.5,113.0,113.0,53.44935989379883,153855582.0,0.0,0.0,False,False,False,,False,0.4424778761061947,0.0,-6.1946902654867255,0.8298755186721992,1.6597510373443984,-5.394190871369295,120.5,-0.4424778761061947,-6.637168141592921,138955035.2,0.0968476190873595,-10.0,121.5,0.0752212389380531,7.52212389380531,bullish,True,False,False,False,False,False,2.9876571093915323,0.2507738184521557,bullish_seed_20,bullish,20,2025-04-09,6415.TW,0.3291731669266771,18,True
2020-03-19,3034.TW,3034,聯詠,58,current_snapshot,163.0,164.5,152.0,152.0,92.34917449951172,11182671.0,0.0,0.0,False,False,False,,False,0.986842105263158,0.0,-7.236842105263158,1.483679525222552,0.2967359050445104,-1.483679525222552,168.5,-3.618421052631579,-10.855263157894738,7608374.2,0.3196281818538701,-12.371134020618555,161.5,0.0625,6.25,bullish,True,False,False,False,False,False,2.990602722932582,0.2505887128912517,bullish_seed_20,bullish,20,2025-04-09,6415.TW,0.3291731669266771,19,True
2018-08-13,2337.TW,2337,旺宏,67,current_snapshot,37.64683532714844,37.69585418701172,34.754695892333984,34.803714752197266,26.414527893066406,67645859.0,0.0,0.0,False,False,False,,False,0.1408437582375787,0.1408437582375787,-8.169014702005846,0.2550996605884127,0.2550996605884127,-2.5510263840546235,38.43114471435547,-2.253522053008768,-10.422536755014614,33431867.4,0.5057810205351965,-2.521003536011733,33.480194091796875,-0.0380281435422589,-3.802814354225892,neutral,False,False,False,False,False,False,3.103332521161171,0.24370435367909632,bullish_seed_20,bullish,20,2025-04-09,6415.TW,0.3291731669266771,20,False
2020-03-19,3036.TW,3036,文曄,68,current_snapshot,33.23810577392578,33.43478012084961,30.68132972717285,30.68132972717285,22.186981201171875,3539095.0,0.0,0.0,False,False,False,,False,0.6410228913567717,0.0,-8.333328670851339,0.8658028043878567,0.1442967356180186,-1.1544074709637664,34.073974609375,-2.7243566132302712,-11.057685284081607,2540023.8,0.2822956716335674,-7.953067828486813,32.303897857666016,0.0528845439530001,5.288454395300013,bullish,True,False,False,False,False,False,3.106612188624856,0.2435097238473012,bullish_seed_20,bullish,20,2025-04-09,6415.TW,0.3291731669266771,21,True
2025-04-09,2002.TW,2002,中鋼,62,current_snapshot,19.89999961853028,20.100000381469727,18.799999237060547,19.0,18.53974914550781,94051266.0,0.0,0.0,False,False,False,,False,1.0526355944181742,1.0526355944181742,-4.736840097527755,0.0,1.7114932440687989,-3.178482123620437,20.450000762939453,-2.894742865311472,-7.631582962839227,41865466.6,0.5548654645435607,-12.15351935499246,21.14999961853028,0.1131578746594883,11.315787465948834,bullish,True,False,False,False,False,False,3.106909410501086,0.2434921007614798,bullish_seed_20,bullish,20,2025-04-09,6415.TW,0.3291731669266771,22,True
2018-02-06,1802.TW,1802,台玻,86,current_snapshot,17.799999237060547,17.950000762939453,16.649999618530273,16.649999618530273,14.253192901611328,10614965.0,0.0,0.0,False,False,False,,False,0.9009100859796124,0.0,-6.906904774042187,0.0,0.2702661462732263,-2.4324365564294763,18.5,-4.20420888274617,-11.111113656788357,4571140.0,0.569368339886189,-4.239394047207499,17.200000762939453,0.0330331025231416,3.303310252314162,neutral,False,False,False,False,False,False,3.111170930992846,0.24323970391532723,bullish_seed_20,bullish,20,2025-04-09,6415.TW,0.3291731669266771,23,False
